{
    "start time": 1730482967.2483776,
    "use_input_gate": true,
    "use_forget_gate": false,
    "use_output_gate": true,
    "use_state_gate": true,
    "use_new_state": true,
    "use_old_state": false,
    "use_residual": false,
    "n_layers": 3,
    "state_size": 256,
    "id": "0040eb9b544dbd369ca943dd6cc516ccc35066fb02171700ff654199449ed2f8",
    "loss": [
        3.7425675542724752,
        3.53985509573672,
        3.502041467207103,
        3.440954672341229,
        3.276726539208994,
        3.113368263344437,
        2.9887008582655454,
        2.8833999445599545,
        2.7976075167484047,
        2.7373518457214456,
        2.7014809693155843,
        2.6532209773301343,
        2.6531752960398607,
        2.551237839584879,
        2.5826734980993664,
        2.5256676768865276,
        2.4493519844993035,
        2.492835094587808,
        2.398568651379348,
        2.4487787834660386,
        2.470107409005487,
        2.4008647816944335,
        2.382193162884903,
        2.360287359803176,
        2.3122253851548424,
        2.2277550815870963,
        2.2186660835970655,
        2.1662883374884405,
        2.2066831455292193,
        2.193039300527373,
        2.223099564686848,
        2.250153977132102,
        2.1751841581534426,
        2.196101931367169,
        2.212210328430361,
        2.203213707215769,
        2.184899267041254,
        2.152735741101253,
        2.1234001645710485,
        2.2189738076441445,
        2.193148814768568,
        2.130772518275105,
        2.10258302556556,
        2.1111483612969453,
        2.0405601995725444,
        2.100283771451415,
        2.079555612473259,
        2.0610299395242055,
        2.0445459992210173,
        2.0310266758369617,
        2.0679822655811932,
        2.0389433608874126,
        2.0230712245273956,
        2.0634518963192257,
        2.0143183833499574,
        2.0102473956841473,
        2.004910736693272,
        2.042427095797727,
        2.015167712521928,
        2.096800863080918,
        2.0054390196529077,
        2.0440606597754156,
        1.9916669704847545,
        1.9564278396369337,
        1.9720052850894452,
        1.9619229529354203,
        1.9439972237147582,
        1.9999748874124808,
        1.9991966457421293,
        1.9260568385278312,
        1.943984741833571,
        1.8939556737160135,
        1.9446903492934136,
        1.9361953716361942,
        1.9251811626692446,
        1.8850636100079785,
        1.893490650614804,
        1.8985299012830064,
        1.8797201662501584,
        1.9938476174936965,
        1.955942230573586,
        1.926121352593548,
        1.9304849103557598,
        1.8913071469039469,
        1.8508695850313355,
        1.903655483627067,
        1.869626802244341,
        1.8620025793381814,
        1.8557479519355815,
        1.8686610715480736,
        1.8522452289481903,
        1.8874646081866067,
        1.8858835877185545,
        1.915242754708604,
        1.925563187619426,
        1.9332746342453442,
        1.89315344752508,
        1.8745469883043826,
        1.9075320600871624,
        2.015119867917643,
        1.8765878002031595,
        1.8783079671438483,
        1.9137538326762766,
        1.915631784114281,
        1.892102453781671,
        1.8867294569587116,
        1.892077795242828,
        1.8998746963934465,
        1.8657774616178244,
        1.8973416174017892,
        1.839365616015234,
        1.865743913781805,
        1.848115541375945,
        1.8271918443208661,
        1.838158402889361,
        1.8206812668720684,
        1.8539889971475574,
        1.8363522314946932,
        1.8158910129123271,
        1.9733077858823471,
        1.8939110877372443,
        1.886781428827049,
        1.8994101948560764,
        1.8839034721867058,
        1.8595778960786982,
        1.864746260828045,
        1.851930676109273,
        1.8026114338833779,
        1.8437694917476304,
        1.8599642612573535,
        1.864774622915155,
        1.8296609959476802,
        1.8334600799391376,
        1.8312074270208496,
        1.8495767069776532,
        1.8183168820038784,
        1.8212813799923395,
        1.8174203132632896,
        1.8121196046230115,
        1.9316787689168042,
        1.8372574981505716,
        1.8120757875114044,
        1.8316989224595153,
        1.7935225689635084,
        1.8062437287610904,
        1.7821157872841369,
        1.8243893864309835,
        1.8019617911850823,
        1.80406444757011,
        1.8007634772211203,
        1.7935183105467634,
        1.7319302792165845,
        1.738400870684035,
        1.7660162860495465,
        1.7709354472747088,
        1.7936075384392072,
        1.7965244317714506,
        1.8024758699060297,
        1.8292638596068194,
        1.917695569002393,
        1.8666969309692365,
        1.833358231281793,
        1.8371429993028694,
        1.7780727639069736,
        1.8392224574592646,
        1.787435817648807,
        1.7984561101858716,
        1.7888246629029205,
        1.8112785299142264,
        1.7757880953372673,
        1.776756613845847,
        1.7820922269055013,
        1.7632828933199858,
        1.720341346148612,
        1.7474378138954465,
        1.7536967551125608,
        1.7743163558240223,
        1.7579448256666912,
        1.788632194633637,
        1.8770798620480316,
        1.867972330475084,
        1.8733803337803294,
        1.8602333233203896,
        1.7899396962334126,
        1.7688314329165036,
        1.7837410048724458,
        1.8033428138477572,
        1.7755804251472924,
        1.8180628700233912,
        1.818681044635442,
        1.83670258403242,
        1.7807341319805126,
        1.8295626706945645,
        1.7258971095832876,
        1.7859580108307798,
        1.7776886630765758,
        1.7300006168992201,
        1.7490508183469244,
        1.7428864638893868,
        1.9176333589493848,
        1.8891022714033732,
        1.8542317481455313,
        1.828214643147543,
        1.8057391672579801,
        1.760239392975926,
        1.7658854165242217,
        1.7766902192551963,
        1.753531837789028,
        1.7443627166123568,
        1.710883998297519,
        1.7508155668157015,
        1.7518310900326026,
        1.7446725965167507,
        1.7419873575139033,
        1.7410085520537417,
        1.753373166931921,
        1.7932914949048027,
        1.7779493103485218,
        1.7854498787076272
    ],
    "min loss": 1.710883998297519,
    "training steps": 10000,
    "batch size": 256,
    "history size": 1000,
    "dataset": "enwik8",
    "end time": 1730483039.1488562
}