{
    "start time": 1730481804.3931665,
    "use_input_gate": false,
    "use_forget_gate": false,
    "use_output_gate": false,
    "use_state_gate": false,
    "use_new_state": true,
    "use_old_state": true,
    "use_residual": false,
    "n_layers": 2,
    "state_size": 256,
    "id": "00fff5ea2993a3d7c03ddf1e8356fe917578d7eedce95b5b04260f659b411b55",
    "loss": [
        3.658884525643069,
        3.5877083654068187,
        3.5392896528338587,
        3.5877926272669685,
        3.5604991117473817,
        3.5326639811168317,
        3.5371329112164642,
        3.552869473875671,
        3.5100418999800325,
        3.5495919196270704,
        3.568634009894899,
        3.5849542359624382,
        3.5311880277527234,
        3.5424210999620938,
        3.5888797215826513,
        3.55367424527052,
        3.535501946435825,
        3.6080800782335403,
        3.5764694432709345,
        3.5600976668357385,
        3.53906744816971,
        3.5668544642398827,
        3.5284756317605264,
        3.549877357603565,
        3.542046484115886,
        3.528310081314071,
        3.543484381068863,
        3.547878512353939,
        3.5574591149012496,
        3.52694940390174,
        3.5446896055113446,
        3.5643025710304785,
        3.5355553044466332,
        3.5514074017065838,
        3.568970237740098,
        3.5328654172988005,
        3.5222393796830636,
        3.5213137347881323,
        3.527515877623785,
        3.5521905971111343,
        3.5078799984879,
        3.494408219735223,
        3.5114392609251697,
        3.495080436148752,
        3.4756028816441833,
        3.4960693271240695,
        3.4834319398574998,
        3.498341953962628,
        3.5099512352316777,
        3.5310149293611466,
        3.503016465357719,
        3.487329275686352,
        3.522448630593336,
        3.5023223756926183,
        3.4846839505365392,
        3.5090820205635915,
        3.501597117132308,
        3.4927043175379686,
        3.4849452103402165,
        3.486575396407516,
        3.561780382552253,
        3.55040688221987,
        3.5236408387028413,
        3.524465905579933,
        3.5134876164131086,
        3.5029759336171615,
        3.5304459677433906,
        3.5249736652671864,
        3.553699844379593,
        3.5325836051598647,
        3.5219929414987288,
        3.5113144572301525,
        3.5511051611807742,
        3.5406508420133327,
        3.548237734672055,
        3.488582579362008,
        3.5509816751710463,
        3.566168554300372,
        3.592677571922889,
        3.5729398666788557,
        3.51524598485855,
        3.5294466400985134,
        3.475034365326859,
        3.4943680802876584,
        3.5306382742281994,
        3.5555702125566815,
        3.5058656365945127,
        3.4705654101771044,
        3.4996939659624404,
        3.4993761398399017,
        3.4931527115489063,
        3.4301661213153154,
        3.456774954813459,
        3.495410776234804,
        3.4460623420564747,
        3.4822213576871786,
        3.516717267834818,
        3.4940427952663424,
        3.5512301651284335,
        3.5319680963465485,
        3.4649538221252025,
        3.460610104434365,
        3.4578578446335597,
        3.434357726122851,
        3.4614832053492917,
        3.4498713611866956,
        3.421148079705445,
        3.455651478622431,
        3.4576364828113655,
        3.430148148890172,
        3.4519123399964387,
        3.4884799388153516,
        3.4518179713326047,
        3.4631016199416775,
        3.4992801611241022,
        3.522919223013795,
        3.523894888780605,
        3.494801892531402,
        3.5239927999691956,
        3.53077466794132,
        3.4984225722059055,
        3.550047531680617,
        3.502598316376762,
        3.533454704678067,
        3.5480293457415755,
        3.524089258416214,
        3.541166655458238,
        3.553067239741412,
        3.5774114450307573,
        3.5016678855579295,
        3.5755455089625165,
        3.5429820475155016,
        3.5682296315893973,
        3.5587339241462623,
        3.537444466354306,
        3.5191204357568764,
        3.5159697565858146,
        3.496561437886608,
        3.4854046842016473,
        3.7071662935820004,
        3.502582376971374,
        3.4855017093677185,
        3.5035027248143757,
        3.508592021991362,
        3.501863567322132,
        3.5611691540188204,
        3.508082604910512,
        3.4992938618158087,
        3.514262009541868,
        3.4884859346118047,
        3.4919533297085086,
        3.5070585717627614,
        3.4899653976114604,
        3.4774612796599076,
        3.4786902711838876,
        3.448429547488969,
        3.5087109883466323,
        3.4972772187522896,
        3.480872300686107,
        3.7105354872551053,
        3.4999535543782914,
        3.537806989369515,
        3.493596318387332,
        3.4800730528039314,
        3.4754129058127248,
        3.4548290857876203,
        3.5237149935406884,
        3.4895604422190534,
        3.502823960811442,
        3.4831731280784752,
        3.4797802029349034,
        3.4813599189199307,
        3.4895234205489034,
        3.4692934219762295,
        3.482559414595038,
        3.502261341575242,
        3.516995744007398,
        3.4815735253587494,
        3.4882757453230755,
        3.4946098680623154,
        3.5410080889901216,
        3.538760167643818,
        3.5045356971497013,
        3.538642242448916,
        3.515246147174267,
        3.513495094281756,
        3.4666703576319926,
        3.487472983208412,
        3.510260528117642,
        3.5072313187044046,
        3.538953334758454,
        3.5441013746437195,
        3.521820165958907,
        3.5663639549424677,
        3.489665491927132,
        3.5112368601652695,
        3.4860861130033443,
        3.5036607856476754,
        3.5111101735962835,
        3.7070326181540323,
        3.480704062930162,
        3.492401807996384,
        3.475052856178915,
        3.507846137352049,
        3.5286859904421215,
        3.51259483823346,
        3.4750252537675497,
        3.481313255535522,
        3.5184005194199757,
        3.5229041881933725,
        3.4769992683205238,
        3.507192829518349,
        3.5061322915422592,
        3.518903092483277,
        3.5011358420044174,
        3.5298168286366582,
        3.4788095965644485,
        3.5179067181706625,
        3.513186568725572
    ],
    "min loss": 3.421148079705445,
    "training steps": 10000,
    "batch size": 256,
    "history size": 1000,
    "dataset": "enwik8",
    "end time": 1730481830.225394
}