{
    "start time": 1730477791.8254607,
    "use_input_gate": false,
    "use_forget_gate": true,
    "use_output_gate": false,
    "use_state_gate": true,
    "use_new_state": true,
    "use_old_state": true,
    "use_residual": true,
    "n_layers": 1,
    "state_size": 32,
    "id": "01b23d8c22ef382bc946165b63f077ae32725e2430d5612a55ec319beeb09e97",
    "loss": [
        4.673626803839992,
        3.628099126763358,
        3.46962924631649,
        3.397755975473942,
        3.347052707343311,
        3.272775307397711,
        3.1500392510725823,
        3.1202367837750717,
        3.025800761417988,
        2.969727531562688,
        2.970443441986409,
        2.918245416876166,
        2.913969114710006,
        2.872422756397469,
        2.862217109196604,
        2.8569234921964277,
        2.800780207615575,
        2.7658150823007115,
        2.752157835242956,
        2.790313264926299,
        2.7173001312629106,
        2.70054895616757,
        2.63782370483327,
        2.6265900916992617,
        2.640683809526508,
        2.634424040320138,
        2.5757195489850053,
        2.60386493836509,
        2.609483057358709,
        2.645537326321956,
        2.580206367477122,
        2.578346869575268,
        2.568814104699557,
        2.5473654534779966,
        2.5491749688932734,
        2.531983302447799,
        2.5336051857150643,
        2.5261876158839485,
        2.5280421962046966,
        2.556552446702197,
        2.541040433129245,
        2.5128241520606602,
        2.546607476562281,
        2.550459297069805,
        2.5421430135200787,
        2.5349489574531474,
        2.5099663531651437,
        2.502742054702805,
        2.557945069349132,
        2.5189257715032336,
        2.5059377480517244,
        2.505233799509145,
        2.479505255653515,
        2.4769638946052828,
        2.5403130349281953,
        2.4866923699553705,
        2.4740923244332462,
        2.5003995274041335,
        2.438981973793837,
        2.519930068167708,
        2.4896395235799345,
        2.4505437758480584,
        2.4889693837749722,
        2.435452161631944,
        2.427800727681102,
        2.4344814173148017,
        2.413851488246174,
        2.4440865212942957,
        2.405205254122373,
        2.420977668782464,
        2.4476210993882783,
        2.4554490573692798,
        2.435745087212429,
        2.404859313749123,
        2.4342667695802707,
        2.3937006338159894,
        2.4059403694504686,
        2.3955287234272395,
        2.431552855188171,
        2.44122122938299,
        2.391742794154118,
        2.437367667285517,
        2.3880804101588855,
        2.3832585073815706,
        2.377290081209203,
        2.3953310873627305,
        2.4012658968987,
        2.4163612589201025,
        2.390430933577456,
        2.4248355599951035,
        2.402036128490183,
        2.396868936921402,
        2.430317906665107,
        2.3881006434474683,
        2.389233465773758,
        2.410001604761267,
        2.3807783011198356,
        2.379880506980167,
        2.394452604126786,
        2.453268485989501,
        2.4543953657463304,
        2.409977189371729,
        2.3717849905663777,
        2.409429736514862,
        2.4031951282226185,
        2.4314429587583763,
        2.4279957753475734,
        2.409545390466082,
        2.422840596557818,
        2.412622580007327,
        2.407308451431304,
        2.3942041050127343,
        2.331562911722605,
        2.360360100796715,
        2.3554773018318893,
        2.3800862282494792,
        2.36378799199633,
        2.342137154198326,
        2.3408095005549385,
        2.4022902305694664,
        2.361835192394356,
        2.358204950790285,
        2.355512025821199,
        2.309077741234704,
        2.3547194160825162,
        2.2838024545891003,
        2.36034135681174,
        2.3366915451843813,
        2.3550981166701614,
        2.346453518441211,
        2.3750552871346384,
        2.3289499126243993,
        2.36571689702867,
        2.32468239062777,
        2.3095651926437872,
        2.3315521672568,
        2.3272404524903654,
        2.3243426326649956,
        2.338085427414462,
        2.375498400282841,
        2.3290238605987272,
        2.30042409770722,
        2.338232646156236,
        2.3477315932679335,
        2.334895134649199,
        2.3114731592188846,
        2.297601410090224,
        2.3378800258697012,
        2.331078380543815,
        2.31484269858396,
        2.3525992238771005,
        2.3175795592129553,
        2.3307593622163183,
        2.302099508082087,
        2.2991036203087316,
        2.308253135510458,
        2.265458809791541,
        2.257104989137245,
        2.2504988017224203,
        2.34885458464962,
        2.2682850111528543,
        2.2790497966362295,
        2.285603264454037,
        2.269044018587531,
        2.3105273727590196,
        2.2823404884801333,
        2.278249561101658,
        2.28765611695265,
        2.3099053547295085,
        2.2650931533551475,
        2.2973619833273236,
        2.277271681708274,
        2.259382010833187,
        2.276071989530196,
        2.295587382954018,
        2.2851322651254304,
        2.2125380207497494,
        2.218989962504431,
        2.256428337021916,
        2.3134049732388107,
        2.3177512793033226,
        2.2942249828020715,
        2.3206547379523834,
        2.307058979104243,
        2.311602428708743,
        2.309588578288204,
        2.300357225785821,
        2.3239470225402106,
        2.3485831309756766,
        2.30993317683056,
        2.3155862904012148,
        2.330849575485314,
        2.3169003931371575,
        2.2843864179411386,
        2.319405058279388,
        2.3000527936701936,
        2.296790651958811,
        2.3050801076729064,
        2.2436467865525103,
        2.358931299414082,
        2.277781586998347,
        2.2551257062800913,
        2.2885597196046596,
        2.2526807562186084,
        2.2952403807721846,
        2.262064114324598,
        2.2648182963503527,
        2.3180253161222066,
        2.2855536274752604,
        2.2565262551522576,
        2.2924743235064153,
        2.2306106735278237,
        2.2613416503604498,
        2.257626236427523,
        2.2693946046802744,
        2.286469325176202,
        2.2109807196359603,
        2.2456909945483767,
        2.239437299052782
    ],
    "min loss": 2.2109807196359603,
    "training steps": 10000,
    "batch size": 256,
    "history size": 1000,
    "dataset": "enwik8",
    "end time": 1730477819.6667256
}