{
    "start time": 1730477494.9761682,
    "use_input_gate": true,
    "use_forget_gate": false,
    "use_output_gate": false,
    "use_state_gate": true,
    "use_new_state": false,
    "use_old_state": true,
    "use_residual": false,
    "n_layers": 3,
    "state_size": 256,
    "id": "05b80f503a9784747d979a4fd0b003d9cfb55bcf631ab61676bc5b765d42f7cf",
    "loss": [
        4.153551349822328,
        3.5722046869478086,
        3.528567896080275,
        3.4734102263687023,
        3.463914628705738,
        3.4437355915491352,
        3.3985593541224355,
        3.4060152030865973,
        3.3916969320404124,
        3.379705006274619,
        3.3331031127130304,
        3.3541795937876193,
        3.3292507851726434,
        3.3125650141974052,
        3.299029090314767,
        3.2947868099875666,
        3.2517310315615897,
        3.2042170761528386,
        3.2400189061041,
        3.2684455671313573,
        3.225649972301782,
        3.1726134567587536,
        3.182118408616667,
        3.1462331058270263,
        3.1525356027240377,
        3.113662917923062,
        3.0638381276766737,
        3.1134698236654215,
        3.039977842007055,
        3.0113276502090884,
        2.9822840668722383,
        2.9546543032485024,
        2.9689174624103085,
        2.948115997529984,
        2.9345919283574324,
        2.975386467886491,
        2.925797311529053,
        2.963095165436331,
        2.95967396438585,
        3.055571817530312,
        2.9879333530973575,
        2.8996578637520507,
        2.911357248913434,
        2.9058021814089816,
        2.8751646510875313,
        2.8985395818442803,
        2.9070448822115407,
        2.884662389279509,
        2.866225779635633,
        2.8569785660098646,
        2.8418112356942467,
        2.8391095426127158,
        2.8255784196882154,
        2.762179924927094,
        2.7929879378628373,
        2.8472125762133778,
        2.8141102385934187,
        2.8140236582905036,
        2.8014184702393834,
        2.994880564352809,
        2.791607513549771,
        2.794028669695378,
        2.7708050867578207,
        2.722015343988358,
        2.769776356432429,
        2.7511485058027345,
        2.725037557186022,
        2.721476666694681,
        2.7362623459963507,
        2.7040749738419567,
        2.7108325322460725,
        2.729855825681885,
        2.714327417421447,
        2.731402867407311,
        2.743407275809485,
        2.744330880745659,
        2.748999189071597,
        2.7505715812782974,
        2.72749244916332,
        2.9347111776859762,
        2.7560941162186676,
        2.7201538291447127,
        2.6896972102395686,
        2.676806356014101,
        2.678354457771071,
        2.6942540504815153,
        2.685859176290562,
        2.6727259747207577,
        2.675490032670832,
        2.6946488377302766,
        2.7141144095804095,
        2.7066047841379723,
        2.634109615650103,
        2.6486255161439947,
        2.687344128806772,
        2.6687286746912084,
        2.699481217076135,
        2.7052300271110026,
        2.6820850332244097,
        2.895161229112073,
        2.7284657621632498,
        2.686896838306649,
        2.6937987574134614,
        2.745209336197487,
        2.6937265140940627,
        2.692575995007122,
        2.714108771480647,
        2.6676416036731467,
        2.6714038626604477,
        2.729399989762031,
        2.6564252121711283,
        2.671799724229066,
        2.6696921499102415,
        2.6517195804044253,
        2.690987081471687,
        2.689644318947587,
        2.6764609704613247,
        2.7100431240953773,
        2.6759636071751323,
        2.877726970511275,
        2.724486135293059,
        2.6597870536543207,
        2.677864962889767,
        2.6559665175676024,
        2.670025987389322,
        2.654818451035546,
        2.63845816454428,
        2.6355245497950355,
        2.633339914876804,
        2.669850134849273,
        2.6447354991554466,
        2.6452049312505137,
        2.6377703176151686,
        2.6041319650343104,
        2.639993814012829,
        2.626427056011272,
        2.6160042047451824,
        2.6404985867289836,
        2.6669734245472183,
        2.835478653282042,
        2.6704095466790467,
        2.646485855741841,
        2.646011055542015,
        2.642925291811907,
        2.6623969466244173,
        2.6791337788636773,
        2.6555185241891315,
        2.662942336060352,
        2.69323030609699,
        2.640528454649856,
        2.6755607983165826,
        2.622472452855992,
        2.6304421135983094,
        2.6291614396401686,
        2.654536943236024,
        2.5774727817072494,
        2.6203131202449925,
        2.642417777344358,
        2.596504354305357,
        2.775088356446564,
        2.5964294310854457,
        2.58115277212374,
        2.570646415225873,
        2.5608794299788156,
        2.580138583265481,
        2.575397492026453,
        2.5615723519633122,
        2.5476341257080954,
        2.5364870003852262,
        2.5093367879834005,
        2.5262130226866195,
        2.518503061849782,
        2.5753817392107785,
        2.5843767257735895,
        2.574257629683988,
        2.5752166618388985,
        2.5658357869488326,
        2.5169187426729662,
        2.532547954587038,
        2.7486362960913575,
        2.5789403894778147,
        2.5606609308093087,
        2.5504044803957036,
        2.5276619488984995,
        2.511006618534399,
        2.5520598663221086,
        2.5485351282224857,
        2.5639364862519067,
        2.5500164662103026,
        2.5706741857623414,
        2.5924884299117394,
        2.569903466710939,
        2.5502766439005002,
        2.565870199229652,
        2.5909324877926747,
        2.5326920718228267,
        2.555107971570595,
        2.5534904061564605,
        2.5452810211455765,
        2.7192212137929146,
        2.5487902768150597,
        2.476067411716406,
        2.53704769115957,
        2.596284188642447,
        2.5434073595171136,
        2.490966343916852,
        2.5591282184130733,
        2.5661075962145024,
        2.54854296427742,
        2.52094959821751,
        2.5325185580943432,
        2.506431517279336,
        2.5263492260366798,
        2.530401679930119,
        2.5655013990111306,
        2.5287833385671874,
        2.562413237550184,
        2.558713698632421,
        2.5162296011752114
    ],
    "min loss": 2.476067411716406,
    "training steps": 10000,
    "batch size": 256,
    "history size": 1000,
    "dataset": "enwik8",
    "end time": 1730477524.1184638
}