{
    "start time": 1730477204.2931302,
    "use_input_gate": true,
    "use_forget_gate": false,
    "use_output_gate": false,
    "use_state_gate": false,
    "use_new_state": false,
    "use_old_state": true,
    "use_residual": true,
    "n_layers": 3,
    "state_size": 32,
    "id": "0607b257d00c36cfe66ee6fb2ac9271007076a969766d87f646ed9597b175fdf",
    "loss": [
        5.036957294968285,
        3.7774606378500026,
        3.479130066244154,
        3.4886433142605666,
        3.4191343403932404,
        3.39309489859253,
        3.36020036821118,
        3.3660935005983195,
        3.307776564257172,
        3.2466779905618397,
        3.2704151264261943,
        3.267828114830398,
        3.247714760440695,
        3.241751505746541,
        3.226925368505446,
        3.21967101033668,
        3.1639480601866343,
        3.1393281888151687,
        3.167794258923757,
        3.137457375236659,
        3.153153839100849,
        3.0928099407381304,
        3.0533571291537904,
        3.050860437701687,
        2.9883478754937958,
        2.975304170691101,
        2.968534338517289,
        2.956014461603182,
        2.942005036254833,
        2.934750484113803,
        2.891702562580377,
        2.8882310558447513,
        2.875457576059581,
        2.8984112217544387,
        2.874963024714293,
        2.8525713052423765,
        2.8582629142591487,
        2.8683733537204987,
        2.79460025268833,
        2.8170666496410415,
        2.8261480000376547,
        2.8209102425401085,
        2.773271142904756,
        2.761347193272831,
        2.780016091817769,
        2.7534935482195007,
        2.7505900814113,
        2.802909536510896,
        2.768506181661573,
        2.737159804805792,
        2.7663805928286074,
        2.7371550889964205,
        2.738010357679261,
        2.7341698668799506,
        2.743358593560749,
        2.735245319423291,
        2.7143781125388946,
        2.7173478277102188,
        2.67062690834372,
        2.720934129540221,
        2.716868228228347,
        2.73789506585886,
        2.698095122699553,
        2.667947267654695,
        2.683119433100648,
        2.6679303524244,
        2.6515415171780696,
        2.6557583978647616,
        2.6607579728400297,
        2.663762773369783,
        2.652022555325073,
        2.679711995092769,
        2.66629262768568,
        2.6103865114655904,
        2.6426252937513235,
        2.6555975785611294,
        2.6206951847361033,
        2.6144792712655853,
        2.6383505592091603,
        2.6617415118915138,
        2.665281176142801,
        2.6612435633058538,
        2.675219076376038,
        2.6345055313096615,
        2.6300359548502517,
        2.635549322973229,
        2.642766658656886,
        2.646440186070299,
        2.6354195157719604,
        2.6468209501761,
        2.6429331858036234,
        2.631488645333426,
        2.6656553583351705,
        2.656265623240167,
        2.6297753365399763,
        2.644426189937082,
        2.645353421885365,
        2.647491039993899,
        2.6328005569523336,
        2.6732885788239282,
        2.6381328657540495,
        2.6216318560289635,
        2.5735842813304313,
        2.6008033653425318,
        2.5642728770517644,
        2.594109416699052,
        2.5786751289484457,
        2.5610836895728517,
        2.5884051208307723,
        2.5909102687323955,
        2.5911158919426587,
        2.5993495807449927,
        2.598440861424661,
        2.6010044081770762,
        2.627141957077492,
        2.5868139439922073,
        2.558318731032066,
        2.5800298820987497,
        2.5745425746122232,
        2.627377228010427,
        2.5753503729433067,
        2.5809733359998575,
        2.5739823915997277,
        2.5372045817492785,
        2.5587687721291115,
        2.5513788561201762,
        2.550220373619343,
        2.582407248132557,
        2.575406679937241,
        2.5735935134532197,
        2.5296311331969537,
        2.5457406693148954,
        2.523361696818607,
        2.536912628040868,
        2.5371025327890453,
        2.562702539153992,
        2.5121764651341314,
        2.5211163828054355,
        2.5146682601472676,
        2.5231111409805584,
        2.5390064573438944,
        2.4995008304978685,
        2.534452919500592,
        2.502029192026517,
        2.5375266329255206,
        2.4775097875185605,
        2.5054194337948754,
        2.528823110286501,
        2.551082501640349,
        2.5318216609202753,
        2.524383944094629,
        2.516279169714111,
        2.5384545325962993,
        2.5326720106786196,
        2.5464388355581518,
        2.52697340238091,
        2.4694958648651357,
        2.473561561503724,
        2.477503064897671,
        2.534267285459651,
        2.4923931624090936,
        2.4913612297970085,
        2.525934621815382,
        2.4687309416619927,
        2.4911239404879155,
        2.4621377644119606,
        2.4904774873400726,
        2.4984265288054814,
        2.452074076407072,
        2.4663542966630962,
        2.462759424579697,
        2.4742075311143843,
        2.4772641446317554,
        2.456205693332847,
        2.4847758210848476,
        2.460201868166742,
        2.474788426277625,
        2.475947506193168,
        2.4807847815583077,
        2.5052318450659365,
        2.5049720966768816,
        2.4955715282682522,
        2.478198178843912,
        2.4829948986179677,
        2.472600564942327,
        2.460661905332366,
        2.4498217580363555,
        2.4420610018003535,
        2.4228345996435823,
        2.4817052494337997,
        2.4539556504168543,
        2.441321632450729,
        2.4785849100487396,
        2.45137763660346,
        2.4747827376056604,
        2.4418986745322955,
        2.4402982971325518,
        2.4742517747263206,
        2.427203995410149,
        2.4508252286409404,
        2.4624506242859905,
        2.458180665793422,
        2.4524906081304634,
        2.4335772442681667,
        2.405075473050053,
        2.424314339689959,
        2.4332167629894057,
        2.4667456965815076,
        2.415772240386244,
        2.4307758213266335,
        2.4343996802496437,
        2.447458361568222,
        2.4918372551912666,
        2.4559735712249036,
        2.4379483382604525,
        2.482203713369382,
        2.4504338031746835,
        2.4053120560225776,
        2.4567691753463525
    ],
    "min loss": 2.405075473050053,
    "training steps": 10000,
    "batch size": 256,
    "history size": 1000,
    "dataset": "enwik8",
    "end time": 1730477240.0388176
}