{
    "start time": 1730480832.662933,
    "use_input_gate": true,
    "use_forget_gate": false,
    "use_output_gate": false,
    "use_state_gate": true,
    "use_new_state": true,
    "use_old_state": true,
    "use_residual": false,
    "n_layers": 2,
    "state_size": 256,
    "id": "06cabd695abded39ec2dbdcab78711b71b44f01356f144527e0be3baeb4db54f",
    "loss": [
        3.720414515737537,
        3.4996308965961105,
        3.289493513329109,
        3.0909811961771165,
        2.9743829621163598,
        2.8697766740616766,
        2.758153393142098,
        2.7973091804173214,
        2.7499609654145805,
        2.7214751692962893,
        2.6397265773997027,
        2.598700174147397,
        2.5761690602791836,
        2.5782344977763056,
        2.527734356176723,
        2.502635555010543,
        2.5082440018095546,
        2.473309900055485,
        2.4254092075755964,
        2.475782793020203,
        2.501760083599639,
        2.4470230825181885,
        2.399803443736107,
        2.407156537590626,
        2.3414424121712605,
        2.383268444327172,
        2.366781711399599,
        2.3285070112229067,
        2.3517599109362033,
        2.350089349758834,
        2.2946372462372366,
        2.2762252502994405,
        2.286216982322825,
        2.2785522606469844,
        2.218638941298217,
        2.2604244276747463,
        2.2220870332072518,
        2.205163836407815,
        2.1937292309120746,
        2.2736055615431914,
        2.2384460062861637,
        2.2150790741074387,
        2.1874282225581174,
        2.172647091276482,
        2.1413824489695163,
        2.1529363091332936,
        2.1609692535688603,
        2.124876221830801,
        2.092369548903247,
        2.0943855184537528,
        2.0833063025954948,
        2.0459027781252055,
        2.056705661258649,
        2.083757403448896,
        2.123078450905978,
        2.1003983843547425,
        2.081021912757672,
        2.089895935468878,
        2.1100896996371223,
        2.1798868871864854,
        2.1348616892559074,
        2.0825846265787025,
        2.0594102677837545,
        2.0564282209312297,
        2.081511906074014,
        2.0368787724857778,
        2.052858762726648,
        2.065731713406098,
        2.054104817033006,
        2.031829494565002,
        2.034326598964339,
        2.0166369781045157,
        2.0047143232897047,
        2.016332860396665,
        2.07214999937207,
        2.050245188970773,
        2.01019798393017,
        2.02483828107186,
        2.012928895407612,
        2.1386766104753,
        2.029581313640487,
        1.990286294926736,
        2.0057330282998818,
        1.9617921777526641,
        1.992413475628048,
        2.0189823239223705,
        2.000962902099606,
        1.9690173208860409,
        1.9583835352977488,
        1.9388880873598766,
        1.9515192935869667,
        1.9964148800657386,
        1.947221249052155,
        1.9640233814158006,
        1.9423741698547143,
        1.9428557239659185,
        1.9614804843117306,
        1.925343162043172,
        1.9972990339731795,
        2.0879708182205983,
        1.9629042177430545,
        1.9916890671520853,
        1.92706445111674,
        1.942580338251874,
        1.8899233979193049,
        1.894058703468021,
        1.9184435450062205,
        1.9109185046391566,
        1.8768552481970893,
        1.8399382291113175,
        1.8755288730828312,
        1.8326595619102424,
        1.8608936585498381,
        1.9041401310981159,
        1.8786886738186357,
        1.868071517978858,
        1.8279403908685123,
        1.832380935974805,
        1.8796024800430335,
        2.019040296895832,
        1.9703932887702302,
        1.938680266890594,
        1.9409754943436759,
        1.89582890899517,
        1.869340233492598,
        1.8929187686343827,
        1.9036047564488017,
        1.8962839201063237,
        1.903366912054996,
        1.924246179437381,
        1.8590236592512441,
        1.881124048494421,
        1.877713526728878,
        1.9061051033349077,
        1.858301348840474,
        1.854860200865476,
        1.833122291823322,
        1.892627523604165,
        1.84075445349891,
        2.006463072215314,
        1.9073506560707096,
        1.8782271596646638,
        1.8894213286763175,
        1.881600977931059,
        1.8671230695598908,
        1.8569293382661773,
        1.8857080678424984,
        1.8559890242265507,
        1.8368064037863734,
        1.8545634817451826,
        1.8538883194179234,
        1.8449048879802297,
        1.8574591189955243,
        1.8643189634104114,
        1.876206570124101,
        1.8338535711564183,
        1.8331378542494914,
        1.8645938770764197,
        1.850082517340525,
        1.9708057638498901,
        1.8928286407982573,
        1.8998758010407708,
        1.8903799971573967,
        1.8527254703444564,
        1.8780617815702865,
        1.8632153416812538,
        1.8841881412346622,
        1.8838361218183823,
        1.8244158420002248,
        1.849221469635996,
        1.875958509528798,
        1.827508022151945,
        1.819607171509087,
        1.83199300645653,
        1.873475333463946,
        1.8378092432639115,
        1.8048507746305336,
        1.8634932631108376,
        1.8348249490204314,
        1.9593330486939027,
        1.8722558729017136,
        1.8383399998360128,
        1.8409775108329358,
        1.8293184220427579,
        1.7833727266074484,
        1.8254324668811663,
        1.7885788438658838,
        1.849485930017408,
        1.788054319611552,
        1.765954373835588,
        1.7850180646760976,
        1.7492412565162878,
        1.7747349782992201,
        1.7882673313202593,
        1.732827160009075,
        1.6945006109128595,
        1.8148521512885203,
        1.7942124603174874,
        1.7905700447976192,
        1.9172161518762794,
        1.8302022936982996,
        1.754621683180009,
        1.750513751153024,
        1.8266460384031817,
        1.8085854584920407,
        1.835527231442892,
        1.7955467153394715,
        1.7832871621498696,
        1.8019769745832046,
        1.7608192647745229,
        1.763158407930607,
        1.7996645082104725,
        1.7483301083203504,
        1.7761065936642144,
        1.753575485307349,
        1.7953480867399414,
        1.8158655489416005,
        1.7837461648289858,
        1.8110568028018788
    ],
    "min loss": 1.6945006109128595,
    "training steps": 10000,
    "batch size": 256,
    "history size": 1000,
    "dataset": "enwik8",
    "end time": 1730480879.424481
}