{
    "start time": 1730482596.703193,
    "use_input_gate": false,
    "use_forget_gate": true,
    "use_output_gate": false,
    "use_state_gate": true,
    "use_new_state": true,
    "use_old_state": true,
    "use_residual": true,
    "n_layers": 3,
    "state_size": 256,
    "id": "06f8c4320398f092001017c2ffef8074b1f4bd9d0c2f8d9750745a219d904023",
    "loss": [
        3.652846433658367,
        3.3986916550985424,
        3.288149223253903,
        3.2024476376570585,
        3.067925493248935,
        2.92134907738837,
        2.852244346863297,
        2.7612502764820293,
        2.680979095787299,
        2.603745080266819,
        2.5531876223543604,
        2.587844782277645,
        2.4940757171104857,
        2.4641870729962645,
        2.4665896442592175,
        2.4586468005486823,
        2.395794649111919,
        2.3767346791083903,
        2.3407714099403583,
        2.419818096260437,
        2.360775250174675,
        2.2862876481549907,
        2.290595020996033,
        2.24586970504646,
        2.252495823010662,
        2.199807180711127,
        2.184040585770457,
        2.194303848037233,
        2.1673280650551656,
        2.174955584298491,
        2.171165470718624,
        2.1502706923953987,
        2.09639752475252,
        2.1516359588003415,
        2.126760189728603,
        2.1175508185182266,
        2.0992309871434727,
        2.097665634312877,
        2.050399522653145,
        2.1578213225012557,
        2.0959313171046237,
        2.0403496506657657,
        2.01823444400694,
        2.0034811188246864,
        2.0158604203639747,
        2.0212632175142353,
        1.9973855107147946,
        2.022088747047784,
        2.003698202247023,
        2.014912984507991,
        1.9700099084106473,
        1.9712305404529975,
        1.9773809209030655,
        1.9327970702164554,
        1.9760806810818543,
        1.9352366478764018,
        1.9302201343589993,
        1.9379215846236828,
        1.9143347876382992,
        2.0307875929479775,
        1.9940713683582911,
        1.981694711336493,
        1.9374647333304367,
        1.9718266871726344,
        1.9124352916434855,
        1.9461767622396375,
        1.9321979651535535,
        1.9365586746716135,
        1.8902973787958122,
        1.8733093346075926,
        1.8537049473676916,
        1.8587274170648507,
        1.8895260953726867,
        1.8820920488186994,
        1.8233082407947452,
        1.8391581249888267,
        1.8816830263070214,
        1.8527947730363703,
        1.853029811149279,
        1.975506910341641,
        1.9701191382962784,
        1.924252735276203,
        1.9060249535468976,
        1.890018386453958,
        1.8988804709950917,
        1.8425092626663793,
        1.8670795568401517,
        1.8325186884829314,
        1.856078254683604,
        1.8450769385264167,
        1.8029940877516473,
        1.7853360260356794,
        1.8133136082880776,
        1.8345769322860492,
        1.775259323023017,
        1.7746844278821787,
        1.823394589516472,
        1.7767912934291041,
        1.7783666881996427,
        1.8651092532471107,
        1.8905216336859891,
        1.8225160509804825,
        1.8254957000313081,
        1.8323779482303044,
        1.832197200929242,
        1.783473375799307,
        1.8180540048567682,
        1.842340425348588,
        1.7999371951174163,
        1.8174193824702367,
        1.8004594416203017,
        1.8118625062586442,
        1.7522951167137875,
        1.800435874560851,
        1.7602288311925118,
        1.7849753888090152,
        1.7544105169134359,
        1.7793454499902608,
        1.8039232146518662,
        1.8960375077769058,
        1.8529803858326472,
        1.8485066464567337,
        1.81215543409723,
        1.8192046984686847,
        1.803990108152465,
        1.813072609835694,
        1.8010417178250104,
        1.8205746673985772,
        1.765843995021978,
        1.7798921389558828,
        1.7944016270367966,
        1.8027546487188175,
        1.7279079088642857,
        1.7683685547363428,
        1.7558290947135864,
        1.7401196380008,
        1.7127969781696843,
        1.7315814223838983,
        1.7004815645826992,
        1.8502387890095064,
        1.7809983852843612,
        1.803771064535828,
        1.7427684432547328,
        1.7389120114027463,
        1.798160753059753,
        1.7954003283480668,
        1.7585802825283547,
        1.7805548195819354,
        1.794542545489349,
        1.7442094350283743,
        1.733783223642261,
        1.744962726374875,
        1.7083660438882293,
        1.754092053109269,
        1.7087995439152464,
        1.7526157721664644,
        1.735059733952371,
        1.7128252767474366,
        1.714810909283139,
        1.8102760777269553,
        1.779168563352211,
        1.7671281864126138,
        1.7538829242346814,
        1.7231227265478881,
        1.6900273781794133,
        1.6571030340503563,
        1.7020724809119268,
        1.703624841039239,
        1.7262211830261118,
        1.7087192064070296,
        1.6987982354858149,
        1.7090000333176498,
        1.7292927863800471,
        1.7427730729089679,
        1.7436689165829646,
        1.69492830868147,
        1.6820888731698391,
        1.6831383787461016,
        1.6908829473478098,
        1.8072419126553652,
        1.8004673143563505,
        1.7116185149778993,
        1.7649639882166555,
        1.714202246970235,
        1.6932064486253218,
        1.7108964390890335,
        1.7190762710283929,
        1.7010803617850407,
        1.7270751985821688,
        1.6685987149511616,
        1.7004276731633787,
        1.6911816278815288,
        1.6933160800507852,
        1.6439687028271084,
        1.6831057876861522,
        1.7039646344982513,
        1.6815997670788083,
        1.6990074122669103,
        1.6958234037590352,
        1.8355386924431023,
        1.761497526080343,
        1.7322245995755803,
        1.7352369335381128,
        1.6829366241312396,
        1.7047371201808614,
        1.6666909420182519,
        1.694980715660215,
        1.6356950701631272,
        1.6933243814906611,
        1.6501697787823053,
        1.7241625390223372,
        1.6901975552418125,
        1.6436065250006615,
        1.6510809510225606,
        1.7036674113743238,
        1.6642925105621535,
        1.6972357105392777,
        1.6637783961801056,
        1.6467687322880955
    ],
    "min loss": 1.6356950701631272,
    "training steps": 10000,
    "batch size": 256,
    "history size": 1000,
    "dataset": "enwik8",
    "end time": 1730482654.9330397
}