{
    "start time": 1730482539.4865198,
    "use_input_gate": true,
    "use_forget_gate": false,
    "use_output_gate": true,
    "use_state_gate": false,
    "use_new_state": true,
    "use_old_state": false,
    "use_residual": true,
    "n_layers": 3,
    "state_size": 256,
    "id": "07e95fbe08ea5320dd46b8bd52adddfe91f6e6cac60d5910aae573f8edb73ed2",
    "loss": [
        3.745293138412866,
        3.4682006273224877,
        3.354423050837608,
        3.1989908656664405,
        3.0415280503795876,
        2.914986496480471,
        2.786539266928303,
        2.739874308887075,
        2.6950691017088158,
        2.6323549678834923,
        2.6155593360842535,
        2.5769073465231527,
        2.5442096752819525,
        2.474284410464797,
        2.364237761799842,
        2.425031638497163,
        2.375949216724272,
        2.3785261853149002,
        2.332320716255458,
        2.374198084565852,
        2.353591931188689,
        2.356064300713096,
        2.3551134201305257,
        2.293052682673886,
        2.30875871816403,
        2.272841936370351,
        2.19513064744719,
        2.213313905193624,
        2.1984160677969764,
        2.1945605665114374,
        2.211377068886197,
        2.1949934668641715,
        2.1703487973083493,
        2.1459157003205207,
        2.0929719564686633,
        2.1488925451233865,
        2.104870985880572,
        2.1044063189459004,
        2.134871808650882,
        2.2082901350152766,
        2.162752091100568,
        2.14393470004752,
        2.0946434503400404,
        2.075367501066952,
        2.0574615594632144,
        2.0875807506235278,
        2.0697892424166757,
        2.04362846501148,
        2.0123154103586667,
        2.0101462946666477,
        2.017652275522182,
        2.013402714703063,
        1.948737808320193,
        2.0013125411014214,
        2.0302868652399413,
        2.00095129810114,
        2.001303221096127,
        1.988044057846069,
        2.0060369909582607,
        2.094101267627222,
        2.047812610606931,
        2.042809165045298,
        2.0736982504309807,
        2.039736019956316,
        2.01019209878616,
        1.965297778059687,
        1.9963590557796544,
        2.0188409547159947,
        2.001353862283899,
        1.9983595953217859,
        1.9669765984170098,
        2.0005850538577015,
        1.9772929203818856,
        1.9821298748875114,
        1.9688286435005873,
        1.9328731444423728,
        1.9455046981940616,
        1.9563989935295643,
        1.9076361917721154,
        2.0189293775944193,
        1.9515221058270262,
        1.9352624081161014,
        1.928533505720755,
        1.9514876582958667,
        1.9326959471178407,
        1.928696123707189,
        1.8993082035414703,
        1.9371114848680802,
        1.9308160508249985,
        1.9312466976716067,
        1.9368027082666313,
        1.889194634305766,
        1.8788726433569236,
        1.8762477643358997,
        1.9090099552867161,
        1.8626257571012519,
        1.8822498601250068,
        1.8841880700935973,
        1.8772693467695936,
        2.0230735409658114,
        1.974937418783499,
        1.9625568230499928,
        1.933127371715003,
        1.8786498306474009,
        1.917887441667142,
        1.9004691438923456,
        1.9339608302746063,
        1.8804805976867174,
        1.8976801897546078,
        1.9195617033013506,
        1.9189447146494127,
        1.9042117442001747,
        1.9022287736952215,
        1.8855804426237683,
        1.8774134659113564,
        1.8719263479567998,
        1.8920792888165685,
        1.91214497652959,
        1.870903337944376,
        1.9935860777286192,
        1.9360932217138231,
        1.8957070077000842,
        1.9054176395634583,
        1.9252432533458848,
        1.8863402289545184,
        1.894796499537498,
        1.8954378544345682,
        1.8772533331997276,
        1.899077406085705,
        1.9264322330021353,
        1.869133456678846,
        1.8667502960879376,
        1.8782713313415644,
        1.8505039524990525,
        1.8961253055452443,
        1.8988939742805302,
        1.8958333998794186,
        1.8614891001097884,
        1.8744156601735982,
        2.0059673670300793,
        1.9529244527194807,
        1.8938753321655974,
        1.914133444853615,
        1.9279600804607708,
        1.9468903304895713,
        1.9348981293371705,
        1.8928876682173765,
        1.9115935241813984,
        1.8771899889294434,
        1.867598736444013,
        1.8688097771528553,
        1.8574140114642015,
        1.8827853962762648,
        1.833062872208553,
        1.853309108401912,
        1.878511304089443,
        1.879991016627028,
        1.8617552784370983,
        1.830731396862041,
        1.9455838689123512,
        1.9011798114213339,
        1.8597723059271587,
        1.8546977398783726,
        1.8267939172285632,
        1.7922491696708445,
        1.8487568969823867,
        1.8389095951021346,
        1.825473522810458,
        1.8133286992726105,
        1.8391504401883534,
        1.7973840717268874,
        1.8441129500807243,
        1.844201907705514,
        1.8864247924820166,
        1.8636931339096365,
        1.8272562884877095,
        1.8221847049571451,
        1.804480948010219,
        1.820162831745273,
        1.946481861526293,
        1.8727169358971678,
        1.8684142958369583,
        1.8716374329547742,
        1.8776965070804292,
        1.8832356155613068,
        1.8715152936515265,
        1.8659131353286271,
        1.8698856673682895,
        1.8354114669558583,
        1.8652012835481226,
        1.8512642757324824,
        1.8148230678112625,
        1.8578305386832135,
        1.8627949630608125,
        1.8375912323125316,
        1.8416372657390094,
        1.8592419399712685,
        1.8155639679854199,
        1.8310503805779832,
        1.9434259310811504,
        1.9199841943971858,
        1.808513427184381,
        1.8961302882608886,
        1.854652321529334,
        1.8470822760756884,
        1.8451137692296495,
        1.9105241004874303,
        1.8577228720265966,
        1.8424041010610113,
        1.88495320209614,
        1.9179834902090864,
        1.8754664302887487,
        1.8449949170523205,
        1.860676166711278,
        1.7956063820609116,
        1.8531691927839489,
        1.845722077409493,
        1.8117341903989068,
        1.8349297603143313
    ],
    "min loss": 1.7922491696708445,
    "training steps": 10000,
    "batch size": 256,
    "history size": 1000,
    "dataset": "enwik8",
    "end time": 1730482595.9042313
}