{
    "start time": 1730476763.2780626,
    "use_input_gate": true,
    "use_forget_gate": true,
    "use_output_gate": false,
    "use_state_gate": false,
    "use_new_state": false,
    "use_old_state": true,
    "use_residual": false,
    "n_layers": 1,
    "state_size": 256,
    "id": "08c123df469b5f7e9bcc00949442fa52cfd280cb2deacf5e4810adaf95eff2f4",
    "loss": [
        4.471281887733701,
        3.5955770412282537,
        3.501081179108992,
        3.497486545433113,
        3.4530006669204822,
        3.41082342953696,
        3.394289284367778,
        3.354355832445949,
        3.3421872211564083,
        3.356172280860156,
        3.3592259403408886,
        3.3572604775985937,
        3.32617757163382,
        3.311069629343473,
        3.2998886474820504,
        3.2777002849319326,
        3.2578663679379987,
        3.2328641115567187,
        3.2007998724795046,
        3.229480987634264,
        3.1371551908816557,
        3.107274878162666,
        3.0927203863658876,
        3.047415395589507,
        3.0161984424778625,
        2.956916014095544,
        2.913320093692281,
        2.880535063415239,
        2.8891992805763,
        2.8238830436299396,
        2.8487522066613797,
        2.832251841623555,
        2.8054880730849794,
        2.7964816274804085,
        2.775185754374144,
        2.746838651074224,
        2.7467372883147796,
        2.721942721346872,
        2.7109551057033707,
        2.804194074213339,
        2.7254735780879478,
        2.687540453142517,
        2.691132481993002,
        2.7057066933819387,
        2.729035213391516,
        2.6848006101180766,
        2.6200009299736466,
        2.684010754305421,
        2.6516379054142525,
        2.610710596358004,
        2.6410550177774805,
        2.6571458561331074,
        2.600818071962281,
        2.6123393858081565,
        2.573876309649836,
        2.5510319125379355,
        2.5558397103586015,
        2.591270711948515,
        2.575140507220415,
        2.727684347692348,
        2.5397537836117845,
        2.509900513000657,
        2.4898478163188025,
        2.48013144380641,
        2.451187264354184,
        2.4740616045621735,
        2.487425395569121,
        2.4788113325343626,
        2.4814462575675065,
        2.5013646461030214,
        2.476271403863551,
        2.4381657268054684,
        2.4803669911253707,
        2.4675618546081104,
        2.4368472811795283,
        2.4522790618457266,
        2.4395205927977694,
        2.4246869034384204,
        2.454148317221008,
        2.556795787776047,
        2.4799328611369744,
        2.477997062482461,
        2.463218985216674,
        2.4272785090535134,
        2.4652372928339963,
        2.448285478702677,
        2.4557850114884183,
        2.431046471923821,
        2.4099509903839973,
        2.4269566987750792,
        2.44356514479807,
        2.449356415065325,
        2.4833026807577285,
        2.4216894035513645,
        2.437242354993791,
        2.4227961681945667,
        2.455263213546995,
        2.427054103165899,
        2.4315009279240227,
        2.4887220010404913,
        2.4375799689406934,
        2.419440999712697,
        2.4066158908419846,
        2.416456703796041,
        2.4439760990021515,
        2.420804645277002,
        2.3906178743305255,
        2.4052543352842983,
        2.410865986434145,
        2.399578775985534,
        2.3905888318583175,
        2.3901610468680117,
        2.3788730695375335,
        2.385732316195139,
        2.371886771257403,
        2.359809665376364,
        2.335753999923307,
        2.358844430645061,
        2.3499983908139135,
        2.4937431776400873,
        2.3529305282503294,
        2.3868575272599433,
        2.3508611055762025,
        2.3598082160846636,
        2.3817482811874213,
        2.3874900067104305,
        2.3592791580088597,
        2.379690671040556,
        2.3598061844214264,
        2.3743911744127724,
        2.3833999648313777,
        2.381482038790476,
        2.3752142359657307,
        2.377975747989108,
        2.376297566445101,
        2.3615772655646596,
        2.3900872474999653,
        2.358882952598244,
        2.358824335269851,
        2.457454394342467,
        2.347643259533574,
        2.3443388513100722,
        2.3163025885840627,
        2.375706730937218,
        2.3095195761122254,
        2.3211029866056854,
        2.3377679682892416,
        2.350810375362469,
        2.3169863420590726,
        2.2939892733708924,
        2.3227677780931115,
        2.363529584628507,
        2.3227698773416527,
        2.3507921893116097,
        2.299215272825584,
        2.3258273126148947,
        2.314361196168768,
        2.344874808347319,
        2.334169311405376,
        2.4160630317653733,
        2.290635346174288,
        2.3105194433216205,
        2.3158914449528805,
        2.2805967482867873,
        2.268330937686249,
        2.2752407030449078,
        2.287625664796958,
        2.3349055792597504,
        2.2899420614555215,
        2.3056006079207245,
        2.2998273342821562,
        2.2438863393933604,
        2.2702886198708643,
        2.3230219449388807,
        2.2954758103050024,
        2.281025371251238,
        2.303490107692601,
        2.2870045672959276,
        2.282301883398987,
        2.3888431408766073,
        2.3177965329813572,
        2.2744959783031846,
        2.2751157482130875,
        2.2805651939188976,
        2.306407470152336,
        2.288880029319986,
        2.2860824314474004,
        2.272965572267597,
        2.2556444529916586,
        2.2977403551517135,
        2.281086811510379,
        2.3100277320875238,
        2.3238013082247155,
        2.3001251156313693,
        2.2766524902275087,
        2.2757028944415265,
        2.268746566397819,
        2.2866904932594747,
        2.2538979472712573,
        2.379573202354909,
        2.2917530258888665,
        2.274624531255108,
        2.2470555840246935,
        2.2790867098575918,
        2.2268399823345977,
        2.2217629697659658,
        2.252782165418067,
        2.2207658440637172,
        2.2355680384160688,
        2.228653759473293,
        2.2645618000474563,
        2.272277938771306,
        2.2438011879956314,
        2.2609452610348666,
        2.2330912476549463,
        2.2297736499625693,
        2.2388697075045383,
        2.2409668277342596,
        2.203840602002551
    ],
    "min loss": 2.203840602002551,
    "training steps": 10000,
    "batch size": 256,
    "history size": 1000,
    "dataset": "enwik8",
    "end time": 1730476780.9880714
}