{
    "start time": 1730478756.7141068,
    "use_input_gate": true,
    "use_forget_gate": true,
    "use_output_gate": true,
    "use_state_gate": false,
    "use_new_state": true,
    "use_old_state": true,
    "use_residual": false,
    "n_layers": 3,
    "state_size": 256,
    "id": "092b9f0029aa7ed62f5d7934f017ea52f15afc1ce00827cbbdc7cf44797f5082",
    "loss": [
        4.107608753623096,
        3.5572092490377796,
        3.486981035638902,
        3.3331580776975467,
        3.1898219886678674,
        3.141841702731727,
        3.0877136405653682,
        3.0126821390427967,
        2.947550958792048,
        2.898129779579304,
        2.8558228719786882,
        2.8450333119031925,
        2.799427944120619,
        2.77349441119601,
        2.7797721004269165,
        2.739865533481671,
        2.7098464695145954,
        2.721429280471541,
        2.68839542857331,
        2.7642671250511563,
        2.66019796594533,
        2.652367836556152,
        2.6057158054300236,
        2.6216367135709953,
        2.618337518512344,
        2.6239130233917454,
        2.6056490885681325,
        2.6298622295083267,
        2.59083245801808,
        2.5691288780704866,
        2.55832165494025,
        2.560749066808084,
        2.5547009851881617,
        2.5623051489178263,
        2.5311729586903744,
        2.536311790467241,
        2.551402750202769,
        2.530942736064248,
        2.4710276292445164,
        2.5318016615661345,
        2.510235629257511,
        2.4742331259141492,
        2.4960147351859083,
        2.4673991487600624,
        2.4806458733283363,
        2.4523913758822804,
        2.4434109571194487,
        2.4513664375129305,
        2.379746345122946,
        2.3580220502635005,
        2.424584426441226,
        2.4309512975597256,
        2.3975364900871865,
        2.3871011079980775,
        2.3961092869556717,
        2.377628922253986,
        2.4015092945956944,
        2.3796409839078367,
        2.3585150148579834,
        2.431846120343997,
        2.343188938038908,
        2.4048887690721727,
        2.347305811806218,
        2.3534757413896923,
        2.333335177859963,
        2.3250600077114743,
        2.335595800391347,
        2.33060077597055,
        2.335348066595619,
        2.3316449803603363,
        2.3016824384060905,
        2.3168178781948443,
        2.3156219677005754,
        2.312017697685324,
        2.301444801254969,
        2.2852663021905735,
        2.271632952544605,
        2.2931895606805557,
        2.2552410944233787,
        2.348620452753129,
        2.3164082589891057,
        2.278418000433395,
        2.2826322439212645,
        2.2776120904323003,
        2.2826097938052845,
        2.2281668709264197,
        2.255761481548988,
        2.260725172285268,
        2.2229525476652987,
        2.220360340247283,
        2.2102199797650597,
        2.211659568748887,
        2.193801157589657,
        2.2730335540929967,
        2.2305420334505017,
        2.212066825639372,
        2.2315996835200775,
        2.222198857468961,
        2.235229800200098,
        2.2735733080778155,
        2.231380303950451,
        2.193271000827622,
        2.182021846094357,
        2.162050729369468,
        2.1529533463861346,
        2.1945834030289113,
        2.1784412922530327,
        2.165788617033386,
        2.139751392181071,
        2.160781158555832,
        2.1342033598209706,
        2.170057351515791,
        2.169754687275044,
        2.13959782319045,
        2.1537435516760626,
        2.1377463472962184,
        2.111390452237099,
        2.1295476664450477,
        2.1111384973547875,
        2.247127413016216,
        2.1225817634463735,
        2.117902859503253,
        2.1458853736236723,
        2.137706573649742,
        2.124446106832746,
        2.1197810567410067,
        2.142192738261446,
        2.1313711231405583,
        2.095230448689655,
        2.073693720637924,
        2.132279664110585,
        2.0879783654806485,
        2.081844815822688,
        2.1235373064255216,
        2.099036186582021,
        2.1352273152766075,
        2.107653174662832,
        2.0874573950134963,
        2.08576344340299,
        2.2254484956182665,
        2.142217456381363,
        2.135539175390078,
        2.089657871667724,
        2.1083756990569036,
        2.1120140204939135,
        2.0867197811767464,
        2.1059668734463677,
        2.1024227547070873,
        2.113380520757336,
        2.084202418171699,
        2.061313429624797,
        2.050630388979137,
        2.04521519411628,
        2.0455088774280648,
        2.0515619473245597,
        2.0763789718630563,
        2.0670765642271682,
        2.0604194061087124,
        2.0317820628337477,
        2.1453354884097893,
        2.1172848972048364,
        2.0851356780918398,
        2.08824649237291,
        2.0913405356830297,
        2.1094010627469975,
        2.0529745126344143,
        2.0837697415303658,
        2.004390986290682,
        2.0395552681202735,
        2.018437028969682,
        2.0312999944544403,
        2.042917581708048,
        2.009522256976803,
        2.020049277311521,
        2.027369681022105,
        2.038305068540838,
        2.0184287380090837,
        2.035985900103346,
        2.032683933247391,
        2.0920212966708314,
        2.064300735785948,
        2.0786919570753963,
        1.9993690066827332,
        2.0423063901034353,
        2.068310105408919,
        2.024383536854092,
        2.0307728830886913,
        2.009251442609711,
        2.0426545068526867,
        2.0278139127966774,
        2.029325237140273,
        2.044602900988505,
        2.0158052899555376,
        1.9694636069019489,
        2.0162933960808322,
        1.9700596051559567,
        1.9756241681812814,
        2.004244889541128,
        1.976071434977295,
        2.128814361993339,
        2.051396745885074,
        2.0038336690318683,
        2.0015044324705196,
        1.9857055873213976,
        1.98493022738867,
        1.9769984270548193,
        1.9869045874679496,
        1.9909029925924824,
        1.9700835958204037,
        1.959803824879369,
        2.007985533766546,
        1.9997081825482035,
        1.9617033694332293,
        1.9654357250895864,
        2.000960799084308,
        1.9704392748747324,
        1.9285088750394221,
        1.97444649740611,
        1.9939968460934014
    ],
    "min loss": 1.9285088750394221,
    "training steps": 10000,
    "batch size": 256,
    "history size": 1000,
    "dataset": "enwik8",
    "end time": 1730478826.586447
}