{
    "start time": 1730478531.9820232,
    "use_input_gate": true,
    "use_forget_gate": true,
    "use_output_gate": true,
    "use_state_gate": false,
    "use_new_state": false,
    "use_old_state": true,
    "use_residual": true,
    "n_layers": 1,
    "state_size": 256,
    "id": "0955b0ca7b58a64553b542ceea34a73484a5930c2c45966abd356793b8865a55",
    "loss": [
        3.6796445700037728,
        3.330851771210115,
        3.095604375584624,
        2.9041868711285606,
        2.8770656145298354,
        2.8382273072926765,
        2.7729555299105377,
        2.7365867467344,
        2.7249707795331233,
        2.7353449085228267,
        2.6694120403055597,
        2.6860524603570646,
        2.6753626526591354,
        2.6710458081036297,
        2.6356567438000216,
        2.615927650712957,
        2.5846113259273156,
        2.586003156470372,
        2.559529877096583,
        2.5896616683218308,
        2.578545414457352,
        2.592172444781977,
        2.5921010764305987,
        2.521616503894565,
        2.5635180056620506,
        2.511774067687808,
        2.530099832389234,
        2.543723754296962,
        2.5217418947766226,
        2.546166131559063,
        2.5217546957097183,
        2.5153167174455278,
        2.504267001474914,
        2.500899790136563,
        2.5076422882146496,
        2.4953111350366637,
        2.4560974432373626,
        2.442628565821754,
        2.4521132720439116,
        2.475082224365636,
        2.4239268279542903,
        2.419515889836687,
        2.421275129771271,
        2.408849815336186,
        2.4280985529448462,
        2.448382817908365,
        2.4362514495682492,
        2.4019427906869306,
        2.406817141908715,
        2.3956137186841207,
        2.4374807322541865,
        2.3989235575448937,
        2.391932996422074,
        2.390699165096237,
        2.398559182374069,
        2.378292162819416,
        2.379234889453951,
        2.390765477574789,
        2.379910949346889,
        2.435992699000864,
        2.3683276907866833,
        2.327256808812469,
        2.3196679896366295,
        2.3193742349628006,
        2.354189378550352,
        2.3313208974208735,
        2.348020345072441,
        2.3278620964235057,
        2.311519525297025,
        2.343382196229559,
        2.341124070728809,
        2.333338150543728,
        2.332749852913385,
        2.314329112804171,
        2.332979453108485,
        2.3273919611203646,
        2.3536937457448697,
        2.3686527624641704,
        2.3497490153042815,
        2.380083783044968,
        2.347749249458282,
        2.356125400223442,
        2.3206505868461274,
        2.3451283179173075,
        2.3283154503871195,
        2.3038160091839233,
        2.2911094519348,
        2.319786113485925,
        2.2739454855356374,
        2.3041437915773804,
        2.3295904700191503,
        2.325684894079937,
        2.300068557528451,
        2.272035059349113,
        2.302432602189234,
        2.2812612578806846,
        2.286648496490724,
        2.2850442478563213,
        2.2711201892104556,
        2.299015110917869,
        2.2654800251638494,
        2.2662313020930185,
        2.2790273505190854,
        2.295979756919168,
        2.2913119083327365,
        2.257403095796456,
        2.256352755250351,
        2.268066949520385,
        2.2794056803236953,
        2.260406350513045,
        2.2559333432193807,
        2.253728192297081,
        2.277413622340333,
        2.255260192017542,
        2.262474455831838,
        2.2876591831763697,
        2.250971150524301,
        2.257578359531036,
        2.2434176565456467,
        2.2519869169367377,
        2.2317302507785235,
        2.220340269994627,
        2.2566938565156067,
        2.2457987967213335,
        2.2294946812961998,
        2.2437394910637147,
        2.2668517171178815,
        2.2578787469213393,
        2.239553261306039,
        2.2286637632788047,
        2.2439689821496858,
        2.262456605885792,
        2.2247257662594095,
        2.2203320783728757,
        2.216666948090749,
        2.2149038128560665,
        2.273508068378566,
        2.211651488533717,
        2.21633142501442,
        2.2723717793093354,
        2.25458873299264,
        2.2212005528655983,
        2.2313181045114856,
        2.2246218829293576,
        2.2428016968733444,
        2.2686069567143523,
        2.2739436840652654,
        2.2624019135287075,
        2.2243823541606518,
        2.2832828286259708,
        2.253280302979678,
        2.221361238842684,
        2.232719651267104,
        2.241583457798307,
        2.2043673523727083,
        2.1925915404189067,
        2.216760905389982,
        2.171872926096219,
        2.200005233456008,
        2.239563385308677,
        2.2259499581638087,
        2.212484391004254,
        2.229724399157145,
        2.199689760088897,
        2.196322294684845,
        2.220959758387,
        2.207312201597471,
        2.197012158283801,
        2.200781437454451,
        2.1809665994906235,
        2.142969544846747,
        2.1776511915934984,
        2.12102568735193,
        2.1392245180221274,
        2.1493276355304722,
        2.1470976183499295,
        2.146132853803204,
        2.1550455233752905,
        2.163751022342831,
        2.2335102868052257,
        2.194592572152389,
        2.1866152239366126,
        2.185869374358151,
        2.1474637029506454,
        2.1712565390945695,
        2.1506641739313275,
        2.2105741945530237,
        2.1880284401467547,
        2.171450814213785,
        2.1686723619667014,
        2.1699413188373304,
        2.1635587820484177,
        2.169507936402313,
        2.1617404313143695,
        2.1387581703016747,
        2.1624709433266607,
        2.1697942128687844,
        2.158991390296151,
        2.168772404546547,
        2.204370570684,
        2.175006733071443,
        2.170189456776663,
        2.1705717820369896,
        2.176568885909447,
        2.170179385852235,
        2.1658568398192104,
        2.182267531503144,
        2.1575502580938437,
        2.1366806883538163,
        2.180387482708781,
        2.19628775286713,
        2.193513099077103,
        2.172818018230848,
        2.1417026268220964,
        2.2019450654743418,
        2.1963591805010725,
        2.1940551428025468,
        2.209136828458433,
        2.155807162192605
    ],
    "min loss": 2.12102568735193,
    "training steps": 10000,
    "batch size": 256,
    "history size": 1000,
    "dataset": "enwik8",
    "end time": 1730478553.3316884
}