{
    "start time": 1730480820.4149363,
    "use_input_gate": false,
    "use_forget_gate": true,
    "use_output_gate": true,
    "use_state_gate": true,
    "use_new_state": true,
    "use_old_state": false,
    "use_residual": false,
    "n_layers": 3,
    "state_size": 256,
    "id": "0b3892acde860594fe30360582f493f973f7810b2ec244ee33ef5275f0475571",
    "loss": [
        3.9748828641220926,
        3.5883424104364927,
        3.4729587178397052,
        3.3752277839471705,
        3.3513444060402655,
        3.196479913582805,
        3.1333337945532183,
        3.0411876541741547,
        2.98344313817093,
        2.9194102648509745,
        2.896749494441283,
        2.8071715337419363,
        2.8106320369159343,
        2.7584406076107157,
        2.6929548653542583,
        2.6932252602920133,
        2.6179054283060337,
        2.6349906282524276,
        2.5920737012015818,
        2.64615497636749,
        2.5688072369789348,
        2.4798516957206163,
        2.4339616549914607,
        2.444104405635921,
        2.4574342648933714,
        2.435438869939754,
        2.395466993524101,
        2.38575164646775,
        2.3594938947312034,
        2.341287482826466,
        2.3231729365234446,
        2.3456862767141264,
        2.311028906817956,
        2.3267890609584696,
        2.291809625461287,
        2.315032822103553,
        2.31673650347123,
        2.260006073532508,
        2.281489350936706,
        2.316913820031102,
        2.3310702044974656,
        2.287221947514945,
        2.274306947728381,
        2.249058399884975,
        2.253915668847435,
        2.2657454698408754,
        2.256145436246493,
        2.200892716729726,
        2.2244484688903716,
        2.1984530345484945,
        2.240052110515603,
        2.2075459383904965,
        2.1859571424617044,
        2.1632490151481534,
        2.159327297747015,
        2.20572038151972,
        2.176549228467467,
        2.1584491059612425,
        2.119094672551975,
        2.254055637070774,
        2.1711249352387334,
        2.128598625491591,
        2.1016589823067315,
        2.0801826010276465,
        2.062820247039567,
        2.06230462242891,
        2.01609329457653,
        2.0148059499203574,
        2.073238506908917,
        2.0599423611998873,
        2.108738826904976,
        2.028442402912282,
        2.041135213337444,
        2.0439174136101346,
        2.0638655692496686,
        2.0359605423633074,
        2.0286104329137182,
        2.0177354650386436,
        2.006036752114371,
        2.171115783335417,
        2.0519935361949777,
        2.0176180535023116,
        2.0057720927147273,
        1.9734746936983931,
        1.9979862846025276,
        1.959749802419677,
        1.965897606957661,
        1.9775930039784204,
        1.9587978933863353,
        1.9335346275557341,
        1.935417681860349,
        1.9119372482922425,
        1.9291198296679417,
        1.9104285988526466,
        1.9887854946760697,
        1.8744055698317503,
        1.892253832395193,
        1.8707449742561333,
        1.8936300798604409,
        2.0341175711100563,
        2.0373997802214237,
        2.0292379694084595,
        1.970085358602793,
        1.9504553867347454,
        1.9739824311113368,
        1.9551349026596974,
        1.9430834085165736,
        1.9646429197602864,
        1.914067629959175,
        1.9401566842026357,
        1.9297949959471585,
        1.980551204296747,
        1.9254085655663036,
        1.9239898070006818,
        1.9171388728237555,
        1.9228063858501732,
        1.881065154739243,
        1.9097457952866765,
        1.8988045294204619,
        2.0405245191506505,
        1.9466270842587008,
        1.9120683586076952,
        1.9096813252247997,
        1.925271988210979,
        1.901167624060311,
        1.9118411631321386,
        1.8505622294538269,
        1.8241006871916343,
        1.851357772942828,
        1.8538106054738397,
        1.8862940187296187,
        1.8556092198940883,
        1.833240404975628,
        1.8998082468450812,
        1.903921101974765,
        1.8464761871713595,
        1.8219736859681988,
        1.8295065353146733,
        1.8399304771666665,
        1.9687747891817988,
        1.8912076013147658,
        1.8775250871667546,
        1.8557921381412001,
        1.8285791345855544,
        1.8142863338832955,
        1.8347948283193887,
        1.8520303284337511,
        1.8401100504786425,
        1.8546587508614625,
        1.8430264972253683,
        1.8265330142222231,
        1.871261548771021,
        1.8284991596784639,
        1.8375251462952427,
        1.8313800646787652,
        1.8440778773467255,
        1.8651338126803518,
        1.8439634358258326,
        1.8148221052863716,
        1.9589167300159886,
        1.8800867484259398,
        1.8445284048599202,
        1.8779760077613856,
        1.8238933793747347,
        1.8675490425555592,
        1.8601644913254634,
        1.8442015589140048,
        1.8502522836776043,
        1.8573484914663734,
        1.8187400998154217,
        1.8268834832915561,
        1.805751944760757,
        1.842297531062713,
        1.8014165003377192,
        1.7644226059773631,
        1.812126633549699,
        1.7744978122665453,
        1.8090547987702534,
        1.7711259612996997,
        1.9151772175678183,
        1.839657279601515,
        1.86328931175485,
        1.8256089787503824,
        1.792913822713224,
        1.7844379595602988,
        1.8060354557659322,
        1.734638369823385,
        1.7242480096108965,
        1.796181124934743,
        1.7537031328258275,
        1.778895740112824,
        1.7682826345854168,
        1.791242916663989,
        1.749656387371978,
        1.7953766328436775,
        1.7417814516372623,
        1.7598166902051817,
        1.7408949965805927,
        1.7677863752166163,
        1.9114436533384522,
        1.8148351237139773,
        1.8015096377795101,
        1.801253449560314,
        1.8048398798258127,
        1.7878924057180852,
        1.832072495896934,
        1.811647676227704,
        1.8270835018803588,
        1.8150078862537888,
        1.771326589306342,
        1.7866684552967693,
        1.7726034867700518,
        1.7476049193716707,
        1.792879184818787,
        1.7478043810388526,
        1.7480017431327073,
        1.73817304284683,
        1.776991874476027,
        1.7813794447064306
    ],
    "min loss": 1.7242480096108965,
    "training steps": 10000,
    "batch size": 256,
    "history size": 1000,
    "dataset": "enwik8",
    "end time": 1730480886.288138
}