{
    "start time": 1730477627.4329975,
    "use_input_gate": true,
    "use_forget_gate": true,
    "use_output_gate": true,
    "use_state_gate": false,
    "use_new_state": true,
    "use_old_state": false,
    "use_residual": false,
    "n_layers": 2,
    "state_size": 256,
    "id": "0f36b9b84f8617b3ff6506ab70d7af8398cc9cffb9372edc8b31e4e761fec650",
    "loss": [
        3.819508181330265,
        3.467481949042378,
        3.3699897595066064,
        3.2954445858236863,
        3.1775682297661447,
        3.111045942932373,
        3.034116832673964,
        2.955015897657736,
        2.912079424415335,
        2.879692245475789,
        2.8259936660450937,
        2.8126845457582754,
        2.7997148847761415,
        2.729296291221193,
        2.7337826445165327,
        2.699257298346371,
        2.669842654930422,
        2.6360262703351403,
        2.6252015842332406,
        2.658833613798012,
        2.590098110415916,
        2.5385641830663674,
        2.5472661393677116,
        2.51894153794372,
        2.5437741551164383,
        2.4802889374681008,
        2.537411468289606,
        2.488885776501966,
        2.4437095688553563,
        2.4260978165981597,
        2.4256464866828806,
        2.449258615561545,
        2.3598235231646925,
        2.400858155253417,
        2.342777784758088,
        2.3437040155882363,
        2.349862092901887,
        2.306388960783918,
        2.3172340625973664,
        2.3966652538858146,
        2.3666773115738073,
        2.321098909409195,
        2.323724789390168,
        2.2950981074462176,
        2.2995084595077713,
        2.2990268539628045,
        2.2718922626612055,
        2.2400730864136307,
        2.239862644153542,
        2.251977624103011,
        2.2133322392917427,
        2.217441674647729,
        2.180601134154904,
        2.190848139431652,
        2.231289621165415,
        2.179648345340629,
        2.199827226694666,
        2.221077761963126,
        2.1957014093811833,
        2.2842579204971956,
        2.2375754037551356,
        2.2101687687616365,
        2.2324329369605005,
        2.1886789801772903,
        2.194230382690041,
        2.182788047894024,
        2.182384059687452,
        2.173611901495141,
        2.1446035921305584,
        2.118287718047186,
        2.201473436746561,
        2.1381748494982484,
        2.1640817529515064,
        2.1011697673761143,
        2.0973833279158454,
        2.1160369272670714,
        2.1112836304580123,
        2.113103433116448,
        2.1000890799497367,
        2.178013576880116,
        2.153337170920057,
        2.103409035243469,
        2.0958960978942724,
        2.1056151665119622,
        2.0907575214973355,
        2.0828995355408897,
        2.068987504857419,
        2.0706656756859285,
        2.077296691660305,
        2.0224615945354314,
        2.0589936892002125,
        2.0724636890176042,
        2.04629945374685,
        2.0083045229057204,
        2.073696029826969,
        2.0101899659586713,
        2.0278689691276743,
        2.017241774218495,
        2.0694289838129767,
        2.1470565411692024,
        2.098373875139033,
        2.0499519043687897,
        2.0454292618351895,
        2.0565086027871065,
        2.0256424761049807,
        2.0282066954440254,
        2.0254744885075575,
        2.0339544977135557,
        2.0368311795315543,
        2.025094317782753,
        1.9672524478763451,
        1.9406318771192936,
        2.032179395527139,
        1.9832208621593128,
        1.9407967415606833,
        1.995757346312386,
        1.9554369317619948,
        1.9463586846700682,
        1.9573249073610448,
        2.0655310676878877,
        1.9872270190790575,
        1.9671933032916815,
        1.9660584926385483,
        1.956801980752936,
        1.9154123634748244,
        1.912025787375273,
        1.9100165821748594,
        1.9072913520550279,
        1.920005641223391,
        1.927724938985407,
        1.9496933141298458,
        1.893522348151217,
        1.8766631149788537,
        1.912512753649708,
        1.9275562213836832,
        1.9147648915065862,
        1.916026270181813,
        1.8961192857933096,
        1.8927723411780994,
        1.9874037792577153,
        1.9726288078030498,
        1.9412508743558994,
        1.8981656877101944,
        1.9047907934675918,
        1.8845794903578905,
        1.9103538548876158,
        1.9504944721197999,
        1.8929054152374978,
        1.9153318428583332,
        1.885672519721842,
        1.8992579150697546,
        1.8524271678583237,
        1.8744112097068883,
        1.8597359979059642,
        1.8698257419637956,
        1.867256129061181,
        1.8697117231148106,
        1.8543617185916867,
        1.8456780929955925,
        1.955777676950739,
        1.927708417497459,
        1.9267718566640624,
        1.876091139351338,
        1.853666416232881,
        1.8236730174795248,
        1.8769029279949045,
        1.8321427212112993,
        1.8153278494567997,
        1.8493258269865926,
        1.848128098517228,
        1.8484425261700785,
        1.8645297509246068,
        1.8547261165173268,
        1.8175799164869864,
        1.8149907719532639,
        1.8529906141204446,
        1.8647849928398559,
        1.882016193422429,
        1.8268733336736556,
        1.9509480300776378,
        1.901436280603321,
        1.908742569235906,
        1.8830203812627844,
        1.8062718291022934,
        1.8502120390944385,
        1.840740777061194,
        1.8397006159879192,
        1.8587200162091062,
        1.8206268889635822,
        1.8440855656743673,
        1.8666028447064644,
        1.8388200469937719,
        1.8432121617595363,
        1.8222487187799432,
        1.8393227064937148,
        1.8382058692599224,
        1.8625484138735222,
        1.8308332417358626,
        1.838750670479933,
        2.004748604975895,
        1.8626756765211832,
        1.8622340344120265,
        1.8185443275016653,
        1.8433052701942125,
        1.850447367652061,
        1.838018882508112,
        1.7655929823448533,
        1.7481732252906284,
        1.8082643495387842,
        1.7490747145983403,
        1.7624074907364844,
        1.7921525656132866,
        1.795017895448002,
        1.8021658527231816,
        1.7520180056200156,
        1.8335134591319928,
        1.8195551936527155,
        1.774843652952039,
        1.7909091610013486
    ],
    "min loss": 1.7481732252906284,
    "training steps": 10000,
    "batch size": 256,
    "history size": 1000,
    "dataset": "enwik8",
    "end time": 1730477678.0382826
}