{
    "start time": 1730480470.233644,
    "use_input_gate": true,
    "use_forget_gate": true,
    "use_output_gate": false,
    "use_state_gate": true,
    "use_new_state": true,
    "use_old_state": true,
    "use_residual": true,
    "n_layers": 3,
    "state_size": 256,
    "id": "11273015fac230d0744564fb17239ac5efc6d9e8eeb804472ff685bbef2f83cd",
    "loss": [
        3.943052882256494,
        3.5372164813418836,
        3.4189837449535423,
        3.3430738003649814,
        3.3115948877809647,
        3.251963465754428,
        3.1526978832298926,
        3.077616944552235,
        3.0191068939527828,
        2.9083234839489114,
        2.8091639542915106,
        2.7248178397915375,
        2.637507066256383,
        2.616628708784474,
        2.560597207998661,
        2.4912504924461243,
        2.477992304260838,
        2.4609347805086457,
        2.420269631105649,
        2.4127707470008346,
        2.426684316468364,
        2.359522080894692,
        2.3392189343600407,
        2.3269753309122847,
        2.320589574624434,
        2.2728907595837287,
        2.192031539448949,
        2.2365401475868887,
        2.2382400852945077,
        2.23035009458531,
        2.2199756841343445,
        2.15748557892318,
        2.124785114255521,
        2.1475150611997904,
        2.1088219925494007,
        2.1204732367810646,
        2.0592024510770615,
        2.1160329162493046,
        2.105696335372562,
        2.1719652767644417,
        2.1265668956650563,
        2.068610486153098,
        2.0928286898613133,
        2.0794169056561143,
        2.0233369140368467,
        2.0367669805470534,
        2.0121106338680708,
        2.0070934811577454,
        1.9962833697891869,
        2.0021031369331683,
        2.0044514344417275,
        2.013749452173725,
        1.9904539715561882,
        2.026533860169721,
        1.9711722913817906,
        1.9938704250835717,
        2.0139319405737233,
        1.9618285274923328,
        1.9546746247523505,
        2.052408687149834,
        2.004303495240521,
        1.9444680197566109,
        1.9461199926738062,
        1.9400105967392276,
        1.8706038168630645,
        1.8926441832743792,
        1.8843873355783791,
        1.9357668374763861,
        1.9261958234432452,
        1.9294372109246771,
        1.9236557418386486,
        1.9021753178386882,
        1.8708674088229946,
        1.8288630736730958,
        1.8583312273183312,
        1.8742378190111784,
        1.8091746192890912,
        1.8376186128237255,
        1.837663570455034,
        1.9227275147073195,
        1.897622495076436,
        1.8719001628672833,
        1.8905308216040495,
        1.8648098068076457,
        1.8592317689854219,
        1.8511955074358306,
        1.863543891197054,
        1.834028500297709,
        1.8368224068806085,
        1.8627880477297447,
        1.904438521857778,
        1.8671870973466724,
        1.8651873173080775,
        1.8993829512407536,
        1.8294105003210206,
        1.866122315555517,
        1.8256721198507504,
        1.8594262231421235,
        1.8293143666833107,
        1.961300318442923,
        1.8767280341054453,
        1.877830216824175,
        1.8844166655989916,
        1.8160339281787443,
        1.8021997923430086,
        1.846008932065713,
        1.7970614538938574,
        1.8371831349271976,
        1.8411220140176505,
        1.780075826892554,
        1.7901959848717024,
        1.7908675411162844,
        1.8117577584212494,
        1.8173942933414566,
        1.852315621934386,
        1.8032048002839303,
        1.7598583400579333,
        1.7920377285030775,
        1.8108227847295275,
        1.909535755930749,
        1.8331279503988684,
        1.774718934020143,
        1.7780608215107494,
        1.760687550623076,
        1.7897219043609647,
        1.7838837482971728,
        1.7932357625151978,
        1.8094366332270553,
        1.7286990206574173,
        1.728719507210283,
        1.7391470759624605,
        1.8074880411262118,
        1.7293384498098376,
        1.7631604551659108,
        1.77335560830057,
        1.7431883068904652,
        1.749779001678566,
        1.752439942563474,
        1.7416759898963707,
        1.878144538205555,
        1.8405175894054664,
        1.801014396224883,
        1.7432973680022155,
        1.743601738666421,
        1.7316472807981393,
        1.737505193220006,
        1.7986055321932803,
        1.729907261925206,
        1.7466842090928396,
        1.7583488613381288,
        1.760437950574085,
        1.7489272736421075,
        1.7487527256366169,
        1.745596075923532,
        1.7775471095906399,
        1.7512767582109365,
        1.7555995427344273,
        1.687421218157394,
        1.738727657284134,
        1.8516028478428983,
        1.7997801898043606,
        1.7570294291887218,
        1.769578070650879,
        1.7064889909359087,
        1.7229744055013183,
        1.7153362141749733,
        1.6800792263125306,
        1.7323449682843641,
        1.729592394333258,
        1.7457984659804875,
        1.6850608125672415,
        1.7288157819176007,
        1.70788084128796,
        1.7243198031523075,
        1.68874382342237,
        1.6710839609036605,
        1.664509074020518,
        1.6516169737845705,
        1.6470064423980055,
        1.8185329925583829,
        1.774768550594667,
        1.711835057539836,
        1.7117372963450783,
        1.7509562793830171,
        1.7315916321785316,
        1.7250741355833326,
        1.7774340060334877,
        1.7264144396211387,
        1.690445187288131,
        1.7429950781544734,
        1.7198108355634947,
        1.7902503890917356,
        1.7322108258858466,
        1.720091245048011,
        1.6961527323853962,
        1.7110189670115061,
        1.7198134228648585,
        1.6913376505841873,
        1.692747494651402,
        1.8869890701912528,
        1.7816349639521443,
        1.7241080025487239,
        1.6826250827864464,
        1.7030295084412044,
        1.7274924729588936,
        1.7487882583464782,
        1.7022326171956785,
        1.6908791096499405,
        1.6466728205178107,
        1.7247132596555204,
        1.691719572146212,
        1.730172795580662,
        1.7684348152478528,
        1.7247445234432122,
        1.7139415279798866,
        1.6932787659329769,
        1.6723822410275653,
        1.7321791660147603,
        1.7405073589464788
    ],
    "min loss": 1.6466728205178107,
    "training steps": 10000,
    "batch size": 256,
    "history size": 1000,
    "dataset": "enwik8",
    "end time": 1730480551.0521858
}