{
    "start time": 1730475963.5458794,
    "use_input_gate": false,
    "use_forget_gate": true,
    "use_output_gate": true,
    "use_state_gate": false,
    "use_new_state": false,
    "use_old_state": true,
    "use_residual": true,
    "n_layers": 2,
    "state_size": 256,
    "id": "127ea299439961d8ca83ce6e7f3e0200807998476336a6e28db62aa26c11e70e",
    "loss": [
        3.6347294642415937,
        3.4198226508922964,
        3.1452813193511293,
        2.9694161792775957,
        2.8464486598053806,
        2.7633885861132628,
        2.7123143142389106,
        2.706673957441304,
        2.689787698563235,
        2.590815926060921,
        2.607490337067323,
        2.6037310719715308,
        2.5977858276866663,
        2.5803488923848246,
        2.5615862999010766,
        2.555353326393206,
        2.519804451077555,
        2.478100633330036,
        2.4819385261545337,
        2.4929152587857724,
        2.481746464097627,
        2.4881291959742105,
        2.4705467586337666,
        2.4673383454331494,
        2.4434737667655635,
        2.4214821695741717,
        2.3646223440547227,
        2.394735311571858,
        2.3457716885181386,
        2.379881024275247,
        2.3589475001161198,
        2.3223902423225438,
        2.282782745666102,
        2.3344414751378526,
        2.3200793753618703,
        2.3184855405980658,
        2.3253284470892854,
        2.332514512629647,
        2.301553914019905,
        2.3328416199251687,
        2.2730089043520776,
        2.2947258659010203,
        2.3024426415992565,
        2.261503906482792,
        2.3095964023144786,
        2.290470648407938,
        2.2884209111957268,
        2.2810910343097985,
        2.295494893209295,
        2.286794668112212,
        2.254777363720048,
        2.266888669260544,
        2.2238550110262243,
        2.230466709874711,
        2.280005237785532,
        2.216817755914935,
        2.2270365124777913,
        2.218819143050127,
        2.2234723202889635,
        2.270031364797471,
        2.1978806445081482,
        2.22905966069634,
        2.2616127198547,
        2.2517235864728913,
        2.1931349790123935,
        2.1704707247942845,
        2.172369921419268,
        2.2250715561734884,
        2.1654900112849598,
        2.17673281184023,
        2.163143147296426,
        2.1702335151306658,
        2.1679276466051878,
        2.1600224607877543,
        2.1800008728644453,
        2.131904304852866,
        2.1893403705249215,
        2.169976122614476,
        2.180207659375147,
        2.2467793244958165,
        2.1831607906952755,
        2.1643390355986236,
        2.1398738255005028,
        2.1586404724916126,
        2.1598283792332347,
        2.1403773561483783,
        2.170680892890496,
        2.135429798868897,
        2.1293075404154775,
        2.1436633672787813,
        2.156876588724098,
        2.1803186122026927,
        2.094803944278139,
        2.1088350540138348,
        2.1381252626927325,
        2.09460222529947,
        2.0858767143379384,
        2.093842563248296,
        2.0748042507271123,
        2.152834519174426,
        2.1021522008536375,
        2.099396060655895,
        2.070395458303013,
        2.100956512330267,
        2.0792658322038657,
        2.059410628060533,
        2.071084216593725,
        2.0403391740769394,
        2.0446815873694932,
        2.052376878132347,
        2.054825656897964,
        2.022505105792493,
        2.065196883941055,
        2.024756450807353,
        2.0519047274291906,
        2.0891281864450186,
        2.0866639959845497,
        2.0964146859784183,
        2.0637050700625794,
        2.137658074671583,
        2.0655563082987207,
        2.051147152783942,
        2.0534912585716762,
        2.0605504949249833,
        2.0201074867054514,
        2.0458006932974366,
        2.014523831978468,
        2.0338259314384084,
        2.025129736428781,
        2.0554503413548773,
        2.0279550253516345,
        2.0450217892602085,
        2.012063583183715,
        2.0442972215238404,
        1.996916155714084,
        1.9904880811856638,
        1.9835720272727269,
        2.0253184446229016,
        1.9889099783192845,
        2.0584119221573953,
        2.0613507935220965,
        2.0400721638240475,
        2.036923203345826,
        2.002653166452339,
        2.0257828947511856,
        2.0472105696353617,
        2.0378769859682766,
        2.050112240696587,
        2.0334666565795807,
        2.0313720249531433,
        2.0234094510803144,
        2.012748446243554,
        1.9931045511746204,
        1.9613051350937918,
        2.0077515459839246,
        2.055569905302611,
        2.054867188376236,
        2.034853043225375,
        1.9817608193841307,
        2.108983999611952,
        2.0582283545824995,
        2.015679134788237,
        2.0605945436099438,
        2.048881679620531,
        2.0325667639560985,
        2.0227362807197022,
        2.027390313550785,
        2.021422753676126,
        2.0241635140062577,
        1.9842551522981575,
        2.0260182431911287,
        2.0478421595109424,
        1.9917495051605612,
        2.001852634520783,
        1.9843784210148767,
        2.005313548015221,
        1.9660957669271202,
        1.9363686657538992,
        1.981702081086195,
        2.0419062651441697,
        2.0272113386732786,
        2.0203088725301073,
        2.012042778140659,
        1.9796200195238802,
        2.021366517885517,
        2.013115745666688,
        2.0193370586921415,
        1.9633775120391712,
        1.9772834612594323,
        1.9599453162378657,
        1.9996971645418142,
        1.9494301923553157,
        1.9108794600978876,
        1.9298516018088347,
        1.8978368405206,
        1.9026866897869938,
        1.93529774356898,
        1.9406068976424484,
        1.9192058143611848,
        2.029273895101316,
        2.0029761553193905,
        1.9942010233960963,
        1.9925997846681607,
        2.0061117063060885,
        2.0146966254078476,
        1.9916489077078223,
        1.998047357763206,
        1.9964780981019314,
        1.9323183234562462,
        1.8999389673845197,
        1.9142379297560395,
        1.978885042841925,
        1.9155402904608012,
        1.9316145456986857,
        1.9296113871370784,
        1.9748626738337975,
        1.9582056659528608,
        1.966001123900277,
        1.9735917127904707
    ],
    "min loss": 1.8978368405206,
    "training steps": 10000,
    "batch size": 256,
    "history size": 1000,
    "dataset": "enwik8",
    "end time": 1730475989.3685815
}