{
    "start time": 1730477375.250401,
    "use_input_gate": false,
    "use_forget_gate": true,
    "use_output_gate": false,
    "use_state_gate": true,
    "use_new_state": false,
    "use_old_state": true,
    "use_residual": true,
    "n_layers": 3,
    "state_size": 256,
    "id": "12976533dd87d7bcd50ceacaba0fa8cf9b51985c0f78eb2696caa51e7ef8dbdc",
    "loss": [
        3.6236846249056702,
        3.3706823446443512,
        3.325024982965423,
        3.239573610969589,
        3.1456464885413133,
        3.107238908457157,
        2.9606048589933254,
        2.8501164334391804,
        2.803976951491544,
        2.7963676610315304,
        2.7691997207855734,
        2.750806866180595,
        2.752823977664091,
        2.6831695705669616,
        2.6988452853006564,
        2.666331953147461,
        2.6702194495933806,
        2.6183383990844415,
        2.6267037246162914,
        2.6608023172905524,
        2.613845339025942,
        2.589955235509871,
        2.6086348311484966,
        2.5933018052529038,
        2.6005079182012403,
        2.577516385685049,
        2.5439372771671582,
        2.565078950242632,
        2.5436342109575425,
        2.50065023360347,
        2.4754013896261666,
        2.5232507986337382,
        2.486414771077431,
        2.4705479657131844,
        2.453719728954602,
        2.4406920256323206,
        2.4696751284582605,
        2.4592169269811426,
        2.402250384870571,
        2.419392145662328,
        2.4557350103448905,
        2.4047055441664367,
        2.389678569347208,
        2.413891950172926,
        2.4105037119572748,
        2.393757943085487,
        2.4080108028269818,
        2.4096482909318073,
        2.3864152913386665,
        2.3756341892279784,
        2.345019048026337,
        2.348433809775415,
        2.360373945411017,
        2.3415883485021127,
        2.3491483089705314,
        2.3543259495183775,
        2.3286947547644745,
        2.3608635038750947,
        2.336892596414812,
        2.3797472233789456,
        2.3560854570183407,
        2.319058559415495,
        2.3516242246229764,
        2.300411485153064,
        2.3257474205227964,
        2.318326778960157,
        2.301512915987271,
        2.331220598004711,
        2.2473763622441716,
        2.2723006674677944,
        2.277306311036316,
        2.245056258374405,
        2.2577484371756547,
        2.2487230534457345,
        2.2608259475381987,
        2.257636137390172,
        2.2372052160130083,
        2.227323330123322,
        2.22015694206574,
        2.3056954802814715,
        2.274465903638296,
        2.209389882565102,
        2.2111125550787034,
        2.2501660471418963,
        2.195580747857498,
        2.226101107039866,
        2.2218207061259663,
        2.226612013472621,
        2.213296728808614,
        2.160800972138939,
        2.200811264267137,
        2.1731012156464242,
        2.194917950949235,
        2.2393442278461513,
        2.2026119975619465,
        2.2040813043306695,
        2.219066823574465,
        2.192025722755026,
        2.232670650693501,
        2.278429191859599,
        2.258538599936902,
        2.20179282691809,
        2.2134303880868527,
        2.1391941579997162,
        2.214700535571711,
        2.194729168792864,
        2.1621805038210766,
        2.1741779264274705,
        2.189824678112644,
        2.194398595901363,
        2.1350937709039046,
        2.128934629856387,
        2.1169385010842023,
        2.1616744526855536,
        2.1328817255680397,
        2.1670164284297058,
        2.119880889747249,
        2.134433360370766,
        2.1313795234436057,
        2.207722662176821,
        2.202735952116578,
        2.1672202453606184,
        2.1096631573986877,
        2.131453105427006,
        2.1226594918905843,
        2.1501958319406773,
        2.1045530400783243,
        2.1586846806389515,
        2.1289180315131278,
        2.118899898870004,
        2.0966895594391124,
        2.095103528059184,
        2.1301983380477396,
        2.078000247304222,
        2.1018623333499247,
        2.087412202439401,
        2.1032628548766605,
        2.1105258441068266,
        2.061725146428148,
        2.177790921045037,
        2.103300286832508,
        2.117708034194691,
        2.1083527263352657,
        2.1050655532105402,
        2.125133376680777,
        2.0792374470356254,
        2.054140991896027,
        2.100739038126778,
        2.1107395357071694,
        2.1104868834728685,
        2.108761387515428,
        2.085939201492055,
        2.088413277069439,
        2.1177487448754366,
        2.1063027360713558,
        2.0735146767392183,
        2.086994434588661,
        2.099765147742409,
        2.0962133803238543,
        2.147758335608246,
        2.086526436801821,
        2.0524019884142386,
        2.0357428035799066,
        2.05252255248953,
        2.0585508682619555,
        2.0821570564364213,
        2.0666069262877285,
        2.061853776960981,
        2.0901786690570305,
        2.07034223975973,
        2.023192612905288,
        2.0643745057428364,
        2.0236114081814818,
        2.049139168372542,
        2.063575539752565,
        2.098478731910151,
        2.0484137506692406,
        2.0619868324344295,
        2.0421350065815527,
        2.104793133013226,
        2.0953503878845683,
        2.101363259107823,
        2.1340944393875056,
        2.082378130108049,
        2.0717145843138405,
        2.0429319349191783,
        2.0215576790675156,
        2.010899607538653,
        2.066291823018928,
        2.0552723298118556,
        2.0521159299281746,
        2.0485015433732485,
        2.0654831784066885,
        2.085919044177208,
        2.0654890913499324,
        2.075910807505486,
        2.0205904143745532,
        2.093841940575811,
        2.0379260448224774,
        2.099630616340922,
        2.0361717575695564,
        1.975748493131042,
        2.0189681548896354,
        1.9813706812434577,
        2.00940434117406,
        2.0211069004640985,
        2.0489895144128747,
        2.057164502193234,
        2.0486779287183294,
        2.0189764628089377,
        2.0033950982486477,
        2.030317801569071,
        2.032366814540107,
        2.0118929829202856,
        1.9845435255471535,
        2.0275928095951565,
        2.000460933387915,
        1.9927691432297736,
        2.0169816659302655
    ],
    "min loss": 1.975748493131042,
    "training steps": 10000,
    "batch size": 256,
    "history size": 1000,
    "dataset": "enwik8",
    "end time": 1730477402.9519389
}