{
    "start time": 1730481917.782876,
    "use_input_gate": true,
    "use_forget_gate": true,
    "use_output_gate": false,
    "use_state_gate": true,
    "use_new_state": false,
    "use_old_state": true,
    "use_residual": true,
    "n_layers": 3,
    "state_size": 32,
    "id": "1437fb10ed2f797b405cba948e16ee4aaf24f8460701c329957f4fae5fdddff2",
    "loss": [
        5.009995844953171,
        3.7045981527852936,
        3.477950360596623,
        3.3990127180953653,
        3.409389318074941,
        3.3632767095884106,
        3.381275909326533,
        3.341999106333596,
        3.360228620416948,
        3.29853498554378,
        3.3148917963779483,
        3.291551646745249,
        3.31390372737561,
        3.2734006868978827,
        3.2855433797316453,
        3.267996100895326,
        3.260177775394688,
        3.2334916414184764,
        3.2344063308151805,
        3.2154149248507222,
        3.2115315118058487,
        3.180411058802126,
        3.1836293744881403,
        3.1207860754909613,
        3.1023948989422356,
        3.0773784509381317,
        3.0870485956997973,
        3.03317627593398,
        3.04757159698589,
        3.0317641354831357,
        3.0165420757957233,
        3.0245210381857968,
        3.0309159935625583,
        2.9853829510284067,
        2.9605611695862715,
        2.9462676848255094,
        2.9014704325311627,
        2.927347060332765,
        2.9146934301810674,
        2.90640359647047,
        2.922169215268068,
        2.866019152196353,
        2.884528825350477,
        2.900436398437668,
        2.881926299614548,
        2.914858751680316,
        2.8600024219335647,
        2.880418676891501,
        2.868802853316849,
        2.818304904768927,
        2.836432777009574,
        2.816631018815121,
        2.8247404566294834,
        2.828047935445595,
        2.81253770267559,
        2.794002655630936,
        2.8009434497042585,
        2.7876800380941833,
        2.7857723722311403,
        2.7631351635693626,
        2.796324369595807,
        2.772200886169374,
        2.8150929827676268,
        2.7330314766249315,
        2.7628766400226246,
        2.746201736003755,
        2.752515427197276,
        2.7497698028285487,
        2.732679941987824,
        2.7553794037899615,
        2.7419649634786176,
        2.7514268163557603,
        2.7492230585031754,
        2.721645134670741,
        2.7265274297985496,
        2.736699357711714,
        2.7357855476950395,
        2.7027930823653006,
        2.7026988948614354,
        2.7223682013543864,
        2.6902030105320986,
        2.71403085344042,
        2.715262015020185,
        2.7244284888935453,
        2.675391909513846,
        2.6786987102968154,
        2.6646084414605404,
        2.671373137720627,
        2.7012027244616457,
        2.7074743988660037,
        2.6849393835881497,
        2.6813284997500606,
        2.666074577704694,
        2.6742327121905105,
        2.6875054748434244,
        2.701284400966579,
        2.687602210535287,
        2.652522842771094,
        2.6803714192906556,
        2.7025765076469423,
        2.6850868681218754,
        2.6630698025813397,
        2.666086199703275,
        2.6484709206777035,
        2.630636376584864,
        2.6437397799831714,
        2.6521563513667354,
        2.643690547899084,
        2.653128054595199,
        2.6334220567282998,
        2.6669287165587634,
        2.6326684864523444,
        2.6313070197991597,
        2.6210217207034434,
        2.6186881473909907,
        2.639636927159372,
        2.6532852454275195,
        2.6268563748897704,
        2.6522804407019964,
        2.6586862710434933,
        2.6131117895161653,
        2.643249579355506,
        2.6400999562194207,
        2.6277334963599057,
        2.64572614608159,
        2.6211392958076023,
        2.6273456789190583,
        2.607926678282021,
        2.634452203303052,
        2.6318732339604174,
        2.6045446631310165,
        2.6054742642941493,
        2.6028051118734843,
        2.6566581042923674,
        2.6417306297245875,
        2.6534461107495075,
        2.6354222551679096,
        2.617440911553199,
        2.606717734592064,
        2.6622869691240423,
        2.6246096093244518,
        2.6198309033811595,
        2.6022153218286985,
        2.588436099074,
        2.593266185232141,
        2.562043112668605,
        2.573597384043671,
        2.541902524009008,
        2.5607004736944905,
        2.589426970765153,
        2.602819601063267,
        2.563944309243685,
        2.5710813002326245,
        2.595893024778345,
        2.567941173913872,
        2.578443202061593,
        2.5917985266254533,
        2.5865253314146495,
        2.594643912252949,
        2.600236399424872,
        2.5686178324952924,
        2.57245100765687,
        2.539663429604871,
        2.5467103610486483,
        2.5833716177297443,
        2.551891314891478,
        2.5543226236202012,
        2.566423783452107,
        2.5590275093627453,
        2.5534374200894088,
        2.56002881536022,
        2.5205182462308873,
        2.5477057814443627,
        2.4990514890221043,
        2.525415917941837,
        2.4919072931224098,
        2.4877378539545094,
        2.5411180834318117,
        2.5339224304807284,
        2.5701582135006036,
        2.583285087329178,
        2.568039337847505,
        2.543340447923808,
        2.6038614837570373,
        2.578162583488424,
        2.549652800779307,
        2.5647462210783982,
        2.5444978140234364,
        2.5458840943463823,
        2.577584438855707,
        2.5427694986097067,
        2.5468143886741217,
        2.5271489260537003,
        2.5391904895744104,
        2.569288860157524,
        2.535282023382389,
        2.5661446148383154,
        2.5809588881313816,
        2.5685267157125367,
        2.602099976698195,
        2.5368061146310295,
        2.4890497124890167,
        2.5318105912246813,
        2.5728986507772214,
        2.5224960942245174,
        2.52198974009349,
        2.4760499595493837,
        2.5245044326999877,
        2.5328621830421008,
        2.54079900161053,
        2.4855439993891104,
        2.52793214153302,
        2.5260047575996034,
        2.5220313098589293,
        2.5773264853574207,
        2.5322235306312,
        2.5276228039426853,
        2.5545296962625668,
        2.5513436669333007
    ],
    "min loss": 2.4760499595493837,
    "training steps": 10000,
    "batch size": 256,
    "history size": 1000,
    "dataset": "enwik8",
    "end time": 1730481954.3668787
}