{
    "start time": 1730478644.1309843,
    "use_input_gate": true,
    "use_forget_gate": false,
    "use_output_gate": false,
    "use_state_gate": false,
    "use_new_state": false,
    "use_old_state": true,
    "use_residual": true,
    "n_layers": 2,
    "state_size": 32,
    "id": "1532a3d4aa3b97234a31923bbcb75373e763444591a20dc1e23d51717dff81ce",
    "loss": [
        4.991867876207885,
        3.743514401323102,
        3.487560216709888,
        3.420131513789532,
        3.36542480647707,
        3.373040713844708,
        3.3521606379567,
        3.3268332770137325,
        3.3149530737890984,
        3.3033346706907185,
        3.2901351190373074,
        3.2969669463248956,
        3.2466395843802207,
        3.139545915275169,
        3.0873992588017423,
        3.0635037896311212,
        3.013110662935443,
        3.029733538003983,
        2.9988268945538596,
        2.993846857143601,
        2.9995214768724434,
        2.9762998384045596,
        2.9865352418920397,
        2.932759106778361,
        2.9082035977787997,
        2.8791778788249403,
        2.8419069964123094,
        2.831969742634773,
        2.8098789906209105,
        2.8175826271397377,
        2.8188910285887734,
        2.802038966760076,
        2.7454136677710395,
        2.7563153070425375,
        2.7410855685271716,
        2.755726291012193,
        2.762018703725043,
        2.6915071503047967,
        2.70557084596548,
        2.708753954803546,
        2.744517041352132,
        2.734946155742534,
        2.708452504561914,
        2.7126289953285934,
        2.6944633125278394,
        2.7136003836036444,
        2.6702369355180777,
        2.672185063546127,
        2.6742064524961737,
        2.6718921831923934,
        2.6399522855919293,
        2.657186567536188,
        2.657353141472311,
        2.6795499643662692,
        2.655538357849034,
        2.617963363721557,
        2.636796230116742,
        2.6354837463187697,
        2.632738809111504,
        2.6425954488206562,
        2.6882782878543585,
        2.672568388963004,
        2.628606074834727,
        2.672482943676398,
        2.6752311336545618,
        2.669816964651333,
        2.6930660088620373,
        2.668846967767657,
        2.6713500686178944,
        2.628461456790032,
        2.6116701174722903,
        2.637665039094252,
        2.6209856296021323,
        2.6073692219667315,
        2.6096936941885827,
        2.601548183119828,
        2.585101107770654,
        2.576995021897938,
        2.5510757175440846,
        2.622631021585637,
        2.598178783026373,
        2.591736467954993,
        2.5923704071870466,
        2.643213378954313,
        2.6478784863876332,
        2.6335511860678915,
        2.606939031283367,
        2.59184159765769,
        2.567473074180315,
        2.5899751055696387,
        2.5705835285894993,
        2.5511269850278904,
        2.5526069218458796,
        2.5661290962013217,
        2.5732655544535787,
        2.5659320437689104,
        2.5270101298756242,
        2.5401500097358847,
        2.554740073885878,
        2.589486491690395,
        2.5026709158934186,
        2.4995741271217917,
        2.51555558982728,
        2.532138230816487,
        2.5308227655636295,
        2.583764389868768,
        2.55561843368324,
        2.5036748907414097,
        2.52781643956583,
        2.5385449872154333,
        2.551203048539982,
        2.551241726823512,
        2.557756158225075,
        2.5330523461475063,
        2.5366907156586533,
        2.508709460080344,
        2.5327064471765666,
        2.516879304105467,
        2.5113940475284107,
        2.546206058406153,
        2.5326837663585566,
        2.5099965399670805,
        2.53243402779514,
        2.5376456560455116,
        2.525913303129833,
        2.4686973765225613,
        2.4746868951289875,
        2.476463707276987,
        2.478355858701175,
        2.494310751548557,
        2.4861868338214066,
        2.4483454484617204,
        2.4718780162013387,
        2.5202840263188473,
        2.4980963092994655,
        2.4879939458679803,
        2.4331539189771485,
        2.4693915699010405,
        2.458652693351431,
        2.5088533228468073,
        2.4381058028325326,
        2.4840846397410865,
        2.448331908543202,
        2.478050747705613,
        2.4700472773603566,
        2.448875966579057,
        2.5004683791373052,
        2.460436113377599,
        2.464630209581452,
        2.474024504578438,
        2.4724253264565252,
        2.474418580136049,
        2.4736173392200396,
        2.491724561124257,
        2.456915486786093,
        2.428491925678606,
        2.474395535649674,
        2.430679812609849,
        2.4396228177563146,
        2.4946851558779137,
        2.472654712669522,
        2.481095100584981,
        2.44752100621857,
        2.442561192555242,
        2.439332365211125,
        2.4754035844307642,
        2.4652256866945828,
        2.4605041953963873,
        2.429863619558903,
        2.456645953295306,
        2.481496271334731,
        2.4579718710603897,
        2.460648514063613,
        2.447799438263808,
        2.4524721624528603,
        2.420851057023763,
        2.4680509609214325,
        2.4687622135380174,
        2.4103884230387798,
        2.5041232401211486,
        2.497733818519023,
        2.4665151291434064,
        2.4764740015685027,
        2.4625422984391268,
        2.4372167657559185,
        2.4461047220374605,
        2.464790272443538,
        2.4437486677497926,
        2.4537896970541393,
        2.439919767544243,
        2.436515016302945,
        2.4317541635326827,
        2.4554585443467816,
        2.439498565678194,
        2.433752422280797,
        2.4406993350934956,
        2.4259878413884417,
        2.427954062665504,
        2.441863518207832,
        2.451203909339489,
        2.462738783688502,
        2.4961023646342895,
        2.4746328429704856,
        2.450289419759716,
        2.4340035090438907,
        2.4545182032612134,
        2.4304921301308484,
        2.4189919922848837,
        2.40710749637195,
        2.4351602192498145,
        2.4656330811666933,
        2.4256818246178806,
        2.42451587995312,
        2.435986523902676,
        2.383751241243181,
        2.4144832449152136,
        2.444504691734694,
        2.433310591678315,
        2.394983382161679
    ],
    "min loss": 2.383751241243181,
    "training steps": 10000,
    "batch size": 256,
    "history size": 1000,
    "dataset": "enwik8",
    "end time": 1730478672.4600372
}