{
    "start time": 1730480183.7925715,
    "use_input_gate": false,
    "use_forget_gate": true,
    "use_output_gate": false,
    "use_state_gate": false,
    "use_new_state": true,
    "use_old_state": false,
    "use_residual": true,
    "n_layers": 2,
    "state_size": 256,
    "id": "1643885c4f616623f6767b309b0478afd6ab576fa4e6421d5bcb3a6f8c3ca9c7",
    "loss": [
        3.630696655556554,
        3.347882184537386,
        3.1296259309999637,
        2.957171693407298,
        2.8758945480318836,
        2.735632644226419,
        2.680987124502042,
        2.620549660560047,
        2.5617514091782585,
        2.5389614511961547,
        2.4982176104035005,
        2.4350596539747773,
        2.418109453725344,
        2.3934513749903403,
        2.3447905501932813,
        2.327278096687244,
        2.2683751031367745,
        2.2771436260989857,
        2.234323223419744,
        2.3062938209126824,
        2.2167240756866686,
        2.2641097405648796,
        2.2179696096605364,
        2.1672906149057667,
        2.1750332959180767,
        2.1650367409144944,
        2.1425166209087627,
        2.1511579388129736,
        2.150748471505714,
        2.1743582803457473,
        2.097558303187612,
        2.113242189941283,
        2.111716319866537,
        2.0942840219153758,
        2.1183708227036924,
        2.0732863464989646,
        2.032763981303893,
        2.0585760274706995,
        2.0427396667318147,
        2.108445973320571,
        2.0336754317197956,
        1.9639306155934289,
        1.9835496947065634,
        1.9827141760850202,
        1.9540540294099518,
        1.949573868998268,
        1.99295286201028,
        1.9691538471167798,
        1.9292020599358521,
        1.9553779306769088,
        1.9308553033442173,
        1.953778020170295,
        1.918785715944196,
        1.942161860652437,
        1.8730524342356145,
        1.879772455231631,
        1.8536986891175171,
        1.8615103812961247,
        1.8912023050425706,
        2.006416040728997,
        1.9651614261253185,
        1.9083238571607388,
        1.9042010978159845,
        1.8836022510261794,
        1.8576894814829759,
        1.8934083887294522,
        1.857245138131417,
        1.8047190075972093,
        1.814486434820602,
        1.8632839599252815,
        1.8977934154967135,
        1.8593689534851834,
        1.8592209068519536,
        1.8809285807350793,
        1.8495023813978793,
        1.825756380003689,
        1.865584877108194,
        1.8389634995806872,
        1.807444859288623,
        1.9305831693164845,
        1.9424321854359452,
        1.9404006573181192,
        1.9142840771883223,
        1.8833174079419197,
        1.845721628682256,
        1.8282295531209787,
        1.8410225189974472,
        1.8235876744473032,
        1.8159868213714945,
        1.7607160036701308,
        1.809815058407356,
        1.7917435590150605,
        1.7923739585722533,
        1.7640482541239402,
        1.7890998800877576,
        1.8116238890120087,
        1.8237649353370502,
        1.8023399102710156,
        1.778070133966471,
        1.9265598892981597,
        1.8751695806098623,
        1.8472703383278644,
        1.855415215571518,
        1.8400905139089463,
        1.8061371204867247,
        1.795562520617225,
        1.7659270291487146,
        1.7681791721317797,
        1.7621058294542717,
        1.7955941629264625,
        1.7811030665994574,
        1.7737842139788422,
        1.7855244018694711,
        1.747840478707225,
        1.796891030886524,
        1.7826283734876638,
        1.734043500775295,
        1.7149147180430537,
        1.747610794998434,
        1.8967740899619476,
        1.8322562781469423,
        1.8154768281574039,
        1.7857456011892974,
        1.793351597434166,
        1.798404360411185,
        1.8119618237679638,
        1.8129707707937777,
        1.7447309702959786,
        1.764942912215761,
        1.7893936514257125,
        1.7821180826896112,
        1.8044820566477116,
        1.7758634167470693,
        1.7750119217757954,
        1.7857922961760206,
        1.8128622930519251,
        1.7989615537040804,
        1.7800353534793827,
        1.7800530462468829,
        1.8788729031184996,
        1.7886297679736385,
        1.752636592584394,
        1.7874741108542467,
        1.7557326133383522,
        1.7544552896640275,
        1.7552968270385616,
        1.754451246100554,
        1.7781861330342807,
        1.7376357085872836,
        1.7500110564427098,
        1.7919718926155805,
        1.7824301540394845,
        1.7492944696751405,
        1.7588165487478205,
        1.727448713073106,
        1.7278660806660349,
        1.7264858143035071,
        1.7128377677883306,
        1.7227764437000634,
        1.8830610159432066,
        1.818353784912882,
        1.7378690060633544,
        1.705857696013319,
        1.6988844648229315,
        1.6884516652468478,
        1.736397362929875,
        1.69609815435711,
        1.6771016305889155,
        1.685695417870403,
        1.683349786716306,
        1.6811687215472493,
        1.697435278435736,
        1.7413010782760308,
        1.7402933326220444,
        1.7023949740355222,
        1.7497159498325665,
        1.7414807355858892,
        1.7240375154568615,
        1.68571870389672,
        1.8831810530552502,
        1.7876794188789993,
        1.727217297673029,
        1.7087032986355009,
        1.7223044603126942,
        1.6868031207701797,
        1.7109762683692509,
        1.7359980594205644,
        1.7027982308440908,
        1.640047998870445,
        1.6807550309540364,
        1.719485567312414,
        1.6488636899215303,
        1.66418578449128,
        1.6753783334454158,
        1.646379471257514,
        1.7030130652537854,
        1.6392828146195804,
        1.694293162042168,
        1.6742294838442804,
        1.8386120116603049,
        1.741470743560704,
        1.686691102846824,
        1.7051790491839756,
        1.6931551879993911,
        1.6492185063402875,
        1.709682373197054,
        1.6817909433044935,
        1.7003704685709384,
        1.6670007777395388,
        1.6273866920167694,
        1.6225258539111291,
        1.6760581812973223,
        1.6694268243216988,
        1.6877426439694507,
        1.6390314614944332,
        1.702799940390854,
        1.69636531136054,
        1.6782028133072309,
        1.67443091443861
    ],
    "min loss": 1.6225258539111291,
    "training steps": 10000,
    "batch size": 256,
    "history size": 1000,
    "dataset": "enwik8",
    "end time": 1730480216.124964
}