{
    "start time": 1730483518.3950152,
    "use_input_gate": true,
    "use_forget_gate": true,
    "use_output_gate": false,
    "use_state_gate": false,
    "use_new_state": true,
    "use_old_state": true,
    "use_residual": true,
    "n_layers": 1,
    "state_size": 256,
    "id": "16d6b4512df158630a118a0df3867a1097d29759584ca25641b43630d2e9249b",
    "loss": [
        3.972506982832664,
        3.4300464243639914,
        3.1298179765710747,
        3.0128508888202856,
        2.8872442541797656,
        2.7925775247328106,
        2.71361688626318,
        2.6942019541082103,
        2.6491100867072284,
        2.5795246314510223,
        2.528062857474506,
        2.534744424329655,
        2.520997242002102,
        2.502230400822734,
        2.435969649701731,
        2.438634901939777,
        2.407859500856509,
        2.3645467566218556,
        2.3737906646420956,
        2.4263323618757706,
        2.4302751796520345,
        2.443243015704124,
        2.394307254570331,
        2.360038090074287,
        2.311275186670725,
        2.335368597090365,
        2.312033091416566,
        2.273289659485752,
        2.2516316695517484,
        2.29722943540047,
        2.263263522332733,
        2.228962084541991,
        2.227900411776343,
        2.180563307161699,
        2.1936221819690025,
        2.2022465592692204,
        2.1488937045268464,
        2.1447649862422353,
        2.134935138512241,
        2.2201164151882207,
        2.1931007919777548,
        2.1405317845612433,
        2.0940970289546366,
        2.087266212764385,
        2.0879595199737,
        2.0532449216101596,
        2.0566068058636042,
        2.0456869542671448,
        2.0661577168602623,
        2.0338350874491913,
        2.028280818253228,
        2.0450759429601506,
        2.0167237048157514,
        2.0188272098294546,
        1.9895698510915365,
        1.975629118531875,
        1.955938364424447,
        1.9233721970647006,
        1.9534234774068744,
        2.05594516048249,
        2.032444092845186,
        2.01784055305517,
        2.026332913663772,
        1.9846835227508357,
        1.9459898750990758,
        2.0044049064481193,
        1.978504855069818,
        1.9206647771280694,
        1.9481615402146684,
        1.944240811085437,
        1.9062514805806092,
        1.91330272409668,
        1.8986618135125668,
        1.8931898292000742,
        1.8867362476446075,
        1.9069912715825208,
        1.9004412086078035,
        1.8880875657869245,
        1.9102327703897957,
        2.03415700338792,
        1.893634427418607,
        1.849929545275402,
        1.905001450345138,
        1.910050285489933,
        1.8541333244995215,
        1.867925743947832,
        1.9115071362088307,
        1.874707742462218,
        1.8781911499040613,
        1.9033589998354068,
        1.8766006690164252,
        1.9068100979681588,
        1.865538304792587,
        1.8269743830635292,
        1.795817563796721,
        1.8877485896181618,
        1.8452663807901497,
        1.818685420732698,
        1.854954056502985,
        1.9899317854384764,
        1.8674937140940544,
        1.9143526284971613,
        1.819973351329482,
        1.828552910177584,
        1.8029284700672203,
        1.8068736073584701,
        1.808804249917543,
        1.8072762176878183,
        1.7942122063339907,
        1.81869003686024,
        1.784193176792679,
        1.7508967020156496,
        1.8063811744516922,
        1.813670836687487,
        1.7995613700491413,
        1.7958861854227508,
        1.812831459973376,
        1.748419812937851,
        1.7644429446936523,
        1.9287222585745802,
        1.8838700168430003,
        1.8057684687236455,
        1.7720954364353292,
        1.8054643247861049,
        1.8206158522171556,
        1.8077150915153009,
        1.794121625672657,
        1.7985010628132756,
        1.7821749130409417,
        1.772024917265131,
        1.799204224878704,
        1.782160908821688,
        1.757332123430391,
        1.7896384538962657,
        1.7358255512600396,
        1.7705752359873999,
        1.7939054995452406,
        1.771457466369198,
        1.7619776214529723,
        1.9120163518950097,
        1.8618990522885888,
        1.8496604831288526,
        1.847701322870266,
        1.7843036577181246,
        1.7796603771980044,
        1.7432746792183942,
        1.7645354831121478,
        1.7761699195208547,
        1.7470566926667708,
        1.800734275594502,
        1.7827381698090057,
        1.7813134862556828,
        1.7549949193198526,
        1.7387809751161314,
        1.7274889452727278,
        1.7227298971818903,
        1.7705160960129793,
        1.7647030322060582,
        1.7032882297577514,
        1.8577400046662866,
        1.7903215869603228,
        1.766263134909576,
        1.7670623731524122,
        1.7440718295348545,
        1.7624854002643195,
        1.772004736019995,
        1.7541605924088979,
        1.7795914921533271,
        1.7375424295422743,
        1.7680456114204235,
        1.7555434534853476,
        1.7365315186695776,
        1.8007857975071389,
        1.780260749956827,
        1.7394044055000737,
        1.766374407869074,
        1.773872789823756,
        1.7331402390254864,
        1.7411178265697342,
        1.869318624533479,
        1.8372583596326046,
        1.7631334499851419,
        1.7687638657387301,
        1.7552461102662793,
        1.7429810168832178,
        1.7157370826567258,
        1.7561499119586081,
        1.7633342470738314,
        1.7717773450317316,
        1.7661433622464335,
        1.7446446172571282,
        1.7607472268347302,
        1.682945075184941,
        1.6937150517173614,
        1.7104411393397176,
        1.7240170309235785,
        1.6834792003280505,
        1.748189074402994,
        1.6972112695733856,
        1.8789599870192244,
        1.7566048662540428,
        1.7598416904643202,
        1.7194390293703623,
        1.682180395906459,
        1.6928672794236292,
        1.7079288040050662,
        1.688604599398031,
        1.6805851427246947,
        1.673247222250115,
        1.6812057177085946,
        1.6714892703271882,
        1.7207073425864978,
        1.7375426904926492,
        1.7271551346540743,
        1.7375191822449907,
        1.7351348666098219,
        1.7244566040613203,
        1.689511618432843,
        1.7186029620699017
    ],
    "min loss": 1.6714892703271882,
    "training steps": 10000,
    "batch size": 256,
    "history size": 1000,
    "dataset": "enwik8",
    "end time": 1730483546.7859912
}