{
    "start time": 1730476960.3460426,
    "use_input_gate": false,
    "use_forget_gate": false,
    "use_output_gate": false,
    "use_state_gate": false,
    "use_new_state": false,
    "use_old_state": true,
    "use_residual": true,
    "n_layers": 1,
    "state_size": 256,
    "id": "17c85a6895bc9c473f1e73086d7432bdf1aa3c770eb84e8e490b97c545089596",
    "loss": [
        3.6645395893857016,
        3.3768985574029817,
        3.2062280022021814,
        3.026561750538335,
        2.886046390126034,
        2.768452402311909,
        2.7859930640464787,
        2.7400642729819658,
        2.7141384472019245,
        2.6546381068025564,
        2.5845742137789425,
        2.606706338244003,
        2.615436096218507,
        2.593928385709949,
        2.5756937559987314,
        2.5545322061661926,
        2.5352437076652024,
        2.4922828346063377,
        2.5288597000846393,
        2.513001915443189,
        2.5003151569419604,
        2.5110379594510133,
        2.4828755545414674,
        2.463073275239812,
        2.4383909034585955,
        2.430273214133932,
        2.4336302898858584,
        2.435836225872149,
        2.4252548906525764,
        2.4008198941261214,
        2.393275122647052,
        2.381955283171427,
        2.3743959501133984,
        2.3770224209751083,
        2.384546109134823,
        2.325219627727446,
        2.3740781932728856,
        2.3318341642355755,
        2.373730373949789,
        2.338748635293844,
        2.317581923445619,
        2.3439090346475826,
        2.3656568099890634,
        2.333088836297679,
        2.33051802947355,
        2.306016047316632,
        2.307207521859143,
        2.3033287919598777,
        2.263633895788311,
        2.2766217210106663,
        2.2785403423213824,
        2.276630150575661,
        2.292259227008506,
        2.278267747101797,
        2.2551570387637514,
        2.2891884198290455,
        2.249297972406189,
        2.249295020560799,
        2.276413335874423,
        2.3231319671644153,
        2.3104613001435212,
        2.306039064080721,
        2.25704675944433,
        2.2921208629575496,
        2.288554614952126,
        2.266151052928921,
        2.231351989455654,
        2.227299543291857,
        2.2309694937635367,
        2.262040676844841,
        2.242555729621771,
        2.252531146993775,
        2.242907490489013,
        2.218420715977108,
        2.2261832863547046,
        2.210749611288286,
        2.1981670690127273,
        2.1826940439343607,
        2.1805198062445785,
        2.2233764031292766,
        2.1827128596492735,
        2.203980470787109,
        2.2156052062418086,
        2.217361333890031,
        2.1986274744351397,
        2.182932832584196,
        2.195797976226265,
        2.1153180572785972,
        2.115124092779316,
        2.1527420149835965,
        2.142902901456439,
        2.1643873878597994,
        2.1719359762068686,
        2.1300031364267222,
        2.12083938792333,
        2.1610878865031915,
        2.176796238812966,
        2.1657404513566165,
        2.16463828607908,
        2.2091670647040433,
        2.1950500680702665,
        2.1542086066335764,
        2.194775627388717,
        2.171365458094305,
        2.1785334732648467,
        2.158267157543062,
        2.144580099292329,
        2.166952186097919,
        2.1693241106851633,
        2.1881488468179007,
        2.1610814561773672,
        2.1551936368018816,
        2.141000684646551,
        2.1693554831190713,
        2.130768712145554,
        2.150618183227325,
        2.1787846634469146,
        2.1471634661763073,
        2.08808396122285,
        2.166496951947011,
        2.2142254388109968,
        2.1830547739377266,
        2.220819585441406,
        2.175493003814629,
        2.188685484608467,
        2.1918983562788106,
        2.188624096786445,
        2.1282473084623317,
        2.139926035806339,
        2.1397383749169787,
        2.1367239055995317,
        2.113323287219313,
        2.0630066368357314,
        2.1169853250615045,
        2.109091124161152,
        2.0739693773264336,
        2.0923012844109987,
        2.1566849161134667,
        2.112978096955931,
        2.149304496496118,
        2.1143094611637916,
        2.0878746868354163,
        2.1154731864412364,
        2.0793228445948215,
        2.1455276834974657,
        2.1024193347221556,
        2.085973643436193,
        2.1252998219888815,
        2.1017255944782134,
        2.0940622736055814,
        2.084992186399787,
        2.0929769170054584,
        2.1009646553473313,
        2.0435827652963314,
        2.0551755683332114,
        2.0810229414855885,
        2.1020958648506944,
        2.059329395507096,
        2.063205154032686,
        2.1617732610384706,
        2.1390719160146165,
        2.0751171960483283,
        2.1256210532386723,
        2.0924848876740207,
        2.120209535867538,
        2.1038660550976025,
        2.0553154602476726,
        2.057529118416131,
        2.0898729236286884,
        2.114632233659419,
        2.1169452449673694,
        2.0609547273851048,
        2.047995850720652,
        2.0275434179492935,
        2.0286412653311854,
        2.045130100870422,
        2.0854308862436026,
        2.0586965387040155,
        2.058648292681095,
        2.1611274073446642,
        2.116832518580096,
        2.0847635565129727,
        2.099907789052504,
        2.0783213745436493,
        2.0863067261437807,
        2.072836350835086,
        2.045017325535274,
        2.057119273497396,
        2.0772551982040226,
        2.0706603218987727,
        2.0895329895382844,
        2.0670386418406816,
        2.0484923817531144,
        2.0183019637535207,
        2.0168066478223543,
        2.026320076597509,
        2.042009678099393,
        2.0547458646582033,
        2.081961719511087,
        2.131595354523479,
        2.0491246599208495,
        2.023690531119952,
        2.0236701411808165,
        2.065082490329402,
        2.0586963858721825,
        2.0255058566189303,
        2.0353670150425938,
        2.0313995611848887,
        2.053926131763148,
        2.0544694753046855,
        1.9937417417771286,
        2.0193623564344043,
        2.0183179171289005,
        2.0015753855190845,
        1.9880201416548993,
        2.0312003027669157,
        2.012367777959773,
        2.0098368306267616,
        2.0124235969867077
    ],
    "min loss": 1.9880201416548993,
    "training steps": 10000,
    "batch size": 256,
    "history size": 1000,
    "dataset": "enwik8",
    "end time": 1730476974.6680434
}