{
    "start time": 1730476889.4020734,
    "use_input_gate": true,
    "use_forget_gate": false,
    "use_output_gate": true,
    "use_state_gate": false,
    "use_new_state": false,
    "use_old_state": true,
    "use_residual": true,
    "n_layers": 2,
    "state_size": 256,
    "id": "18116c91c9aacb548654c66e9a39a01f091a5c2b4db5db78f7784751ec35ddda",
    "loss": [
        3.6464407260247436,
        3.4111827949623907,
        3.17738464969553,
        3.0285019272753173,
        2.9605443863215926,
        2.880172233161744,
        2.7903206569372925,
        2.745134371993272,
        2.763394940630864,
        2.663285613207457,
        2.6529675566432984,
        2.569824827919175,
        2.590447680455804,
        2.551831987047096,
        2.540943209248533,
        2.54128506605477,
        2.5143250074415437,
        2.5105154704709483,
        2.5254262353487458,
        2.510892433890297,
        2.453112329446757,
        2.483395988246819,
        2.496468199201928,
        2.4719030776107624,
        2.4514183332841317,
        2.419671706843001,
        2.4033138313401206,
        2.3894139564710764,
        2.3455161991968745,
        2.3901247089555904,
        2.3739042936418224,
        2.342984522886503,
        2.336207643414001,
        2.308098504015992,
        2.3593869410944412,
        2.2883418275657728,
        2.3321973858402387,
        2.3032247874650906,
        2.28911339366213,
        2.344276026880543,
        2.325725421382181,
        2.3088153572520915,
        2.3323931994229254,
        2.269585100752002,
        2.234237250098936,
        2.2685370578326216,
        2.2712074213754647,
        2.224984985499987,
        2.258095356218033,
        2.2084607155439846,
        2.2468008864011906,
        2.236852420423835,
        2.216008067904344,
        2.2075237853473526,
        2.2090422958661655,
        2.225604627402336,
        2.1848706966404663,
        2.221928493217897,
        2.1731416495589935,
        2.2457264668458823,
        2.2186639759320066,
        2.2403328788744856,
        2.205721380576458,
        2.2306140270891723,
        2.240462547743385,
        2.243882627422144,
        2.205206782522824,
        2.201076454173736,
        2.205782399995064,
        2.235495476376612,
        2.22983299346737,
        2.2028076895124054,
        2.237895046493993,
        2.2410432123374533,
        2.1855537408405867,
        2.2030908435686736,
        2.1562710576217854,
        2.1776857294895033,
        2.1678128804887553,
        2.1994584884192547,
        2.177475327660395,
        2.143218831448624,
        2.1340065787212006,
        2.108300268958815,
        2.0999238723866744,
        2.1352433509473308,
        2.1203532186086536,
        2.1585297531159133,
        2.1184459150247505,
        2.1188119074870024,
        2.071032824307498,
        2.1119941257116297,
        2.0917626470645705,
        2.096057420750821,
        2.110611045091978,
        2.089344135930176,
        2.0823390602246903,
        2.1073076143415794,
        2.0894819973762147,
        2.168655776124924,
        2.148184851089933,
        2.1166724109376664,
        2.0949847405315105,
        2.0928552435424232,
        2.0344904315515695,
        2.054444536345183,
        2.0724724261009104,
        2.052669631576179,
        2.064830307471048,
        2.0833923334416586,
        2.1138549406089666,
        2.0557723932057472,
        2.026679827078071,
        2.071239429466983,
        2.1043197157598343,
        2.0446514269010136,
        2.0684221487701797,
        2.0277330724506,
        2.0683839121525303,
        2.112759950801388,
        2.094986402878608,
        2.1063870942566036,
        2.067378697211197,
        2.088903106384068,
        2.0782905243096237,
        2.052345210110186,
        2.025812500847451,
        2.0279339331217967,
        2.029332976076718,
        2.011420198931757,
        2.015679148425756,
        2.023580340018089,
        2.0527179268677687,
        2.0491974490047165,
        2.072689510361025,
        2.100691013265108,
        2.06447004010445,
        2.0390713171375596,
        2.0426957765800147,
        2.096405380660797,
        2.0926110910719617,
        2.0423217696234226,
        2.0304592182010266,
        1.9941860297580625,
        2.039256339543837,
        2.0454332185068314,
        2.0044180578071824,
        2.014178189924767,
        2.0226838360873862,
        2.007593024529051,
        1.9880152025340738,
        2.0500446851247283,
        2.021064645679302,
        1.995673780337512,
        1.9806858539437973,
        1.9954745750828315,
        2.0350811737704015,
        1.9848586190656554,
        1.974043282496115,
        2.066307144694616,
        2.024189429374455,
        1.9764801235543452,
        2.016399849365974,
        2.0306321297875347,
        1.9735910730282027,
        2.001838557414771,
        2.034254810786641,
        2.0106832096552045,
        2.031623432950939,
        2.03017103269293,
        1.9944752625867141,
        1.9880458017562186,
        2.0047326791699063,
        2.04342485620623,
        2.004410896168635,
        2.0081814687168564,
        2.0038274324122423,
        1.9743320904237553,
        1.9788502992525345,
        2.0598777593524566,
        1.9793738204606741,
        1.992527101974697,
        1.954233993287863,
        1.944730157395033,
        1.9716855709282006,
        1.9593589947797514,
        1.9699974496208603,
        1.9886724045002844,
        1.9973036468104934,
        1.9788039549946785,
        1.9491617283857892,
        1.9738007295449347,
        1.9337517786737273,
        1.9522159829477468,
        1.9791771572696188,
        1.972294898160637,
        1.9730914141134674,
        1.9681776192344136,
        1.9774622906240713,
        1.981532491544756,
        1.9945361956703165,
        1.9776191851147358,
        1.9562703672934052,
        1.9760761312965465,
        1.950532228386301,
        1.9324923604798827,
        1.9168038793497517,
        1.956039684243838,
        1.944133854418357,
        1.9663812216223115,
        1.975167990069786,
        1.9786218685422998,
        1.9722774374310414,
        1.9716054888064842,
        1.9954102217834524,
        1.9711292364371655,
        1.970270670543646,
        1.9686317485105507,
        1.9180588296864185
    ],
    "min loss": 1.9168038793497517,
    "training steps": 10000,
    "batch size": 256,
    "history size": 1000,
    "dataset": "enwik8",
    "end time": 1730476924.7522247
}