{
    "start time": 1730481663.174738,
    "use_input_gate": false,
    "use_forget_gate": true,
    "use_output_gate": true,
    "use_state_gate": true,
    "use_new_state": true,
    "use_old_state": true,
    "use_residual": false,
    "n_layers": 3,
    "state_size": 256,
    "id": "18995088f403e41b4a5a448518d3bd0142f6702703a76603edee483cc91802f7",
    "loss": [
        3.9755918672977613,
        3.5238457802611327,
        3.4713491917395656,
        3.3625543433089713,
        3.2217758132577203,
        3.1043812688255747,
        2.9736707801076148,
        2.953085903559646,
        2.912050984130968,
        2.852404369682813,
        2.8425357776247075,
        2.8769885469624716,
        2.817044657482628,
        2.8226973613075867,
        2.736224736691576,
        2.7262115522615744,
        2.6939603768393043,
        2.677052948731036,
        2.6977631424078585,
        2.7548955442168346,
        2.6544385341912884,
        2.648411121577985,
        2.6543748881052642,
        2.6366934501213706,
        2.5938278789719793,
        2.618127518824201,
        2.5879226893783684,
        2.5946922175618115,
        2.564506474026445,
        2.5949243143139653,
        2.5485759738616522,
        2.526609319218527,
        2.503171498050338,
        2.513350303377958,
        2.4781242231311533,
        2.4945905809239766,
        2.454204788712589,
        2.4865718625016653,
        2.4591108840053546,
        2.5452486863023243,
        2.471415028051972,
        2.4602881235590464,
        2.4089496223148577,
        2.474002884550748,
        2.447916093435287,
        2.42462040990814,
        2.411343544608438,
        2.4464581805210432,
        2.422969825224293,
        2.387173589125821,
        2.3950805345123465,
        2.3528718655908354,
        2.372256782684706,
        2.3662232655354543,
        2.3239685094353137,
        2.322699305521043,
        2.3684254607728943,
        2.373443594328139,
        2.3441703923817245,
        2.397578411532643,
        2.3562490822624524,
        2.3100327806805243,
        2.3188892998780224,
        2.305009569923228,
        2.2991424336652644,
        2.3366140695944173,
        2.2695551279944493,
        2.335257318207827,
        2.328805370310302,
        2.2935509012845703,
        2.284761047426012,
        2.353056872786437,
        2.294077917517933,
        2.306387695544768,
        2.299768544348559,
        2.2498222078808623,
        2.265747710387891,
        2.23013423050294,
        2.2769314228092283,
        2.3025485550236393,
        2.279523546790232,
        2.240142140458275,
        2.2711079315248806,
        2.231571993782081,
        2.243655380805685,
        2.242497627636413,
        2.2252441901118307,
        2.2622899422610994,
        2.230809646084737,
        2.2440917161601415,
        2.2210748656183417,
        2.223162643681412,
        2.1887059169537406,
        2.203609101329953,
        2.2003260048874784,
        2.216583799958319,
        2.204733827178005,
        2.1316618528326354,
        2.163795171420304,
        2.3043726366102124,
        2.1671758430032977,
        2.1427313910520245,
        2.1369309399826113,
        2.158961648403051,
        2.1271439682907554,
        2.1664123362224994,
        2.1482022554636035,
        2.156331119639643,
        2.135755914048629,
        2.128347608271714,
        2.10500790263344,
        2.1319029665128273,
        2.086176541607448,
        2.1263612658750586,
        2.1264502419700486,
        2.158043201064439,
        2.086978456608394,
        2.081289860114263,
        2.1019275205874597,
        2.2096325888023474,
        2.170407862218454,
        2.090711305736604,
        2.064391180661345,
        2.091929044099354,
        2.057238745203157,
        2.0697150988956654,
        2.040791262115064,
        2.070543189491167,
        2.0125523437992356,
        2.0632204116699793,
        2.0667065781848746,
        2.0620772002382344,
        2.057363804207315,
        2.0419350835903107,
        2.0647352407731603,
        2.0798039791860115,
        2.02819247725602,
        2.062865754335358,
        2.0304972045443286,
        2.1781558492883275,
        2.114158710389319,
        2.1125580368231685,
        2.0590722319828103,
        2.115908989633227,
        2.125553415056396,
        2.055832250086369,
        2.0589536890118887,
        2.065191051427809,
        2.0895587298628855,
        2.0802155248138403,
        2.068514844387763,
        2.099788959260228,
        2.0687034504224915,
        2.0526792654833628,
        2.066312494594823,
        2.051553314171109,
        2.065437098015994,
        2.1004379022217807,
        2.0187439041995727,
        2.088482241018874,
        2.058366466793858,
        2.05796937371628,
        2.0970936501151463,
        2.0632254753200967,
        2.0384461796513342,
        2.0449317937629212,
        2.037647028644007,
        2.0205572264275573,
        2.0273296220472123,
        1.9927130304117666,
        2.026521713280348,
        2.002143176775671,
        2.0047371306270447,
        2.012269115549217,
        2.004469737615965,
        2.052227343037867,
        2.0576311932086266,
        1.9671158237260837,
        2.037466624604251,
        2.1215760473285257,
        2.0488587705088634,
        2.0309186585690835,
        2.0146379392088947,
        1.9853574539960734,
        1.9727143877984616,
        2.0193256826703143,
        2.0014183536069674,
        2.0123600213197728,
        1.9843135359601412,
        2.047630444482738,
        2.0505618645419466,
        1.993252078310348,
        1.9791397561580995,
        2.0155996401918697,
        1.9707603906427777,
        1.999168717547068,
        1.9811204601689665,
        1.9870325255998034,
        1.999338642310093,
        2.07680340331486,
        2.0407496418300033,
        2.0510874950222284,
        2.0313885449958105,
        1.9999343567571346,
        2.0646956182914713,
        2.0337827141807283,
        1.997138159740844,
        2.0470470359037347,
        1.9977532332443473,
        1.9976479966001681,
        1.9885026584344834,
        2.0011124832999236,
        1.9653595401411905,
        1.9820139897145292,
        1.9587912674411738,
        1.9430325352766427,
        1.9705186356840136,
        2.002288239170808,
        1.9869852530940342
    ],
    "min loss": 1.9430325352766427,
    "training steps": 10000,
    "batch size": 256,
    "history size": 1000,
    "dataset": "enwik8",
    "end time": 1730481729.4293544
}