{
    "start time": 1730482844.5728846,
    "use_input_gate": true,
    "use_forget_gate": false,
    "use_output_gate": false,
    "use_state_gate": false,
    "use_new_state": true,
    "use_old_state": true,
    "use_residual": true,
    "n_layers": 1,
    "state_size": 256,
    "id": "19130a33f726a91cb1a0af06683faa4bb38c8b0a0fb366a2f8ada5d39148fc76",
    "loss": [
        3.6915387822125405,
        3.261316278348513,
        2.990728341343041,
        2.874732635586574,
        2.782909054771731,
        2.709405256136158,
        2.627169776780687,
        2.579514997640615,
        2.537839367287076,
        2.49345028851464,
        2.4521434867019427,
        2.467128162607109,
        2.4488499241853012,
        2.38967876029828,
        2.38259868480091,
        2.3582573365524375,
        2.300900864050446,
        2.3191036655656947,
        2.3076735148126697,
        2.340137281226148,
        2.311615463490089,
        2.2937461463373445,
        2.3007329655707536,
        2.2626235264507932,
        2.2210437848755267,
        2.266484232596288,
        2.229802176338365,
        2.2310767485357403,
        2.2174997664394853,
        2.2310952654854117,
        2.1863034051572514,
        2.2195827860007653,
        2.19693463094319,
        2.1880149351356737,
        2.1406953540748717,
        2.1184033180657975,
        2.120930272958271,
        2.1234615962551087,
        2.1407217672881473,
        2.131084662429316,
        2.122246282298546,
        2.0843347792982603,
        2.0898356268310225,
        2.0411644184106277,
        2.0705704766522977,
        2.055351937814477,
        2.065386485464174,
        2.0285198192288485,
        2.049116830482809,
        2.0599954547677157,
        2.025451089099182,
        1.9992649773661504,
        1.9880135774753322,
        2.004060262293388,
        1.9870635267935641,
        1.9659639353934713,
        1.9420468361557472,
        1.9819992441643068,
        1.9853846094002099,
        2.036651682220076,
        2.007345852958627,
        2.0117504931448718,
        2.0256409651012843,
        1.9739884378523735,
        1.9976383680460226,
        2.0137690893990237,
        1.960658374935542,
        2.0019212917850613,
        1.9823597410733846,
        1.987439244620089,
        1.9797835961067436,
        1.936861243137111,
        1.9478521373768163,
        1.9341162693608491,
        1.9433098506347775,
        1.9392301377903853,
        1.9527722585806335,
        1.9394492514873507,
        1.9345597108443013,
        2.071329680340601,
        2.0208000998363893,
        1.9749234339596675,
        1.9468851765714665,
        1.9423152091794813,
        1.916090051614295,
        1.954631150388883,
        1.9758953342847698,
        1.954607226878292,
        2.0009571032234006,
        1.947874507315355,
        1.9444660404947316,
        2.0042435178910947,
        1.9272558141704934,
        1.9439166492276885,
        1.9144659500110157,
        1.9161576253297068,
        1.9252703170802583,
        1.9565386491763221,
        1.8719256526943318,
        2.0198477943063335,
        1.9457066112399628,
        1.9061591186093583,
        1.8773161195620138,
        1.9384447075869111,
        1.903731690431136,
        1.916964063537376,
        1.9009844297864145,
        1.9273929659765836,
        1.8836705298476457,
        1.9200676327783148,
        1.8927751956420407,
        1.8506006793763554,
        1.8528462248104483,
        1.8508778054050126,
        1.8666337639613684,
        1.8187967823932978,
        1.8472580161160657,
        1.81720263989887,
        1.843322851405344,
        1.9653951994512966,
        1.9055443456176295,
        1.8635520776032224,
        1.8094374159677418,
        1.8564953944385698,
        1.8287245368353504,
        1.8666377709487827,
        1.8081579317803627,
        1.8573545578731594,
        1.8219173045657446,
        1.8672327386383731,
        1.808599671974199,
        1.8375981164583854,
        1.8139325878427324,
        1.8142053229834798,
        1.8737478419354332,
        1.8286957307054195,
        1.8414423411875682,
        1.8386252765988298,
        1.8350711906528958,
        1.9771706881424727,
        1.883318793575697,
        1.8441805661636543,
        1.8096222489428524,
        1.8525020484082544,
        1.8764187063867412,
        1.8432956751580902,
        1.8571895576355661,
        1.8360657376399347,
        1.8015742787567068,
        1.812444620635117,
        1.8247568924171589,
        1.8556705340482011,
        1.762631777607928,
        1.833199000064859,
        1.8817204356642694,
        1.827747365960599,
        1.8122806080508271,
        1.8441589992155385,
        1.8416913446385796,
        1.9252637904466918,
        1.889330024299958,
        1.8704165141366185,
        1.8503755009078893,
        1.8369206631574493,
        1.8567225749087664,
        1.8252041379533013,
        1.8164541243569332,
        1.8312700945292155,
        1.7874934070985,
        1.7964143472146428,
        1.7338377138942045,
        1.7238826365744289,
        1.7770348891403844,
        1.7478422240583797,
        1.7681481913251704,
        1.7465526436742977,
        1.7215850388077982,
        1.7219197602726413,
        1.7510290165228852,
        1.8806274936479128,
        1.8305890765731818,
        1.7977245860824422,
        1.7777437510442033,
        1.7840176111476005,
        1.7891178243265355,
        1.8400177257747705,
        1.817584224568163,
        1.7795670990904109,
        1.8311967177357664,
        1.8044685342214755,
        1.7755595874518146,
        1.7421875406204912,
        1.7925800498575362,
        1.761799668106704,
        1.7642989351043366,
        1.7389807804129132,
        1.7026810666551522,
        1.764220845940401,
        1.7195236251817387,
        1.8848667888883852,
        1.8455386910047764,
        1.8235380663318401,
        1.8145855354803013,
        1.860705987659712,
        1.804585809936357,
        1.8238387054269316,
        1.8032290155664925,
        1.796049976170846,
        1.8078490650367531,
        1.801241274232036,
        1.7858907785470668,
        1.7870980469407671,
        1.7875315448303164,
        1.7656651251367512,
        1.7770560078416764,
        1.81152169715335,
        1.8102839334533247,
        1.7773010807799894,
        1.7616725048150257
    ],
    "min loss": 1.7026810666551522,
    "training steps": 10000,
    "batch size": 256,
    "history size": 1000,
    "dataset": "enwik8",
    "end time": 1730482869.89745
}