{
    "start time": 1730478036.403805,
    "use_input_gate": false,
    "use_forget_gate": false,
    "use_output_gate": true,
    "use_state_gate": false,
    "use_new_state": false,
    "use_old_state": true,
    "use_residual": true,
    "n_layers": 2,
    "state_size": 256,
    "id": "19f38ca1b6c4a374162018e8b0e15a7f9cb77e70317b8504773116c155f0207c",
    "loss": [
        3.615195175519885,
        3.379494401717754,
        3.10386438862092,
        2.94028328360474,
        2.8329332499971427,
        2.795813254052775,
        2.757501465282575,
        2.6858697836339434,
        2.590751698335103,
        2.6006513666753017,
        2.6036299685922106,
        2.5276197952669466,
        2.5142552303996424,
        2.4890161720448387,
        2.4905595347781997,
        2.4745254407600155,
        2.4362889555495526,
        2.398671721080245,
        2.387189134668569,
        2.421992266438115,
        2.336695820126009,
        2.3500650492608934,
        2.363398069479048,
        2.3385886969587557,
        2.319673535672597,
        2.3298876642367823,
        2.298628614858886,
        2.2915785721795516,
        2.2718028157603016,
        2.273815969800431,
        2.2502036371470853,
        2.24924547265378,
        2.216480463905569,
        2.2317226154189056,
        2.2153076319078235,
        2.239514499482089,
        2.1974582705214254,
        2.1629860791181073,
        2.207943557478256,
        2.2551731281102296,
        2.234852494013361,
        2.2244205787971163,
        2.20367799569792,
        2.20548756234556,
        2.2059920146225274,
        2.1899713909881022,
        2.21131757240729,
        2.171330612354305,
        2.20005020374481,
        2.137277667668821,
        2.166070993051489,
        2.1416492207203808,
        2.109184918820749,
        2.129374191551609,
        2.116774255660333,
        2.1081038664905685,
        2.119522023107668,
        2.0979079494586452,
        2.078817828254279,
        2.1637678844329233,
        2.1824512642800262,
        2.14443033608413,
        2.1221590386951026,
        2.1675536656023024,
        2.0825442154676277,
        2.1074944683093513,
        2.0518373100854577,
        2.0493080990998758,
        2.092255999952191,
        2.080567734385394,
        2.0757770000773768,
        2.0548074208602096,
        2.072397469362558,
        2.086314002149731,
        2.0695797133459486,
        2.0177044563008177,
        2.0680809430957305,
        2.0398535919350187,
        2.068212747113245,
        2.107700346273394,
        2.0666196730201145,
        2.0670473063004757,
        2.072809546615379,
        2.0757936526150105,
        2.03778394920336,
        1.9988186258223077,
        2.046173173195637,
        2.0383965095069776,
        2.016784992886416,
        2.0224803356407204,
        2.0367419830671483,
        2.012816042253295,
        1.9867228001625654,
        2.0168698929754996,
        1.992993137597533,
        1.9891004621166257,
        1.9724277256882625,
        1.9865666863658884,
        2.0235672238286084,
        2.1012468819869548,
        2.055467004060958,
        2.0015465674336967,
        2.014266921648727,
        1.9558162579341738,
        1.997995967954072,
        1.9703967394123407,
        1.9398463914786168,
        1.9576319628416803,
        1.955965554386688,
        1.9503539205746783,
        1.9443409496639363,
        1.9701691220479631,
        1.9482999529252636,
        1.9666189525508857,
        1.943131921780411,
        1.9596792251761657,
        2.0106486078778834,
        1.9594337451296808,
        1.9460539239177783,
        2.062007582373219,
        1.982062720665623,
        1.967678155943256,
        1.9435181861605284,
        1.9451370255473541,
        1.9638565599466051,
        1.960794242422983,
        1.9556369285487702,
        1.9639962217321494,
        1.9379685726702203,
        1.9239854399542697,
        1.9249661616468778,
        1.9424922815706838,
        1.9421718338980847,
        1.952118504129325,
        1.9396516221591937,
        1.9236227939473258,
        1.9264654728916129,
        1.9094965340786327,
        1.9019337466118005,
        2.0544423613316294,
        1.919206623264911,
        1.9421289799203891,
        1.9113329934253516,
        1.8993836368681751,
        1.930852739909091,
        1.929175922293933,
        1.9287887980829828,
        1.9271651228251911,
        1.9060554599500008,
        1.8913739063376116,
        1.8819482382408117,
        1.9118680552710616,
        1.9074139558113148,
        1.9306502522773041,
        1.9262322772207094,
        1.9240059685561355,
        1.9329408285406222,
        1.9111007873516976,
        1.889315089691716,
        1.997650495909496,
        1.9181303803481013,
        1.8674831396569138,
        1.9102012652673133,
        1.8982698377339147,
        1.860878062714918,
        1.958122117056603,
        1.88592581549692,
        1.8975901887575874,
        1.9039806843133782,
        1.8889375738376948,
        1.8886926767354881,
        1.8303329781057944,
        1.8314678612468689,
        1.8545349779081246,
        1.8472317447433206,
        1.813822276585632,
        1.8159322735483963,
        1.829671798847944,
        1.8465885842779994,
        1.9531217004301011,
        1.9066923370427566,
        1.9356047787774608,
        1.9118480727063674,
        1.8860327410178936,
        1.861668114313865,
        1.861687429520666,
        1.8591777866623815,
        1.854774791064938,
        1.8316375218191263,
        1.822183704477173,
        1.8334800947620138,
        1.8516158320460838,
        1.84654228932588,
        1.8312108327384784,
        1.8483666660931788,
        1.8493370716963824,
        1.807752898770743,
        1.8230597959444081,
        1.8189473636972375,
        1.9320970998784728,
        1.9008580253288316,
        1.927149956498179,
        1.8975486746772205,
        1.8315620679249405,
        1.8501610264700379,
        1.8552010783773183,
        1.8406425039647396,
        1.888497119925314,
        1.8380920650636914,
        1.839266251621497,
        1.8562567248945137,
        1.820717226277461,
        1.8535759534498666,
        1.8166967390526467,
        1.853532514707979,
        1.80054986522718,
        1.836216510645558,
        1.8433722139608697,
        1.8545521125104385
    ],
    "min loss": 1.80054986522718,
    "training steps": 10000,
    "batch size": 256,
    "history size": 1000,
    "dataset": "enwik8",
    "end time": 1730478063.611492
}