{
    "start time": 1730477718.4365964,
    "use_input_gate": true,
    "use_forget_gate": true,
    "use_output_gate": true,
    "use_state_gate": true,
    "use_new_state": false,
    "use_old_state": true,
    "use_residual": false,
    "n_layers": 1,
    "state_size": 256,
    "id": "1ab089030db314a71342c49a9df738b40a1f4e335cd7cd6f0d706a316e3e2bca",
    "loss": [
        4.279552355949832,
        3.516993302327947,
        3.430998361489792,
        3.373961351718382,
        3.3734744402917927,
        3.3558637512446605,
        3.339576524933961,
        3.3295337586468325,
        3.337716471653183,
        3.3252803476193487,
        3.3424459812238547,
        3.312642695481936,
        3.2658258835417247,
        3.2276527645524267,
        3.235075230454729,
        3.1957648022508627,
        3.185599600348138,
        3.1337221318310946,
        3.122452480949775,
        3.1671034834887495,
        3.1030813249829157,
        3.021464918406451,
        2.986965972738768,
        2.9716880345654397,
        2.9491509392655,
        2.875774417712896,
        2.881286266662994,
        2.8557980937181466,
        2.802810223389836,
        2.8189677296567175,
        2.8100651604256734,
        2.816518082904825,
        2.7677075597082483,
        2.7309879320897488,
        2.7358144800674924,
        2.729653808429399,
        2.734104644644152,
        2.7210491553143363,
        2.6826822703911017,
        2.796331994833846,
        2.701439775587968,
        2.6958421577782907,
        2.663493745078823,
        2.675143778662772,
        2.668708704341885,
        2.625808063426996,
        2.6392564956128655,
        2.6196572116587062,
        2.596423966348232,
        2.6662900076148177,
        2.617068617697446,
        2.5728321778268692,
        2.5738541913987176,
        2.555271708858822,
        2.532167204558684,
        2.531299347255703,
        2.539851633588385,
        2.5412569154278764,
        2.543047338263212,
        2.6743965501505578,
        2.597295870669455,
        2.515751039616393,
        2.540869354441995,
        2.5306633333772415,
        2.554387687964099,
        2.5093029925692476,
        2.504791800193085,
        2.4961937246213584,
        2.518978677569055,
        2.502991953956398,
        2.4737809290128103,
        2.472192280146144,
        2.4719199071572757,
        2.4908965813423225,
        2.4975722655200197,
        2.4561444731815505,
        2.467362048734364,
        2.457286905512364,
        2.439970849255658,
        2.5870968713059344,
        2.511112970819844,
        2.448710947064441,
        2.4870601461350694,
        2.4865183403979763,
        2.470695854583148,
        2.4728930360940673,
        2.449867889693871,
        2.4629908844263775,
        2.4563033914015584,
        2.471761975002426,
        2.494307838013799,
        2.483101715710202,
        2.5215429296308964,
        2.4501239690922128,
        2.4495549772384875,
        2.456089103739492,
        2.436969368990582,
        2.4604271436478142,
        2.4384075103066998,
        2.560496972612076,
        2.416717857486065,
        2.428538065447711,
        2.387819602580858,
        2.3906397221567803,
        2.3983594032131728,
        2.3691342391225954,
        2.3503701730134727,
        2.351922499494781,
        2.375320366348297,
        2.402733863085064,
        2.3760181494188055,
        2.3744022168160877,
        2.364996454774023,
        2.3681586425331607,
        2.342885000079447,
        2.344501965471717,
        2.3374460067459957,
        2.3437059029092446,
        2.3577607400458747,
        2.511142348937508,
        2.3733143477408714,
        2.381653382137956,
        2.3905252813379794,
        2.4181238358289234,
        2.3620752809523657,
        2.3719496554144337,
        2.362196055264694,
        2.3527649210990726,
        2.383958966521781,
        2.3525689869390156,
        2.362756020808688,
        2.3373281977885045,
        2.4009005520491717,
        2.3402459256922334,
        2.3768442096495193,
        2.3437281061525654,
        2.3838992280897062,
        2.3584851066490247,
        2.3271448408082773,
        2.4980205228439174,
        2.364495072374606,
        2.3278819562540956,
        2.32950176245767,
        2.3345945927428797,
        2.3192724683296904,
        2.2749122666421155,
        2.2969971309441046,
        2.304183257675193,
        2.291752520067885,
        2.3058964917102864,
        2.2939025463771885,
        2.3188583078348244,
        2.340960733594763,
        2.322118963571329,
        2.2930875857246673,
        2.325971391525916,
        2.30362196463244,
        2.324393847271195,
        2.260271866451778,
        2.4359036279764297,
        2.3605402360476524,
        2.3617421884668524,
        2.3600401716836807,
        2.3165854527072,
        2.3148470987341976,
        2.3573077969544176,
        2.280923588466887,
        2.283182107007646,
        2.2929615044533618,
        2.2799235034722978,
        2.3024934737892058,
        2.3140904373864237,
        2.3335399964176258,
        2.3132220671847636,
        2.304593316661511,
        2.313758255904955,
        2.330063009796004,
        2.3248497141057127,
        2.3138328772495362,
        2.3896601226648646,
        2.3469180475491203,
        2.313294958638041,
        2.3110697400817637,
        2.274864006963397,
        2.296037166634662,
        2.2946082580613725,
        2.329783563554493,
        2.292699261343794,
        2.3070040377687198,
        2.2815810339261327,
        2.2403105821730325,
        2.2232606492351,
        2.277185404075826,
        2.289198351898846,
        2.2473200682924066,
        2.287585816423516,
        2.259904063598915,
        2.214657861420179,
        2.2508021276872703,
        2.3621457401073034,
        2.265589984082734,
        2.2550784550034706,
        2.2750784888304136,
        2.254956098515287,
        2.2013849017526352,
        2.2605323906213974,
        2.238497084758142,
        2.2777795936796634,
        2.2344168638779336,
        2.2442486165385747,
        2.2167015020680485,
        2.196679175475838,
        2.2381792280182666,
        2.2482123179307916,
        2.190070585534966,
        2.2121333908194027,
        2.225613260529121,
        2.2192619911140987,
        2.2402097488282213
    ],
    "min loss": 2.190070585534966,
    "training steps": 10000,
    "batch size": 256,
    "history size": 1000,
    "dataset": "enwik8",
    "end time": 1730477740.059617
}