{
    "start time": 1730480886.2892573,
    "use_input_gate": true,
    "use_forget_gate": true,
    "use_output_gate": true,
    "use_state_gate": false,
    "use_new_state": true,
    "use_old_state": true,
    "use_residual": false,
    "n_layers": 1,
    "state_size": 256,
    "id": "1ec07467f2eee1de8ce67f22901d5867552f1ce9d80287e20934b63b96901d70",
    "loss": [
        4.2256529339158835,
        3.5253706125202715,
        3.354062133993122,
        3.1996026772405046,
        3.0235596890291716,
        2.8717618815791064,
        2.7995348768006854,
        2.724930344439841,
        2.634577073160886,
        2.589387464727102,
        2.597207591045987,
        2.598505946738965,
        2.552636671275998,
        2.513590944560847,
        2.469739277929633,
        2.4500885081692956,
        2.464555130421872,
        2.4520336532410636,
        2.414913361002173,
        2.4440052905632172,
        2.3663654312062468,
        2.3227410292851225,
        2.3295786925588877,
        2.3217376533632588,
        2.288558306555637,
        2.2241882766042558,
        2.245598062099533,
        2.2509556724089466,
        2.2446461432389633,
        2.18833075536635,
        2.1887399816658792,
        2.161311869679072,
        2.165010812236278,
        2.1456820439673314,
        2.1685875158708474,
        2.168840257579645,
        2.1723302592186466,
        2.135144513519604,
        2.100097561612817,
        2.1611238601952616,
        2.1650816550166616,
        2.119669199036344,
        2.1027931023212605,
        2.107556371994417,
        2.0904045817129617,
        2.0708118923077112,
        2.0397553231749823,
        2.066391392423466,
        2.022263538909684,
        2.0242375320118473,
        2.0435606467085985,
        2.042073786419788,
        2.0432913008210845,
        1.978650224152622,
        2.01848787669582,
        2.0118119382441377,
        2.0089503462039238,
        2.0194622206135047,
        1.9909539407633037,
        2.0833225559734774,
        2.008089555931972,
        2.0297223568749305,
        1.9806219631268351,
        1.9853140720958171,
        1.9726249091902917,
        1.9299866033706736,
        1.9108464060816595,
        1.955453113247585,
        1.9174894495041555,
        1.947647625443413,
        1.9558035566812204,
        1.9707065296732968,
        1.9626328913530628,
        1.941464783389402,
        1.9328145890301947,
        1.9497200140900206,
        1.939190356632144,
        1.9829526695156092,
        1.9061617774185784,
        2.0493967390583814,
        1.9627468217084418,
        1.9377889139355686,
        1.9281179593165698,
        1.888028794773614,
        1.9098865983882847,
        1.9019876468118562,
        1.897715742443663,
        1.9135825196110297,
        1.9395809473244556,
        1.859164338708674,
        1.8780874425795653,
        1.8548943170384142,
        1.872693661634722,
        1.8504668914863909,
        1.8337939944636066,
        1.8550454477525016,
        1.8812093976169548,
        1.822991237043001,
        1.8367533815025465,
        1.937655849968004,
        1.8410588459813146,
        1.853743220660632,
        1.8393501813114002,
        1.8076963642963557,
        1.8031201942955855,
        1.8312839875131823,
        1.7919020676944015,
        1.830934333499572,
        1.8152705562024156,
        1.792795891599171,
        1.842258341574008,
        1.7749315375995254,
        1.8564093136567317,
        1.819761587283754,
        1.7971945244713123,
        1.745209768046008,
        1.780204288372086,
        1.784048716678921,
        1.7913390295720304,
        1.9077177373023477,
        1.882287980461155,
        1.8138367501111117,
        1.8223381074614564,
        1.8147724447810125,
        1.8261371381734697,
        1.8304997535371945,
        1.810771740253439,
        1.790938395466809,
        1.7864764339292702,
        1.8146267961161633,
        1.791958909671176,
        1.8012166903015994,
        1.778704640844872,
        1.814525261558606,
        1.806819165076175,
        1.8074812833831264,
        1.8150139271216077,
        1.827624049614989,
        1.8021911238132382,
        1.9024695948694814,
        1.8637118301846167,
        1.8191096595282867,
        1.8105528701505396,
        1.805391563263365,
        1.7658303482853377,
        1.7652392990644514,
        1.7501441429770852,
        1.7387359148421753,
        1.7403253135191672,
        1.727250584413828,
        1.744889615832759,
        1.7409349592553172,
        1.7828592281360804,
        1.733235680538868,
        1.6874977249384935,
        1.746448296615349,
        1.7628852923240121,
        1.721603416923036,
        1.7088970418452405,
        1.8405714175349133,
        1.8462408417507223,
        1.792952228868247,
        1.8191127443674002,
        1.8470995661310843,
        1.7752010672499403,
        1.7636430088847086,
        1.814757809116682,
        1.7502931398189467,
        1.793728001106321,
        1.7298731125775544,
        1.762121887156565,
        1.7676702655685657,
        1.733820199563038,
        1.7813455318142788,
        1.7718159444943191,
        1.7624605242888172,
        1.7980167418023594,
        1.8258507076907267,
        1.7784785232462925,
        1.8780360329203807,
        1.805743868073961,
        1.7750611216239085,
        1.770426463664842,
        1.7386732376448035,
        1.7101160340946302,
        1.744312914117362,
        1.745036924951532,
        1.700172098691991,
        1.7036928290084332,
        1.7908806691852215,
        1.7403516649510191,
        1.7477968803415658,
        1.7181780827771085,
        1.7106099344474566,
        1.72377642349522,
        1.6582559556310448,
        1.6675910899306405,
        1.67339763029247,
        1.6735608701975555,
        1.826715611536448,
        1.775249633127647,
        1.7403079868832545,
        1.7440449237833275,
        1.722474133326234,
        1.7328579312105827,
        1.7006794205451545,
        1.7121003615068229,
        1.7173825877448066,
        1.6908004725826198,
        1.7120798717893777,
        1.7036121590975517,
        1.685926447722513,
        1.7212048878982793,
        1.672976946041681,
        1.6813698456400843,
        1.6902681582814747,
        1.6518473355224839,
        1.705244248875036,
        1.6888258880193834
    ],
    "min loss": 1.6518473355224839,
    "training steps": 10000,
    "batch size": 256,
    "history size": 1000,
    "dataset": "enwik8",
    "end time": 1730480917.5601642
}