{
    "start time": 1730480917.5613458,
    "use_input_gate": false,
    "use_forget_gate": false,
    "use_output_gate": false,
    "use_state_gate": true,
    "use_new_state": false,
    "use_old_state": true,
    "use_residual": true,
    "n_layers": 2,
    "state_size": 32,
    "id": "20fbe3686e3696d5e3871d27a56cf654e1f7ef31da29e0463e0dc7da58b2818b",
    "loss": [
        5.035774112685849,
        3.7434940632611213,
        3.45243275623646,
        3.3972774056631545,
        3.3725886827633755,
        3.340163159867787,
        3.3529867082798495,
        3.349168355772293,
        3.32038145133976,
        3.3390621767618773,
        3.2937099598414017,
        3.2359363756627433,
        3.1587218183778427,
        3.158433889934724,
        3.108460478489874,
        3.111523632806457,
        3.0722865368517005,
        3.060038083951178,
        2.992715579255231,
        3.011986322228509,
        2.9991566126672518,
        2.995272085532135,
        2.992515808019169,
        2.971233240669746,
        2.932260901949058,
        2.92789541979923,
        2.887909286444011,
        2.8350441325062334,
        2.803305925757566,
        2.8169858597791775,
        2.807891479028169,
        2.7939975662706487,
        2.778148489758174,
        2.7799263367979785,
        2.732225370976037,
        2.72657471278613,
        2.729584000937671,
        2.730870128275472,
        2.7292913993339267,
        2.7544110142659086,
        2.76845274190907,
        2.7402948660773667,
        2.70902138663112,
        2.686621209793626,
        2.6739678120063584,
        2.7161066110957255,
        2.695937184594392,
        2.694971309158341,
        2.694714479627464,
        2.698966569267366,
        2.7182897071356362,
        2.707845814533833,
        2.700016554314877,
        2.707003533222742,
        2.680587596888792,
        2.6741506165380065,
        2.6188894831683163,
        2.631626778320105,
        2.6265691401731237,
        2.7019421777044226,
        2.713654331633618,
        2.6584352705199152,
        2.627129556327125,
        2.624114834381223,
        2.645914469350402,
        2.6387846104098234,
        2.636926455454933,
        2.6305008118733,
        2.6401624214303423,
        2.6230407629512884,
        2.6428200582371995,
        2.6234353251702416,
        2.6066498556525657,
        2.592769265386518,
        2.613262262006622,
        2.601817322926593,
        2.6045217085178156,
        2.5795134430798705,
        2.589054100085932,
        2.6334904100932524,
        2.650048725727764,
        2.632178623281956,
        2.6025521194294696,
        2.613938101824588,
        2.609461858104486,
        2.576170797011888,
        2.591178627646201,
        2.634261134279891,
        2.5963190055985037,
        2.6174605590088396,
        2.5875401697871228,
        2.5852058270007587,
        2.5780064872789046,
        2.5855628010365543,
        2.5554637035443144,
        2.5743609627251276,
        2.579674339119259,
        2.5664901461844964,
        2.586958750422591,
        2.6422340888207487,
        2.550797281569417,
        2.559153895673058,
        2.5410111596984706,
        2.5297677899186093,
        2.5532298418838963,
        2.5271732760590346,
        2.5348910189502556,
        2.5735552237585577,
        2.5479653556900996,
        2.549235929284575,
        2.539291949021506,
        2.5492262580978817,
        2.5424667738783477,
        2.5315567517542497,
        2.4898408225456174,
        2.4638335435777052,
        2.5079069520237915,
        2.481863799533023,
        2.512717838575552,
        2.578991975023523,
        2.5253803759987323,
        2.495901551659117,
        2.4932215974215137,
        2.523593688212956,
        2.5175672197583796,
        2.5211215128147764,
        2.4689789810756215,
        2.517218005455462,
        2.4826518006805265,
        2.48438694187781,
        2.482774478456495,
        2.457852200335694,
        2.4958567219950867,
        2.475385642400663,
        2.4957577353911184,
        2.4804996745737484,
        2.4744822230809493,
        2.4830545843879475,
        2.479817723565214,
        2.5615622648110357,
        2.541792392357673,
        2.512599736554625,
        2.498191186491694,
        2.527709087740467,
        2.5140185687053256,
        2.5127217769810852,
        2.5018931056109057,
        2.4972934123295727,
        2.486512310240472,
        2.5155689886800614,
        2.5060031020315283,
        2.4878688739331785,
        2.466340059251734,
        2.484737004418849,
        2.474246545294456,
        2.4454593568054257,
        2.4628157554321337,
        2.499275476242547,
        2.505720722950306,
        2.561364548908799,
        2.534967595199266,
        2.4919821672300047,
        2.523886394297501,
        2.4925776070588017,
        2.480270984711536,
        2.4671420885152497,
        2.478320381100157,
        2.4543689083135773,
        2.5038169069652207,
        2.4894718761854873,
        2.5094266360760638,
        2.4919581195025717,
        2.484835106052154,
        2.4928484754956846,
        2.4940056446521597,
        2.483574249010607,
        2.4758524460644917,
        2.46157729988561,
        2.484887565057999,
        2.5383492995967805,
        2.4676191396055653,
        2.4574481278353884,
        2.449999630922769,
        2.458165724586618,
        2.4741885735679396,
        2.433200322734956,
        2.4548864105850394,
        2.4347327644482197,
        2.459507326702508,
        2.453359423722412,
        2.477773850672239,
        2.432348962511302,
        2.450003982721321,
        2.4412380163774112,
        2.45860462677404,
        2.482510383500642,
        2.4642435343120637,
        2.415014443421821,
        2.4326860789941485,
        2.492910122828322,
        2.4864911700021777,
        2.4642002896477595,
        2.5007765290077058,
        2.4887735332318566,
        2.502197034429384,
        2.49303001670971,
        2.483021312931281,
        2.4750941101051738,
        2.47090003412122,
        2.4587423898675027,
        2.4223532492568456,
        2.468803584470703,
        2.4730026920003723,
        2.441170126735802,
        2.458028459385162,
        2.47380163375045,
        2.4566642989253213,
        2.4594947796442552,
        2.41837519885178
    ],
    "min loss": 2.415014443421821,
    "training steps": 10000,
    "batch size": 256,
    "history size": 1000,
    "dataset": "enwik8",
    "end time": 1730480937.3402975
}