{
    "start time": 1730476299.2360241,
    "use_input_gate": true,
    "use_forget_gate": false,
    "use_output_gate": false,
    "use_state_gate": false,
    "use_new_state": true,
    "use_old_state": false,
    "use_residual": true,
    "n_layers": 3,
    "state_size": 32,
    "id": "210555052f67370f1bcd851c2dfe52b491be36eed966c58dea89d215841b596e",
    "loss": [
        4.529727212509705,
        3.639454198396571,
        3.491641055466802,
        3.4406400882606025,
        3.3708828371971142,
        3.3072191306445857,
        3.2414636008120215,
        3.219843934704763,
        3.190166543850077,
        3.1656705095897957,
        3.1257877138987853,
        3.1215294281277313,
        3.0853560627499954,
        3.0842243747507823,
        3.0733551922936875,
        3.0659713104798576,
        2.9940071990401718,
        2.962135078297245,
        2.965421015133774,
        2.9284044312136346,
        2.950322410388311,
        2.9195433975598437,
        2.874125246676447,
        2.8140991362091685,
        2.8523137798639295,
        2.81646660618039,
        2.7744384763914125,
        2.817173625984701,
        2.7771708735726777,
        2.775958795472016,
        2.807601914430503,
        2.778768017153908,
        2.718238827360756,
        2.7628167641728303,
        2.725845763391244,
        2.7641736400359695,
        2.7121161831073692,
        2.723176382700749,
        2.6911880598559565,
        2.7539183106138574,
        2.6706057372418366,
        2.6822867424420798,
        2.6937868838041297,
        2.678098985230574,
        2.679284366152485,
        2.658187922917347,
        2.6587856745021625,
        2.64558600596954,
        2.6477713955131286,
        2.638644636088118,
        2.6476198829823288,
        2.64389391560677,
        2.6529265491469887,
        2.6375649318593726,
        2.6589563220860786,
        2.6231394773854277,
        2.642956359996122,
        2.582406164103648,
        2.6134506211844597,
        2.649057099406308,
        2.6405191991996357,
        2.626385099285913,
        2.6053998790333597,
        2.5921504751248357,
        2.596335941705021,
        2.6027835277373046,
        2.636641417098851,
        2.631130702388329,
        2.619176080054578,
        2.584106027989599,
        2.585075493448896,
        2.553675905813154,
        2.5818913641529924,
        2.5748301364659496,
        2.5786857370591534,
        2.56572546622301,
        2.546385046326933,
        2.5763466685845655,
        2.5977563197293234,
        2.6313499472749733,
        2.5560499468364735,
        2.5459339068682807,
        2.582540208970847,
        2.5678893324893397,
        2.5647974872416945,
        2.563518031809241,
        2.551231029745267,
        2.517432908420851,
        2.5707788141199965,
        2.5630111827104303,
        2.550393575315785,
        2.5128438440088745,
        2.493266084192263,
        2.5044155073152146,
        2.5178297091934927,
        2.5130435515459126,
        2.5100909344950937,
        2.5177954805982763,
        2.511732021856,
        2.5812067844691216,
        2.4964073482719873,
        2.514012630625329,
        2.4638593057884477,
        2.4462738038282987,
        2.4764257167720363,
        2.462901664090432,
        2.464409205326895,
        2.4579575317857065,
        2.4660368913174397,
        2.4919398216878323,
        2.502528882949455,
        2.5075965353545677,
        2.4789762510702853,
        2.4853614005614295,
        2.490977374173905,
        2.502445295958921,
        2.451141801340462,
        2.4405972594271383,
        2.4410909570284205,
        2.533899531425107,
        2.4834103105057532,
        2.490484662784427,
        2.4772386763697534,
        2.474732043187204,
        2.4700206043034005,
        2.447493674107204,
        2.4798015075586957,
        2.4947112700996064,
        2.4193125353016365,
        2.4237998232485327,
        2.3922954626277475,
        2.422037178181825,
        2.4551822797308636,
        2.4478111014596164,
        2.4502009582528324,
        2.4836521760009553,
        2.460098729351992,
        2.453471676167253,
        2.448403481837065,
        2.516461105567757,
        2.475002898118803,
        2.4642082939017933,
        2.512069036807476,
        2.473859530862301,
        2.4879077913341003,
        2.482905475412765,
        2.463512232453505,
        2.4806436933537723,
        2.445821719818215,
        2.4372287807315316,
        2.4305495838078257,
        2.414243848244661,
        2.408811132475943,
        2.433475590273539,
        2.409941611598289,
        2.4185865007431238,
        2.4430578698570984,
        2.4511351741321343,
        2.441377738708327,
        2.5174513495581468,
        2.4602586090641787,
        2.448871090714356,
        2.3898740867855723,
        2.3926044114459173,
        2.421516051970404,
        2.4199192060108534,
        2.4276700438141483,
        2.423167624740165,
        2.4041577559300635,
        2.3863823800004704,
        2.3980438315594745,
        2.348763389843326,
        2.3961942988664733,
        2.4039882293621013,
        2.3976263267079023,
        2.3891600549604033,
        2.3781418928941966,
        2.371748275744942,
        2.3697746337654424,
        2.447103211663305,
        2.4069741971390353,
        2.397386734562363,
        2.4394170850469687,
        2.365096616715929,
        2.403052030354056,
        2.365289279673313,
        2.4030959616435017,
        2.411429198621938,
        2.3913550653994773,
        2.3802131969781453,
        2.3379692759297797,
        2.3673472080628395,
        2.346944316151323,
        2.303443492191566,
        2.3431284274183506,
        2.3378574655549165,
        2.3175780352678834,
        2.3163628421747986,
        2.362738000334224,
        2.408939724972435,
        2.4147630772710387,
        2.4108556131574335,
        2.399164631593017,
        2.37560526541989,
        2.388736667496549,
        2.354569562820071,
        2.3790561826825587,
        2.353362677580886,
        2.363044261688436,
        2.378148961030176,
        2.3528225673301306,
        2.347687023576425,
        2.3678197175098097,
        2.3665519229433216,
        2.3357188850377817,
        2.320388075603079,
        2.3615854639670504,
        2.344747209434731,
        2.339118773824565
    ],
    "min loss": 2.303443492191566,
    "training steps": 10000,
    "batch size": 256,
    "history size": 1000,
    "dataset": "enwik8",
    "end time": 1730476349.8392167
}