{
    "start time": 1730483039.1502056,
    "use_input_gate": false,
    "use_forget_gate": false,
    "use_output_gate": true,
    "use_state_gate": false,
    "use_new_state": true,
    "use_old_state": false,
    "use_residual": false,
    "n_layers": 1,
    "state_size": 256,
    "id": "2581fbf5d80b7fd8b3eef029b8a9e80e2e3b288ec74f77c2b6aca0317f15c5b0",
    "loss": [
        3.6446164544967563,
        3.3328290039499664,
        3.018610910265471,
        2.8499993388860334,
        2.7500464896129415,
        2.678406852868679,
        2.661848897045361,
        2.5736424443749053,
        2.5364126549258703,
        2.46065168086274,
        2.435048585409059,
        2.435683241611517,
        2.3919771229159887,
        2.367437857354122,
        2.354389841036745,
        2.315231451958071,
        2.32079303748001,
        2.3099430497558737,
        2.273018466437878,
        2.324220712735472,
        2.2732212496526767,
        2.2285486096392457,
        2.1877152299026332,
        2.138070677100143,
        2.13071694505739,
        2.1155393427320193,
        2.1216148228188407,
        2.1051793522126268,
        2.084503503609602,
        2.064651622896543,
        2.131216341270553,
        2.1204253870460517,
        2.1277720167641956,
        2.0730795127973387,
        2.0984900597566276,
        2.090220474431523,
        2.0548262760794933,
        2.069311461725191,
        2.0492743812653327,
        2.1760824144920763,
        2.1130111114097625,
        2.086342458733732,
        2.0418523831333024,
        2.0647525737025565,
        2.029268710731359,
        1.9531012242805088,
        1.9988140506159475,
        2.013171400636166,
        1.9785516048987632,
        1.9704675849798983,
        1.993536367293583,
        1.973443574844076,
        1.9764369124242933,
        1.9490452919542416,
        1.950952355158725,
        1.9566792810649507,
        1.924372401845944,
        1.928262031461579,
        1.9398522582815698,
        2.0915030052759724,
        1.9608296699246779,
        1.943075946663045,
        1.9506661110628098,
        1.9216204034020115,
        1.9492293631848574,
        1.8666101848731065,
        1.9203158289116222,
        1.951175760457932,
        1.909311862728675,
        1.9099253755095411,
        1.9627926855436786,
        1.9855988132026532,
        1.973291259560675,
        1.9541901501469046,
        1.9563127229432093,
        1.9509854400518671,
        1.9346356619766134,
        1.9668014137598078,
        1.8772902929216169,
        2.07591990701135,
        1.9920481281334663,
        1.9450698964152007,
        1.9339381103173288,
        1.8733204181025982,
        1.8592951382319185,
        1.8977795571452336,
        1.8990017348183448,
        1.9297657761466274,
        1.8982595037103938,
        1.8988905366734787,
        1.883189782967299,
        1.8980862863191608,
        1.8435152882507717,
        1.8733741167503153,
        1.8658680748490777,
        1.8983710659501418,
        1.8908890217074759,
        1.9099679252773902,
        1.870193109922828,
        2.0098603226820813,
        2.0120640716830893,
        1.956716766713618,
        1.9333324969734527,
        1.9515814174579589,
        1.9347148302858592,
        1.9189294572179483,
        1.8975926863730503,
        1.8964951474819236,
        1.8377155843976665,
        1.8880179895071048,
        1.8722548892259674,
        1.923453120977022,
        1.8571088806888785,
        1.8208568886047356,
        1.8807170396536883,
        1.8957767242106605,
        1.8646860984589224,
        1.8625954730056566,
        1.826182559600254,
        1.9674908736745125,
        1.9161710496119082,
        1.847065238720018,
        1.8762419518552407,
        1.8082702709935186,
        1.847482067886144,
        1.850639836859822,
        1.8635137545470943,
        1.8467312939791527,
        1.8805845809967812,
        1.8325504382584235,
        1.8380031806753936,
        1.828501352958065,
        1.7929420280268324,
        1.8702400983747545,
        1.843656978676803,
        1.8273939068176683,
        1.809578428339493,
        1.8332519328588965,
        1.8382621217355215,
        1.9519181953000706,
        1.8825558038027148,
        1.8538807801320276,
        1.800085207414053,
        1.7765623088453044,
        1.8333983804165082,
        1.8176240676690067,
        1.8444040842042344,
        1.7578273407808702,
        1.800682390447267,
        1.7932512004090466,
        1.7998134362103302,
        1.7705047729193713,
        1.77401518858638,
        1.7892623693365368,
        1.8318066550179497,
        1.8233575751090594,
        1.7923677862957836,
        1.767228695976561,
        1.8020842659096572,
        1.9511364480862832,
        1.8604729632604518,
        1.8358876935575126,
        1.8147858915010047,
        1.7806226092150308,
        1.8021806622797176,
        1.7651507226106447,
        1.741624922267876,
        1.7830273388883509,
        1.7594782599570338,
        1.7540805632045116,
        1.7500324980385993,
        1.7924342387263121,
        1.793186826654127,
        1.7636169213544903,
        1.807303679486267,
        1.779251864644468,
        1.8092326071395899,
        1.7918681316767724,
        1.7409400281474026,
        1.9267960542172096,
        1.879107769200026,
        1.9088729785087735,
        1.8617684834996804,
        1.7791361011201188,
        1.8235845977984921,
        1.851625073932527,
        1.8153363240494094,
        1.7790547021543572,
        1.8095414994842152,
        1.7933091054282497,
        1.7732856493253113,
        1.8003062621105381,
        1.7808468146617118,
        1.7429659275116345,
        1.7865169083768058,
        1.7437936346540601,
        1.7543675783630237,
        1.760113926973076,
        1.7334688571648285,
        1.92790979271134,
        1.848986599203557,
        1.8554014999259982,
        1.7992295479527738,
        1.8191279370407107,
        1.7775040942677156,
        1.8210876213625975,
        1.8171847650600952,
        1.8108908541664213,
        1.7624704735093975,
        1.735239489678322,
        1.7916558001007779,
        1.8316020147055982,
        1.7712397571940464,
        1.748259451672335,
        1.7695638550069024,
        1.755725688792672,
        1.71270882225231,
        1.746841044960575,
        1.762399858561568
    ],
    "min loss": 1.71270882225231,
    "training steps": 10000,
    "batch size": 256,
    "history size": 1000,
    "dataset": "enwik8",
    "end time": 1730483060.102975
}