{
    "start time": 1730476775.8074152,
    "use_input_gate": true,
    "use_forget_gate": false,
    "use_output_gate": false,
    "use_state_gate": true,
    "use_new_state": false,
    "use_old_state": true,
    "use_residual": true,
    "n_layers": 1,
    "state_size": 32,
    "id": "26da860ed44e936e861cde9a8e1cf3df2d1dd129de6ebf3da49e0d62ae6ba6e9",
    "loss": [
        5.092907851167094,
        3.927525567049205,
        3.4787399032101614,
        3.407014651855833,
        3.397173350896892,
        3.3630217097014405,
        3.363288814038607,
        3.347298316927585,
        3.3380868731968314,
        3.2500200149167684,
        3.189808509705238,
        3.0795039752404443,
        3.0717679327437324,
        3.0087720516832683,
        2.9656651012576045,
        2.9559059426487706,
        2.9464767490184873,
        2.908521373003681,
        2.930315568955619,
        2.918599503814988,
        2.915148810908537,
        2.876788406947224,
        2.8528238873912093,
        2.819346011227328,
        2.8171183110199696,
        2.854963787090756,
        2.81774027336185,
        2.8185712880614147,
        2.8054330291318146,
        2.788609921196967,
        2.8230210132822675,
        2.8000911964476325,
        2.7895653422901163,
        2.7761516055875815,
        2.7628313992094555,
        2.798453077208244,
        2.770674444013333,
        2.784904335287976,
        2.8179426713648206,
        2.805919470847329,
        2.740764263282437,
        2.7602249931581877,
        2.7404430887244895,
        2.749879068419462,
        2.7350660791348056,
        2.7223766201166506,
        2.7242201763645726,
        2.734403559873657,
        2.728290227102198,
        2.7119171882939006,
        2.7164469487240868,
        2.693388077097253,
        2.717566863855938,
        2.6968588845440755,
        2.70991805361183,
        2.707532386526253,
        2.676592954047507,
        2.691437437640522,
        2.6969003136057728,
        2.7043204555293174,
        2.695341234630013,
        2.711607246396678,
        2.71037831818203,
        2.711883524563424,
        2.686453963023209,
        2.670814972717465,
        2.6665654655858186,
        2.6567077425163097,
        2.674250339736093,
        2.6599087436520383,
        2.6534727471955435,
        2.6704698735866965,
        2.6360217206366174,
        2.6583121290117773,
        2.6819104409972683,
        2.6800767856428847,
        2.6474945027119845,
        2.64226436400648,
        2.6463506461992368,
        2.6638372963221912,
        2.6585959829895405,
        2.6442671426303916,
        2.663652709390098,
        2.6256088363860877,
        2.630936513656249,
        2.677562770534553,
        2.678967991280312,
        2.6412245476661007,
        2.669297631131738,
        2.6313146573575983,
        2.6229508598837867,
        2.612485798079032,
        2.6010339846903268,
        2.600779039061718,
        2.5962704872050906,
        2.611788209235664,
        2.608113240499355,
        2.62369811710512,
        2.6260906042312624,
        2.604956826594721,
        2.6644106342548497,
        2.6559591193487426,
        2.6497808498981525,
        2.6243394551917176,
        2.643432822402135,
        2.610038023872126,
        2.6209293790970714,
        2.611283431196653,
        2.609573879823855,
        2.592681876751034,
        2.59848553690178,
        2.6221138769527688,
        2.62621423999667,
        2.6387733791268837,
        2.5975866431169776,
        2.5833084653989635,
        2.6090542759841826,
        2.5905530243155117,
        2.5721979423001655,
        2.6108298813245954,
        2.6313483855966364,
        2.5879358022218524,
        2.586228777088013,
        2.5904720637145666,
        2.5959079810710346,
        2.6021862491861794,
        2.6024666546221162,
        2.5867750393457833,
        2.560672392461673,
        2.5993977632249567,
        2.5938288259078073,
        2.5692449262383037,
        2.5763591134959327,
        2.5965453776128795,
        2.5989362477310087,
        2.574372059912384,
        2.570870898441682,
        2.599751299850844,
        2.5636300527833162,
        2.6153394471421234,
        2.573296206874384,
        2.5801599611479293,
        2.5715774531660682,
        2.533040509144927,
        2.589090616349167,
        2.569470539574767,
        2.5768615898731446,
        2.5463291115144937,
        2.5838282544727074,
        2.56781816303759,
        2.546328854896057,
        2.5884333219841906,
        2.5546724677257653,
        2.5452837029278,
        2.564634770229239,
        2.5715203379213563,
        2.557695448224203,
        2.5821394692062385,
        2.602721101623251,
        2.5835835154100817,
        2.589725578604626,
        2.493787937325054,
        2.577206857697291,
        2.5658072367048983,
        2.5414832162538863,
        2.5571222016203374,
        2.5454974740706926,
        2.505799345446229,
        2.526411266256493,
        2.5253914024727155,
        2.498666698912725,
        2.5409954258827097,
        2.545294179277808,
        2.529310781113547,
        2.5266521728569313,
        2.5305518165191088,
        2.540251978522245,
        2.5307057514953506,
        2.520129786616635,
        2.573142102908003,
        2.512345879573981,
        2.50874579562278,
        2.509569248777971,
        2.5261572951896043,
        2.515768624826361,
        2.505359446702807,
        2.5231470652856713,
        2.486299733454215,
        2.4770382573396548,
        2.441777521856375,
        2.481013338544974,
        2.481710613640104,
        2.488344541063647,
        2.477973928884048,
        2.496544909521455,
        2.4916535305224974,
        2.50244020150869,
        2.494815388202408,
        2.486701142887676,
        2.534935276230325,
        2.5249306587707023,
        2.5220293079565077,
        2.496659428299913,
        2.518166773453648,
        2.5382036996050967,
        2.512750895152792,
        2.5137817664353634,
        2.526406117666121,
        2.5071314110633494,
        2.4789956907184374,
        2.488607919015109,
        2.4750788500710637,
        2.496200167672948,
        2.462390788389495,
        2.4337120264028695,
        2.4925676210848877,
        2.4747876198607717,
        2.4681802330737805,
        2.4743576317110705
    ],
    "min loss": 2.4337120264028695,
    "training steps": 10000,
    "batch size": 256,
    "history size": 1000,
    "dataset": "enwik8",
    "end time": 1730476794.4861891
}