{
    "start time": 1730478696.4258952,
    "use_input_gate": true,
    "use_forget_gate": false,
    "use_output_gate": false,
    "use_state_gate": true,
    "use_new_state": true,
    "use_old_state": true,
    "use_residual": true,
    "n_layers": 3,
    "state_size": 32,
    "id": "28009dea92fa1c9d6c5aa3298640b4b009bcdb42e59f371cfa479aea301a4865",
    "loss": [
        4.518028946755179,
        3.666998920533689,
        3.482204534828401,
        3.4433214546501616,
        3.3792169672703416,
        3.368828176063544,
        3.3203357760274397,
        3.2716980642221984,
        3.276439881402592,
        3.2148694546322854,
        3.131314194472881,
        3.0764599455959014,
        3.0464990467784974,
        3.016572201232179,
        2.9982199227387816,
        2.9702095053195388,
        2.92861762908974,
        2.91812858370675,
        2.8909421882350754,
        2.9272717486564472,
        2.887767276483667,
        2.8420351903906114,
        2.806547193037343,
        2.7629210660166454,
        2.7866212730809745,
        2.763760755450683,
        2.7210523795481034,
        2.734916353952819,
        2.740311212254162,
        2.6880663232006317,
        2.6981278880015083,
        2.6915820187007125,
        2.659909885684732,
        2.6659447373251735,
        2.6440630846763087,
        2.657545329449248,
        2.623407262910342,
        2.6703796420104715,
        2.6171917962950144,
        2.7043596331202533,
        2.7269300043236115,
        2.664215961221251,
        2.61572412864045,
        2.6195235550221856,
        2.6787464948675224,
        2.6808006984754447,
        2.625510152677993,
        2.641694790709152,
        2.603323524013107,
        2.652736489606718,
        2.6477313272147383,
        2.582798031451575,
        2.5816687875184434,
        2.5983487372693275,
        2.5568816766538363,
        2.597632327891592,
        2.560520559980204,
        2.562095535965527,
        2.5586606953108975,
        2.647990943330583,
        2.623088413065257,
        2.5697297991960726,
        2.6027227246736393,
        2.5611959199566727,
        2.5656766533091067,
        2.5450888717264246,
        2.5511366471244106,
        2.5505374659215554,
        2.5598395554744138,
        2.549088022007998,
        2.5599725729692873,
        2.5262805857323607,
        2.5257395444862065,
        2.531746843755691,
        2.5077515882498216,
        2.549348232042232,
        2.520482140955179,
        2.5379330475959017,
        2.5165790818759493,
        2.6078769088901477,
        2.507968067890861,
        2.510105176979134,
        2.4787619086822485,
        2.471803323583278,
        2.4920602568764143,
        2.4404350272430304,
        2.4554566582336497,
        2.453546282268417,
        2.39976905920728,
        2.4517170718504318,
        2.480429841378521,
        2.450300546200683,
        2.43803123766175,
        2.49712960707095,
        2.442055855246978,
        2.472835605868399,
        2.454830920019856,
        2.4788841378984205,
        2.4232735345120453,
        2.5278676418923993,
        2.4459348239531526,
        2.443455248871988,
        2.474192376779182,
        2.476755866384889,
        2.4370586648973305,
        2.451462179890272,
        2.4948767793909057,
        2.462680633152058,
        2.440395436376633,
        2.457351012984193,
        2.45750184015782,
        2.392229805299611,
        2.4385368310708766,
        2.4634688836724163,
        2.4420426688336025,
        2.468642072246056,
        2.4368231030115988,
        2.464989964238862,
        2.43310643225853,
        2.4976968141408324,
        2.3931776133645264,
        2.4175157193570733,
        2.4206781805812447,
        2.4289896180650703,
        2.395598585052057,
        2.3937230060410335,
        2.4061394239888543,
        2.41278698326349,
        2.391990507524074,
        2.4017932028762976,
        2.4138590891069422,
        2.4164457694514896,
        2.3757606962089577,
        2.419971180441539,
        2.4583755824842317,
        2.423304489510776,
        2.3779256457395106,
        2.3873259837768512,
        2.378231582105443,
        2.4454761104054357,
        2.4099451265503355,
        2.3692473749880407,
        2.373519786190696,
        2.3809066734481887,
        2.368658642369434,
        2.4023832622680357,
        2.400334760885311,
        2.398230301299362,
        2.3892902353716874,
        2.400396302056911,
        2.3884462303515073,
        2.3728144167441014,
        2.3601365833217103,
        2.3693376063456717,
        2.370551419579328,
        2.3260956332594738,
        2.348334064077171,
        2.376217349782471,
        2.3784689121154985,
        2.4519228629383574,
        2.369917628691645,
        2.42622672018856,
        2.3736449492453207,
        2.3673824171609024,
        2.3814265275772204,
        2.3742358775340153,
        2.351864490344859,
        2.3916075756695405,
        2.3605474566950746,
        2.390327414683177,
        2.34778666795921,
        2.36394634488516,
        2.371879160361153,
        2.3583996275261874,
        2.3214045938363332,
        2.3552498489601645,
        2.362439879101417,
        2.381115005371194,
        2.356995045265446,
        2.412611810305856,
        2.3671753308727466,
        2.324997659981491,
        2.343370006856721,
        2.3473149630672756,
        2.365001158884371,
        2.3562414897405892,
        2.369695704896465,
        2.34677326459415,
        2.329059191950312,
        2.318372299143392,
        2.3384422506210605,
        2.3267557603232265,
        2.3613914672912566,
        2.3471318531150986,
        2.3083415543590595,
        2.3463382538891886,
        2.2938358480883108,
        2.338118297295503,
        2.3281710627003482,
        2.4002179048635384,
        2.3223727637570413,
        2.3324547941696334,
        2.3721014838597165,
        2.3373597654791403,
        2.3539413535058653,
        2.3902373326522706,
        2.338544791961728,
        2.339693166618285,
        2.3406737381103433,
        2.3339128641773903,
        2.3362222570890747,
        2.3148375046486476,
        2.360429466766568,
        2.309841559779313,
        2.3009633598236774,
        2.307601775784251,
        2.3118739203073733,
        2.325641961946872,
        2.2917023885415087
    ],
    "min loss": 2.2917023885415087,
    "training steps": 10000,
    "batch size": 256,
    "history size": 1000,
    "dataset": "enwik8",
    "end time": 1730478763.3222668
}