{
    "start time": 1730476002.9991434,
    "use_input_gate": true,
    "use_forget_gate": false,
    "use_output_gate": false,
    "use_state_gate": false,
    "use_new_state": true,
    "use_old_state": true,
    "use_residual": true,
    "n_layers": 3,
    "state_size": 32,
    "id": "287ed15650afc79065382bf2db772b1c3026f63efc1f31480c495051632773fb",
    "loss": [
        4.325286500758787,
        3.6212451876867733,
        3.4829023905543557,
        3.4092496429886148,
        3.3806275100053322,
        3.307415167748626,
        3.2348701105691475,
        3.194572892842904,
        3.14344838612201,
        3.0918195992816275,
        3.0639453503355614,
        3.0460124714265158,
        3.02777047291755,
        3.0228280873904136,
        3.0029520956206537,
        3.0496012390040286,
        2.9732232365072875,
        2.9381411891853446,
        2.935925445959148,
        2.979946287649574,
        2.8996065824862733,
        2.922288392031097,
        2.9043918418721857,
        2.844715119273413,
        2.8829932615361207,
        2.8993199866951307,
        2.885691282257746,
        2.8702047560702404,
        2.8059558785126693,
        2.842409689939658,
        2.780794008190337,
        2.80906133435148,
        2.8289072553887284,
        2.8111850237445117,
        2.8275365865658277,
        2.827330562171893,
        2.804284921674728,
        2.7746715708880836,
        2.765754328327288,
        2.824601098049309,
        2.786308456143048,
        2.778365744970938,
        2.7500077541137897,
        2.7710399667844907,
        2.7403442560857663,
        2.713565307258169,
        2.722168549754203,
        2.6873106102600923,
        2.7021682079255505,
        2.68358482833783,
        2.6526887703957525,
        2.684681092821164,
        2.6575237898779642,
        2.6667333409807275,
        2.6486250971255028,
        2.643644410310939,
        2.6249007818540755,
        2.6598051329620573,
        2.623253466028045,
        2.717018796427197,
        2.631507823183121,
        2.638848661059635,
        2.595725517391287,
        2.621144294709601,
        2.58622608296689,
        2.673968418141085,
        2.619738261809947,
        2.632307880217967,
        2.6183861112323585,
        2.5916510822741343,
        2.6050450452503533,
        2.5998320098515464,
        2.6010344882327265,
        2.5919095616306302,
        2.618411330962913,
        2.61709135976678,
        2.6073683424308185,
        2.59724363548058,
        2.581161554922687,
        2.6533212296457767,
        2.6333595391306353,
        2.5882420822656917,
        2.5908557003308297,
        2.59216334415905,
        2.5806106674920812,
        2.595503863745187,
        2.560657349782447,
        2.6035652303039956,
        2.6147369587554676,
        2.554326174067224,
        2.532584305456366,
        2.5247181132094787,
        2.5620925796167318,
        2.561296509387479,
        2.54972965278964,
        2.5121581963912494,
        2.538127929294677,
        2.5727976593528377,
        2.5714260145263816,
        2.6113063893764505,
        2.5620789419176284,
        2.5266063872946543,
        2.510186629865581,
        2.5265317325553727,
        2.5247076325048377,
        2.525268840033544,
        2.507553546457648,
        2.5214725248379524,
        2.5044460081157256,
        2.4911056485707386,
        2.4770950082820975,
        2.5216167340873734,
        2.4851866957680318,
        2.463401602511098,
        2.5002824212255272,
        2.4906044843769117,
        2.4934443587330715,
        2.4720949496379383,
        2.4920277228712373,
        2.5847749755100944,
        2.492430199933128,
        2.4992569739909394,
        2.508679049107235,
        2.53821502627666,
        2.524759260809619,
        2.494805750695725,
        2.4795154839240383,
        2.4978467331556153,
        2.486635078606806,
        2.4679769191140473,
        2.4267891860700854,
        2.474747728153227,
        2.4380806224072806,
        2.427823024386248,
        2.457910220835446,
        2.4712725143229233,
        2.4722724143346313,
        2.444595761668166,
        2.4722573813503455,
        2.521657609182329,
        2.452001666973414,
        2.47308352865426,
        2.480702984249851,
        2.435864978193879,
        2.451407418113866,
        2.468358610370735,
        2.416618511492176,
        2.458956840635279,
        2.4275415824698827,
        2.41216810792608,
        2.4062670955657177,
        2.426411605113213,
        2.429440352910608,
        2.388246569562887,
        2.391437142764867,
        2.419958990020622,
        2.3918920451357626,
        2.4283740145260775,
        2.424624721969464,
        2.470219666433704,
        2.429355931099163,
        2.4589585945947046,
        2.4753785187028066,
        2.461406824908959,
        2.46807574907755,
        2.439593343382574,
        2.4283303921349053,
        2.432827288470648,
        2.4136697211118334,
        2.391715371110204,
        2.38624677783704,
        2.450054400409176,
        2.416536496722799,
        2.412094232623232,
        2.3897298147541,
        2.400245367360385,
        2.3824364035192915,
        2.44447197960443,
        2.4379132741856586,
        2.4876692784128713,
        2.4693595067392473,
        2.4478983025171,
        2.4438308423038606,
        2.465574949015981,
        2.4418559411742624,
        2.4396665976888343,
        2.44581484064783,
        2.4912613595746738,
        2.403176251735562,
        2.3899724673962006,
        2.3845645031517733,
        2.3951534133554997,
        2.427210717361877,
        2.408394280645391,
        2.439319153356238,
        2.4588106105040923,
        2.427064614712013,
        2.399682277663029,
        2.4106590834205526,
        2.483694899908056,
        2.3799786081487917,
        2.3704516146422594,
        2.3875351013438837,
        2.374354919083779,
        2.3861940904573165,
        2.3617255647042033,
        2.339741875794852,
        2.3722118928781706,
        2.374512608014586,
        2.3869724799685637,
        2.364928628826097,
        2.3353621356413288,
        2.343780255187557,
        2.34725423784867,
        2.374126730570628,
        2.357322226035504,
        2.3841994236822344,
        2.3708287001891906,
        2.415060344661502
    ],
    "min loss": 2.3353621356413288,
    "training steps": 10000,
    "batch size": 256,
    "history size": 1000,
    "dataset": "enwik8",
    "end time": 1730476051.652558
}