{
    "start time": 1730481623.1279018,
    "use_input_gate": true,
    "use_forget_gate": true,
    "use_output_gate": false,
    "use_state_gate": true,
    "use_new_state": false,
    "use_old_state": true,
    "use_residual": false,
    "n_layers": 2,
    "state_size": 256,
    "id": "291a290ca4843889629606d3172188dfbc2f5d857ea972bd4d992d6228a94326",
    "loss": [
        4.656850711330485,
        3.682809110272977,
        3.5486269547101714,
        3.5538895124408736,
        3.491184675459599,
        3.4921175360936414,
        3.4763735193658403,
        3.470823325852088,
        3.448854866244189,
        3.44187173436363,
        3.426598036814001,
        3.408544084312513,
        3.4069576806993687,
        3.3997470924597955,
        3.3900933893807865,
        3.376976160037643,
        3.317538515011584,
        3.3469172505792124,
        3.2809604390563534,
        3.3298895153415446,
        3.2966425280765232,
        3.28222135050634,
        3.2642495548749535,
        3.2653231886170033,
        3.2759511904141543,
        3.2457845934254976,
        3.234001196210153,
        3.221388992173527,
        3.1947325257785826,
        3.1905698436102004,
        3.1477290762199095,
        3.165764613667037,
        3.1672390067106466,
        3.1428697029982873,
        3.1545883387440568,
        3.139539852759218,
        3.158846392011529,
        3.1768351359664786,
        3.143380263594462,
        3.280980729743475,
        3.156005247931364,
        3.177399738323284,
        3.114436870468625,
        3.1067433076790647,
        3.110494435512826,
        3.1036024640902795,
        3.058880373125193,
        3.0922364615172055,
        3.0628187624756875,
        3.066773612689624,
        3.027456112999602,
        3.0639271604167626,
        3.0596658419312868,
        3.0166663472347146,
        3.0119818256604347,
        3.0006444545232487,
        2.979418342564737,
        3.0095515755855096,
        3.0052134593130835,
        3.1037672373396004,
        2.960732178030346,
        2.985421130947664,
        2.9700531943597968,
        2.9521973158902584,
        2.955816095116312,
        2.957383775946962,
        2.935588742015483,
        2.914768214721831,
        2.910166452707071,
        2.922317501017696,
        2.937759417223241,
        2.9403401109436,
        2.8920481245554566,
        2.9249727815707454,
        2.865119236684087,
        2.8660991437212755,
        2.824590976951766,
        2.8743755533717588,
        2.8308785925251496,
        2.984801678392376,
        2.8419770493212564,
        2.8111110268913064,
        2.824525243789031,
        2.8015509287535596,
        2.8145494436981613,
        2.8021850308315956,
        2.8381589834650343,
        2.845223518680594,
        2.8177489220211895,
        2.7716295416089882,
        2.7787876538234295,
        2.7630899853860154,
        2.775252576269126,
        2.781199379280878,
        2.7876462919269276,
        2.718517214469072,
        2.7549084964234005,
        2.7747870005953352,
        2.7632635577723472,
        2.9282019241954584,
        2.7678890133522014,
        2.7364429944449773,
        2.7263066946614485,
        2.7282034048601944,
        2.753390721060337,
        2.7079064809998603,
        2.7002895254370403,
        2.73292626702647,
        2.6714200165531685,
        2.67417331929544,
        2.6983722572896163,
        2.717480345494253,
        2.6960102477623633,
        2.692980035034203,
        2.7035153650177923,
        2.68364892464887,
        2.698811170601937,
        2.679348681955264,
        2.6911589914974834,
        2.919658419817806,
        2.7457439058220583,
        2.7010679825962356,
        2.7006998091594867,
        2.695424109133079,
        2.6691417800202024,
        2.6902972145383033,
        2.6865153738026795,
        2.6875753404491025,
        2.694322457486106,
        2.6748369158654706,
        2.69089790774734,
        2.6294573641317167,
        2.6625464920399913,
        2.6469966505979867,
        2.6445856884017336,
        2.6809278001533503,
        2.626114655502507,
        2.612362191083085,
        2.640007063687122,
        2.7877416833665096,
        2.676020693254869,
        2.679307605405643,
        2.668893394991999,
        2.644252367447707,
        2.643848821237991,
        2.6728601399741887,
        2.6299390245317626,
        2.6710878512804266,
        2.6845850743283592,
        2.6639335949070198,
        2.6446346016850066,
        2.670372390846322,
        2.676321204616979,
        2.6535389978567347,
        2.664280676923829,
        2.650520867006464,
        2.6179193411118757,
        2.6536529801909783,
        2.6049238107496353,
        2.8086621710340736,
        2.622623197616904,
        2.646781375242631,
        2.5977930679673062,
        2.566096597265598,
        2.635572732821557,
        2.607282244784151,
        2.577664079040779,
        2.5634446899372185,
        2.6435754282774497,
        2.5725789726242567,
        2.5787336620157566,
        2.5569874351536996,
        2.608736430785535,
        2.6066111813807202,
        2.6049747331516553,
        2.589694987545387,
        2.561991666816016,
        2.558716893828425,
        2.573810811803506,
        2.7583743489028114,
        2.5985357247495213,
        2.6160035263817596,
        2.6144188760418907,
        2.597421594216355,
        2.5686084511774103,
        2.5560469706408466,
        2.5484677143219954,
        2.5872560080178117,
        2.552546369133072,
        2.559815794614199,
        2.57256727865255,
        2.614684620424431,
        2.580806743620789,
        2.5714765041480323,
        2.579602238497555,
        2.61194477027139,
        2.5926056321247337,
        2.559540846811962,
        2.591219400808362,
        2.7221066905664455,
        2.557530624688747,
        2.56748520634976,
        2.54905017577046,
        2.55832962688127,
        2.5175165719615027,
        2.54187101033235,
        2.546214577609111,
        2.553792988913222,
        2.5592672200780693,
        2.5125740458144956,
        2.538600844094508,
        2.537672495975298,
        2.5337407440343687,
        2.562862733157176,
        2.537700706984162,
        2.515663584018916,
        2.4957943631978177,
        2.5034904570496646,
        2.5384551680320566
    ],
    "min loss": 2.4957943631978177,
    "training steps": 10000,
    "batch size": 256,
    "history size": 1000,
    "dataset": "enwik8",
    "end time": 1730481650.811868
}