{
    "start time": 1730477287.409076,
    "use_input_gate": false,
    "use_forget_gate": false,
    "use_output_gate": true,
    "use_state_gate": false,
    "use_new_state": true,
    "use_old_state": true,
    "use_residual": true,
    "n_layers": 2,
    "state_size": 32,
    "id": "2d610c52c7c2208e01ea2bafe56727c97e63e8e1b3dd8ddb9ba750beea20617a",
    "loss": [
        4.119314404028974,
        3.579439640241916,
        3.4287496723669086,
        3.350819360775422,
        3.227621931886535,
        3.139085610802005,
        3.093807722238931,
        3.0452843319380998,
        3.015323295484986,
        2.933086761040731,
        2.9221695935867102,
        2.885702724470491,
        2.8700141337447564,
        2.786417592096836,
        2.809148117092487,
        2.8004058250966826,
        2.738389656821288,
        2.738060467404161,
        2.6924406988744036,
        2.7427725728962518,
        2.703702618195813,
        2.733659596776056,
        2.67611442864401,
        2.670118258142135,
        2.701474318455235,
        2.6479896942144294,
        2.699331167837987,
        2.600609837371832,
        2.614339958662058,
        2.614178290166587,
        2.608533884589064,
        2.6195259990374837,
        2.5954228926021576,
        2.5888757638143196,
        2.605832864108677,
        2.5929973479731836,
        2.5612613833063396,
        2.5672573714764617,
        2.554268537322202,
        2.5922691368805286,
        2.4962474270023605,
        2.499023540615008,
        2.5016476642729497,
        2.506705885379848,
        2.4656206157783056,
        2.48734438207742,
        2.4640725192380155,
        2.510928894883717,
        2.4726449877030645,
        2.4980292257723047,
        2.504495869003266,
        2.484084897505033,
        2.444306043732956,
        2.4311210672782515,
        2.4419327153327375,
        2.4235270988040334,
        2.437809830552531,
        2.4177893046841885,
        2.4130043578944207,
        2.474947122350413,
        2.4472822459557215,
        2.484576403820798,
        2.4220194313420524,
        2.410630392019079,
        2.4457310513329493,
        2.4300240603857173,
        2.3915283980257667,
        2.3823587882647654,
        2.3985107725045913,
        2.377688915036873,
        2.3232548634639754,
        2.3912375807951447,
        2.4009972751828825,
        2.383685048741415,
        2.3673769608425244,
        2.371264615135362,
        2.3991333931334666,
        2.40828464137975,
        2.3914851495794447,
        2.437007105358576,
        2.3673242028437342,
        2.3777785104155114,
        2.3401876710404053,
        2.345049666583063,
        2.40634208829182,
        2.3468854475050165,
        2.3487477156357657,
        2.3938797465460864,
        2.342826490432728,
        2.3373112692898155,
        2.3634891942509535,
        2.300744080109161,
        2.3019673311805406,
        2.3469901258215433,
        2.347984166869447,
        2.341235622498834,
        2.3395200662471747,
        2.3096851942615495,
        2.3798158433911896,
        2.3800731589616313,
        2.3164282660653357,
        2.3341068293286926,
        2.34810401273295,
        2.3449005643858865,
        2.302989131100912,
        2.338405322355819,
        2.2878756786542325,
        2.3255794889290913,
        2.354939281408197,
        2.2909640516930083,
        2.2972863786591633,
        2.3039524061487833,
        2.279968126009971,
        2.2773990763644543,
        2.2687464732089455,
        2.2846525722617064,
        2.291351824091503,
        2.304199130501657,
        2.260529075363336,
        2.370204835080322,
        2.3010740283483955,
        2.2828221733799423,
        2.267795344758327,
        2.2672759296002134,
        2.2945195575222366,
        2.321450573382702,
        2.308533750431313,
        2.229007973425005,
        2.2879150678395326,
        2.276658800907522,
        2.27531467832191,
        2.3125924042812445,
        2.263840781228933,
        2.272090157834366,
        2.2800612641283022,
        2.265167878746405,
        2.2634801983249457,
        2.2678563918513133,
        2.2984951108349514,
        2.324169699702313,
        2.3089286154905193,
        2.2819774499949315,
        2.2859506495860566,
        2.3117408254434593,
        2.3058997491187276,
        2.278559673564826,
        2.2659299639631416,
        2.248276382930074,
        2.2696542512508584,
        2.2640832802594617,
        2.222434586021332,
        2.2482914014451807,
        2.253690056676034,
        2.236714815429647,
        2.230209361821931,
        2.2223799141384437,
        2.2554801741645614,
        2.2561498458895057,
        2.239438844183771,
        2.3299384544499326,
        2.247185679489716,
        2.2880864615184153,
        2.2400836165927487,
        2.2650863970643806,
        2.2034899372659074,
        2.239611401142646,
        2.2672129214914376,
        2.2094976876347108,
        2.2242307474326166,
        2.25992306345796,
        2.2614946777909273,
        2.2352879037297644,
        2.2095700735265624,
        2.2109421357333785,
        2.2276631940188096,
        2.2161294762345465,
        2.25349027995855,
        2.258678850834288,
        2.2480355833184023,
        2.300631291339209,
        2.279387609163183,
        2.216604819147737,
        2.2399172028190546,
        2.199230473439448,
        2.2138509217118068,
        2.235995474532413,
        2.2288455644153844,
        2.2308033099397813,
        2.227931913673715,
        2.1856457604816946,
        2.2689413863562344,
        2.20594236779584,
        2.2479745882359654,
        2.2325009152315554,
        2.2247548285341394,
        2.186009231011815,
        2.182141337955409,
        2.1772667682145292,
        2.200328833121897,
        2.278106902701375,
        2.242578467704242,
        2.2688904061647426,
        2.272035732195458,
        2.258359633021675,
        2.262009872816625,
        2.239259148501614,
        2.2170254628483335,
        2.193848677664482,
        2.256200334322923,
        2.2325425489011375,
        2.269250373102406,
        2.2514115731116426,
        2.230344457814965,
        2.2349144316443885,
        2.260451888405257,
        2.2499141635284094,
        2.232176652778894,
        2.220598504900944,
        2.2289122863884803
    ],
    "min loss": 2.1772667682145292,
    "training steps": 10000,
    "batch size": 256,
    "history size": 1000,
    "dataset": "enwik8",
    "end time": 1730477318.3680303
}