{
    "start time": 1730479157.7077067,
    "use_input_gate": false,
    "use_forget_gate": true,
    "use_output_gate": false,
    "use_state_gate": true,
    "use_new_state": true,
    "use_old_state": true,
    "use_residual": false,
    "n_layers": 2,
    "state_size": 256,
    "id": "2ef650da7cb1585c23932e722202429b7c58b9d8da6365204ae215a93d9bfe37",
    "loss": [
        3.822760761278673,
        3.5357638076263562,
        3.4641019514694844,
        3.342498149370821,
        3.201198587666086,
        3.1338477406090615,
        3.002065235631107,
        2.9446735288755734,
        2.874134532523393,
        2.8147707833639197,
        2.7850980930919937,
        2.725236493383296,
        2.7003451609643156,
        2.677426906704151,
        2.641155997087021,
        2.6358093985783024,
        2.620384430923473,
        2.608299904487402,
        2.620530932485508,
        2.643678376332931,
        2.60986019561773,
        2.573900110532035,
        2.594785117575065,
        2.568915968232463,
        2.556261866260192,
        2.5471295071929796,
        2.51054770303983,
        2.504764498361162,
        2.5027049873700755,
        2.475510769490378,
        2.4860407194596297,
        2.4733031579418108,
        2.4540325014600426,
        2.4330645950358325,
        2.4162562315148497,
        2.3976337932373437,
        2.3987491021149383,
        2.383746989920239,
        2.418404479177896,
        2.4696145001742504,
        2.3683319277891046,
        2.351739212133023,
        2.3503239878311164,
        2.335209295270337,
        2.3205844393940747,
        2.3077858753598695,
        2.293266241210458,
        2.271705276552685,
        2.253667543025948,
        2.24731072062351,
        2.2914306824936794,
        2.250564383689534,
        2.232531229950168,
        2.2477078694823858,
        2.221231329179189,
        2.212164788848031,
        2.1904046018078525,
        2.1974683418943184,
        2.1588946536616067,
        2.2689865000911573,
        2.2452276370937962,
        2.1775538220088007,
        2.1686041566318393,
        2.159878943331221,
        2.1505614492766183,
        2.167571980313755,
        2.168295255560707,
        2.1786479722378793,
        2.1761231659392957,
        2.128358156346704,
        2.195337927927322,
        2.1539560613109767,
        2.1543675795204735,
        2.1616382545182704,
        2.11128281668136,
        2.1251824585985752,
        2.1415577063409046,
        2.1603045969139343,
        2.1248157613005043,
        2.2411749092944664,
        2.1784354682898797,
        2.1653106995744986,
        2.15941114519247,
        2.114880268658503,
        2.0840850658226304,
        2.132858477917595,
        2.1172642407852122,
        2.162883089904531,
        2.1112181908441694,
        2.070524832980273,
        2.0455897379280628,
        2.0695449924319083,
        2.0668948681474997,
        2.1097455289409752,
        2.087661813522999,
        2.047763957359623,
        2.012651766116858,
        2.0626413225230373,
        2.051726422600144,
        2.1374390201748734,
        2.071796495807252,
        2.026188203607281,
        2.046339812062214,
        2.03048166743923,
        2.0291814393093848,
        2.0027162246234007,
        2.0176510961737852,
        1.9928620740633856,
        1.980781825414264,
        2.013600800860269,
        1.9960004520284669,
        2.0097228888763206,
        2.0043484730841965,
        1.9933113821216846,
        2.023776123087503,
        1.9757516595970213,
        1.979996879044063,
        1.948833804527743,
        1.9816828931506671,
        2.061925870209441,
        1.990938284885441,
        1.9997141232066404,
        2.025604091567916,
        1.9659344914299672,
        1.9639531355929276,
        1.9582794480804888,
        1.9409050030132873,
        1.926828015798594,
        1.9650477072439314,
        1.9487706627930392,
        2.007528432896016,
        1.9465788847761316,
        1.9517675724366454,
        1.9359198347468793,
        1.9631629090406022,
        1.9538464320616453,
        1.9694897738687434,
        1.944093343023061,
        1.924029682611035,
        2.0188083716061085,
        1.9716465134231524,
        1.9562442702283453,
        1.9075197065693907,
        1.933308674261023,
        1.9529023320552308,
        1.9479075882764108,
        1.892708163552651,
        1.9196208213973134,
        1.9359679627419715,
        1.9095521838305536,
        1.8972144095850485,
        1.9113775510794984,
        1.876790492615459,
        1.8901149207325074,
        1.9133621060385104,
        1.9011127330720667,
        1.8923149559641947,
        1.895304144883021,
        1.8990143152177832,
        2.0393374694878226,
        1.899800762334427,
        1.9183000862871262,
        1.9214244859914424,
        1.8983900133242535,
        1.9025526186453725,
        1.8982324549628866,
        1.9028029998367202,
        1.9118213979593939,
        1.9052805811787383,
        1.9084883202545975,
        1.9231589039756607,
        1.8835329178246005,
        1.858361112234273,
        1.8593573382887054,
        1.8514879379187599,
        1.8496717412892294,
        1.8868811328836994,
        1.8837509280297333,
        1.8821735316160606,
        1.9915187721460768,
        1.9050529110669279,
        1.925502004590921,
        1.8617163049184466,
        1.836260178494329,
        1.8505102686784451,
        1.836439218548645,
        1.807546572186368,
        1.8576428621971313,
        1.9055224294802497,
        1.8589520494117686,
        1.8357481824469062,
        1.8849565984923746,
        1.849498056302335,
        1.8478210496028193,
        1.8478227587168594,
        1.8083296592208402,
        1.840011815177805,
        1.7765249708590722,
        1.7996701663820618,
        1.9341603082001573,
        1.831109767464438,
        1.8619930515377636,
        1.804453731406609,
        1.863236689607698,
        1.8434069797962287,
        1.7910778565672036,
        1.8231035257741155,
        1.8078829192819037,
        1.8570719651971839,
        1.8399714784956,
        1.8077483043728548,
        1.7849227343464966,
        1.7930643598760168,
        1.7807856738335457,
        1.8240995617757574,
        1.8111524526955984,
        1.8207303560330794,
        1.7969852804116553,
        1.7849704079385438
    ],
    "min loss": 1.7765249708590722,
    "training steps": 10000,
    "batch size": 256,
    "history size": 1000,
    "dataset": "enwik8",
    "end time": 1730479200.4027436
}