{
    "start time": 1730481137.9736342,
    "use_input_gate": false,
    "use_forget_gate": false,
    "use_output_gate": true,
    "use_state_gate": true,
    "use_new_state": true,
    "use_old_state": false,
    "use_residual": true,
    "n_layers": 1,
    "state_size": 32,
    "id": "2f1abec2023103a74ec9361ca896738b22b3e565aeb09143d2ea95a21d1a4c56",
    "loss": [
        4.295929510655843,
        3.6110821082778943,
        3.450669519550595,
        3.321760852330136,
        3.173383771220526,
        3.171671133439734,
        3.0543470259049093,
        3.0289724325032727,
        2.9387622166568783,
        2.9487256852166475,
        2.896840721337145,
        2.8561206347110955,
        2.8424077691516634,
        2.8120812622116906,
        2.7974557240999887,
        2.732747688813631,
        2.771922574378663,
        2.7355097035769327,
        2.7228992986462583,
        2.7255177028032436,
        2.7089759028446556,
        2.7197818692122504,
        2.6512829355312353,
        2.665531268427256,
        2.6444967307112983,
        2.635905187491262,
        2.643995534764348,
        2.64200633140183,
        2.5845326751577167,
        2.597651362988171,
        2.589257781619202,
        2.6170024851139897,
        2.633282186680761,
        2.5767123390107907,
        2.5862951278287434,
        2.5729861107391487,
        2.607824150859834,
        2.559364855471548,
        2.5344445984429744,
        2.6351191704335353,
        2.5601770339448806,
        2.528844883236523,
        2.5486578094025325,
        2.520928532299951,
        2.5489501208043346,
        2.5243400061307004,
        2.534506100322642,
        2.5304959634362465,
        2.5190085810691225,
        2.4753159896876533,
        2.495157060427813,
        2.461565656151703,
        2.4686887576426395,
        2.514356549029818,
        2.5099582238272187,
        2.501033427103184,
        2.4790321398899398,
        2.4552658615635234,
        2.4287246140468968,
        2.5182533729284495,
        2.499602837131994,
        2.4683265480121133,
        2.4663103655100658,
        2.476422343574094,
        2.4926686514816803,
        2.435251435968548,
        2.41603814774095,
        2.4504200829013363,
        2.4442311475855307,
        2.4243259097418335,
        2.4260751801087723,
        2.423208324109775,
        2.448962808159283,
        2.4685077253990504,
        2.4233276216872746,
        2.395731305121299,
        2.432900914971714,
        2.429367526649668,
        2.3963276343774003,
        2.4289981397582525,
        2.4140972122722713,
        2.4252255106751113,
        2.41101670746289,
        2.410377390086629,
        2.361184951301594,
        2.385368122704204,
        2.352653288191987,
        2.33343446544266,
        2.3691751548467956,
        2.376104388833606,
        2.3719560256780334,
        2.3861979027040823,
        2.3723930397091504,
        2.360819275261753,
        2.372573303727645,
        2.3532142621347796,
        2.40118502066183,
        2.3891621209415015,
        2.3719417307996205,
        2.40852538050461,
        2.391935284243292,
        2.378377589144737,
        2.4002398463252166,
        2.384820724627657,
        2.345116833653307,
        2.344409733704637,
        2.369290969312508,
        2.353114288016336,
        2.364867031604061,
        2.3955625798369913,
        2.3689004493202392,
        2.4344304974736146,
        2.353168614096001,
        2.3487577012602117,
        2.3784648352507407,
        2.3376926103013163,
        2.3268585909105206,
        2.3528243136084517,
        2.3342851781293676,
        2.432192496694127,
        2.3427064598870815,
        2.307598486899374,
        2.3233357806850887,
        2.339736501608826,
        2.341209539731221,
        2.2957826094031666,
        2.295634161661938,
        2.313711999420937,
        2.3380638325216334,
        2.2806911041371607,
        2.3357224024147443,
        2.300313190963815,
        2.3033749836227835,
        2.308981398765933,
        2.3096105909596245,
        2.306321651862889,
        2.27530589970343,
        2.3233809668221643,
        2.272936007424599,
        2.325837060803033,
        2.265202807155407,
        2.288261032649541,
        2.275702076971035,
        2.3111417276504262,
        2.288452981131094,
        2.2711160941268447,
        2.2955835029429155,
        2.2828372250500606,
        2.3100898924188495,
        2.272818355150397,
        2.2475191281334532,
        2.241887724361957,
        2.265249725470075,
        2.2658461470757802,
        2.280188480904861,
        2.243210596505685,
        2.2849867914466473,
        2.223192048699571,
        2.2295460467387853,
        2.3188938123823117,
        2.2913325615591806,
        2.2676701192291957,
        2.31751272847305,
        2.3241594060333384,
        2.2830760580158187,
        2.288093858319263,
        2.2908631047415784,
        2.309834283709444,
        2.2932257932780358,
        2.2885455536490342,
        2.3036767033838004,
        2.291459136237025,
        2.267049604476063,
        2.297430956020097,
        2.2656000720725644,
        2.2715557992093043,
        2.251141365528578,
        2.28402583746947,
        2.2606024422108564,
        2.333480914843603,
        2.312765594531501,
        2.3137728803299873,
        2.3543234938276703,
        2.3229992768440106,
        2.3312412073368978,
        2.2902178220287586,
        2.3273987245073844,
        2.3033473525286485,
        2.3241355167683846,
        2.301941951401078,
        2.3459708274539977,
        2.3076347692703263,
        2.3127539534755104,
        2.3130789364400686,
        2.2812878009889115,
        2.3312216243147144,
        2.29854533708116,
        2.270048402748772,
        2.2990507879213666,
        2.336621752584418,
        2.3132027284860412,
        2.281228485902783,
        2.3115689142776215,
        2.2704238093902354,
        2.288163907017333,
        2.2787074712122486,
        2.282783228999112,
        2.246712888685826,
        2.2647472724251942,
        2.265342528557524,
        2.3089694023042715,
        2.2506447093812296,
        2.257435679233093,
        2.298467983403586,
        2.3065123145675015,
        2.291257310052834,
        2.283756082063468,
        2.2879616125551236,
        2.2926270997390925
    ],
    "min loss": 2.223192048699571,
    "training steps": 10000,
    "batch size": 256,
    "history size": 1000,
    "dataset": "enwik8",
    "end time": 1730481164.6952527
}