{
    "start time": 1730479599.7480845,
    "use_input_gate": true,
    "use_forget_gate": false,
    "use_output_gate": false,
    "use_state_gate": false,
    "use_new_state": true,
    "use_old_state": false,
    "use_residual": true,
    "n_layers": 2,
    "state_size": 32,
    "id": "2f6c7eab48afc841a4d017ec04c0574fbcf498a49e74270d4cca75306c3d4b5a",
    "loss": [
        4.52383667637824,
        3.659781051613916,
        3.4797106082012417,
        3.440710325635608,
        3.384561503173846,
        3.3541899249647806,
        3.3051011904440677,
        3.2468037323410615,
        3.19315631607741,
        3.127250755240047,
        3.0686522130322746,
        3.0411067393850235,
        3.0246751516879704,
        2.9778735092926145,
        2.9321040583508915,
        2.9105207364135723,
        2.8984760915241705,
        2.8617953156913614,
        2.806170754979302,
        2.8185963198475985,
        2.7534183580880813,
        2.8364971249465185,
        2.7654035954255667,
        2.761622091769328,
        2.712703679630283,
        2.7063713480944527,
        2.7642073649220715,
        2.7236344476933283,
        2.6832853910312666,
        2.711499013335392,
        2.6919879661700357,
        2.71264092133893,
        2.686672315147876,
        2.640363657081789,
        2.6198466460829373,
        2.6136754527619246,
        2.6170614124782365,
        2.623053903462731,
        2.5923358033476185,
        2.6146184617954855,
        2.555120113930534,
        2.581456335229142,
        2.579487432569802,
        2.5891919230843263,
        2.6080308757302952,
        2.545161792278296,
        2.558017713538903,
        2.5639359500306935,
        2.535578120909908,
        2.5785417647016624,
        2.528098071138253,
        2.533549962865067,
        2.5135822961509033,
        2.5445168890707177,
        2.518480115993231,
        2.5244082397333387,
        2.504278719274929,
        2.543753186370196,
        2.5334842361447727,
        2.539144108723903,
        2.5222130124662074,
        2.5023223978712736,
        2.5209654155604917,
        2.539308417236482,
        2.524173904791047,
        2.492500580693251,
        2.511020202579309,
        2.5025872636307716,
        2.4743845224956784,
        2.4849578642845915,
        2.4875579578300275,
        2.4906846921551824,
        2.520463494108981,
        2.4917948356582045,
        2.450658738423039,
        2.4689416314781005,
        2.461693649414567,
        2.4698693931812525,
        2.484587192418099,
        2.5142928399361426,
        2.451248881337488,
        2.443567382180707,
        2.4286633765296237,
        2.4376881511246276,
        2.456892663373043,
        2.477793454773881,
        2.475582561430421,
        2.3877377464123355,
        2.450462292002419,
        2.4451457896833917,
        2.3928169726759396,
        2.432383608946475,
        2.421340233852482,
        2.4589538427029427,
        2.4210488445201555,
        2.394800026915026,
        2.406099210123601,
        2.387050033461924,
        2.4175074899857796,
        2.4847739590948126,
        2.405795853878124,
        2.3846592625806204,
        2.3872169053012917,
        2.413606864988851,
        2.401584795481737,
        2.38600121241239,
        2.363866666704491,
        2.374765567892714,
        2.365006676087627,
        2.40532529386273,
        2.372070928558451,
        2.389084426205538,
        2.3508512372195525,
        2.38666780624545,
        2.350769983747596,
        2.3503360321716116,
        2.36326425970824,
        2.342254004812476,
        2.330334848425109,
        2.3920905202841793,
        2.35526830743886,
        2.382957677741166,
        2.360269541209226,
        2.3062307468351984,
        2.3150538182668243,
        2.329888592182175,
        2.339941194621678,
        2.33796661436362,
        2.3568049974082674,
        2.3620707778413084,
        2.386890809345347,
        2.385498369410532,
        2.3551340964384133,
        2.4046243988261335,
        2.3649144311987453,
        2.349892326720935,
        2.3847675644011943,
        2.357996915242074,
        2.3639638997971057,
        2.403622052954151,
        2.338900879861854,
        2.361030329291625,
        2.3684012662137865,
        2.337266836053565,
        2.358123127758132,
        2.3634288011736855,
        2.3567076412787844,
        2.327726381706807,
        2.335526598596282,
        2.3197892457713345,
        2.3346968041499743,
        2.322810253359891,
        2.333684559073433,
        2.353906379025112,
        2.3425504830327277,
        2.3488074018360985,
        2.30819447143796,
        2.3175640790128638,
        2.2789975384603194,
        2.381221087453995,
        2.3313494846001657,
        2.322675573746284,
        2.292010245162211,
        2.3420252250101385,
        2.2990109495929283,
        2.3167562546434795,
        2.292277622619504,
        2.2893997289153134,
        2.314688931686224,
        2.3334991596801373,
        2.3368807463158032,
        2.31979130106666,
        2.292116832369409,
        2.258562134064418,
        2.2761390692164376,
        2.2565898423510413,
        2.2754983118487044,
        2.2836471821607627,
        2.301361258503613,
        2.326599391508418,
        2.3030675055276126,
        2.297422296793362,
        2.301046338625254,
        2.325324847324773,
        2.327857384587155,
        2.2528739566508142,
        2.2782663725169416,
        2.283266599508986,
        2.287627597391989,
        2.32835147165417,
        2.296710115488752,
        2.306338374644353,
        2.2959181103819235,
        2.2922041291405346,
        2.303316864919426,
        2.3140364365070885,
        2.3288143870789186,
        2.285227050277795,
        2.283489994019399,
        2.299758194146877,
        2.272604491572285,
        2.268061717726696,
        2.2293934384960044,
        2.2481446380671124,
        2.309440744532988,
        2.2891845277268357,
        2.283297322823776,
        2.2470701973326657,
        2.2388770709742496,
        2.301156571930402,
        2.286178100513695,
        2.266357977364243,
        2.274196976898427,
        2.2683562985448367,
        2.2448635124170337,
        2.254759049936624,
        2.2179167777186692,
        2.290605196501142,
        2.26746616403761
    ],
    "min loss": 2.2179167777186692,
    "training steps": 10000,
    "batch size": 256,
    "history size": 1000,
    "dataset": "enwik8",
    "end time": 1730479639.0481973
}