{
    "start time": 1730478394.9299653,
    "use_input_gate": false,
    "use_forget_gate": false,
    "use_output_gate": false,
    "use_state_gate": false,
    "use_new_state": false,
    "use_old_state": true,
    "use_residual": true,
    "n_layers": 3,
    "state_size": 32,
    "id": "2fc8e466977c63568015d1822f4becc58f746025794333941ce004c15fd89cde",
    "loss": [
        4.846862816656805,
        3.675849119219175,
        3.5027597592141158,
        3.4731101216907527,
        3.3950601790384733,
        3.4089304564436342,
        3.386727637572981,
        3.365412233434537,
        3.3247202634394646,
        3.3123092642848446,
        3.2800573624411578,
        3.2392973880124893,
        3.2282368196829525,
        3.2244540272237816,
        3.2130849289371395,
        3.1833245240031305,
        3.2151967262373775,
        3.179850420003404,
        3.155525785841242,
        3.1232912026626383,
        3.1410644135179733,
        3.1211568504876617,
        3.1321134513999667,
        3.1117699451964205,
        3.0710938742255722,
        3.0738120125215245,
        3.029130418639036,
        3.0745432791636156,
        3.0273320445469927,
        2.982131843803341,
        2.9559489889479047,
        2.985006199377524,
        2.9453769577229325,
        2.934521244103108,
        2.9256110389947114,
        2.88982343227652,
        2.863264373802751,
        2.890201745860981,
        2.892749101595876,
        2.8800356721296967,
        2.864620151786275,
        2.8543966610922773,
        2.8420737285437028,
        2.8157775158982132,
        2.836472750847833,
        2.85398225917322,
        2.7870191511043423,
        2.7670279703649765,
        2.7980297185099707,
        2.78375398604813,
        2.7494013586100894,
        2.770209130005114,
        2.7860761150812943,
        2.7768053720403234,
        2.7571002328312364,
        2.7333066957540435,
        2.7236100762806266,
        2.7326273160423953,
        2.729493439648312,
        2.7821097121309912,
        2.702426454786694,
        2.7044515205096253,
        2.6980376811981004,
        2.6745635196734128,
        2.702780712229136,
        2.6889992746086167,
        2.6756370903851217,
        2.662709328148873,
        2.6480677584411056,
        2.6330854574391256,
        2.6307229282697993,
        2.62641343051685,
        2.6406320707213826,
        2.639492927843722,
        2.619706679504204,
        2.661051346604885,
        2.638226611455537,
        2.6536297032175704,
        2.60753406017943,
        2.6589573691129895,
        2.675067347142121,
        2.6417393858636595,
        2.595563522796765,
        2.6084600782705203,
        2.6291794556010566,
        2.590402669316679,
        2.5989190920276815,
        2.58378535136685,
        2.5873689100154404,
        2.5756835045198305,
        2.5540372489413024,
        2.615157997295303,
        2.607219220160939,
        2.632195912243949,
        2.602359495280806,
        2.6195116695883716,
        2.6171691341099934,
        2.5971903367414426,
        2.604596910277826,
        2.6064551705637076,
        2.6127158512362243,
        2.6056829935570702,
        2.6261024961706436,
        2.5882976174963694,
        2.5783060405097498,
        2.56905534366203,
        2.550832052469385,
        2.568058074786826,
        2.56681685964579,
        2.5619675894620184,
        2.5655106748675274,
        2.584095185824181,
        2.5864091711138477,
        2.5996559480138233,
        2.528680144311817,
        2.5553147383282866,
        2.5427254618640243,
        2.5453826174673058,
        2.5521094412553325,
        2.5645067540227258,
        2.5668644179246405,
        2.543806900946296,
        2.562184606010828,
        2.5431874118213673,
        2.528932263580771,
        2.5703233265608065,
        2.559197773400974,
        2.5700063043408106,
        2.6049470992091566,
        2.5517558908032814,
        2.5714849909809456,
        2.515992202726142,
        2.53941489143674,
        2.5592803287836046,
        2.585084384513233,
        2.548869402795977,
        2.507295961650681,
        2.5462265391859917,
        2.5375654788393778,
        2.5820568854283725,
        2.5254512613033824,
        2.529636551834956,
        2.5100796371207563,
        2.488618935330139,
        2.508320432830933,
        2.492625321503267,
        2.520889619291907,
        2.5320727199377915,
        2.513444675808003,
        2.5327591164339354,
        2.519166788488237,
        2.4726734396355554,
        2.5119246645906492,
        2.5580616757352765,
        2.4737171049418296,
        2.5114553988239683,
        2.4990975237425546,
        2.5298202696772587,
        2.5303106638914743,
        2.5417998712020666,
        2.4918016731260275,
        2.479341013847106,
        2.4793022473258146,
        2.49800808235836,
        2.4912959928180056,
        2.471011002871268,
        2.477591634899342,
        2.485664156448729,
        2.4729834811278026,
        2.5146142654431025,
        2.496867162790218,
        2.479643910139614,
        2.455787290779672,
        2.4481006687000635,
        2.4226433097527673,
        2.454421974637106,
        2.4743322452299155,
        2.4294172614243608,
        2.470701654263932,
        2.5433268411575307,
        2.4901418034351517,
        2.5075715792564766,
        2.485506622162831,
        2.5103621353904737,
        2.4941124543882345,
        2.47908404651529,
        2.4924103185300983,
        2.480634200229343,
        2.472647349898657,
        2.4490933314002987,
        2.4879797419406553,
        2.4763704148345482,
        2.421571632207487,
        2.4842516732940547,
        2.486180047817968,
        2.4642848890258473,
        2.4616514386228414,
        2.4557903543559867,
        2.4803299625323443,
        2.495437125665183,
        2.506127709336941,
        2.4646855430914196,
        2.4935329490462137,
        2.435818449670433,
        2.4750355313409007,
        2.4712816369130284,
        2.490666671434049,
        2.476690700098618,
        2.484349446916687,
        2.4532780393047786,
        2.5035909961409093,
        2.460520423675259,
        2.474986072767858,
        2.5185011609389303,
        2.4974606670010977,
        2.45857738480652,
        2.4684932540607463,
        2.47106681090245,
        2.4606635949486955
    ],
    "min loss": 2.421571632207487,
    "training steps": 10000,
    "batch size": 256,
    "history size": 1000,
    "dataset": "enwik8",
    "end time": 1730478419.0088382
}