{
    "start time": 1730476280.4390924,
    "use_input_gate": false,
    "use_forget_gate": false,
    "use_output_gate": false,
    "use_state_gate": false,
    "use_new_state": true,
    "use_old_state": true,
    "use_residual": true,
    "n_layers": 1,
    "state_size": 256,
    "id": "3002dd6e3e813732114c13dea426281ac27e7b9b07ab02f2bdce459a53a0ec86",
    "loss": [
        3.582497362246063,
        3.184222486196495,
        2.9509277855930818,
        2.8247341446845944,
        2.718806035018986,
        2.6384971895357965,
        2.6088584939137216,
        2.540505207772783,
        2.5204184287932225,
        2.4567266332781994,
        2.4101901317491183,
        2.4166086709578667,
        2.3453623579516965,
        2.343645368427863,
        2.324963426673479,
        2.343608262473903,
        2.3089740060272095,
        2.2998184565019417,
        2.2916487771193217,
        2.3818557129568627,
        2.2806640506353464,
        2.288833715837182,
        2.2516640000143537,
        2.222583298304094,
        2.254682794768114,
        2.241539273281422,
        2.188333396590748,
        2.1707298796490835,
        2.178225783583615,
        2.1914896606470795,
        2.1559678109591425,
        2.1450688563730567,
        2.1206646859110183,
        2.151318233504539,
        2.1075521231477796,
        2.117393060673765,
        2.101620456876107,
        2.064755181279626,
        2.091350424365546,
        2.167117569450056,
        2.066922709466725,
        2.053814871558288,
        2.0757215202002692,
        2.0728526861902847,
        2.0242497655290532,
        2.0231844930459024,
        2.059734115912144,
        2.0489009495899904,
        2.0397109133780447,
        2.0370380301906152,
        2.0335579226223714,
        2.0098194122275883,
        2.0299393005648203,
        2.026699459349392,
        2.040165536498368,
        2.0217357826146,
        2.014692707149661,
        1.9817877295206408,
        1.9961026124844163,
        2.09133097746699,
        1.982615113775559,
        1.9534237868751712,
        1.9343324180479864,
        1.9933068102417781,
        1.9414730751899916,
        1.9558226414955415,
        1.9375621784546573,
        1.9419713499465256,
        1.9104656695276734,
        1.9305462898192056,
        1.948111633221565,
        1.9383583478081459,
        1.957097084144997,
        1.9222848738218914,
        1.8851034622666154,
        1.8922955224463673,
        1.8661347606385672,
        1.8855031597052834,
        1.8970331897262194,
        2.021742703875792,
        2.0098106469567463,
        1.9560233756900174,
        1.9407951113205069,
        1.9225078723975064,
        1.9701081093880286,
        1.9002786661788864,
        1.8893071960868821,
        1.8618383709797888,
        1.8937314300484132,
        1.8834597796239925,
        1.9016328152972433,
        1.9000934904470324,
        1.878234769842714,
        1.8763809424562665,
        1.8667755794852807,
        1.8436062272089544,
        1.8545553846749716,
        1.896907371256949,
        1.8389000661194645,
        2.0046894976636285,
        1.9555023551025923,
        1.8512279122031334,
        1.815969128307198,
        1.864755906510708,
        1.8542939264255018,
        1.8933497964503414,
        1.8924829448601044,
        1.851604508747813,
        1.8346913026054212,
        1.8827590166393837,
        1.834683809850358,
        1.829333502325733,
        1.8507178551512378,
        1.8634679011039155,
        1.8551189572344073,
        1.8433568198761259,
        1.871378570923323,
        1.8552684430127198,
        1.8324476233072786,
        1.9750056754387306,
        1.8461690324370206,
        1.810940998275105,
        1.9074047920579333,
        1.8586988709706014,
        1.7854460184091336,
        1.7943413788269413,
        1.819345847768896,
        1.8586135575048994,
        1.8364173712586187,
        1.8351255411777612,
        1.8433754685843349,
        1.8119587838228306,
        1.8145181824151169,
        1.7862942198875003,
        1.825212601439514,
        1.800029234363935,
        1.8471614061082091,
        1.8108360420218552,
        1.8620172049254609,
        1.9398217966785913,
        1.8743085480070596,
        1.8982458480876436,
        1.8100276341950363,
        1.8171581337553213,
        1.8201282239828127,
        1.8178861433367555,
        1.8197725355061156,
        1.8389939114061014,
        1.7933917396684098,
        1.8233785282477464,
        1.7887225838557987,
        1.793662337905084,
        1.779484555322228,
        1.751445279200167,
        1.7305205637147592,
        1.7944134349846748,
        1.7574554794141948,
        1.735123658780335,
        1.7475907465013465,
        1.9045609950539213,
        1.866960275646372,
        1.8401059800089452,
        1.797396502912158,
        1.8137769500929544,
        1.8374058489433933,
        1.8036582635825045,
        1.789258582303345,
        1.7871077735056535,
        1.7890366405845068,
        1.8667542433490616,
        1.8225166534316435,
        1.7968470332821245,
        1.8092347627902956,
        1.7755456482545349,
        1.7439807766856472,
        1.8051087401694665,
        1.8264561791443732,
        1.7371729845956563,
        1.8035949921087921,
        1.9590118902993445,
        1.8531105843145252,
        1.825852363091941,
        1.8365048048420365,
        1.8301895514917017,
        1.820961216892591,
        1.8111248857622269,
        1.8030356688456206,
        1.7872491701747548,
        1.7762868870672535,
        1.82040646690309,
        1.7628228280489289,
        1.850959559033559,
        1.781491175956672,
        1.7465225694825353,
        1.7845015963302804,
        1.788213684433399,
        1.7591771439665342,
        1.7675059412044676,
        1.7908831111442503,
        1.904319754502963,
        1.8490752505627581,
        1.8150396006664893,
        1.794790327681027,
        1.782524694811121,
        1.7455789136507696,
        1.7945061767761905,
        1.7651400620158115,
        1.7991526889902982,
        1.7447323269656558,
        1.7186997687120467,
        1.7355694995294166,
        1.7594243052157503,
        1.7204443593551533,
        1.7580711149123893,
        1.7558900671536175,
        1.7430371430188132,
        1.7658223508521906,
        1.7964225770672873,
        1.7353825950571635
    ],
    "min loss": 1.7186997687120467,
    "training steps": 10000,
    "batch size": 256,
    "history size": 1000,
    "dataset": "enwik8",
    "end time": 1730476299.235365
}