{
    "start time": 1730478223.2165964,
    "use_input_gate": false,
    "use_forget_gate": true,
    "use_output_gate": false,
    "use_state_gate": false,
    "use_new_state": false,
    "use_old_state": true,
    "use_residual": false,
    "n_layers": 3,
    "state_size": 256,
    "id": "3179f97cc74a667bd52b885fe1d8a0a8710f0c862757e6134b2db118e08f1e73",
    "loss": [
        4.3845407617482035,
        3.6229516784982,
        3.5050739253454997,
        3.5037144574870758,
        3.518707078511729,
        3.464355832791275,
        3.4736528619894025,
        3.5094962924491995,
        3.4916810325154484,
        3.4796228654496666,
        3.4845881450759366,
        3.4649075084394116,
        3.4703057192023303,
        3.4950174293574974,
        3.496718390932085,
        3.47832202869219,
        3.4930731217440525,
        3.5122893760250014,
        3.49686378713305,
        3.5371295992596896,
        3.500557401754627,
        3.512539728707,
        3.5112639582771172,
        3.4809510000136803,
        3.444210006118663,
        3.546538955563851,
        3.53592720988915,
        3.534577461342924,
        3.4996912522945407,
        3.515613001078716,
        3.569186156755059,
        3.5223002488369035,
        3.554358418470365,
        3.5238693763099422,
        3.5024514650346332,
        3.529406874023487,
        3.471100531346601,
        3.5545725490306843,
        3.5502316073757783,
        3.50067117004458,
        3.53227831585938,
        3.580438105974785,
        3.5602072522486616,
        3.561632397633648,
        3.546469820236113,
        3.584650399730485,
        3.566535161216809,
        3.560525772281721,
        3.57543807714538,
        3.53185529354107,
        3.592628736511444,
        3.5559664958225854,
        3.5812362922896117,
        3.593023191833836,
        3.5980800410199016,
        3.5567580469901525,
        3.540552461106797,
        3.565111086182748,
        3.5380720556554754,
        3.545894633602874,
        3.508007645257368,
        3.4932822661235345,
        3.5268743579615585,
        3.517215734996444,
        3.5498513894907915,
        3.513476262962346,
        3.537842979544132,
        3.5573370040125147,
        3.5547194602416132,
        3.5521302362228826,
        3.547073777568202,
        3.5384645582288807,
        3.548149058197829,
        3.526028936599143,
        3.5476051318997275,
        3.5302367528212897,
        3.540630386938007,
        3.5878632030682027,
        3.593991125775596,
        3.56776595571165,
        3.461474267547408,
        3.498208466123131,
        3.5255389626075457,
        3.5324766812839137,
        3.459947901115474,
        3.4818478750163413,
        3.5049990965698683,
        3.5246561623444834,
        3.5091991067566486,
        3.4525039706221174,
        3.4779458236524383,
        3.4961696387270083,
        3.457673346959367,
        3.4759171679783414,
        3.4872938403568394,
        3.466963012424213,
        3.473472442927971,
        3.452288993072054,
        3.4652185049362485,
        3.5010667585813398,
        3.493880989763662,
        3.533701130967351,
        3.5181618634902407,
        3.5078803193972488,
        3.499846184921606,
        3.511659913553652,
        3.5334125559082428,
        3.497174483051983,
        3.4641078046584073,
        3.4920923070443393,
        3.5163358648016443,
        3.5070791246444584,
        3.5025405497163162,
        3.5084820560675207,
        3.503836122015939,
        3.50306915986572,
        3.4938728165916926,
        3.4975735389598057,
        3.530950060938998,
        3.5390914879375175,
        3.495931740820081,
        3.540572154545697,
        3.519692792680264,
        3.516057396643619,
        3.484539309896308,
        3.5309952345675057,
        3.5098156116614043,
        3.4795762035518187,
        3.4911832755443437,
        3.4575916218026412,
        3.4754036389070877,
        3.4827874829847305,
        3.479015641275188,
        3.5082911523687335,
        3.4815743999236703,
        3.4814130167549187,
        3.515699562995459,
        3.49096067230612,
        3.47697057675082,
        3.50269881541227,
        3.542114532572675,
        3.519813493810419,
        3.4985565753545016,
        3.494072128157652,
        3.539889013368896,
        3.507375000585487,
        3.529003191340497,
        3.546877209550031,
        3.5120068035128527,
        3.5195347304980533,
        3.516887865812028,
        3.5148211049650273,
        3.512941356005541,
        3.4993486439050776,
        3.5241450382379598,
        3.501410444342483,
        3.505248937383416,
        3.5146253296705674,
        3.5486155044056047,
        3.4842418719190436,
        3.5148640611785718,
        3.5212420132505384,
        3.5015602269962893,
        3.5366145206516704,
        3.505814951226852,
        3.558310704260839,
        3.552019760687623,
        3.549084874476152,
        3.5512778403746386,
        3.5091578552137173,
        3.5540133348082765,
        3.548272498183635,
        3.536800067837788,
        3.52327634882602,
        3.5518502551019053,
        3.5305105811617774,
        3.5207214185494298,
        3.48971918066332,
        3.525145881326912,
        3.481740143322862,
        3.5233423963625254,
        3.5049385719327097,
        3.4969111453169646,
        3.5429039884200457,
        3.544167739250424,
        3.506096246482568,
        3.5224715592813167,
        3.5265230695340826,
        3.515513471680849,
        3.5247796050304223,
        3.554261814922389,
        3.513844526628093,
        3.5130661668041254,
        3.5360900169465377,
        3.5273746911588204,
        3.5135682118611853,
        3.503223139696966,
        3.5246792042472204,
        3.519054133881776,
        3.5628075429532906,
        3.5290894048190173,
        3.50374776433567,
        3.514551436701434,
        3.5323264246827013,
        3.5290725420421043,
        3.5066346564301805,
        3.525271412819017,
        3.5083172650176904,
        3.48459954807632,
        3.4983289541988776,
        3.514206728568101,
        3.506357845801205,
        3.4761671068609,
        3.534256088946006,
        3.543577440235904,
        3.50594501892882,
        3.4620967638354503,
        3.5103720494601647,
        3.524668531584329
    ],
    "min loss": 3.444210006118663,
    "training steps": 10000,
    "batch size": 256,
    "history size": 1000,
    "dataset": "enwik8",
    "end time": 1730478240.4040196
}