{
    "start time": 1730479292.628623,
    "use_input_gate": false,
    "use_forget_gate": false,
    "use_output_gate": true,
    "use_state_gate": false,
    "use_new_state": true,
    "use_old_state": true,
    "use_residual": false,
    "n_layers": 3,
    "state_size": 256,
    "id": "332df08b19782f551daec1e15a09e24f24096a763eb4c2dbde9c38b02a0a5004",
    "loss": [
        3.612959332037952,
        3.5233965607674347,
        3.293137954767293,
        3.125331093423965,
        3.0674803535269293,
        2.9890589010710453,
        2.9471115497093305,
        2.933247741323545,
        2.853773071942365,
        2.849411119929209,
        2.8110297891100866,
        2.8966123301092614,
        2.8397331116265994,
        2.7673743369343105,
        2.7374022580629385,
        2.7234547756564833,
        2.706939074453937,
        2.700750669833834,
        2.706401867100567,
        2.734732846389278,
        2.7203449653285103,
        2.657600521499723,
        2.6530875982774025,
        2.6096350499051004,
        2.583951629298053,
        2.585222806698604,
        2.569498986533905,
        2.591772842524925,
        2.542150465720844,
        2.532416210282711,
        2.5129821009536464,
        2.4922039747871154,
        2.516156773973379,
        2.50281057443118,
        2.48740774550052,
        2.499550091851328,
        2.5206918770875615,
        2.47426441112211,
        2.447787683127518,
        2.557853056636412,
        2.443793951816752,
        2.4688065059249547,
        2.4785035712373054,
        2.419766325348285,
        2.4435810562635396,
        2.422373308558432,
        2.4130196537881954,
        2.3829591563650654,
        2.411762018241257,
        2.385429945971018,
        2.371480711519567,
        2.3814846899660855,
        2.346449373453281,
        2.3245109349706787,
        2.373330528566235,
        2.3521777906828185,
        2.331102395151933,
        2.3279084712987386,
        2.342264907567563,
        2.426113661362315,
        2.3717164643006696,
        2.3521989392331375,
        2.3412196537005094,
        2.3075139772897253,
        2.315068393909788,
        2.312283183215939,
        2.2623749775411675,
        2.271837481479691,
        2.3147853781564995,
        2.290862168473509,
        2.2847433937072923,
        2.2787487553799055,
        2.266794734571152,
        2.278194019497433,
        2.271460644058471,
        2.298905806227479,
        2.2654424388028067,
        2.2465829342209123,
        2.240352963732173,
        2.335625996817914,
        2.310538727192884,
        2.2869849148970216,
        2.312993050987518,
        2.30999717220225,
        2.231680734967506,
        2.2759826013332263,
        2.241435996198578,
        2.2634423001546717,
        2.284908180080447,
        2.2660678674469867,
        2.3315304801788552,
        2.278900157017562,
        2.3104891351794503,
        2.276996447671588,
        2.2795435932102013,
        2.2869102004867417,
        2.2933611457487806,
        2.2144859810777486,
        2.1895877249911195,
        2.3686459839025353,
        2.302484189750639,
        2.3179426402193206,
        2.2739504794907632,
        2.2353549600159477,
        2.239702123355656,
        2.184173584873354,
        2.200771270927439,
        2.1866202655754976,
        2.2341327583944137,
        2.2481353795664654,
        2.222074231524352,
        2.2074868676220976,
        2.2080865747806433,
        2.2690257554017235,
        2.226007139572686,
        2.2155639637651605,
        2.229873418611816,
        2.20807652303218,
        2.1664806910885512,
        2.333289220456233,
        2.3254614143561394,
        2.2695172472890777,
        2.2626356886167764,
        2.229914768192071,
        2.2253539576369095,
        2.199740060596558,
        2.229352858397465,
        2.1727864923911286,
        2.177275746711034,
        2.229822893163502,
        2.275488822196456,
        2.2679726016629465,
        2.232741880484751,
        2.2564337561528034,
        2.2113990427851484,
        2.1966178935537837,
        2.178798399451349,
        2.2288874302946984,
        2.232825779885031,
        2.32715556299434,
        2.237718533210379,
        2.2270545578723495,
        2.216649671578525,
        2.189109387384902,
        2.197223126607753,
        2.223712255145599,
        2.204825005065212,
        2.161576816717799,
        2.2285943424921655,
        2.1974847786370724,
        2.158890815281182,
        2.1745201220900294,
        2.1924652958645705,
        2.1968511619150815,
        2.180091718493154,
        2.1953165464513917,
        2.2290197395821525,
        2.2292227350493996,
        2.1579203958491626,
        2.2853975441691103,
        2.2333054961062158,
        2.2108366235645196,
        2.177482021954427,
        2.1994040985108136,
        2.217008028941693,
        2.1767809063601744,
        2.1688132817667927,
        2.170748409326475,
        2.148109184754267,
        2.1808877233220314,
        2.164894083900574,
        2.1320348356806855,
        2.154521865372292,
        2.1750136606628483,
        2.174945427687674,
        2.147287231618604,
        2.1487433295683185,
        2.1811624182547087,
        2.1575398732429254,
        2.2505470823526426,
        2.2464564751373666,
        2.192353878386673,
        2.1936325870719298,
        2.1527345068187236,
        2.185556779164339,
        2.179060125006364,
        2.186679720498647,
        2.2180220096192005,
        2.196034645200431,
        2.1856771824952475,
        2.1973287235485994,
        2.187525181420089,
        2.1742877000413245,
        2.1885705683631724,
        2.179315012281097,
        2.1771514688825606,
        2.2243060894868947,
        2.178047603729091,
        2.184333753632718,
        2.2532955327171935,
        2.1909069444937628,
        2.211739179284148,
        2.1362931410753356,
        2.1582006211320857,
        2.118056052220238,
        2.1811720447918495,
        2.151842318684176,
        2.107490281347591,
        2.1864373190257353,
        2.2112133315701774,
        2.2101022210452497,
        2.1615887122224446,
        2.119699029768499,
        2.1634924191169675,
        2.1456554407340103,
        2.1270913113921175,
        2.144149497975433,
        2.1262663976384615,
        2.0700109267285516
    ],
    "min loss": 2.0700109267285516,
    "training steps": 10000,
    "batch size": 256,
    "history size": 1000,
    "dataset": "enwik8",
    "end time": 1730479334.4823
}