{
    "start time": 1730480012.1790042,
    "use_input_gate": true,
    "use_forget_gate": true,
    "use_output_gate": true,
    "use_state_gate": false,
    "use_new_state": true,
    "use_old_state": false,
    "use_residual": true,
    "n_layers": 1,
    "state_size": 256,
    "id": "37d5d4ee84f309a149a3cfb48a94adeb543d22254fab76a2a114199c8c1a6fb1",
    "loss": [
        3.8491923040798484,
        3.2912237620377565,
        3.029465219569858,
        2.947960107739131,
        2.814859721200366,
        2.7648350654403067,
        2.7286136860966432,
        2.6499859332423097,
        2.625876923232215,
        2.591604044410103,
        2.5661193073685156,
        2.5418413395595563,
        2.568875971298856,
        2.5007021777312075,
        2.505105396010039,
        2.4997350577701396,
        2.477442779182543,
        2.438373462146726,
        2.4381688346973687,
        2.4195274195972094,
        2.350112656263624,
        2.314967391533225,
        2.3059555767163373,
        2.323580548562482,
        2.274222495362429,
        2.269905510499483,
        2.2734472573171827,
        2.2431645382772905,
        2.2276330265403326,
        2.232537261361169,
        2.230604216266905,
        2.2235160243460905,
        2.1884976443069784,
        2.2052136879070603,
        2.170453643891693,
        2.1617515118218433,
        2.1685566503508786,
        2.1527416847826952,
        2.1465473960791175,
        2.167538789751752,
        2.1295751207451223,
        2.1681179375680477,
        2.131384069912061,
        2.089529185780515,
        2.111082575471041,
        2.105634895587613,
        2.094499399642567,
        2.045695623860749,
        2.0821041586586637,
        2.0581991224673772,
        2.0950027649199305,
        2.069569827637711,
        2.010011992932842,
        1.9941712218088947,
        1.9951127582385557,
        2.0276425938919616,
        1.9733340362544722,
        1.9761303235211263,
        1.9783846241274181,
        2.0625465271643697,
        2.0584539091222545,
        1.9978734884323346,
        1.9993682156527561,
        1.9882651091560828,
        1.9638298858138414,
        1.9537147092863691,
        2.0143127513683234,
        1.9536113034907967,
        1.9787699126467446,
        1.9466324660872538,
        1.991392725371527,
        1.9473982967750991,
        1.956927170761467,
        1.9920968525569394,
        1.9601015645142073,
        1.9334212239805284,
        1.9792319276997843,
        1.9728169963399902,
        1.9380671633220166,
        2.0585042432277847,
        2.0477183224221545,
        1.9568689399187615,
        1.9425433053926888,
        1.9210395272534697,
        1.9127491549035192,
        1.9077759794432438,
        1.891349785107669,
        1.842896729956567,
        1.8801632585876173,
        1.8852089813361315,
        1.8782251997408366,
        1.8635074145022585,
        1.8523522972104354,
        1.84727634529728,
        1.912924227855532,
        1.913182543222898,
        1.8866043750604204,
        1.869844082907859,
        1.9121930974032573,
        1.997964085686492,
        1.8422303547724856,
        1.8349240572961387,
        1.8489886899688976,
        1.8210307474011778,
        1.8425456374264841,
        1.8642140716130915,
        1.829272597180852,
        1.843981920840466,
        1.8850884272663795,
        1.8684001875851688,
        1.834746752681897,
        1.8552220498708503,
        1.8377731190197149,
        1.8240301222364286,
        1.8368112763709512,
        1.849720548261159,
        1.8381669451343037,
        1.8082662889598147,
        1.8325642172107839,
        1.9355006903212044,
        1.8968774954119358,
        1.9156825690689945,
        1.909063793146566,
        1.891846072051477,
        1.859141517425793,
        1.9133379587493857,
        1.8573793373876757,
        1.839561937280458,
        1.820163944133714,
        1.7840216228505963,
        1.8040433774156186,
        1.853045232621119,
        1.8275085374028648,
        1.8886612307947395,
        1.8467695071236916,
        1.831871309179493,
        1.8573382391012183,
        1.8458422480965901,
        1.8684911584264206,
        1.932155474630584,
        1.789348498242379,
        1.8096537142859792,
        1.779798917776239,
        1.7548887401538142,
        1.7487943140663669,
        1.798309324849506,
        1.7369775497222426,
        1.817907414188766,
        1.8207379187404034,
        1.7544063335550784,
        1.801610147354734,
        1.7469876221063803,
        1.7899610804836512,
        1.7306484951608905,
        1.7536843870710241,
        1.7075583486897004,
        1.7436979489632505,
        1.710790228081604,
        1.6690409042812895,
        1.8701874911100729,
        1.8404024458899213,
        1.8282123151146026,
        1.8559504225901597,
        1.791820685975478,
        1.7943618954877372,
        1.7577962050754425,
        1.7833080474025522,
        1.7479586548389991,
        1.7485072118172775,
        1.8123746641498506,
        1.8054293810530735,
        1.7827581744850534,
        1.819955075085036,
        1.7212914702851716,
        1.7726075749629933,
        1.744391452268915,
        1.7727061422241186,
        1.7436804085474247,
        1.7490623251316653,
        1.885569452927858,
        1.7413144265988139,
        1.741127474224285,
        1.706599233088559,
        1.7275217838417178,
        1.7088860641165693,
        1.710764623300197,
        1.7425038640921255,
        1.7383314291694072,
        1.7486064054186123,
        1.7194335577417659,
        1.7395544810816477,
        1.7176033991554045,
        1.7414872487461714,
        1.7140351619459464,
        1.7402441851854964,
        1.7223485062459263,
        1.7438336969709198,
        1.7251846019221773,
        1.7302487684261905,
        1.8522337295124969,
        1.8111276953798112,
        1.7937741877865132,
        1.824372403673685,
        1.777663237045594,
        1.7730817931310896,
        1.7628746931656303,
        1.6893113850495123,
        1.7445959929164228,
        1.7172807797780034,
        1.7302255111041287,
        1.7051261357603025,
        1.7085240404935924,
        1.7124255859735835,
        1.7273550679101317,
        1.718196344503362,
        1.7475284285530557,
        1.730197128832628,
        1.7515901700224863,
        1.7362189973979076
    ],
    "min loss": 1.6690409042812895,
    "training steps": 10000,
    "batch size": 256,
    "history size": 1000,
    "dataset": "enwik8",
    "end time": 1730480043.8811357
}