{
    "start time": 1730479929.7509692,
    "use_input_gate": true,
    "use_forget_gate": true,
    "use_output_gate": false,
    "use_state_gate": true,
    "use_new_state": false,
    "use_old_state": true,
    "use_residual": false,
    "n_layers": 1,
    "state_size": 256,
    "id": "38b636b15cd2a62301a7ec2721455b62534ab42e1ed02f66c7754253f0c149d0",
    "loss": [
        4.570497860288487,
        3.6518929175460833,
        3.5304306124918936,
        3.455631636296931,
        3.4363606370117092,
        3.4003502392334832,
        3.3989448269796756,
        3.3817511315576425,
        3.3936032969507495,
        3.3410507260538,
        3.368915966024619,
        3.355318497563213,
        3.3157935687921443,
        3.3074526643683493,
        3.3034401022844375,
        3.285972866443182,
        3.2864856655376387,
        3.281928197288467,
        3.283011983589005,
        3.258567351304986,
        3.25407209751256,
        3.241175881168684,
        3.201433830847324,
        3.1797250539705875,
        3.146938699240947,
        3.142244876734324,
        3.1081908880151237,
        3.081168147939738,
        3.1072102843610283,
        3.0069419595236164,
        3.053932678278993,
        2.96292711693935,
        2.930563495637533,
        2.912179850533585,
        2.9199639175354597,
        2.8583221837479655,
        2.8389197328893023,
        2.8681244458585864,
        2.8728204765099448,
        2.959191667717948,
        2.870848846038614,
        2.8384199302119035,
        2.827251161243725,
        2.829477457257791,
        2.7606104252858086,
        2.822598448018344,
        2.782329451973735,
        2.781373579305919,
        2.7884562286446952,
        2.7984502279020904,
        2.777909586133832,
        2.7726916339127716,
        2.7297947949692345,
        2.699099436375657,
        2.7209164856890236,
        2.71015460482105,
        2.706114426182556,
        2.6877776898502375,
        2.6362561674026774,
        2.808488708426354,
        2.661896530948014,
        2.6095394878469294,
        2.6126643678114796,
        2.6317519842819013,
        2.5916784789234986,
        2.6047311594370157,
        2.565310521587408,
        2.5563532662676813,
        2.61103096170195,
        2.5572307921730784,
        2.592514731727184,
        2.575724149429094,
        2.5766197861146916,
        2.56974419036178,
        2.586859845283857,
        2.5529002935331033,
        2.527501092118074,
        2.5259879202859676,
        2.524671540481725,
        2.6548411324148287,
        2.5785253207219525,
        2.5523090772405186,
        2.540537408510632,
        2.5148857366697217,
        2.5323301322557374,
        2.5271972241565677,
        2.497109852835907,
        2.5046289440577514,
        2.523021740451597,
        2.494144119622084,
        2.4886873105341523,
        2.5074850715553114,
        2.489675467708796,
        2.4770009498983394,
        2.4730772554392,
        2.4674709613358132,
        2.4853709147292906,
        2.4662647599768373,
        2.4877869753579454,
        2.6235158033905086,
        2.446401423672038,
        2.500783742723331,
        2.4932220668105405,
        2.4672514312847844,
        2.4701967852095366,
        2.454865737464574,
        2.43432158230402,
        2.443939371666728,
        2.4439187381923033,
        2.4440053042024696,
        2.4795457777542125,
        2.4514933031486557,
        2.503662861719383,
        2.487287349340968,
        2.4275687477105126,
        2.441741906576678,
        2.45417150371213,
        2.4678183367971966,
        2.463991065568167,
        2.5873037283869005,
        2.4197903852084637,
        2.398068272557986,
        2.4172817793847754,
        2.399815933937724,
        2.45223356861478,
        2.3768556832414487,
        2.381085706776995,
        2.3767876057854895,
        2.355192615022542,
        2.404827907810651,
        2.404651685239052,
        2.4102763564851695,
        2.3617946330621096,
        2.395931326162585,
        2.3681483017730236,
        2.3589262242945783,
        2.3898061273603095,
        2.4068386640094377,
        2.36971001798236,
        2.5153169882434034,
        2.4237610667874243,
        2.410206160264363,
        2.4175818002148612,
        2.3873650537560813,
        2.412194118981208,
        2.414548054595036,
        2.3748425323541773,
        2.3610396511646403,
        2.3878121710233673,
        2.3545755931514916,
        2.3435275025539566,
        2.357614719913631,
        2.361373543461965,
        2.359217174003397,
        2.349115584053929,
        2.349552719103923,
        2.3505270355642023,
        2.3986379025746225,
        2.3915733889228576,
        2.4972974612997554,
        2.3817397914162495,
        2.387299298420714,
        2.411387359102584,
        2.3766032785465514,
        2.3913266549491974,
        2.3569921693356553,
        2.3590220688265506,
        2.347629109909338,
        2.3559229350800215,
        2.3616472103764994,
        2.36546743265017,
        2.365217956249858,
        2.373666234703521,
        2.3648531456419994,
        2.366588492269796,
        2.330017364010333,
        2.3619196151934396,
        2.3325602850140235,
        2.3372223475211964,
        2.462858774167155,
        2.299272253772147,
        2.3017508615331157,
        2.3086779330385285,
        2.321435366188653,
        2.324480930305436,
        2.3132928743707764,
        2.3286483624862457,
        2.2890531514801,
        2.3318042451218024,
        2.3038076342354037,
        2.3159455972683034,
        2.331583218683002,
        2.3324751591704485,
        2.320450842427673,
        2.3154629859751212,
        2.3361113896939156,
        2.3127563708933514,
        2.3178376997750303,
        2.348869558892306,
        2.4129703769693616,
        2.3328894158397824,
        2.283508940830398,
        2.3135437610681704,
        2.284785058850796,
        2.3347517208780704,
        2.2762753847811594,
        2.337040980453282,
        2.3098340829816846,
        2.3136114398259453,
        2.300848140774513,
        2.277469097029339,
        2.2635336085500763,
        2.2948128999996946,
        2.2800851003609406,
        2.2723101062213718,
        2.265240326217711,
        2.3015404531494896,
        2.272383746687814,
        2.2933782255053
    ],
    "min loss": 2.2635336085500763,
    "training steps": 10000,
    "batch size": 256,
    "history size": 1000,
    "dataset": "enwik8",
    "end time": 1730479947.2394087
}