{
    "start time": 1730478361.8705366,
    "use_input_gate": true,
    "use_forget_gate": false,
    "use_output_gate": true,
    "use_state_gate": false,
    "use_new_state": true,
    "use_old_state": false,
    "use_residual": false,
    "n_layers": 2,
    "state_size": 256,
    "id": "3bb9b77ad93759a7a562c7323e0a24bafad2f5f1c9d400b10c1a3fb8658fd7b7",
    "loss": [
        3.6856866273518474,
        3.4288779818167794,
        3.296294691947766,
        3.159303448810394,
        3.0562931976969905,
        2.9978090681910206,
        2.888275130831915,
        2.7922704168833516,
        2.7158414728134583,
        2.717689091932962,
        2.6551570761266925,
        2.609163332685357,
        2.5378453898925937,
        2.4941008141017793,
        2.5151396662869607,
        2.4495604880781108,
        2.4415614567212356,
        2.405638455267658,
        2.430528698086192,
        2.444153132481773,
        2.4463800123842936,
        2.352909346304369,
        2.3474022438617093,
        2.3577532355347457,
        2.2677466058089193,
        2.2521418517292933,
        2.2512038162150865,
        2.2776141508630827,
        2.2679355149388303,
        2.2501938504650845,
        2.28931317456122,
        2.21672674569654,
        2.2113370107218904,
        2.2150146017197176,
        2.2011814997414385,
        2.226852521109961,
        2.1808286451457755,
        2.1651123481901666,
        2.152224928846527,
        2.2822125727062508,
        2.1716937565651215,
        2.1331551804750246,
        2.151373836751572,
        2.119776085785521,
        2.0900038483218317,
        2.078887740149344,
        2.108551099238016,
        2.082155775422487,
        2.0706013241229906,
        2.046789739069442,
        2.019580036872711,
        2.0779812991650286,
        1.9946760893701294,
        2.015179435804458,
        2.0525086597180393,
        2.0066193245596726,
        1.995063788753384,
        1.9744009727414698,
        2.0206277925775313,
        2.149478655205227,
        2.130827813738759,
        2.1164273499913544,
        2.0889679460580983,
        2.0652824158652625,
        2.053370285346755,
        1.9952325445307335,
        2.0039022576777574,
        1.9777823516550486,
        2.0608143035718767,
        2.0085088652560237,
        2.0411455368015115,
        2.0089867537984554,
        2.0278977394154682,
        2.035253157095658,
        2.047023749602996,
        2.0117071536844913,
        2.000436997127734,
        2.0097867509946226,
        2.0151618991391853,
        2.116031983989057,
        1.9987209417165355,
        1.9698932190242577,
        1.958136141229922,
        1.9582943424101817,
        1.9219522026070746,
        1.957890929302086,
        1.9625761616566018,
        1.9420545622661811,
        1.9582603901641464,
        1.9043970184405739,
        1.942931878557383,
        1.9313929184579448,
        1.8913901917367708,
        1.922817045726685,
        1.9174944850283335,
        1.9121228225639406,
        1.8662455458177145,
        1.8556677968466284,
        1.8304966891440184,
        2.004477209665416,
        1.937473444486337,
        1.9166172614447519,
        1.9036790456488994,
        1.8738862052704,
        1.8944335611862055,
        1.8936070339919553,
        1.9006098515315577,
        1.9306055640219195,
        1.884393633022705,
        1.8682545718931773,
        1.882973489235998,
        1.9390738966055856,
        1.9434588991856805,
        1.8798345338328533,
        1.8606373190923395,
        1.8465696251606025,
        1.8696643687453447,
        1.8461301854969234,
        1.892969489282813,
        2.0274364626611496,
        1.953584555258447,
        1.9557235664392179,
        1.944214317463464,
        1.9479991805310393,
        1.8851819290557397,
        1.8460541443925185,
        1.8615777425741225,
        1.8863651966190806,
        1.8578127023137831,
        1.8693896467676292,
        1.8467603484866328,
        1.814797504585017,
        1.8553960715313695,
        1.8465289309043453,
        1.800329574626997,
        1.8784134057836122,
        1.8561197892304442,
        1.8251640815064425,
        1.8331566361242522,
        1.9800144768370025,
        1.9037402240024228,
        1.8368229987131284,
        1.8516056697668821,
        1.8609647158609552,
        1.8923760040701592,
        1.8581442078962307,
        1.8210561058093062,
        1.864169453274062,
        1.845076654239563,
        1.7892706495653838,
        1.7747126809439049,
        1.802771072488058,
        1.8073884900557955,
        1.7534435600726623,
        1.8027988612319508,
        1.771228773546324,
        1.7702652166065027,
        1.808757940518794,
        1.7902273186112583,
        1.9127935005707053,
        1.842706128009789,
        1.8402222284600307,
        1.8263996304194898,
        1.8238200077251703,
        1.776024104417503,
        1.8277625411549527,
        1.8034387456716376,
        1.810960164742623,
        1.7990501870257358,
        1.7943835173616949,
        1.7800389846961204,
        1.795660576964873,
        1.8267709057426758,
        1.7751432385210981,
        1.7561617876360547,
        1.748930371257242,
        1.7702843990750161,
        1.7466746676474263,
        1.763183919723946,
        1.912276683094431,
        1.9267278145217934,
        1.8777550870339956,
        1.8597264730187177,
        1.8707389782961152,
        1.8471271321396296,
        1.839115691884037,
        1.8297009341355714,
        1.8189557936839578,
        1.8014810805820047,
        1.7980168139451451,
        1.7530841102587689,
        1.7829999816013127,
        1.841502998956531,
        1.7649371713048292,
        1.7857684416056685,
        1.7990811726826172,
        1.8226471849376642,
        1.8010973309296163,
        1.7940397103357868,
        1.9255264137724617,
        1.8590112244244799,
        1.8319173964433955,
        1.8168021637840637,
        1.8226405608272718,
        1.826546913976438,
        1.806645640092175,
        1.7725588507508887,
        1.8025467020147807,
        1.7971981117945939,
        1.7964952494199948,
        1.7944947435101941,
        1.802086886345786,
        1.8109926145386357,
        1.7594243591580838,
        1.7647585597132003,
        1.8238924230101616,
        1.7446492167749161,
        1.720569492722413,
        1.7289691438827726
    ],
    "min loss": 1.720569492722413,
    "training steps": 10000,
    "batch size": 256,
    "history size": 1000,
    "dataset": "enwik8",
    "end time": 1730478400.7140265
}