{
    "start time": 1730480443.9848418,
    "use_input_gate": true,
    "use_forget_gate": false,
    "use_output_gate": false,
    "use_state_gate": true,
    "use_new_state": false,
    "use_old_state": true,
    "use_residual": true,
    "n_layers": 2,
    "state_size": 256,
    "id": "3d14fcc609b48ad05f220f73fdc47be9ce02988fff9fedf5fa614a8c9122fa24",
    "loss": [
        3.722490275639831,
        3.459016825514417,
        3.3726760671819207,
        3.1655806117245437,
        3.058952544773855,
        3.000810898250751,
        2.9236326020602186,
        2.883556024355588,
        2.844400985853329,
        2.803720097117965,
        2.7854951390942864,
        2.7399385262585554,
        2.7338681373027014,
        2.6545979326803653,
        2.646158217204969,
        2.651858989818773,
        2.5963339093868063,
        2.6064011413009096,
        2.6112030007983607,
        2.609975730910512,
        2.653886791411247,
        2.6182956683121206,
        2.5798599840555263,
        2.5696842855047897,
        2.5776579345446,
        2.5411503058241336,
        2.5578508617493707,
        2.5114675411100955,
        2.488791331867278,
        2.5124780208453834,
        2.44806865323057,
        2.4902472968556726,
        2.4709294862163746,
        2.445608449074828,
        2.5115078101086725,
        2.4790077947673765,
        2.467366490894078,
        2.4686490876038913,
        2.478278469067036,
        2.507144251092163,
        2.4395448423305837,
        2.418750755912131,
        2.393342638919357,
        2.4225367658830153,
        2.3661125511478156,
        2.427026045057699,
        2.372872719811326,
        2.3809866060685447,
        2.3905989498991933,
        2.3569968644587243,
        2.3942488524311494,
        2.345579840018268,
        2.3745810009260473,
        2.391849458281038,
        2.352951033851037,
        2.3053127342769266,
        2.328773398658816,
        2.3319197062556922,
        2.3566067143340375,
        2.380195163630109,
        2.3420437603409465,
        2.3321698217635545,
        2.3428566652260803,
        2.353783570406656,
        2.3177096003594624,
        2.2998397952755694,
        2.3382021806998865,
        2.3176689246447353,
        2.318546783488588,
        2.2869006518994857,
        2.3037394207114077,
        2.2937104741955276,
        2.3109393453171196,
        2.2851676527317437,
        2.2777184679970075,
        2.2894876656241845,
        2.2761280762369127,
        2.2844903183998166,
        2.3190810924464764,
        2.340305927030606,
        2.263743231789554,
        2.2895401628902228,
        2.2510863842660895,
        2.226898841072224,
        2.2516510788208755,
        2.261248658009801,
        2.2577166535816127,
        2.226865102406145,
        2.2093318948817764,
        2.2361458104702887,
        2.270801731535444,
        2.2438424236945647,
        2.2132630162248192,
        2.237767608666133,
        2.2099551460909215,
        2.2361075361670855,
        2.2513999690025757,
        2.240896964511688,
        2.2178535448174217,
        2.2494948879320598,
        2.2744100668331577,
        2.2565781772768974,
        2.230703166288369,
        2.236875089482531,
        2.208356930354723,
        2.228368391909705,
        2.236429355840511,
        2.196275122777176,
        2.2151445966492296,
        2.2148041259164137,
        2.183087910222426,
        2.202652799130147,
        2.197706123396008,
        2.198290006175794,
        2.2205082763415502,
        2.2094145727756054,
        2.2006673684951457,
        2.171942077000689,
        2.205705697119941,
        2.267732068466881,
        2.2214685828660006,
        2.2014577763163126,
        2.1898193077368378,
        2.2012694492781013,
        2.228189091497534,
        2.2073551966418776,
        2.2070235880487825,
        2.1740468007044935,
        2.2012235104774382,
        2.1823934030552326,
        2.1623679712197803,
        2.2108222510474116,
        2.2207919257823354,
        2.210591727562469,
        2.1684156340066636,
        2.1997672601802414,
        2.195713277672363,
        2.2228163257008395,
        2.1835214920348553,
        2.263175996917851,
        2.2070346981559257,
        2.167705483353448,
        2.183273215004074,
        2.175449687416531,
        2.1394275877335174,
        2.1539989387671605,
        2.1052250368336063,
        2.1232371292729804,
        2.1622824687113047,
        2.151562452338814,
        2.1341280701744267,
        2.1178660106900415,
        2.1552458355462973,
        2.1676937940050722,
        2.1000571205405762,
        2.1127209682816783,
        2.107764020217402,
        2.112538264179334,
        2.0982588053064735,
        2.186313145867101,
        2.1900568865217886,
        2.155457959059517,
        2.158798037069034,
        2.129642489035664,
        2.152478879576801,
        2.13533316830257,
        2.09893512124723,
        2.104656138314887,
        2.1069113061312517,
        2.1064351000354637,
        2.1139749730026782,
        2.105294493482326,
        2.032377757564485,
        2.0792464424942443,
        2.1033721937848378,
        2.077819932523154,
        2.1127477462705655,
        2.117709334513459,
        2.093654779794054,
        2.1594817660461696,
        2.1389929925006133,
        2.083129480636853,
        2.0487380541554288,
        2.083915511866458,
        2.0623661327947715,
        2.0879645090797614,
        2.047774104890182,
        2.06559726410542,
        2.0471622512750307,
        2.0679982134144566,
        2.0458269410361285,
        2.060569217777444,
        2.0855770978584056,
        2.042120723990566,
        2.053305501407486,
        2.0857813465408084,
        2.0651272802148055,
        2.028170155755523,
        2.0252706361715416,
        2.110290688608365,
        2.095627436022167,
        2.053562272581668,
        2.0684277997276874,
        2.0772554574123725,
        2.0477180350696003,
        2.048259267682017,
        2.066149930915158,
        2.0459011289983473,
        2.057072557659427,
        2.03645798553377,
        2.0605319272757345,
        2.061844210660882,
        2.081916001085933,
        2.075708592864088,
        2.0929676747298833,
        2.0569743898423343,
        2.0511126047348416,
        2.04091887874123,
        2.0600569610459356
    ],
    "min loss": 2.0252706361715416,
    "training steps": 10000,
    "batch size": 256,
    "history size": 1000,
    "dataset": "enwik8",
    "end time": 1730480470.233013
}