{
    "start time": 1730481094.8686538,
    "use_input_gate": false,
    "use_forget_gate": true,
    "use_output_gate": true,
    "use_state_gate": false,
    "use_new_state": true,
    "use_old_state": false,
    "use_residual": true,
    "n_layers": 1,
    "state_size": 32,
    "id": "3da15409cf88dacffbcea51923e37c5ecc3f533d88dd0b2de625645703ce23d8",
    "loss": [
        4.552275096223505,
        3.65799089766971,
        3.495036725274877,
        3.4367635976754216,
        3.341107910356105,
        3.2183309221234437,
        3.125840526492757,
        3.0940556758229714,
        3.024434577480215,
        3.001546937130465,
        2.982447854589752,
        2.9433245239924486,
        2.962849245868609,
        2.895129901744056,
        2.8758255207483163,
        2.8499316828379713,
        2.798201653316441,
        2.7781865774893735,
        2.7815766930912442,
        2.7228959276119302,
        2.7526972719012064,
        2.6890438245639348,
        2.6505893107065686,
        2.6562505603619306,
        2.6119144218767953,
        2.6288575477202545,
        2.6247225394634466,
        2.6316039777219102,
        2.6487634427030815,
        2.596844091946393,
        2.612023980165543,
        2.600417627615509,
        2.568179677196165,
        2.5773935077578187,
        2.5825295098113377,
        2.5530118013411514,
        2.600744054953728,
        2.621390576688162,
        2.5549350785810248,
        2.586467204815715,
        2.5434016557758996,
        2.551682358287375,
        2.5250650099902696,
        2.5596789722260858,
        2.510212894711691,
        2.4892806723477374,
        2.4897217190275227,
        2.4974177555401993,
        2.498627014464392,
        2.4900462564645918,
        2.528082935087666,
        2.4838833294832714,
        2.4841128165501396,
        2.474935985212323,
        2.500233601383336,
        2.460636878949805,
        2.5055986976162763,
        2.4918781825149012,
        2.4741172163852236,
        2.4804154815018866,
        2.495366566873896,
        2.5138488748899266,
        2.5103435975324646,
        2.5223734246329963,
        2.4531534574485363,
        2.4547687921296615,
        2.4581173652501906,
        2.4831715741764975,
        2.45874375555416,
        2.47020406146811,
        2.443732834891273,
        2.453714855530256,
        2.477484755431823,
        2.4703799952557057,
        2.4158993007784906,
        2.4328384600569133,
        2.4618815030784567,
        2.440140053770476,
        2.407634970015958,
        2.4502109502395815,
        2.3905295286514883,
        2.399840506165115,
        2.4385489599430072,
        2.409341579282027,
        2.398622034183911,
        2.3672372051104,
        2.376976769218935,
        2.4004273588734026,
        2.383951760844381,
        2.4036742035932543,
        2.402828778471256,
        2.3738107172773675,
        2.402925325397008,
        2.363762692002396,
        2.3786582950138153,
        2.3724896247869554,
        2.3640031096976983,
        2.374403625616757,
        2.3642492116825116,
        2.4262816814433212,
        2.3923945525291943,
        2.402308188313042,
        2.378098137248056,
        2.389770919926239,
        2.3948014766604673,
        2.3699424088606214,
        2.358930496108144,
        2.377903759700283,
        2.3813513690701575,
        2.3926405878368846,
        2.395492387308818,
        2.386055099187411,
        2.3908253158494404,
        2.368746334360379,
        2.3762027848644984,
        2.3803930136990465,
        2.3828512423738952,
        2.3668683363677676,
        2.3631281705451803,
        2.4231749510140586,
        2.3410103979563517,
        2.364550328669671,
        2.382160877819729,
        2.3659928758459436,
        2.4123585379175565,
        2.35649808655134,
        2.369657669512659,
        2.3514434621659746,
        2.378026432485714,
        2.3950963309523203,
        2.3554737563505457,
        2.336365728874133,
        2.345910293267705,
        2.3506020665419256,
        2.3773707505625357,
        2.3188140168334854,
        2.361548585923482,
        2.315679066511961,
        2.347664969556659,
        2.3968407560701364,
        2.3256496673501763,
        2.358041939070146,
        2.335923123860201,
        2.338022272525495,
        2.30231039381627,
        2.336794744529019,
        2.3610527793222014,
        2.3293188814547876,
        2.335108907537693,
        2.3202332453072243,
        2.3315124082302576,
        2.3723564359220037,
        2.3393680546388924,
        2.2973369774624803,
        2.3427995304274707,
        2.309804520438092,
        2.3512924716516057,
        2.3405228099976383,
        2.337384199173932,
        2.3650951284325656,
        2.3463602231361587,
        2.2795587117502345,
        2.3097290935903168,
        2.276669341007889,
        2.3238666861422086,
        2.31466547737478,
        2.301785789602141,
        2.3078953036602776,
        2.309482063499107,
        2.282884710502372,
        2.2638138418234526,
        2.2768720948921977,
        2.2836164606415394,
        2.3263990154710807,
        2.3383332148433027,
        2.318283104343814,
        2.3232809542572213,
        2.3019792711169123,
        2.34892580845469,
        2.361483685162676,
        2.3390106922660534,
        2.340091494719286,
        2.334218161338744,
        2.315191167807454,
        2.321459528205605,
        2.323058714575894,
        2.304346577735228,
        2.3051151046542886,
        2.3249062142089363,
        2.35178798833532,
        2.331586919042005,
        2.289022309728696,
        2.323524483795156,
        2.330234895655841,
        2.3270037923041964,
        2.373693016446684,
        2.3372753465004616,
        2.31059948105649,
        2.3120819402731385,
        2.2975538109563343,
        2.2848925400823012,
        2.269817034279456,
        2.313587438112374,
        2.3325981223925,
        2.31119488839073,
        2.3021693453233794,
        2.277559711798588,
        2.287220966127403,
        2.2733142906985284,
        2.2895850808729685,
        2.2399174012757572,
        2.2704237734097306,
        2.2954678142905713,
        2.288171909451969,
        2.2654083775804,
        2.281884458019581,
        2.2499733388280987,
        2.2526666800965707,
        2.249497236405887
    ],
    "min loss": 2.2399174012757572,
    "training steps": 10000,
    "batch size": 256,
    "history size": 1000,
    "dataset": "enwik8",
    "end time": 1730481121.4090495
}