{
    "start time": 1730483603.8642523,
    "use_input_gate": true,
    "use_forget_gate": true,
    "use_output_gate": false,
    "use_state_gate": false,
    "use_new_state": true,
    "use_old_state": true,
    "use_residual": true,
    "n_layers": 2,
    "state_size": 256,
    "id": "3e7964338ff786c852db73bf7108396a1dfc474544b96497e18d802a7e8c9f68",
    "loss": [
        3.774338146936735,
        3.4630202698805808,
        3.3067955047702102,
        3.0431375887794445,
        2.954437488087409,
        2.875461160594469,
        2.7860905266834064,
        2.774648500105583,
        2.7028639159241825,
        2.6346943304097983,
        2.5799489059876177,
        2.5749819721768743,
        2.5286912373717834,
        2.5098704424068923,
        2.4230090143925738,
        2.4743032261794715,
        2.4295069733373613,
        2.381978901705731,
        2.3783331130479537,
        2.3733186974893963,
        2.3072348078125935,
        2.317197781819876,
        2.2967223060998125,
        2.2883289853997106,
        2.2700718918626155,
        2.2520012459994287,
        2.233865018745924,
        2.186983482567693,
        2.177049860765017,
        2.2082001820679134,
        2.1675865280358333,
        2.1773247857943634,
        2.1193068461393976,
        2.160499413627576,
        2.1419883402454527,
        2.086375051331765,
        2.1020338148291504,
        2.092926492973838,
        2.0873133468590974,
        2.170323512810124,
        2.067396650835273,
        2.0364698341984124,
        2.0482050523209887,
        2.0385779345858204,
        2.059399642776949,
        1.9814412586646084,
        2.0095776630551025,
        1.9901966692761501,
        2.0270097981154063,
        2.0177993920710255,
        1.991171555702881,
        2.0191961406818533,
        2.0028794654062754,
        1.977173854975368,
        1.9693898350757175,
        1.9740585656204903,
        1.9264509520192687,
        1.9247493879792292,
        1.9186527712269594,
        2.0245341949994082,
        2.0153553872155685,
        1.9719243752394693,
        1.95925292392128,
        1.9224323915997479,
        1.939422892653464,
        1.92715827984462,
        1.945584172091111,
        1.887611166138661,
        1.9425387593022245,
        1.9130154715423853,
        1.8783775465516905,
        1.9004499043472773,
        1.9212548334977315,
        1.8870809758506193,
        1.8773105785072517,
        1.8465651660020677,
        1.8590048138813033,
        1.8448631417377608,
        1.8125658209668454,
        1.9541770632646103,
        1.8788664607187306,
        1.9224804258624624,
        1.909477934009182,
        1.8801159231445814,
        1.8768188135147976,
        1.871665096180927,
        1.8718016134563773,
        1.8343468501475593,
        1.8104186264129274,
        1.8131945134596303,
        1.82701649506311,
        1.8552327077487702,
        1.8567077700015617,
        1.8152698207437825,
        1.8228420975292279,
        1.869344849115921,
        1.8271333614372631,
        1.7998956762564788,
        1.8169034011175549,
        1.9780261768466691,
        1.8776110337147625,
        1.8380941886314368,
        1.832616303110382,
        1.826780117761437,
        1.7959270990523248,
        1.7888865865144739,
        1.788369764125593,
        1.7808321974159564,
        1.7959868724794108,
        1.7946442052913574,
        1.7687420348979987,
        1.7858686727302207,
        1.7720185137162143,
        1.7551027415806804,
        1.7727350542705507,
        1.779394998310652,
        1.777554282555966,
        1.7791733444072466,
        1.7868635493544789,
        1.9380784247494993,
        1.8009791738796708,
        1.7250946583770814,
        1.70247741649519,
        1.7211678944027846,
        1.7152744372001134,
        1.7413555318886837,
        1.7646977225262483,
        1.7425413891925265,
        1.712885366867703,
        1.6874378811234916,
        1.657050385041282,
        1.7222936684466028,
        1.7377068545194208,
        1.7312971252091134,
        1.7557193880061608,
        1.7148173608484618,
        1.6990527727864297,
        1.7089348117192293,
        1.729744039132103,
        1.838200601742154,
        1.7713932567218853,
        1.7353366511896045,
        1.7721537422177345,
        1.6966982977418705,
        1.7583519823214258,
        1.730144670377103,
        1.756070661605201,
        1.7708111094758625,
        1.7247231859552603,
        1.6854163985984334,
        1.7099627925860614,
        1.6884667632312043,
        1.7262213562651143,
        1.6850576563478008,
        1.7352220698838632,
        1.7259069945398566,
        1.750171462053176,
        1.7312151199046057,
        1.7010971318538888,
        1.8248373953844061,
        1.7445321497571127,
        1.763506261334641,
        1.7322362805048523,
        1.7405658828812118,
        1.750418028809874,
        1.7547176638053077,
        1.7418039638280787,
        1.7571951014413647,
        1.7773878651696748,
        1.7522788570737733,
        1.7409020800213904,
        1.7573174506712044,
        1.7234093101647405,
        1.7068882200036208,
        1.7184503735545966,
        1.6885767333548654,
        1.7086953338203938,
        1.6841809139603023,
        1.7012823724479027,
        1.8423837154033085,
        1.764747866028667,
        1.7333827539986084,
        1.6925671892582468,
        1.696738161922862,
        1.6924980036686914,
        1.6668826160269201,
        1.697309617558555,
        1.7065263503080688,
        1.6946192129493067,
        1.71979623414639,
        1.6605295277925263,
        1.7377616482144103,
        1.693143092114988,
        1.7099427776538587,
        1.7532826198962859,
        1.7043338493408355,
        1.7006769749865969,
        1.6688493797656454,
        1.6901448294187085,
        1.8412718614315757,
        1.7895270252980524,
        1.7542335307585384,
        1.6695478838163176,
        1.7347508041088353,
        1.7010448532768478,
        1.6492662675052094,
        1.7175323381828085,
        1.7037917473756625,
        1.6810081762950058,
        1.6395819175604773,
        1.704933168751573,
        1.6678803628439853,
        1.7515707440385606,
        1.699717012889106,
        1.7126584283573403,
        1.7008252810438205,
        1.6760956435783534,
        1.6642428898087167,
        1.7036010361491931
    ],
    "min loss": 1.6395819175604773,
    "training steps": 10000,
    "batch size": 256,
    "history size": 1000,
    "dataset": "enwik8",
    "end time": 1730483648.0273256
}