{
    "start time": 1730477332.8815522,
    "use_input_gate": false,
    "use_forget_gate": false,
    "use_output_gate": true,
    "use_state_gate": true,
    "use_new_state": true,
    "use_old_state": false,
    "use_residual": false,
    "n_layers": 1,
    "state_size": 256,
    "id": "3f5406bfd6521a0806ccf0f62a91dd6b86bde1054c36b80c7ef6b47f51de382f",
    "loss": [
        3.6469279648640076,
        3.384036957499092,
        3.1033569193039425,
        2.8668809398801756,
        2.7835191249241498,
        2.6267471700285254,
        2.5910809068640517,
        2.54096758224187,
        2.482366155530941,
        2.508272544859533,
        2.4037451057213537,
        2.3862529274852986,
        2.3534039599141012,
        2.3619219226461046,
        2.295404280318733,
        2.28476408394351,
        2.25945251888049,
        2.249417968673739,
        2.212360176122168,
        2.213455816758474,
        2.2367601959901897,
        2.183520713587467,
        2.165250520837879,
        2.145773266117256,
        2.1502056110768795,
        2.116178849685311,
        2.126809902607152,
        2.1129171490469467,
        2.077313782495161,
        2.085275567214171,
        2.0730016948478527,
        2.0729285190760005,
        2.019639635264601,
        2.021560054036442,
        2.041618006339647,
        1.9658306290805,
        1.9880449453581368,
        1.9854943874864117,
        2.008091109762491,
        2.0598784283232288,
        2.0269464581872367,
        1.9468398005295484,
        1.946928299027849,
        1.9481824299690989,
        1.9605632257947165,
        1.9624995810640875,
        2.0228650403766184,
        1.9779764951582128,
        1.9572165763064626,
        1.997142059132912,
        1.922524453415754,
        1.9057688857389212,
        1.9423793836777825,
        1.9226030058219108,
        1.9566959860671123,
        1.9102024381912266,
        1.9184452489072121,
        1.9274351740174183,
        1.9402091434405044,
        2.0647960767849765,
        1.9576837281955537,
        1.9567662789650286,
        1.9039525392805297,
        1.8643578591740357,
        1.8660269107947822,
        1.8691530578321416,
        1.868543455441622,
        1.8872245612854046,
        1.9139181928039886,
        1.9058142039479036,
        1.8763810042971516,
        1.8603649313272983,
        1.902642845732982,
        1.898348122659941,
        1.8998046901891519,
        1.8403184222260311,
        1.866441479922334,
        1.8087753847644585,
        1.8618487472479688,
        1.997189251508373,
        1.916564220564665,
        1.8738398847246758,
        1.8272404733086742,
        1.797337289244035,
        1.8521485800413173,
        1.7983706194111506,
        1.81685008907518,
        1.8162532917759755,
        1.7808704634355994,
        1.808199185787196,
        1.8034141257859664,
        1.792947663514938,
        1.7994206410750038,
        1.784664706866793,
        1.7886867252768999,
        1.8002835377849176,
        1.7879177104470445,
        1.8264660873873304,
        1.7605364564412433,
        1.9370246530749553,
        1.8520903415472831,
        1.8547516952215137,
        1.8735150326927095,
        1.828271939044405,
        1.8662433726832792,
        1.846660301628288,
        1.8124359392208163,
        1.8581178383242167,
        1.8368993045290327,
        1.7918065460708943,
        1.7766875437441823,
        1.7692180478096908,
        1.7570031653083003,
        1.7542788454910756,
        1.7353467844101669,
        1.7643785988868286,
        1.775646108586625,
        1.8078130239115102,
        1.7732253266832663,
        1.949013079044217,
        1.8302064342747524,
        1.7910795179407397,
        1.8038133962258653,
        1.7891228208666201,
        1.7889583138831937,
        1.7984350545347016,
        1.8315963535027742,
        1.789189488276095,
        1.8604135025542547,
        1.7843065355947465,
        1.7884755332037234,
        1.7274523752462634,
        1.772910851868934,
        1.7583840364422638,
        1.812328327064068,
        1.7719435583864596,
        1.752615434132897,
        1.7511299906433246,
        1.7720278119834056,
        1.9323620879926833,
        1.8425161529854566,
        1.8196517176424736,
        1.8294549794783865,
        1.7988403186188167,
        1.8051647042447783,
        1.7668800374531288,
        1.7988028400190534,
        1.798857410455554,
        1.8221259655094626,
        1.796421638693147,
        1.7712236018580574,
        1.799248643293763,
        1.8105880250150677,
        1.7712311998424601,
        1.8080225341926706,
        1.806914896502608,
        1.8078203740123304,
        1.7642536316007655,
        1.7625086682080406,
        1.9266164516019013,
        1.813610193234367,
        1.7952256982965182,
        1.8492140172856006,
        1.8040080882884837,
        1.8160591983844119,
        1.7760318942944022,
        1.8201607302738416,
        1.786602238631739,
        1.8104774979875409,
        1.8018548200767717,
        1.740078678716452,
        1.7424471260539138,
        1.760363885105429,
        1.7590404906435995,
        1.7494882387880828,
        1.7516379174760204,
        1.717357871142631,
        1.7092736005911817,
        1.725986229889847,
        1.8678450717690138,
        1.7913838590783442,
        1.7975414195220571,
        1.7662337058373856,
        1.7763661479716848,
        1.7861354835463552,
        1.787779989636902,
        1.7899084797925897,
        1.7403002371843304,
        1.7612166934530467,
        1.7722428126949648,
        1.7802973439328447,
        1.7638372395198487,
        1.7136359359256486,
        1.690984160527233,
        1.7114562920946783,
        1.7439294572568373,
        1.7253904658993457,
        1.7039337879853458,
        1.7296986287156866,
        1.8883919593677996,
        1.838342016605983,
        1.8058271765730534,
        1.841060244027776,
        1.7951682415750503,
        1.8309149422348756,
        1.795997491924149,
        1.750363631890166,
        1.81889067971039,
        1.791801353550571,
        1.7921031118762376,
        1.7944946823332486,
        1.7697186460973877,
        1.7322992811279259,
        1.740990512303573,
        1.7317650216159273,
        1.7464240477313722,
        1.7479699050535311,
        1.7738476585220495,
        1.7269753364379767
    ],
    "min loss": 1.690984160527233,
    "training steps": 10000,
    "batch size": 256,
    "history size": 1000,
    "dataset": "enwik8",
    "end time": 1730477357.2772577
}