{
    "start time": 1730478804.0120804,
    "use_input_gate": false,
    "use_forget_gate": true,
    "use_output_gate": true,
    "use_state_gate": true,
    "use_new_state": false,
    "use_old_state": true,
    "use_residual": false,
    "n_layers": 2,
    "state_size": 256,
    "id": "410092f0c059af0d0a32f60dfb7941ebde675ed330ba028a2db1473508a0eb29",
    "loss": [
        4.264637938548288,
        3.607080506665982,
        3.5456353865606176,
        3.520431917020682,
        3.5451392985399774,
        3.49948293114939,
        3.4890716698225512,
        3.517070385630496,
        3.512447209625453,
        3.50398189688641,
        3.496203577378628,
        3.5292940666354835,
        3.4871671707487226,
        3.4792510259524736,
        3.5192664477205047,
        3.524844141872408,
        3.484450342784461,
        3.540492587786061,
        3.493793155617975,
        3.5219171530399773,
        3.502119857799687,
        3.499014450777032,
        3.506035406904012,
        3.5533597146902,
        3.5605508621328545,
        3.515826975204071,
        3.5211399009954074,
        3.5373740172562855,
        3.539184088657429,
        3.545334971116457,
        3.536091761470931,
        3.5389187819673196,
        3.5256351965178245,
        3.5773731045080766,
        3.5621383978148558,
        3.52531144792959,
        3.5282654519880046,
        3.5205185035192073,
        3.531783425839276,
        3.5401248116821136,
        3.507772898238851,
        3.517189903690908,
        3.461174435833654,
        3.504665622319394,
        3.5281399249159127,
        3.501991923501461,
        3.5149996406000787,
        3.5228856743910693,
        3.493884138705819,
        3.522825668717707,
        3.5074454535040114,
        3.502137899600269,
        3.515343836687951,
        3.5558220986217846,
        3.5174441634572866,
        3.4792685696552863,
        3.4925467478397483,
        3.5114701196489295,
        3.4767326631796105,
        3.5157303072698496,
        3.5054624033206463,
        3.488360840620203,
        3.4729584277906245,
        3.4776704305650905,
        3.483252499083315,
        3.479539147205092,
        3.5319072131744007,
        3.502071664059888,
        3.5045058775274174,
        3.5166963464897836,
        3.510265707107744,
        3.480351816196074,
        3.471006707190199,
        3.5130628308278373,
        3.508805468844315,
        3.502023147408643,
        3.51558716238278,
        3.486180133802496,
        3.5137146677395386,
        3.5091142518179526,
        3.529955869999818,
        3.487729988379044,
        3.5496183887592223,
        3.531949881033199,
        3.540132760864423,
        3.5712809787125983,
        3.5460395030972176,
        3.5333252499250443,
        3.515198706461065,
        3.5212115091803806,
        3.543651239532366,
        3.5333367581165414,
        3.56403194651158,
        3.5665058675522303,
        3.570323371617809,
        3.5524844219406813,
        3.5249520610776477,
        3.55202606007404,
        3.5299312814668653,
        3.5428435032581382,
        3.5422712960649236,
        3.5419893097747495,
        3.5532371261189133,
        3.5305391260822354,
        3.532156913161947,
        3.5047311878447993,
        3.522335324372435,
        3.5351270306299494,
        3.527661533357249,
        3.5030480767690806,
        3.529540939269917,
        3.5021750187393765,
        3.490833034767167,
        3.5445742134564284,
        3.492106193789624,
        3.517555315627456,
        3.489704757424918,
        3.5305967969559693,
        3.4855102147289303,
        3.50189498673649,
        3.5289940333574745,
        3.4933559498757547,
        3.522300095144071,
        3.511613354209466,
        3.506560065888589,
        3.5122217957700395,
        3.527870470167692,
        3.5038406553835673,
        3.4892268284677455,
        3.526868517500454,
        3.5024410089560285,
        3.501508582596583,
        3.4871409287925292,
        3.509212846260691,
        3.494887777735575,
        3.5090448169493036,
        3.4767121250396547,
        3.4860064392219527,
        3.501574693442937,
        3.5190836467756017,
        3.5505466225327247,
        3.5380478498193524,
        3.5123631535175086,
        3.531981775948477,
        3.536761291367184,
        3.5270201418899823,
        3.54791496671915,
        3.5199098665035375,
        3.5399746059535078,
        3.5257633593730375,
        3.524651173813327,
        3.5207024362694845,
        3.5455766748221986,
        3.500329842932904,
        3.5195028287252064,
        3.5296361951147492,
        3.537492078031126,
        3.5045500950019544,
        3.556997982904803,
        3.52257276639533,
        3.5237182212738434,
        3.5563848978863004,
        3.5346739922299797,
        3.510574297957309,
        3.492342789011744,
        3.5434582625531466,
        3.520882035568187,
        3.4919737917163403,
        3.523372085916078,
        3.5405352035182145,
        3.5045758575192205,
        3.491500907168902,
        3.5355699740717847,
        3.4775664529109664,
        3.5159878435766068,
        3.5373084441084766,
        3.5028784607779277,
        3.5380308896243142,
        3.514941478073461,
        3.487640053732066,
        3.4662918076334175,
        3.5029906451788704,
        3.516144779215488,
        3.518492166723511,
        3.4991151068006077,
        3.5085204979888265,
        3.509728166724084,
        3.5014432815337106,
        3.505773609677852,
        3.5147231611068555,
        3.537923098278877,
        3.483196755670218,
        3.4916971102432206,
        3.5078430215088,
        3.4924158694173286,
        3.4918453542693992,
        3.473492589459977,
        3.4931452468362663,
        3.510671777330861,
        3.5210229807898674,
        3.507732967801688,
        3.505994055150871,
        3.55508453497546,
        3.5137853488375,
        3.5064508368241194,
        3.5460032646215143,
        3.5211948073336155,
        3.541038811365028,
        3.5492264573864873,
        3.512081625985776,
        3.545330443483627,
        3.5278000691566866,
        3.504895239529763,
        3.5253462698558176,
        3.5329108493791774,
        3.5372725349675718,
        3.519054780340064,
        3.519544119908621,
        3.5001747432927397
    ],
    "min loss": 3.461174435833654,
    "training steps": 10000,
    "batch size": 256,
    "history size": 1000,
    "dataset": "enwik8",
    "end time": 1730478823.5477881
}