{
    "start time": 1730478460.5779295,
    "use_input_gate": false,
    "use_forget_gate": true,
    "use_output_gate": true,
    "use_state_gate": true,
    "use_new_state": true,
    "use_old_state": true,
    "use_residual": false,
    "n_layers": 1,
    "state_size": 256,
    "id": "4244127c6bf81361f5c5d4b822e7ef629ffb06f2732267c8c984787147c3b34b",
    "loss": [
        3.954789941885885,
        3.4449148255320914,
        3.3050812714291924,
        3.1199320411342817,
        2.928266761589859,
        2.780241126630755,
        2.6979182816486107,
        2.6293005617681717,
        2.6218824863100267,
        2.5261001328836934,
        2.484188173902306,
        2.51915954931572,
        2.4505685504986636,
        2.3898122550596494,
        2.3964159012284987,
        2.414377348411104,
        2.330017023151323,
        2.3039788751620827,
        2.284311078031102,
        2.311645381252986,
        2.2794345183524816,
        2.274199123869289,
        2.218336303995279,
        2.201169565625076,
        2.17720525684623,
        2.1279145881917216,
        2.13809532363299,
        2.1128417763849834,
        2.138948645343382,
        2.1068447502617613,
        2.0765863387235814,
        2.054955480193476,
        2.0841840639081015,
        2.0843908079843123,
        2.069235829218647,
        2.049221590279978,
        2.076869920487293,
        2.0617170909193407,
        2.0474600983225444,
        2.0830759226431015,
        2.0130791056715465,
        2.0249490329119153,
        1.9359780803918791,
        1.9406637250482968,
        1.9484793152636362,
        1.9568297640926904,
        1.954438530655816,
        1.9413934035518325,
        1.9780293976842722,
        1.9296050642748797,
        1.931700625518727,
        1.9298310241429326,
        1.9494395451253852,
        1.9437895884415917,
        1.9463668547145603,
        1.9330142622171003,
        1.90017894158995,
        1.8923060434693728,
        1.9247302954135466,
        1.9842565445751768,
        1.9399399272539968,
        1.8609640945459027,
        1.9120499007074283,
        1.8983913943855684,
        1.8479785088853593,
        1.8397886678426447,
        1.8730063025351604,
        1.8713758332682326,
        1.8579008084973825,
        1.8360649117097938,
        1.8640892891644922,
        1.8027643996743323,
        1.807644544331103,
        1.8526252767466282,
        1.8208456725473812,
        1.860156400362365,
        1.8045045801521065,
        1.8721905776437868,
        1.8239381773192112,
        1.9478636854461095,
        1.862795184383598,
        1.8252420568795955,
        1.8953006215272261,
        1.8648531526159415,
        1.8455030437262536,
        1.7987148508847175,
        1.7956649188086442,
        1.7645267470709796,
        1.776084761078604,
        1.8013846092708539,
        1.7875526270171467,
        1.7919880382040532,
        1.7694971293781787,
        1.749087176084056,
        1.7417907995029194,
        1.7790259806876545,
        1.7512336294671647,
        1.7221653696331094,
        1.7851828689551072,
        1.8472388766789276,
        1.85240763087386,
        1.7902571026103415,
        1.7302974635181059,
        1.7730138963572177,
        1.7439146898192703,
        1.7407098985977003,
        1.737805632467115,
        1.7542996910477127,
        1.7885117867919411,
        1.7566307384882405,
        1.721570183635214,
        1.7556636009173094,
        1.752249604060101,
        1.7521288721842179,
        1.7109412930621442,
        1.7847245899965833,
        1.7550135472523456,
        1.7230148933135117,
        1.761503845401424,
        1.8588991192881257,
        1.823845130607454,
        1.8216635010001516,
        1.813640830893474,
        1.7994914252095275,
        1.8015086985642643,
        1.7878047596239088,
        1.7602887157811864,
        1.7740821511185343,
        1.774447395868071,
        1.7975944105211867,
        1.7721084417117698,
        1.7354471596888954,
        1.7719618686534413,
        1.7589292954333542,
        1.7764489155149656,
        1.7313554523755281,
        1.755907843962579,
        1.7295477363573721,
        1.701756946292611,
        1.8410827789798079,
        1.7682924064256589,
        1.7890871215410413,
        1.7468544735867788,
        1.7564776621563525,
        1.7704491423905624,
        1.752755330292693,
        1.7499808222637117,
        1.7511813249659804,
        1.7282555099335783,
        1.697545930418685,
        1.7132320076453362,
        1.7169646634312752,
        1.6872743185333319,
        1.694955403295807,
        1.7121292343943133,
        1.6854651724286243,
        1.6644169824226458,
        1.6728238831628561,
        1.6878767425269097,
        1.8160204518723566,
        1.7479724775614558,
        1.7328523448798108,
        1.769967098749408,
        1.6928696699761718,
        1.7227025370423747,
        1.7268372948946695,
        1.7441844616018551,
        1.7549242766223214,
        1.726976716632608,
        1.7207302267298443,
        1.6811135410730964,
        1.6793235321452054,
        1.6663988181816314,
        1.6591873105006125,
        1.7126207928208421,
        1.695361444879153,
        1.738348073703567,
        1.777974020718,
        1.6925432395482254,
        1.8437197075661031,
        1.7735534912279145,
        1.6955326387562282,
        1.690005470437646,
        1.7282478764272096,
        1.7323851104068237,
        1.6983513273621003,
        1.6836311485960462,
        1.668620146902796,
        1.6893946264898465,
        1.7359592738238956,
        1.73850695633038,
        1.6845470339709085,
        1.6996192941773722,
        1.6597017704082608,
        1.629932947438206,
        1.636682792240682,
        1.626219102933581,
        1.6975475360858714,
        1.6433791243887221,
        1.7966214304835872,
        1.7745290356051537,
        1.744617586062279,
        1.70820098868805,
        1.6803623235378586,
        1.7299953057878803,
        1.6764958578681928,
        1.670311185640017,
        1.7015508385299323,
        1.686924739801994,
        1.6772321684498221,
        1.6644917502452785,
        1.6663813156985527,
        1.686925092776189,
        1.6683950104189589,
        1.6861187143132434,
        1.6880511790915729,
        1.6630483396188198,
        1.636596432787007,
        1.6313698509589474
    ],
    "min loss": 1.626219102933581,
    "training steps": 10000,
    "batch size": 256,
    "history size": 1000,
    "dataset": "enwik8",
    "end time": 1730478486.8706877
}