{
    "start time": 1730478074.4359107,
    "use_input_gate": true,
    "use_forget_gate": true,
    "use_output_gate": false,
    "use_state_gate": true,
    "use_new_state": true,
    "use_old_state": false,
    "use_residual": false,
    "n_layers": 2,
    "state_size": 256,
    "id": "477f7b654a94741a27ae214453d7a114c1683c7807524dfbf3e301e39b2d97ca",
    "loss": [
        3.7647018850938347,
        3.4807995437529953,
        3.3413446321556095,
        3.219663102781626,
        3.145803923089723,
        3.0934890290033334,
        3.0254774204356374,
        2.9282107830340225,
        2.9264433452146488,
        2.8968752814507392,
        2.824686114840894,
        2.7796597100562797,
        2.7810544360517295,
        2.7365942678639246,
        2.7509411753641886,
        2.7266573714295133,
        2.6966968992234537,
        2.694705105990343,
        2.672053728810008,
        2.6779599185692287,
        2.6386490535950196,
        2.5975258976832984,
        2.5985832481165088,
        2.545418743415705,
        2.5422366608052953,
        2.5366035584362874,
        2.542760993798379,
        2.5477825191030217,
        2.4916049687450585,
        2.5209755784887253,
        2.4927815670895916,
        2.4580417565934156,
        2.4792838751410633,
        2.4421144264186894,
        2.4502469081854152,
        2.4320222856687157,
        2.4500591619860232,
        2.425412115629242,
        2.464733888438026,
        2.507527655207355,
        2.4565082243644625,
        2.4175337067502958,
        2.413449422001577,
        2.3546594781216963,
        2.345214642162804,
        2.378449926337697,
        2.3370330757122333,
        2.3381315581051205,
        2.3266146636131784,
        2.293739095609375,
        2.323346723882455,
        2.279607338931554,
        2.3108373696441737,
        2.307188641644998,
        2.2936004236878778,
        2.2636577860014064,
        2.2545448757670115,
        2.2701377771842117,
        2.2807279827874387,
        2.3348470541682618,
        2.3082129599182655,
        2.2877596330261682,
        2.305068208312618,
        2.2511082263622524,
        2.2432917528518725,
        2.205563856636521,
        2.1924367621231653,
        2.2181222398838667,
        2.222648054654769,
        2.207197262436544,
        2.2553682876012475,
        2.2090085956622683,
        2.204095308785993,
        2.16345218957352,
        2.1380517118886284,
        2.1693124161835815,
        2.1449704074018956,
        2.1549780902441933,
        2.1476636173737336,
        2.2689449710022616,
        2.215379079706351,
        2.1229809078162587,
        2.1583761596921263,
        2.1529552721262926,
        2.1335643744546657,
        2.149805262830772,
        2.1397122332758642,
        2.109061926009108,
        2.1241113810393157,
        2.0872314019547686,
        2.0782184816469518,
        2.1159631152728133,
        2.077396171165629,
        2.069364512668122,
        2.0866627976228664,
        2.1228501563797724,
        2.1138500966544385,
        2.091210617456776,
        2.0620017197642393,
        2.1898728439492743,
        2.148239308365701,
        2.072910398751194,
        2.110234805137821,
        2.1150769516364347,
        2.0491003353942085,
        2.046719999593227,
        2.070366802493894,
        2.0559390264521915,
        2.0766194632360695,
        2.04381857157267,
        2.0500568298357953,
        2.0246617665288875,
        2.048991154430629,
        2.036780749609188,
        2.009433292108933,
        2.0099449609973745,
        2.0385782956377545,
        2.000714935560217,
        2.0042754894545145,
        2.129758384714798,
        2.0479182289285576,
        2.0665559116305645,
        2.034669068121987,
        2.0319948583200786,
        2.007529569254464,
        2.041330806710694,
        2.028220100172293,
        2.009564830065247,
        2.019950254449813,
        2.0471002744185394,
        2.0215859320823406,
        2.02391571658072,
        1.992923747086473,
        1.99684683424455,
        1.9876643255230848,
        1.969307897283794,
        1.9908501311029048,
        1.9983683073984622,
        1.9830652016320964,
        2.13531627783982,
        2.0162211918993043,
        2.0469212314064844,
        1.9869293754657702,
        2.018682006625121,
        1.9923361301185536,
        1.9407993470103273,
        1.9596665651360492,
        1.936509482255131,
        1.9293082207077088,
        1.9108618421497177,
        1.9296683498939098,
        1.957838677217713,
        1.9159253755834116,
        1.8966637874149683,
        1.9577278751915457,
        1.9428222549602767,
        1.908966514908178,
        1.9074801435547286,
        1.9451777674214699,
        2.0389957183649674,
        2.0126649410244255,
        1.9234678703891612,
        1.940844278371722,
        1.9590317002043753,
        1.946887916243347,
        1.9237734450845676,
        1.8730593716325494,
        1.8218203850753658,
        1.8830503264630025,
        1.9033016646014114,
        1.8804651844304239,
        1.898398584154055,
        1.9257874279154208,
        1.895167461893092,
        1.8922520341182507,
        1.8716496617210499,
        1.8937132750379702,
        1.858740424621007,
        1.8762258929341056,
        1.972416619979829,
        1.9172585540242613,
        1.9059128780812251,
        1.9032426881746074,
        1.9366147739580382,
        1.8719522577390966,
        1.905871106815306,
        1.8894890987900865,
        1.8693187282751278,
        1.9260104071119515,
        1.876305390722784,
        1.9165411463697724,
        1.8898702646468493,
        1.9069681399694156,
        1.8657819102649178,
        1.8977300924019225,
        1.862235081811822,
        1.8809881439695126,
        1.9179989658684526,
        1.8774484828067814,
        2.0056851859762226,
        1.91371629469328,
        1.8994458868089552,
        1.8648810908219404,
        1.8057413702551064,
        1.8632684274340543,
        1.7848190725219375,
        1.8296135765716597,
        1.8374018985446803,
        1.8571942007916316,
        1.9009441323227565,
        1.8138033897334087,
        1.8200312527759843,
        1.8356478853304632,
        1.8389088213081926,
        1.8166058382888008,
        1.8424033383790264,
        1.79777873853995,
        1.8311888832574543,
        1.8169539241350827
    ],
    "min loss": 1.7848190725219375,
    "training steps": 10000,
    "batch size": 256,
    "history size": 1000,
    "dataset": "enwik8",
    "end time": 1730478130.7453847
}