{
    "start time": 1730481614.3364973,
    "use_input_gate": false,
    "use_forget_gate": true,
    "use_output_gate": false,
    "use_state_gate": true,
    "use_new_state": true,
    "use_old_state": false,
    "use_residual": true,
    "n_layers": 1,
    "state_size": 256,
    "id": "495fc2951211ad41b4ac43d37c69bbf29dc45a888a5331226b52af00c6e8f418",
    "loss": [
        3.707258890749311,
        3.3301178161959037,
        3.072734098849885,
        2.9361274271048075,
        2.8456082794283457,
        2.7406661889085315,
        2.6296429463567357,
        2.6217322488401718,
        2.5427334461497257,
        2.4764621457536165,
        2.4637620977532024,
        2.4475663732827218,
        2.3885540891622576,
        2.3963919801715043,
        2.3518538616003366,
        2.342354519173415,
        2.3377143122150446,
        2.2665512886112507,
        2.241334266798371,
        2.228278748083569,
        2.267668162514971,
        2.2301146278105115,
        2.1947930628981176,
        2.196990833218634,
        2.178734270655452,
        2.1242238008757517,
        2.1310886029113982,
        2.132188205310195,
        2.1200532922121638,
        2.0783720498643543,
        2.081801202609204,
        2.0777256889405793,
        2.0407859516974947,
        2.043839828742607,
        2.066138311668671,
        2.043271787003248,
        2.0416773944449127,
        2.0107929061781236,
        2.044703324948766,
        2.1053129955455008,
        2.00489568704887,
        1.992066312292722,
        1.9997225028198682,
        1.9222349247853765,
        1.9783696324024471,
        1.9790823511535998,
        1.9323888682730201,
        2.0000450266089884,
        1.949063004578334,
        1.9199832981772977,
        1.9427064191398784,
        1.9646160439064135,
        1.9335925832311796,
        1.9103147849426751,
        1.8910625261806346,
        1.9158240231577461,
        1.9264935048804643,
        1.9111709228801825,
        1.8716730896303762,
        2.0244777594657246,
        1.953740387311367,
        1.9177827927976605,
        1.9000436958660465,
        1.8837149454072464,
        1.8705170262832826,
        1.8851546341673548,
        1.8863705401301036,
        1.8588951805276683,
        1.8556169955188424,
        1.847487830992009,
        1.8578583055920066,
        1.8877293525695353,
        1.8953760116721905,
        1.8414535832277643,
        1.855576662930551,
        1.8554526021072073,
        1.870528828705178,
        1.8553461535922635,
        1.82582576952115,
        1.9708689097811105,
        1.8553685219596507,
        1.8707681345150338,
        1.8525513421515745,
        1.818377970576723,
        1.8450040343325418,
        1.8429791639350768,
        1.84627182055938,
        1.7917564491674014,
        1.8602909145287791,
        1.7841223271579116,
        1.7661018821853607,
        1.7466680945041044,
        1.7651965868513095,
        1.7520690957140759,
        1.804097159937299,
        1.8036937230769918,
        1.801544092895726,
        1.8041753398992575,
        1.7740287245403643,
        1.905518218555748,
        1.8221645340036958,
        1.8520587604722298,
        1.8580120071683859,
        1.8639077670522926,
        1.8451595897305197,
        1.8279477367035508,
        1.8537727671210775,
        1.8272845013781294,
        1.8241565354741371,
        1.8024988326580875,
        1.7701203532029919,
        1.7953131957964024,
        1.7994147947013304,
        1.8040710584408108,
        1.7840930801725954,
        1.7323001194826242,
        1.731016859931858,
        1.7521190764297474,
        1.7504433250508629,
        1.9477667144388566,
        1.8402128289545798,
        1.7871775460206814,
        1.838513334199532,
        1.8065241097686544,
        1.8064090045336527,
        1.8404586203864277,
        1.7398046837449044,
        1.742363548965385,
        1.7767231681687576,
        1.7343871442057284,
        1.7581131820372775,
        1.7439492428814043,
        1.7590874709165027,
        1.7411554338082014,
        1.7286977741975764,
        1.750736664201661,
        1.7417065328724475,
        1.756324219759237,
        1.6995391831751037,
        1.8637402925441617,
        1.82381395024771,
        1.813959101731313,
        1.7894889399366536,
        1.7565842358962511,
        1.796012306866944,
        1.8394255932976409,
        1.7865071301079842,
        1.7478138716617975,
        1.7946514575406298,
        1.7768407877761128,
        1.7643388428013231,
        1.8045013081585093,
        1.7328547504028842,
        1.7225777314421338,
        1.7467582476088024,
        1.7437305590646588,
        1.7494870512200875,
        1.7584511563008758,
        1.7543424638900802,
        1.9298925121290507,
        1.8022222445668372,
        1.7830144225018127,
        1.7720545927283382,
        1.7551179709140206,
        1.7722807818663444,
        1.7341511256993127,
        1.779958175917155,
        1.7458067638133987,
        1.7638416817589024,
        1.741243576316191,
        1.7880648472919505,
        1.7458025804288764,
        1.7456994038195355,
        1.7731727538822424,
        1.7715243465190043,
        1.742510751835632,
        1.8139933331778606,
        1.77095645798657,
        1.7632192028504226,
        1.862382508793214,
        1.7538708141032047,
        1.7572833393249478,
        1.7597486782664566,
        1.7527610003897494,
        1.7268869391864714,
        1.743501757677771,
        1.7183399493758538,
        1.704686874145791,
        1.6977782876904324,
        1.692955896690538,
        1.6832878278413448,
        1.7320848766149022,
        1.7022683760884287,
        1.6784379657959088,
        1.7181342757222238,
        1.6843384886049868,
        1.680870371563916,
        1.7070843089665397,
        1.702412930013454,
        1.8579667884912985,
        1.7808941182455837,
        1.7152014500266324,
        1.7196593516219965,
        1.7542927092451466,
        1.7058310445338747,
        1.7005260749866349,
        1.7225625779548106,
        1.738553169103093,
        1.7104549766000503,
        1.6856770473225091,
        1.6737693384425205,
        1.6573691982411705,
        1.7152941882823172,
        1.6741317302649479,
        1.6907580705745513,
        1.71512012478967,
        1.700069948481643,
        1.7123970707479754,
        1.719080400747985
    ],
    "min loss": 1.6573691982411705,
    "training steps": 10000,
    "batch size": 256,
    "history size": 1000,
    "dataset": "enwik8",
    "end time": 1730481641.2720144
}