{
    "start time": 1730476234.5353808,
    "use_input_gate": true,
    "use_forget_gate": false,
    "use_output_gate": false,
    "use_state_gate": false,
    "use_new_state": true,
    "use_old_state": true,
    "use_residual": false,
    "n_layers": 1,
    "state_size": 256,
    "id": "4cbaf807619f38d4d69e2390ac13d5e2fd164a41b6b3aa2e73e4e14ad4df6cf8",
    "loss": [
        3.7047636635809633,
        3.3915737952106486,
        3.093188686173633,
        2.9161371706618593,
        2.7676547013632224,
        2.721988916773935,
        2.644647357037518,
        2.6017333403145972,
        2.5363025832801935,
        2.513358331331418,
        2.4821821287643204,
        2.48692222062787,
        2.450536436605409,
        2.461730066559058,
        2.372765989216659,
        2.3934239269323156,
        2.3776566281031184,
        2.3584323937792835,
        2.320731589061114,
        2.334543864450278,
        2.344897873547986,
        2.336998069698393,
        2.347544915955797,
        2.3069771887598063,
        2.2466193184825975,
        2.2474279514863325,
        2.2478641260117507,
        2.2015130334187316,
        2.178046878872712,
        2.2168889406099463,
        2.1601731472220305,
        2.1230779348570876,
        2.161613342995348,
        2.1066888738353873,
        2.1698353660943273,
        2.109178639653832,
        2.109908648649737,
        2.11178790996814,
        2.119359433588208,
        2.2205274819544094,
        2.1438720574365715,
        2.1578462731708288,
        2.1518751662918616,
        2.130912672120139,
        2.1113641981359885,
        2.114018986874357,
        2.109865035949879,
        2.074429796755179,
        2.117422957723835,
        2.06699035535975,
        2.0508970037430143,
        2.0362037235332453,
        2.089683467929671,
        2.0354792574038116,
        2.047568145869431,
        2.070120201611256,
        2.0425543888966913,
        2.051857766683414,
        2.0296815698611583,
        2.104331643979426,
        2.0058871807608436,
        1.9944703406874347,
        1.9510005246078965,
        1.9515256727013186,
        1.9281655622806242,
        1.9400773236542903,
        1.906499274870179,
        1.940508385040657,
        1.8950056053355637,
        1.8911694475323146,
        1.9478457409741514,
        1.9379391544304312,
        1.9099817679473434,
        1.9507618260828175,
        1.9187515819701002,
        1.9175235112412659,
        1.9497703387372842,
        1.9601181113306445,
        1.9155154643891035,
        2.033399927314281,
        2.0055222358399627,
        2.0047461992216684,
        1.998734147164973,
        1.9712251319510021,
        1.9413137888106715,
        1.9308569410391998,
        1.9021077202894656,
        1.9049522786881212,
        1.8867932761513009,
        1.8989037178643813,
        1.921705190473516,
        1.8760177209109854,
        1.8860319468539715,
        1.8558331532848715,
        1.877835451565601,
        1.8940315601901019,
        1.8716845172939098,
        1.8761438067425473,
        1.9020677120683978,
        1.987384915328981,
        1.9718251643286948,
        1.9231260345828534,
        1.9193832067892804,
        1.9376501508363144,
        1.923151605026914,
        1.899648548901334,
        1.8679845977060257,
        1.8707395887250102,
        1.8809334340635604,
        1.8606577380368443,
        1.8653740228220705,
        1.8446666271408647,
        1.866642966590817,
        1.8187267095647013,
        1.85169149328873,
        1.838563024533405,
        1.8709386567345199,
        1.8109387658236176,
        1.837923359012685,
        1.9390967308010845,
        1.913850732221885,
        1.8686936271530796,
        1.8513126786310115,
        1.8388002214752042,
        1.8519805231507682,
        1.8639328306654082,
        1.820147724689052,
        1.8582605730351154,
        1.8127745396263628,
        1.8099443355608866,
        1.8176002543444232,
        1.8278785592675277,
        1.8436444001811207,
        1.8009612666417638,
        1.8517910786141634,
        1.8276834015267114,
        1.8138302937255337,
        1.8062125996409102,
        1.8219170004054972,
        1.9346305250891311,
        1.8220663503271726,
        1.8080448784818028,
        1.8221319995877572,
        1.7832350673455635,
        1.7923129128721467,
        1.8053863294113826,
        1.8044047786283148,
        1.773137722638858,
        1.7440327516626324,
        1.767884796099618,
        1.806626942401853,
        1.7521953056785258,
        1.7662344718969902,
        1.7972927432644785,
        1.7935230585412438,
        1.7688059205225255,
        1.7646879669114772,
        1.7686148516238294,
        1.7759786968739166,
        1.8831704856349887,
        1.8009177425677605,
        1.7762554548589151,
        1.777615168527637,
        1.7702447465343307,
        1.7489639470524914,
        1.8014999510402316,
        1.8000773393787481,
        1.712561980061221,
        1.7408081688809567,
        1.7252247639743257,
        1.7306026201701787,
        1.7561862541061417,
        1.7451984585892375,
        1.6889859391390614,
        1.7415130821854834,
        1.696639731262448,
        1.7350841560126695,
        1.70838808499467,
        1.693256587587399,
        1.827276873091899,
        1.7876806372440357,
        1.7805553330435375,
        1.789135021935026,
        1.7412633192416258,
        1.7964282229450652,
        1.7966425561399972,
        1.7749405386328048,
        1.7625126417082564,
        1.7614544013870954,
        1.7546948556590003,
        1.7598935351611424,
        1.7588747772938735,
        1.7110623882419256,
        1.751763063432684,
        1.7286403787957898,
        1.7293545228702796,
        1.7402052437974307,
        1.7380845343869795,
        1.7079472345171625,
        1.861680088192565,
        1.7414850634754493,
        1.7041715018862487,
        1.715798205741591,
        1.6693347655907105,
        1.7372933185596844,
        1.744465409076018,
        1.6765703402360215,
        1.6961582646785358,
        1.7127167361359712,
        1.702400308400838,
        1.7342384026973607,
        1.7084430186545354,
        1.7216142761664395,
        1.7271627310176676,
        1.7057035707739503,
        1.7352211381792724,
        1.7240910689384097,
        1.716944707425809,
        1.7147142171942273
    ],
    "min loss": 1.6693347655907105,
    "training steps": 10000,
    "batch size": 256,
    "history size": 1000,
    "dataset": "enwik8",
    "end time": 1730476259.9237564
}