{
    "start time": 1730477524.1189854,
    "use_input_gate": true,
    "use_forget_gate": false,
    "use_output_gate": true,
    "use_state_gate": true,
    "use_new_state": true,
    "use_old_state": true,
    "use_residual": false,
    "n_layers": 3,
    "state_size": 256,
    "id": "4e419b002d4944dda4a5e8b36e845c216f7052476caf4429c061511ef38b715b",
    "loss": [
        3.9549716638217265,
        3.5100498709473174,
        3.48673631630012,
        3.4947375870639785,
        3.4990822991131765,
        3.4106859098658866,
        3.2215859740638786,
        3.0695854244447633,
        2.9799304495776435,
        2.849679333844652,
        2.7608379934010236,
        2.719452036732237,
        2.70752940163428,
        2.651421273445623,
        2.6488886044749136,
        2.600292607135434,
        2.545575340820856,
        2.5345193686032594,
        2.5101387399256803,
        2.51344320369282,
        2.434439765217658,
        2.380180182159965,
        2.3320007717557356,
        2.301142595267352,
        2.3294180711475136,
        2.2554004166807142,
        2.3113636555171158,
        2.2427189607908504,
        2.207529249452721,
        2.2260700194137906,
        2.2395353394736928,
        2.20266071111032,
        2.209886151701215,
        2.2485858211044474,
        2.220151896604898,
        2.1947789286382307,
        2.2048159178364237,
        2.178158536809818,
        2.17716065884935,
        2.2569284361053663,
        2.272556201754752,
        2.181784481428975,
        2.169380769661401,
        2.1835994273133195,
        2.193202303526726,
        2.121488493838573,
        2.093820966556919,
        2.0973139909233485,
        2.044260959774603,
        2.058563055528576,
        2.061244680731788,
        2.029964932537648,
        2.108539784969646,
        2.0742827156725143,
        2.0442500664655254,
        2.0377191403128037,
        2.0216696724607903,
        2.0202055797028247,
        1.997288329807892,
        2.1535935806951954,
        2.119188308667185,
        2.0252812723834537,
        2.030023498289064,
        2.0211525159638093,
        1.98404240721647,
        1.9919628219019088,
        1.9882103933803317,
        1.9780353338627894,
        2.0155700544344564,
        1.995407278731953,
        1.9956824340729011,
        1.9822841967987415,
        1.981297025474065,
        1.9644972141689567,
        1.9759431802455212,
        1.9857619931158375,
        1.9641913760233527,
        1.9823767385446265,
        1.9441598700768112,
        2.0536575774827783,
        2.022399895737257,
        1.9608579227762974,
        1.9617059837109831,
        1.9058546440636568,
        1.9345617177801397,
        1.9522829271364601,
        1.9747814007506816,
        1.9379980596953859,
        1.9736118315909466,
        1.8557535082633465,
        1.8662562445989042,
        1.8526236993738043,
        1.9034952867529191,
        1.8827667078190107,
        1.8996538543407664,
        1.9402262225208644,
        1.8698096679576408,
        1.9082396345981087,
        1.8918982908752477,
        2.036076963894396,
        2.027994683945196,
        1.9924954895923126,
        1.978487103169632,
        1.9026627420988191,
        1.9110139618100324,
        1.9481274187638897,
        1.9434473785089768,
        1.9006933793932248,
        1.8342491458604548,
        1.8840325700245946,
        1.8967671726136683,
        1.8531567527611699,
        1.8819994782564589,
        1.8874615209960832,
        1.8577419396328883,
        1.8772515939067975,
        1.897039440413039,
        1.943679817772379,
        1.8682611965193687,
        2.0463754336433424,
        1.931493870426751,
        1.9064831601022825,
        1.85481059834585,
        1.8589535096613554,
        1.8403407798856497,
        1.8280661565069525,
        1.844034380874988,
        1.8414073230122696,
        1.836871788611921,
        1.8217281512591885,
        1.8919054651233707,
        1.8493469643914147,
        1.8599760418441864,
        1.8627822085628072,
        1.8182630489178602,
        1.8169045197352374,
        1.7942630166449542,
        1.8182853171075029,
        1.8094394434731658,
        1.9459536325999787,
        1.889350510379687,
        1.909892590642872,
        1.8226547553554797,
        1.8305300947145084,
        1.8463737138305176,
        1.83756276832375,
        1.8491139319117105,
        1.8494958437669737,
        1.8516152502580607,
        1.7864657455693091,
        1.8271428754547938,
        1.8447409342298382,
        1.8412978605891175,
        1.8009333163477645,
        1.8394317434028717,
        1.832170128559714,
        1.7935157051009094,
        1.8111093015585393,
        1.781402414446378,
        1.956413773756043,
        1.8689692746225226,
        1.8541343655399098,
        1.8387005277336974,
        1.807892881562897,
        1.8025406240012616,
        1.8279619909329992,
        1.7978846689414916,
        1.8034156871909808,
        1.799585259346233,
        1.7926318327836674,
        1.7680035246252872,
        1.8135059981467536,
        1.7744644675358177,
        1.7471510084735242,
        1.7931140749702474,
        1.7920014884223947,
        1.732751526754739,
        1.7797330673375074,
        1.7920279407012012,
        1.9230406047902429,
        1.9210173539521227,
        1.8190460493327283,
        1.8132652698576677,
        1.7821178847726808,
        1.7494157865590805,
        1.7862579251533512,
        1.7988839860956043,
        1.8206244640256248,
        1.805968970248452,
        1.8070154495156816,
        1.826168607951618,
        1.749296035490328,
        1.793859363352794,
        1.7620447365117207,
        1.764156551949798,
        1.7562762982374627,
        1.8280650621172685,
        1.7512199601396674,
        1.7734220812566834,
        1.9444522756169982,
        1.8466258014933459,
        1.8207649691141141,
        1.7524001105188929,
        1.7965953546417517,
        1.8174103424091168,
        1.798128484977143,
        1.7611028724070863,
        1.8255456731708501,
        1.772547699140289,
        1.776606110135461,
        1.8000428562858468,
        1.741196053845764,
        1.7216576685371745,
        1.7557744736012977,
        1.7724364123781617,
        1.7934170512167344,
        1.787089929199646,
        1.7872557697989162,
        1.8423556678636706
    ],
    "min loss": 1.7216576685371745,
    "training steps": 10000,
    "batch size": 256,
    "history size": 1000,
    "dataset": "enwik8",
    "end time": 1730477597.496809
}