{
    "start time": 1730477018.8476918,
    "use_input_gate": true,
    "use_forget_gate": true,
    "use_output_gate": false,
    "use_state_gate": false,
    "use_new_state": true,
    "use_old_state": true,
    "use_residual": true,
    "n_layers": 3,
    "state_size": 32,
    "id": "4ebb23d5a8ad7a70cc502b282ca36aeb944590138ffa0d59f38b062725747ff0",
    "loss": [
        4.574075531531207,
        3.604885267210831,
        3.51450144980611,
        3.47030776665042,
        3.393503105770355,
        3.3227276352083464,
        3.3233926113626837,
        3.269896419070274,
        3.1647356895143184,
        3.1530106097708406,
        3.081800465784494,
        3.1243439168792593,
        3.080419571461526,
        3.0800727772334513,
        3.0545429152024743,
        3.0774766525619897,
        3.0652182001862207,
        3.051155017187623,
        3.0168446439337764,
        3.0362237927252376,
        2.9563651100760935,
        2.9499295133350745,
        2.90688954704297,
        2.8744897362602053,
        2.8637050622466984,
        2.8488824033425764,
        2.8425978139526946,
        2.8688573357524696,
        2.797195576397496,
        2.8190089195014605,
        2.8195353144729878,
        2.7986757125373978,
        2.7741601227462303,
        2.776454634580185,
        2.8110260649390177,
        2.745645824967668,
        2.769983077387404,
        2.7642350565556435,
        2.787860831229214,
        2.8091421087616046,
        2.766991392574008,
        2.7749074704165593,
        2.7388567943707525,
        2.7792140323714523,
        2.736781151721712,
        2.7322032041228366,
        2.7250842784823477,
        2.7272964645051396,
        2.746569075469709,
        2.70841724473553,
        2.7172184467609126,
        2.7213717337605337,
        2.7128789987356967,
        2.7136820244424986,
        2.6682663140783136,
        2.695856172894197,
        2.685621373126465,
        2.6403449404243586,
        2.6820317485839467,
        2.7284887606276507,
        2.7076099652304815,
        2.7014415250485313,
        2.6816190741306913,
        2.7011603353322777,
        2.7249069280816633,
        2.703257118187689,
        2.6871271653839814,
        2.6777235460917783,
        2.651286327383329,
        2.702545400589572,
        2.696099200949241,
        2.6215993218702947,
        2.599231164565726,
        2.6405874384753942,
        2.6427236323017196,
        2.635539243516176,
        2.6415545389863517,
        2.6402283121390315,
        2.663013580468739,
        2.681155246358772,
        2.676861424828947,
        2.646265395146679,
        2.6571916063266734,
        2.6475479671062545,
        2.618334892835925,
        2.6404140160607983,
        2.620883224113088,
        2.592553693017933,
        2.5793597973167732,
        2.636944310753701,
        2.5743870703076115,
        2.557445641327464,
        2.581581382098659,
        2.5317200856475766,
        2.5600156538173544,
        2.563910170972992,
        2.587469741531091,
        2.552709322079767,
        2.541334040924923,
        2.5888515089851323,
        2.520693156412394,
        2.521535003323015,
        2.521363116872502,
        2.4998087330952,
        2.4983919083342356,
        2.4617456645237317,
        2.5020332319025997,
        2.476765732112315,
        2.4899307466693714,
        2.52523676166854,
        2.5513942946557404,
        2.5471111213950426,
        2.5488752471357916,
        2.558132677095397,
        2.527304338671491,
        2.5106839240324583,
        2.54008827879541,
        2.5216611479969533,
        2.541679144804507,
        2.5922447140104126,
        2.5183112552221836,
        2.543555289786918,
        2.5250286848978507,
        2.539162347702599,
        2.5057461473770712,
        2.492179645534038,
        2.4949020076415938,
        2.452584813242798,
        2.540423708794718,
        2.529374623480775,
        2.5020886181248425,
        2.5301217868586305,
        2.4910060790083914,
        2.493504600042953,
        2.4429633040960548,
        2.4526935374770735,
        2.49644462774037,
        2.4937875946116663,
        2.473812006980752,
        2.518284207481899,
        2.5090262956829172,
        2.4651727537613595,
        2.49908712134012,
        2.490472741394227,
        2.436369775922831,
        2.472124403474162,
        2.438213872111679,
        2.4569795481059704,
        2.453262059126948,
        2.4457523200381543,
        2.4585776872783054,
        2.4896931895908736,
        2.451095175428665,
        2.4490411512854933,
        2.4341797915525465,
        2.4061272794576607,
        2.4180438236688038,
        2.3969186174887698,
        2.418242695776193,
        2.51845094269529,
        2.443326965141151,
        2.4078061821930348,
        2.3930106871791534,
        2.392975367575168,
        2.411676203358056,
        2.418502692275168,
        2.4154835958316934,
        2.410226162646176,
        2.4421524208217162,
        2.364418284559364,
        2.424291642889122,
        2.4133327209715887,
        2.403428863761021,
        2.3990321985489316,
        2.372205033483889,
        2.4298483137813665,
        2.375027811993449,
        2.3954852358510763,
        2.3685357376067855,
        2.4322017883974967,
        2.4177432972541575,
        2.4055345247465367,
        2.411744928198829,
        2.400308003485026,
        2.408191924589127,
        2.432949603441198,
        2.3848075952681262,
        2.3824711486665224,
        2.4231756485974048,
        2.336452676167066,
        2.3683523527276695,
        2.3321664432496614,
        2.3389908079418835,
        2.3711163868803986,
        2.3586079691214783,
        2.3457438762951113,
        2.389009904369172,
        2.3857816320975482,
        2.3539621173221215,
        2.4140511445653994,
        2.4036032122795628,
        2.3992564200063655,
        2.3576123018688557,
        2.3729200846736043,
        2.392935889629973,
        2.3433338389846843,
        2.338286741438142,
        2.3443394249524205,
        2.3180350966875944,
        2.3289144228796745,
        2.3221463923237544,
        2.374801732161197,
        2.3824048654894945,
        2.321314776474513,
        2.3490314650849093,
        2.32805802705915,
        2.319141983299451,
        2.3218641228996835,
        2.314854124723057
    ],
    "min loss": 2.314854124723057,
    "training steps": 10000,
    "batch size": 256,
    "history size": 1000,
    "dataset": "enwik8",
    "end time": 1730477079.7295022
}