{
    "start time": 1730481891.6853688,
    "use_input_gate": true,
    "use_forget_gate": true,
    "use_output_gate": false,
    "use_state_gate": true,
    "use_new_state": false,
    "use_old_state": true,
    "use_residual": true,
    "n_layers": 2,
    "state_size": 256,
    "id": "5184163182807f25aa27230644411d82b43ac58e9de30e615617cec4a5fa684f",
    "loss": [
        3.678126232394332,
        3.4640990853693885,
        3.3663491827497145,
        3.1981645227847246,
        3.043526852376419,
        2.950835623941933,
        2.919301408848329,
        2.855212593015127,
        2.859025401371545,
        2.7941633362032863,
        2.7537276453218427,
        2.7368413318628915,
        2.730158034426645,
        2.7389208774792775,
        2.7158982020680726,
        2.6994224491864642,
        2.70653254685917,
        2.6589217327072157,
        2.6367599876537438,
        2.67287411791327,
        2.666437798016412,
        2.659931404545106,
        2.6219900868481507,
        2.6379550494469544,
        2.570652457658908,
        2.55861774986897,
        2.5774325391923543,
        2.6028671389580187,
        2.5338574447639326,
        2.5602607574308323,
        2.5396816760147507,
        2.556329203961143,
        2.5679224625535055,
        2.5262656677426283,
        2.502210659243147,
        2.5244751920456703,
        2.492883286587472,
        2.5372323423601846,
        2.540085198310846,
        2.540230505827083,
        2.4944103037568652,
        2.4784271119557566,
        2.4705141549058895,
        2.4713689106464938,
        2.4663369648978675,
        2.4571833290577385,
        2.4766312580123744,
        2.4617851735607554,
        2.48146586538469,
        2.440115998074498,
        2.4270790132120066,
        2.4387979026046835,
        2.405186959060602,
        2.447166258248709,
        2.440955405199084,
        2.398403275901368,
        2.419401896164574,
        2.4039824460669483,
        2.4080499212330806,
        2.425044463486151,
        2.434050844388817,
        2.41553456370559,
        2.381143958575832,
        2.3816213029154203,
        2.382993268612049,
        2.415882469104776,
        2.399732952038457,
        2.3945819132331634,
        2.3493402220405413,
        2.3408475633275283,
        2.349656233784347,
        2.358719299066846,
        2.34953527537135,
        2.3712763918911577,
        2.345931007421181,
        2.360119786489383,
        2.393789861989243,
        2.342484149098625,
        2.351782711747868,
        2.382413063262641,
        2.380659959948815,
        2.3661608410391812,
        2.319135337569476,
        2.337079621556502,
        2.3165326750284714,
        2.3429064238843043,
        2.345730999011324,
        2.333466835493225,
        2.339727146049944,
        2.3314247553825496,
        2.3402647781394914,
        2.3600545220407754,
        2.3224068231065647,
        2.300765872620878,
        2.3205459611491466,
        2.3190349623094897,
        2.322896798151848,
        2.282171569057767,
        2.284262836079971,
        2.322809262388963,
        2.315690969008654,
        2.2804739719287572,
        2.2659236800575107,
        2.314536301941917,
        2.2720113719921566,
        2.2960338604081922,
        2.3263444279761174,
        2.2459151936040307,
        2.3306509154503448,
        2.2846051215533993,
        2.2955883662192793,
        2.3089557978582844,
        2.2961658558338427,
        2.282444167493642,
        2.280454387829918,
        2.2921312613639784,
        2.2944865935087195,
        2.2774663884371433,
        2.2985261541811317,
        2.2771448557539844,
        2.2831836724316186,
        2.2323864706738274,
        2.2456652133481283,
        2.2660033632560665,
        2.264936158540396,
        2.300896248672949,
        2.263761981337022,
        2.2792067904589293,
        2.2715295928104884,
        2.256900583967498,
        2.2405349662744625,
        2.2594663355821467,
        2.24589749920025,
        2.209540109080736,
        2.252397637100335,
        2.2429863333855407,
        2.2476488974671502,
        2.2829795072850954,
        2.2736357406737846,
        2.3025835064179887,
        2.293659878298842,
        2.2556307136701914,
        2.2610398463311334,
        2.262342625705212,
        2.267999251299433,
        2.2478955688369875,
        2.2404987461805117,
        2.203334905291182,
        2.236100230488865,
        2.238827724114232,
        2.2385172466764907,
        2.2537289989132256,
        2.199466524216258,
        2.194066448233923,
        2.1845221692753407,
        2.227118370837563,
        2.212640557659956,
        2.245687068500242,
        2.231786421135974,
        2.272346744027361,
        2.2420642934784394,
        2.213291516571677,
        2.208331324972758,
        2.2003017619973533,
        2.2234876056980744,
        2.21624794209619,
        2.217128822014929,
        2.186584438650719,
        2.1921236094386725,
        2.201775670724691,
        2.2060238005092887,
        2.234556835323308,
        2.2072081402000694,
        2.167153317709757,
        2.169229743001562,
        2.163358672430387,
        2.2025199508696587,
        2.1850397048097463,
        2.2111646289180036,
        2.2313047203270697,
        2.216615078463263,
        2.197111136132212,
        2.2257551246773764,
        2.201547621245692,
        2.2455098492840944,
        2.2312277748293186,
        2.202508604872778,
        2.2230739463576983,
        2.1865054695146067,
        2.1858157663044695,
        2.210378105265266,
        2.191836350292373,
        2.1730034760869987,
        2.192372029975666,
        2.191284105599783,
        2.204458348120019,
        2.2004544471538408,
        2.2043655688241968,
        2.214674760741749,
        2.247485938340986,
        2.1991111899391536,
        2.2346084963834745,
        2.1820551137364914,
        2.1950534461504647,
        2.2078675052438084,
        2.231132919175319,
        2.220489133810361,
        2.1729207101115,
        2.2195838355481303,
        2.2250903614135242,
        2.2273808179180974,
        2.1849290859663997,
        2.194297061958669,
        2.2110488901941885,
        2.2352883081621506,
        2.1849404789869378,
        2.1994521096948145,
        2.172852454357894,
        2.1748597386328234
    ],
    "min loss": 2.163358672430387,
    "training steps": 10000,
    "batch size": 256,
    "history size": 1000,
    "dataset": "enwik8",
    "end time": 1730481917.7822003
}