{
    "start time": 1730482897.4803867,
    "use_input_gate": true,
    "use_forget_gate": false,
    "use_output_gate": true,
    "use_state_gate": true,
    "use_new_state": true,
    "use_old_state": true,
    "use_residual": false,
    "n_layers": 1,
    "state_size": 256,
    "id": "5326b2212e72df486ce51987e5e5a3d75898faf9d119c5c949cb38a60dbc7f0f",
    "loss": [
        4.0144351232370665,
        3.4695248699638572,
        3.241514263618257,
        3.041644193684938,
        2.8663495763038,
        2.7487571675924465,
        2.659605131653521,
        2.6282411308279783,
        2.5577024160229005,
        2.5081904278444895,
        2.456098198646543,
        2.4558445883546285,
        2.4115503797703806,
        2.378267484832671,
        2.3350399602831877,
        2.3268620645267535,
        2.3193372304875006,
        2.36076480264811,
        2.2971364537903414,
        2.3193284343647824,
        2.273351311084682,
        2.2304833509915483,
        2.2387011535724,
        2.192842917854838,
        2.2011702988875697,
        2.1900328576697694,
        2.147254829394089,
        2.1223338483216727,
        2.171381088047075,
        2.1365705147925453,
        2.117871042099601,
        2.1101783050405,
        2.091653962904836,
        2.0736303473928106,
        2.0984444124133983,
        2.088977896177542,
        2.0519209355750645,
        2.070070002203803,
        2.0759638944958816,
        2.0948798249436944,
        2.0583888722892225,
        2.0622496409410336,
        2.0241634664786274,
        2.0026501583665848,
        1.9871816999959033,
        1.9966931883728092,
        1.9859289429870883,
        1.992494317865425,
        2.0223657749958415,
        2.011748585386962,
        1.9476717819566596,
        1.9371500888451516,
        1.9299862714285394,
        1.9222220434364652,
        1.9247413266377078,
        1.902398937969048,
        1.8987424882468367,
        1.8870088279942436,
        1.8949790742816732,
        1.9950347182856878,
        1.949551758901331,
        1.9439052140172883,
        1.9583170776501526,
        1.8994342400612763,
        1.8742555401386507,
        1.9200950371046026,
        1.8435981671572548,
        1.8942557924394334,
        1.880104820998481,
        1.9040744653146877,
        1.9019916355165962,
        1.8284268398466221,
        1.8230165904730826,
        1.8620451664951245,
        1.8310676861397932,
        1.872331729999617,
        1.852251392653347,
        1.8883682993558244,
        1.8288452216835016,
        1.9841999418820593,
        1.8996856723389424,
        1.8873722560400479,
        1.8533940554496517,
        1.860265858441953,
        1.866708357407207,
        1.8851288966449027,
        1.8039670166838138,
        1.8548266122231962,
        1.8156843548469543,
        1.812993677163814,
        1.8657778110135608,
        1.7972677234211119,
        1.8241136586370867,
        1.8071555744849737,
        1.8269684926040426,
        1.771911235766937,
        1.7963371687508094,
        1.814982112029449,
        1.8313013534588836,
        1.9106756183815763,
        1.8389884553757019,
        1.8813792431351095,
        1.8434574657076697,
        1.7649796742182844,
        1.7921794318747628,
        1.7729179088170328,
        1.7518423674099546,
        1.8040753137989645,
        1.8035813873352604,
        1.7574014369798914,
        1.7651539867659083,
        1.7709838398210302,
        1.7895849317071346,
        1.7567926537956873,
        1.7310014188987022,
        1.7861950924394645,
        1.777834731764015,
        1.7945307625357445,
        1.7899592771194701,
        1.9111436204980154,
        1.7832901950484037,
        1.795616322706709,
        1.7463962239093578,
        1.7834723656327145,
        1.7762813390376317,
        1.787246309100611,
        1.7675982042545322,
        1.7751685454351702,
        1.7182774021930833,
        1.769241889794337,
        1.7285418853719476,
        1.7866411405661244,
        1.7696945949126575,
        1.7395024389150775,
        1.744881054750178,
        1.7625173554089677,
        1.7239378837673665,
        1.738165298264767,
        1.724673158840812,
        1.9027087359536596,
        1.808755902738466,
        1.8221060870873942,
        1.7757060811926184,
        1.7946158255040936,
        1.7638030858683547,
        1.780296595705174,
        1.7894162453977105,
        1.7417707122700763,
        1.7222979718707891,
        1.7207300567249701,
        1.726782947005738,
        1.7329536528082414,
        1.6983769947254432,
        1.782753980941826,
        1.7277820884881387,
        1.7115248086664985,
        1.7288016230748708,
        1.7177272081149901,
        1.7240991226151,
        1.891872996515618,
        1.7499124713540566,
        1.7213652527448744,
        1.7129285392928106,
        1.6899167329652585,
        1.6655259646600504,
        1.656288312851356,
        1.6664927213470344,
        1.6882765488968587,
        1.6644121470565378,
        1.6545930097919477,
        1.6857405856774066,
        1.672015180802557,
        1.6537625615909086,
        1.6457982197176177,
        1.6647007159429608,
        1.7254289504730247,
        1.6899875062513443,
        1.6552545993129129,
        1.6982371982968378,
        1.8626856433087928,
        1.790051885776255,
        1.7709716880759823,
        1.7280981824358748,
        1.73506636317519,
        1.7131928319344418,
        1.6850500263454076,
        1.7221798511865143,
        1.7580119407168495,
        1.7114875475013107,
        1.6936859684521905,
        1.7239535375870894,
        1.721698718869141,
        1.7288107125483514,
        1.6800203954707669,
        1.6936143686428144,
        1.6925038557125542,
        1.7112690883182289,
        1.6877627738613818,
        1.7364104025697693,
        1.8571801715032215,
        1.7532767811218295,
        1.7490800983880312,
        1.7623999607824705,
        1.702061176375,
        1.6578705671714906,
        1.6759202319952193,
        1.6782137605299043,
        1.675944712285777,
        1.7552425839821337,
        1.7041525351870528,
        1.6920732814517216,
        1.712235800949233,
        1.7121256583506974,
        1.6903959109517561,
        1.6969530344371837,
        1.7036082276436801,
        1.7152491469344695,
        1.6858505954660856,
        1.62618089113089
    ],
    "min loss": 1.62618089113089,
    "training steps": 10000,
    "batch size": 256,
    "history size": 1000,
    "dataset": "enwik8",
    "end time": 1730482929.774181
}