{
    "start time": 1730481046.2791986,
    "use_input_gate": true,
    "use_forget_gate": true,
    "use_output_gate": false,
    "use_state_gate": true,
    "use_new_state": true,
    "use_old_state": true,
    "use_residual": false,
    "n_layers": 1,
    "state_size": 256,
    "id": "53ced7ea1f84e21808d4f1bfee071d69da0bf97d1e8847902ac8c117e6e13443",
    "loss": [
        3.954841013574574,
        3.4791714103819227,
        3.3725509348394342,
        3.1308288793352146,
        2.9894978221732003,
        2.867664455851786,
        2.797797786534308,
        2.7470519915293794,
        2.6241007699204117,
        2.623800108847352,
        2.5893579941433154,
        2.5416013171521827,
        2.5200919737980505,
        2.4571497662335626,
        2.440191304022918,
        2.399578825291479,
        2.4158805456071084,
        2.391214402184444,
        2.3529846581290217,
        2.4062755952609414,
        2.3530295836050077,
        2.3170727584783535,
        2.2830361113127378,
        2.267506479075244,
        2.2284045538829003,
        2.224168772298357,
        2.1757022387766085,
        2.1940255750640274,
        2.148242295472354,
        2.131843237694718,
        2.129050874778258,
        2.084889788718276,
        2.103294190906646,
        2.0462183664692986,
        2.055483911954213,
        2.0605498927542416,
        2.0391854254882222,
        2.0282771835315576,
        2.0608520536411215,
        2.1450969357233887,
        2.1245354499984566,
        2.0486417845124225,
        2.063632755528449,
        2.056184122285571,
        2.0460837506977683,
        2.0077787797098554,
        2.0011335852296845,
        1.9843782854699785,
        1.9762041407468205,
        1.9929161458923574,
        1.9668570334910167,
        1.9770867181108438,
        1.9817201031155074,
        1.9965232954911356,
        1.9176540218165856,
        1.928023486597863,
        1.9282335201327698,
        1.9414118619658294,
        1.9143409400639182,
        2.0665040684871374,
        1.9798119028700347,
        1.9660336027358427,
        1.9237763356878919,
        1.9687429729528407,
        1.9240563853515622,
        1.9033478244155242,
        1.9186095450685203,
        1.864261653996916,
        1.9130940921368023,
        1.935536204521398,
        1.9142010908569342,
        1.902694924041384,
        1.882993586782828,
        1.8820281153964427,
        1.8317096582489485,
        1.8557185482808027,
        1.860322793511804,
        1.8488065256961386,
        1.8416524023614804,
        1.9553906933624003,
        1.887482636604975,
        1.8459773537911623,
        1.880720810154872,
        1.8062286464051236,
        1.809022606276167,
        1.859523065097382,
        1.8486278245273666,
        1.809071335625137,
        1.8265914065618174,
        1.8643548135539572,
        1.8253878554821537,
        1.817478183144809,
        1.7960407041566484,
        1.7853534709022212,
        1.7740976354085296,
        1.7546594545019776,
        1.779239869679168,
        1.766283648683381,
        1.7645958855531572,
        1.9219450021485975,
        1.8524164490131247,
        1.7870931540033368,
        1.8645140778182037,
        1.8604997894106932,
        1.837945478342461,
        1.8348154051777235,
        1.778631058247493,
        1.8333894201878773,
        1.803333611872204,
        1.7899818676292178,
        1.7725031646269607,
        1.7729212812113273,
        1.7587111572969696,
        1.780331642880512,
        1.7704522057881538,
        1.7821504965855695,
        1.7890814661158612,
        1.7565244304770302,
        1.759668267615284,
        1.896482931358823,
        1.7729849818507948,
        1.8015651496465035,
        1.7351872949528708,
        1.7654480967922217,
        1.7697057134416276,
        1.7625145109406086,
        1.757633055452702,
        1.7734924983150029,
        1.698892020813813,
        1.7199991847999094,
        1.7687701342965558,
        1.7387288382626966,
        1.7233304794164856,
        1.7232220028544518,
        1.7539498962765996,
        1.7646502234796282,
        1.7169204895933814,
        1.754444007421045,
        1.7554391185788878,
        1.8570641885159143,
        1.7586308806695823,
        1.7586355569998329,
        1.7253395181641658,
        1.7722271584096214,
        1.7567740480093803,
        1.7340691899943685,
        1.717289973390054,
        1.715315964226205,
        1.691061189044327,
        1.7086305509676554,
        1.7199219242670356,
        1.7124196732699668,
        1.754524925778917,
        1.7003847575772877,
        1.729875821865498,
        1.6986966094444995,
        1.67962593231687,
        1.7461184477759044,
        1.6803185990402025,
        1.8278443847646502,
        1.7956669602550581,
        1.7577302808724704,
        1.7772852215613608,
        1.7135174133188438,
        1.7102164045873098,
        1.7055528676251221,
        1.7304609022882047,
        1.7101043835661158,
        1.7627672356650834,
        1.7111949538692708,
        1.6877075635968406,
        1.6927784909079655,
        1.6909706185424043,
        1.6777405741944427,
        1.6952602401345631,
        1.6510542873034377,
        1.6609291609262382,
        1.669056706181099,
        1.6909270228965996,
        1.856203316017018,
        1.718519134677064,
        1.7258268867769433,
        1.7156699520177474,
        1.684653948634812,
        1.6707968573045229,
        1.6421830694023845,
        1.6547265490580032,
        1.693911960823012,
        1.6824441791879374,
        1.6878318600483746,
        1.6719161274551488,
        1.6489493214255981,
        1.6652177984794179,
        1.6811469615923293,
        1.6459669661470575,
        1.6313459822644774,
        1.6241306701071365,
        1.7032714002207667,
        1.6724945343493334,
        1.8107675544437987,
        1.7506750710608934,
        1.7185734820133478,
        1.7194557849189813,
        1.6682145934482886,
        1.686336594352247,
        1.653734390063828,
        1.6822687280249207,
        1.6775046684605117,
        1.665340093571328,
        1.7252995261127848,
        1.6745876589901552,
        1.6269836397655408,
        1.6971842639365353,
        1.6792965481144628,
        1.6600761453803772,
        1.6667194792533344,
        1.6916175601953598,
        1.675299276131714,
        1.702603196984485
    ],
    "min loss": 1.6241306701071365,
    "training steps": 10000,
    "batch size": 256,
    "history size": 1000,
    "dataset": "enwik8",
    "end time": 1730481080.7586336
}