{
    "start time": 1730477733.2995837,
    "use_input_gate": true,
    "use_forget_gate": true,
    "use_output_gate": true,
    "use_state_gate": true,
    "use_new_state": false,
    "use_old_state": true,
    "use_residual": true,
    "n_layers": 3,
    "state_size": 32,
    "id": "56e9297c9ce7fb304ef334cc8361f11d3995af25ba010af1f37ecdf6d26e267c",
    "loss": [
        4.772864777132791,
        3.579139877847151,
        3.436513775557839,
        3.385798339714249,
        3.4101078909601372,
        3.396993657476632,
        3.359799107450797,
        3.329710174351769,
        3.2850752577664926,
        3.2793044580195043,
        3.253669656020361,
        3.212378924942705,
        3.1826324471632663,
        3.1697730665346358,
        3.1342601845880327,
        3.1539311335861053,
        3.146165077642847,
        3.1113530320087475,
        3.1290984586501343,
        3.080449744739592,
        3.067233227955013,
        3.0616912545522084,
        3.0125545231169144,
        3.022333890478746,
        2.986020248615389,
        2.9936577106922666,
        2.974433415354358,
        2.9839230760062283,
        2.958779959307861,
        2.9677044891615245,
        2.9203414959052547,
        2.8921613271442546,
        2.890992530120692,
        2.864506736781163,
        2.872690353390159,
        2.7988508594853294,
        2.8383516771503063,
        2.837150032246745,
        2.7865169780569907,
        2.8354612606489806,
        2.8538564856542874,
        2.8599098465337853,
        2.82272588702664,
        2.792798292836381,
        2.779619047215145,
        2.7731051190190628,
        2.735578671031804,
        2.7616018346263,
        2.784822706154183,
        2.783221598228219,
        2.738899499415029,
        2.7194060593632146,
        2.6831772749429836,
        2.67725281820863,
        2.6882521317855343,
        2.6920226388796995,
        2.690444449927073,
        2.7118979529457863,
        2.7050777820888308,
        2.7233316136617507,
        2.711751307956345,
        2.6707227047629707,
        2.6602964618175973,
        2.676189496081608,
        2.636948950102358,
        2.63641009719728,
        2.660782286476177,
        2.6468095936328147,
        2.643384499414558,
        2.6452169526905704,
        2.679720142217325,
        2.611636424480958,
        2.631967164462362,
        2.647816036732931,
        2.6269445870091097,
        2.638412785321356,
        2.6130637778687054,
        2.6282499920285236,
        2.5909991554887335,
        2.6658144993859794,
        2.640521987092862,
        2.615543680328565,
        2.618968094562459,
        2.6133707381347446,
        2.6095278130872352,
        2.633055304122009,
        2.6155933823843824,
        2.591748912340051,
        2.6029313602055093,
        2.6052501329510793,
        2.578652349602615,
        2.5928718586820123,
        2.609656602138224,
        2.613959819707179,
        2.579636888638827,
        2.592822683243092,
        2.6063860401317074,
        2.595256274070463,
        2.5850927821453715,
        2.644251487665957,
        2.5980454759726324,
        2.598264446991029,
        2.573202041805024,
        2.5848238234005443,
        2.623718963377945,
        2.6082447510600497,
        2.5916678029636824,
        2.572818422294336,
        2.5829271599077237,
        2.586611781182437,
        2.6209621950695126,
        2.5862789905920827,
        2.5655518772844816,
        2.577760930143471,
        2.5529441291444086,
        2.561673601872831,
        2.570200496947046,
        2.596469370833992,
        2.589153137057433,
        2.61465992969464,
        2.592761331797,
        2.529817820357536,
        2.5621140756379606,
        2.539324583537924,
        2.5597739328234668,
        2.5198424134898656,
        2.552852066074682,
        2.5574590916104545,
        2.5381647415510837,
        2.5162403021382884,
        2.500006994999077,
        2.5213564324848035,
        2.5588836476264296,
        2.5532761094240355,
        2.574435881153772,
        2.5447470351246526,
        2.531909297038044,
        2.526996744350475,
        2.5358389975871827,
        2.603944320605806,
        2.5539160636120313,
        2.564953883708619,
        2.5198577421650126,
        2.576034298372423,
        2.552254289038764,
        2.5283406376438173,
        2.5446783753238313,
        2.531822888291268,
        2.5237955539533403,
        2.5551440189640418,
        2.5465560950619355,
        2.536625020853226,
        2.5436773570798743,
        2.5244669936853117,
        2.521237566729008,
        2.5079766601817743,
        2.5025825526917655,
        2.479251594456323,
        2.513126815105737,
        2.567166321876091,
        2.5638368584510496,
        2.4960158133510704,
        2.4832590601485256,
        2.4731256820834036,
        2.502586305571697,
        2.4902990455228937,
        2.5128193236752874,
        2.4944810539342854,
        2.505282650705809,
        2.473386333099506,
        2.4648377777885733,
        2.459385063540816,
        2.464652226013614,
        2.447077989862438,
        2.4686932548922247,
        2.440163378202859,
        2.4670393599129077,
        2.5030015872445195,
        2.5143317567706256,
        2.5349011265239336,
        2.509124625893648,
        2.5102940115786545,
        2.494927893698109,
        2.5221547096584036,
        2.5265036193679387,
        2.5210942015738627,
        2.5299554460187754,
        2.530590939935461,
        2.535829273270468,
        2.518433825682625,
        2.5276047685537395,
        2.5131055171645102,
        2.502378990882632,
        2.4965977096208736,
        2.472937149939681,
        2.4860149435502255,
        2.4623613688664263,
        2.4747091944463655,
        2.4919628195546575,
        2.566878414712648,
        2.499088219517844,
        2.462315210026847,
        2.483540720316066,
        2.4873319731968144,
        2.4973783659528963,
        2.4638029232538923,
        2.495621799714222,
        2.48834107517908,
        2.4821030643569943,
        2.461544811486751,
        2.480781513643807,
        2.480646526097078,
        2.48366085699552,
        2.463747690623889,
        2.4733037170492596,
        2.489542951859465,
        2.4511331509212235,
        2.49529167327528,
        2.468409614072155
    ],
    "min loss": 2.440163378202859,
    "training steps": 10000,
    "batch size": 256,
    "history size": 1000,
    "dataset": "enwik8",
    "end time": 1730477784.4183798
}