{
    "start time": 1730482738.2419965,
    "use_input_gate": false,
    "use_forget_gate": true,
    "use_output_gate": true,
    "use_state_gate": false,
    "use_new_state": false,
    "use_old_state": true,
    "use_residual": true,
    "n_layers": 1,
    "state_size": 256,
    "id": "56e9fdaba2d0fe7628ec0b2c5e7ca85287c84f364403730c500b12cf25d340ed",
    "loss": [
        3.629447214926377,
        3.286409383335684,
        3.0397221007108164,
        2.9306191327994586,
        2.851853208787308,
        2.782364096241348,
        2.77515012628725,
        2.7183433572950864,
        2.683111336776556,
        2.711180836863645,
        2.7072412216118105,
        2.655828020660371,
        2.62611531558306,
        2.632602418369435,
        2.6099245956588404,
        2.6303025587084754,
        2.604328221868397,
        2.5833688440742146,
        2.5502055100549037,
        2.563956509396995,
        2.513797147690673,
        2.4706592790868838,
        2.487863890624693,
        2.4838219143559814,
        2.5285276017120784,
        2.46988633339452,
        2.4914060282771686,
        2.492362143650983,
        2.4566059448739743,
        2.4441484190689686,
        2.4620717468812368,
        2.445186517952993,
        2.42945654204997,
        2.4145395097635913,
        2.3939046902652272,
        2.4051615088998153,
        2.401302061386131,
        2.4216022625199605,
        2.397380302595391,
        2.392354420451196,
        2.3760634979834356,
        2.3819342317074943,
        2.3337591898961305,
        2.361078113328154,
        2.361908910795065,
        2.346981796364909,
        2.3458590879075403,
        2.359435399464518,
        2.3330318772193492,
        2.308915768697708,
        2.32395488656568,
        2.3394660996151484,
        2.317845192909219,
        2.3147715728735316,
        2.3436381266298247,
        2.3452918863112964,
        2.338450063331207,
        2.3150102904784515,
        2.3204534922452362,
        2.359904729622862,
        2.3195125442007214,
        2.3208231849730074,
        2.293387811925723,
        2.2959844262850866,
        2.2779934398022568,
        2.2530561509312528,
        2.3174857663609947,
        2.307471439656068,
        2.3090487656289302,
        2.2988557049886627,
        2.251749512590058,
        2.272245096611835,
        2.2274868813710174,
        2.2212358695561125,
        2.24019945902988,
        2.243635861617297,
        2.2675554997501703,
        2.231541660308314,
        2.251155276298908,
        2.3128538300799857,
        2.2555461806348047,
        2.271169063405556,
        2.279245882483718,
        2.2377936541890566,
        2.2417967455332004,
        2.2220948813208485,
        2.29240599873329,
        2.2526929172443237,
        2.2214860266083987,
        2.2064187779691333,
        2.199325640046003,
        2.197819325926251,
        2.2473061938938006,
        2.221326524667295,
        2.2286650369237835,
        2.2154197273138787,
        2.225885274746198,
        2.2429318867576384,
        2.2318603749918364,
        2.303587063551554,
        2.2853407411412237,
        2.227494101513909,
        2.2218252486945405,
        2.2423804789240065,
        2.2387114616836423,
        2.258820650351028,
        2.226133168249345,
        2.233444021285619,
        2.184452100631607,
        2.206777788368442,
        2.214865898440045,
        2.1861009177085986,
        2.1988364400854774,
        2.187306201672561,
        2.1866495387602334,
        2.1611536634712762,
        2.1764217712608045,
        2.2186262217429142,
        2.2067089016656842,
        2.256315153087991,
        2.190933125739936,
        2.170071267538826,
        2.162992187922411,
        2.1657384029338167,
        2.172181852033993,
        2.149018779465284,
        2.178078034389371,
        2.150666840632117,
        2.1190497964203505,
        2.1079992092931885,
        2.1471934746208428,
        2.160318655108042,
        2.1611771021546415,
        2.1703031061332516,
        2.146407413822982,
        2.132750330136027,
        2.1626678238223422,
        2.1606952369802372,
        2.152860961617666,
        2.254545570564196,
        2.1677464452826416,
        2.188458729207924,
        2.1927643450938046,
        2.1199052637793536,
        2.133667544419408,
        2.129158630606538,
        2.170931221022319,
        2.10703303571517,
        2.1798321893889008,
        2.1342523167076335,
        2.1014233220559038,
        2.127816983380784,
        2.1422113774708045,
        2.118103010807604,
        2.121271044545174,
        2.094767527329945,
        2.1264751332684,
        2.0976658857773574,
        2.1184302921023312,
        2.1925011220156048,
        2.1280368146191346,
        2.1016337884242255,
        2.1162419397408656,
        2.1241004974517907,
        2.1220301463813307,
        2.1292194060754897,
        2.1326411741434033,
        2.0930671247672814,
        2.0726899047468206,
        2.113611864202062,
        2.0666060874684797,
        2.069772853135251,
        2.0539404679162767,
        2.104365091515519,
        2.085182366516398,
        2.104411811829225,
        2.132913041757265,
        2.060448003967943,
        2.101175640139952,
        2.1454526566287555,
        2.0801210266747474,
        2.054774972564524,
        2.057541501019686,
        2.0878749907954193,
        2.066365100963483,
        2.102582504939396,
        2.084436673012158,
        2.063797340499014,
        2.102478862056344,
        2.0980274450902954,
        2.108529479119118,
        2.11768695366914,
        2.0968521124234085,
        2.103692083588886,
        2.076003398999777,
        2.0892232405230886,
        2.053740222868093,
        2.054063365196665,
        2.0661052930530817,
        2.1384227817519497,
        2.1188959935699523,
        2.114210005213151,
        2.1106907552533425,
        2.1211173599242192,
        2.1178899130361737,
        2.072203999255942,
        2.065301480538434,
        2.038204475520556,
        2.0794935413657765,
        2.0565811621088987,
        2.044448370109281,
        2.020421597741413,
        2.0272519824420394,
        2.029925511867487,
        2.0339564154061103,
        2.072613422650775,
        2.0257736204161936,
        2.1104804818974685,
        2.059975413352418
    ],
    "min loss": 2.020421597741413,
    "training steps": 10000,
    "batch size": 256,
    "history size": 1000,
    "dataset": "enwik8",
    "end time": 1730482754.0696719
}