{
    "start time": 1730476735.1390686,
    "use_input_gate": false,
    "use_forget_gate": false,
    "use_output_gate": true,
    "use_state_gate": false,
    "use_new_state": true,
    "use_old_state": true,
    "use_residual": true,
    "n_layers": 3,
    "state_size": 256,
    "id": "57f5204c476efd35fb2a5d1708f85a3a3de72d84ff5e5f0a47792c5146624fbf",
    "loss": [
        3.7286979663912474,
        3.4918932078296168,
        3.2037226921958304,
        2.9976542546568314,
        2.8670427590790823,
        2.6615013753312162,
        2.659470258374397,
        2.5218611113198923,
        2.5385587553791846,
        2.4472397144909124,
        2.4219444527203113,
        2.384161780453789,
        2.3633298939901057,
        2.348663937241277,
        2.332189605631996,
        2.321419330460845,
        2.2761053074468185,
        2.268543910772432,
        2.2192617322588193,
        2.280601060608883,
        2.2238936620043472,
        2.2412745130881895,
        2.1679913169692258,
        2.166300702903378,
        2.178461630032428,
        2.1592786831968205,
        2.175386694235888,
        2.1252380928874883,
        2.1372408271081036,
        2.1472311830025665,
        2.114686317368143,
        2.100453111739801,
        2.06229864320867,
        2.099535886196893,
        2.0769910250309453,
        2.092835540293909,
        2.096614045580856,
        2.089623781119861,
        2.0616968512947587,
        2.1552403324194565,
        2.117073844739295,
        2.026063374862646,
        2.0425894251696275,
        2.005882311303359,
        2.0165818207369592,
        2.025106090360065,
        2.0159718010505046,
        1.9755550707183647,
        1.9741963202863944,
        1.9476561866783038,
        1.9624674995951792,
        1.980313910543817,
        1.9731461821143765,
        1.968036744588932,
        2.0023037537078623,
        2.015480465092444,
        2.0298597416999593,
        2.0076807214632324,
        1.9948814358321152,
        2.1240571767509175,
        2.0288697121550587,
        1.9881778993409924,
        1.968605826823824,
        1.95184918849067,
        1.946798539735995,
        1.9963928906302255,
        1.9505440655068642,
        1.9504381897664809,
        1.9514262568202645,
        1.9422499745098754,
        1.9121554084425703,
        1.9222879572566576,
        1.8565856364742386,
        1.8843448913582002,
        1.8938423085659022,
        1.965890560164681,
        1.9153589619594418,
        1.9254913538467568,
        1.9353454517463924,
        2.034121247106668,
        1.9314237072511755,
        1.919258357871319,
        1.928924935161591,
        1.8739359504840958,
        1.8822758419113585,
        1.833919718756771,
        1.8562201319146476,
        1.8579740577893518,
        1.853310948727145,
        1.8509259038181074,
        1.8079604581927904,
        1.8064773527729896,
        1.800541733602209,
        1.8278256400511455,
        1.827657026974073,
        1.8401210281228733,
        1.8652965505202805,
        1.8881031042112304,
        1.8841926205306432,
        2.0423992757211082,
        1.9719854889599808,
        1.9565125300081858,
        1.9222448489125397,
        1.9757758152670453,
        1.9537938444838578,
        1.9427890385962567,
        1.9169040947439684,
        1.875571558915554,
        1.9205738115716935,
        1.9024382964222724,
        1.9108532140754313,
        1.9292380106205065,
        1.8964524670022103,
        1.9415160842258365,
        1.859353730360723,
        1.9267612187402687,
        1.8810276044260146,
        1.8838296422851821,
        1.9303385277517198,
        2.037995892262828,
        1.9623863436221762,
        1.908376203448621,
        1.8995774141054853,
        1.9305467634386322,
        1.874849375163272,
        1.8672661936734405,
        1.8804537576553602,
        1.8628159572314271,
        1.8465666046480635,
        1.8494810542112032,
        1.9266055110812048,
        1.8626787181340674,
        1.8421262191982877,
        1.8763457210507077,
        1.8252113124049085,
        1.8148410636067396,
        1.872926327791867,
        1.8608153483658065,
        1.8385620837385355,
        1.99411803394798,
        1.9729293797459186,
        1.9589018645239284,
        1.920930216879276,
        1.9322205243707347,
        1.9473526106912138,
        1.971683707025102,
        1.9757377531371203,
        1.9871008236677288,
        1.9091033804812314,
        1.9319057293786983,
        1.92732597949395,
        1.934872155254091,
        1.9247863008399473,
        1.9070968194722573,
        1.9178260894502224,
        1.8801012085705686,
        1.8519423669325021,
        1.9144940056367878,
        1.8871771383016358,
        1.945083485429361,
        1.9455880967049308,
        1.9499611624320643,
        1.9051179769170878,
        1.909889883772608,
        1.8815828069021525,
        1.894305406452096,
        1.8771589289887465,
        1.8624155496454344,
        1.8440946042746242,
        1.8236845184357318,
        1.8327718272734377,
        1.8230726751368007,
        1.8238008266387409,
        1.802318059153995,
        1.8315442991733364,
        1.7962685096721625,
        1.852085286341483,
        1.8336520697074201,
        1.8599492422776807,
        2.0150462025899096,
        1.9105958135105705,
        1.8824788101820782,
        1.8929009199516775,
        1.9128953433804967,
        1.8452031866334095,
        1.8200892419659815,
        1.8265067648158475,
        1.8831352838254094,
        1.8508413338275334,
        1.831036110144368,
        1.826759640987747,
        1.8590730649000642,
        1.8612338454684747,
        1.825753942730631,
        1.8608967925365607,
        1.8454405548549444,
        1.8208199708434216,
        1.886253681181556,
        1.885852049070256,
        1.9550715049943745,
        1.9259082009515562,
        1.8934523963834846,
        1.8395365468747755,
        1.8695752342749992,
        1.8683969604892237,
        1.859214565589379,
        1.8655344514283536,
        1.8610995300803963,
        1.8602453519890496,
        1.860874290464178,
        1.889101102231021,
        1.8544820090946408,
        1.8190709430104783,
        1.8517810689591148,
        1.8307902773836768,
        1.874056024745264,
        1.8536322862835648,
        1.8728727696339094,
        1.7832248868841771
    ],
    "min loss": 1.7832248868841771,
    "training steps": 10000,
    "batch size": 256,
    "history size": 1000,
    "dataset": "enwik8",
    "end time": 1730476775.8020384
}