{
    "start time": 1730477855.1669753,
    "use_input_gate": false,
    "use_forget_gate": false,
    "use_output_gate": false,
    "use_state_gate": false,
    "use_new_state": true,
    "use_old_state": false,
    "use_residual": true,
    "n_layers": 3,
    "state_size": 32,
    "id": "583607e1472de0a730351ea5652133930f69cc7aa1cd8060a09fc5c28b4138bb",
    "loss": [
        4.218497081385755,
        3.564852558060791,
        3.4483340765407244,
        3.3923681409427466,
        3.3267755489235737,
        3.257223645908465,
        3.2316622836657065,
        3.187621581154658,
        3.1605668374552915,
        3.1306280071413157,
        3.04248945146891,
        3.01341836620354,
        3.036651433739121,
        2.967428804833975,
        2.958755226197351,
        2.9950616691128227,
        2.993908476028821,
        2.9614508978419227,
        2.897215158828304,
        2.9650317998964844,
        2.9076893125378356,
        2.8712205774317727,
        2.8863115321037087,
        2.8298702166645526,
        2.829893038713968,
        2.816836941197502,
        2.791534787637432,
        2.7997063345793647,
        2.755738755171631,
        2.7473380211462923,
        2.7977481292207806,
        2.7606761793528602,
        2.76234923949336,
        2.748918312156017,
        2.7364097359422344,
        2.6890890609077918,
        2.668154353911885,
        2.6887993926342277,
        2.682564123858838,
        2.7090443045460497,
        2.716723535499598,
        2.730193094487315,
        2.677862786959452,
        2.6969087365224205,
        2.6518309851609696,
        2.692558056856183,
        2.626620903087589,
        2.6817327614172264,
        2.6457087054031905,
        2.6101791792716384,
        2.6109189141704987,
        2.6459217207411463,
        2.627156442561047,
        2.6047410492766954,
        2.6325405037333245,
        2.620202372951539,
        2.594724197715468,
        2.5983277765100414,
        2.600645545706138,
        2.6712933389631197,
        2.545737707979755,
        2.6024371310490726,
        2.5766782262779406,
        2.597579688996512,
        2.559326972176877,
        2.5227047677517924,
        2.571283149201038,
        2.5687456259273618,
        2.592634360561899,
        2.5408405694058733,
        2.5612721236655496,
        2.580834403499563,
        2.529767695658805,
        2.561692735391079,
        2.5644023848827886,
        2.5412988710834408,
        2.5131009211273208,
        2.5229872980193493,
        2.4935965787127814,
        2.569346283442139,
        2.5483361377219755,
        2.5378940894843436,
        2.525400278456538,
        2.544653762406024,
        2.5826944873610844,
        2.5222822976684562,
        2.549362125248831,
        2.501900837682622,
        2.506911791328134,
        2.5046275343280744,
        2.513748700299264,
        2.503941822336701,
        2.522123432431786,
        2.519219177799833,
        2.4993459691580178,
        2.4479600869824414,
        2.466074297269479,
        2.4675489359835208,
        2.4559208174128506,
        2.535466979165507,
        2.471884649081895,
        2.472753836094508,
        2.4604222821414305,
        2.473765728566546,
        2.434907929861314,
        2.477773854105171,
        2.48181453511836,
        2.437226957250016,
        2.4498738467521406,
        2.431748202394408,
        2.4645522626548746,
        2.3892337280483464,
        2.4088211173229723,
        2.4276627223710157,
        2.4629013102572497,
        2.4178653593193076,
        2.4531454771878627,
        2.4443627908426104,
        2.435393162843074,
        2.4940857671240573,
        2.4640275361620456,
        2.471386731206759,
        2.441582478324527,
        2.421042007903717,
        2.459521517953297,
        2.4320181720962792,
        2.4188181286657713,
        2.4174417161155697,
        2.428859339432142,
        2.436924905457429,
        2.4160148978043465,
        2.4197557581564837,
        2.4361506341420593,
        2.4262415215677318,
        2.440087725176444,
        2.3991508572434648,
        2.41144812844551,
        2.3980858873754953,
        2.4114149770674644,
        2.502039419014656,
        2.450515612039066,
        2.465225597031402,
        2.408409080629307,
        2.4580078584990073,
        2.4575415735456234,
        2.425572293658349,
        2.4227558259799706,
        2.4115966288425033,
        2.4199991528246736,
        2.413154998739817,
        2.4337813158084125,
        2.4019814149954266,
        2.3943475604103495,
        2.407825652422506,
        2.3780199807113958,
        2.3984915871268986,
        2.400095691427826,
        2.372619187980113,
        2.3510152205282284,
        2.4320213429810145,
        2.39706669674441,
        2.407018949345483,
        2.4004008344858243,
        2.4333022769140387,
        2.4245582292866548,
        2.4188910518909483,
        2.3915698992875836,
        2.407639194571575,
        2.416454854446406,
        2.3620184780588387,
        2.409475527823727,
        2.3268251845166286,
        2.380318774065691,
        2.3742527387786128,
        2.3545104334363627,
        2.3534961532081327,
        2.34114253947901,
        2.3483849583131224,
        2.3756784637967088,
        2.459138548582827,
        2.3571676779573423,
        2.3681253394723565,
        2.4106987956752457,
        2.3839322138242798,
        2.339861387600046,
        2.3215028278018384,
        2.320718469024021,
        2.347930078678196,
        2.3540616774931844,
        2.371544580349552,
        2.3733746733674583,
        2.3499861639123454,
        2.358262271800767,
        2.3526991316573866,
        2.373669931955191,
        2.353392087567334,
        2.3457968223493286,
        2.3444147094448127,
        2.3579912235977436,
        2.395293020432261,
        2.386489604208593,
        2.3311546887884638,
        2.3691017737031808,
        2.3345498466757384,
        2.3599850400907245,
        2.3280167676917634,
        2.3349215020847396,
        2.3162248112260735,
        2.330764349823699,
        2.3555847002935306,
        2.3293295271454304,
        2.349680304834093,
        2.323981399420878,
        2.3595610090090666,
        2.31540198458481,
        2.3349963383359915,
        2.3167487596642085,
        2.3457227394599047,
        2.3461441941865715
    ],
    "min loss": 2.31540198458481,
    "training steps": 10000,
    "batch size": 256,
    "history size": 1000,
    "dataset": "enwik8",
    "end time": 1730477886.7853339
}