{
    "start time": 1730483275.8555925,
    "use_input_gate": true,
    "use_forget_gate": false,
    "use_output_gate": false,
    "use_state_gate": true,
    "use_new_state": true,
    "use_old_state": true,
    "use_residual": false,
    "n_layers": 3,
    "state_size": 256,
    "id": "5d253edc809d18967b7cac893cd1966b129e45f88bb61ad1a986bfd25eac947f",
    "loss": [
        3.764823162837364,
        3.510007712724089,
        3.472227340233817,
        3.2873564661061696,
        3.070872193426729,
        2.93706542171551,
        2.8245983906386325,
        2.8238136363979955,
        2.7631617137855087,
        2.732283549752747,
        2.6643283284898636,
        2.5973356308771187,
        2.5709013457265,
        2.5345498205692256,
        2.522569204680859,
        2.530017189339007,
        2.534369108722618,
        2.517149591616232,
        2.4922877232843472,
        2.531626221164253,
        2.533622376227865,
        2.4745412217328453,
        2.492258788399745,
        2.4497785004946775,
        2.4501278767535144,
        2.3962922510387314,
        2.3467692729108416,
        2.371343837549367,
        2.3960143715990267,
        2.354799349213326,
        2.3483599339704653,
        2.3438476305236615,
        2.409615613389164,
        2.419226357154033,
        2.37362205284637,
        2.3254636203915227,
        2.328907530697176,
        2.3546313859702526,
        2.305032494411239,
        2.392007944682217,
        2.389829332307808,
        2.2915728652634053,
        2.3388479707113183,
        2.2782558689690844,
        2.2986306858913514,
        2.338060608599197,
        2.3155393605380357,
        2.2940275499358407,
        2.287035397829387,
        2.246217030384147,
        2.2632542676480942,
        2.2907845120264247,
        2.2942486483054343,
        2.2710086203139306,
        2.2304396080257107,
        2.2146960126640316,
        2.206745110944336,
        2.2163449442041885,
        2.2146290778826145,
        2.3841907720737106,
        2.2410373112332858,
        2.1895988229882586,
        2.193626419034329,
        2.1665368035360766,
        2.1301234010960948,
        2.14706690933547,
        2.184369636304889,
        2.1954323406165877,
        2.1700798394822587,
        2.1247933068960836,
        2.144433946966017,
        2.1475960286352387,
        2.1515796145309634,
        2.0986967597316517,
        2.1457558072718967,
        2.1175706096780966,
        2.1314564927058317,
        2.1451064290612085,
        2.1027759122429743,
        2.2246653424757095,
        2.258682122279461,
        2.171869739478506,
        2.1108125661978625,
        2.140051936542725,
        2.169459903009822,
        2.1118249763404138,
        2.0671455412103583,
        2.1168001771734515,
        2.0769701090282178,
        2.09327059253343,
        2.0528629588037033,
        2.066824659224216,
        2.047545191825952,
        2.047460965796247,
        2.0271754193162415,
        2.0861477428797315,
        2.066985086584804,
        2.0660925849399163,
        2.035490106362125,
        2.1505787833179726,
        2.0866639631727333,
        2.0005132727702395,
        1.9887746117539717,
        2.024295646017406,
        1.997644838718893,
        2.0316357466388757,
        2.024512651159262,
        2.0717658609234944,
        2.0213711305509108,
        2.028241838261555,
        1.9922373890507725,
        1.9684818357462328,
        2.019281350520303,
        1.9674666351002443,
        1.9407032270637676,
        1.992997296246551,
        1.952586774143143,
        1.9677300014473635,
        2.0082816966217947,
        2.141163238135368,
        2.0881444033447636,
        2.0669256311282957,
        2.0696218051331576,
        2.0566478558261805,
        2.0451090916865553,
        2.0322151189113398,
        2.0206852482843782,
        2.0152801955862087,
        2.020119592610642,
        2.010473286674425,
        1.9541482992676944,
        2.0038481135762605,
        2.0276377211501857,
        1.9992850569610359,
        1.9586917630606,
        1.9402652710158224,
        1.9681385736142458,
        1.9395195441297128,
        1.9636795333577697,
        2.119476055101533,
        1.9551529471173503,
        1.983322124728,
        1.9377081172968262,
        1.9124382781380893,
        1.926690218902667,
        1.9182472555496421,
        1.93163878538769,
        1.9360630866634176,
        1.9462934808070123,
        1.9237757414014471,
        1.9303794184457752,
        1.9557801119486422,
        1.9458054560390594,
        1.9142129061095028,
        1.9216573135517088,
        1.9011095834976466,
        1.8848881881512796,
        1.9158533569020226,
        1.9168710233597939,
        2.0566575503397972,
        1.9906550193082888,
        1.9904715569330251,
        1.9014116621793458,
        1.9280235091070048,
        1.923533129748225,
        1.9409583043519392,
        1.9672925698461223,
        1.9298807504609812,
        1.946761196974205,
        1.982495620960355,
        1.9538242959515195,
        1.959013819937024,
        1.9528235344344278,
        1.9085880715412762,
        1.9256485823150558,
        1.8923212171390404,
        1.9161433640623233,
        1.891573090154962,
        1.9248429584601305,
        2.014160345435456,
        1.910211352416889,
        1.8951528010052643,
        1.8458140876113203,
        1.8885901547664745,
        1.8513904724129178,
        1.8507903742001677,
        1.8569025760777473,
        1.834110278156993,
        1.8158068127868587,
        1.869376451165071,
        1.8106969225378333,
        1.866754774651987,
        1.8127126191052774,
        1.8367774072333476,
        1.8567048810520883,
        1.8571680574883744,
        1.8779506489796625,
        1.8083348848500351,
        1.856790356100633,
        1.9811071026664033,
        1.8740379101853855,
        1.8802855970671357,
        1.852871588271906,
        1.8262330739614123,
        1.849229215258767,
        1.8178117542193961,
        1.8369887955990276,
        1.797664010467429,
        1.8051507227265897,
        1.8851783825370023,
        1.8409089459774,
        1.8347326020579555,
        1.8277627905476106,
        1.8481372382969101,
        1.8475258580954714,
        1.7997628617688068,
        1.8052711867505546,
        1.7779302129199652,
        1.7872334381545556
    ],
    "min loss": 1.7779302129199652,
    "training steps": 10000,
    "batch size": 256,
    "history size": 1000,
    "dataset": "enwik8",
    "end time": 1730483340.9697394
}