{
    "start time": 1730479481.6300325,
    "use_input_gate": false,
    "use_forget_gate": false,
    "use_output_gate": true,
    "use_state_gate": true,
    "use_new_state": false,
    "use_old_state": true,
    "use_residual": true,
    "n_layers": 3,
    "state_size": 256,
    "id": "5d37855379f1ab546ad1dd497c9ab49e245f83ff5d3756c5cf6a279b8f8a5946",
    "loss": [
        3.5916760259851395,
        3.387638929727869,
        3.3353097120829167,
        3.251776179972008,
        3.0953194503840997,
        2.9411226924652674,
        2.8773287148279594,
        2.7576585973671723,
        2.7477084797586824,
        2.717893661362155,
        2.666551306811641,
        2.6370483374990195,
        2.611573281795901,
        2.591173833639418,
        2.543064503647701,
        2.536260780703426,
        2.514920367127267,
        2.5294439453700086,
        2.4932378740863044,
        2.512377001849405,
        2.4938479678987537,
        2.4582451170467166,
        2.424525753479218,
        2.423468582608382,
        2.4227161111770807,
        2.37331410874752,
        2.3859963393838766,
        2.3947526292421966,
        2.351893491055972,
        2.3630490361639542,
        2.3156963844460385,
        2.327554283547275,
        2.3307203312067597,
        2.307432692414362,
        2.297710664793813,
        2.278126506159471,
        2.2654402465674717,
        2.2495007325070375,
        2.229709870025693,
        2.3546843777260524,
        2.2954332741487944,
        2.285964061899918,
        2.2266776207720596,
        2.2102485937646246,
        2.196077248979296,
        2.2360382713779154,
        2.210051694827188,
        2.204591608505749,
        2.1800971515225145,
        2.134541275838209,
        2.1598461198624004,
        2.1874606592701986,
        2.1868338234943483,
        2.1784846049204885,
        2.132200795654181,
        2.1670750268303904,
        2.170015752046504,
        2.151065030890706,
        2.1438743300775958,
        2.2358464714131334,
        2.1711180106500136,
        2.1720856489314753,
        2.1539769490358958,
        2.1534456167296026,
        2.126970920276752,
        2.1283790867392316,
        2.1390352813494498,
        2.078469053325528,
        2.1019417114572914,
        2.1506329976965195,
        2.078043765254585,
        2.1245839672335047,
        2.064568894111766,
        2.06743132321857,
        2.081791355442917,
        2.0891564075396087,
        2.0645439694180117,
        2.025544222732534,
        2.0573986010615113,
        2.186975275792173,
        2.084788026302433,
        2.16005207062634,
        2.1287712876504843,
        2.100134503418993,
        2.0494798003186556,
        2.081380386265203,
        2.0640068720636804,
        2.0404547817341268,
        2.0618792520060385,
        2.0490658656512974,
        2.0168800883875106,
        2.071534110925681,
        2.062588557123859,
        2.066249388449488,
        2.0625702342715915,
        2.0723310565206536,
        2.0112590530856607,
        2.065770962557164,
        2.0336681237725585,
        2.179147314855926,
        2.0608840632333068,
        2.0285144636979044,
        2.0049520760762762,
        1.9953492948937117,
        2.043808504306986,
        2.0581249473835523,
        2.0660162380681157,
        2.0322264818683187,
        2.043462071454742,
        2.0188631585364125,
        2.0175662665596352,
        2.0017137781367342,
        1.9528053456322683,
        1.9639938448642613,
        1.9548425556544928,
        1.9590420079001842,
        1.943885157998552,
        1.9425587021968733,
        1.9361001702649308,
        2.072385694201742,
        2.010429495710115,
        1.995738160139757,
        1.9791811260386016,
        1.9822511010792552,
        1.9440337964993588,
        1.997014634016381,
        1.9640766342206153,
        1.998911046255876,
        1.9717467545269454,
        1.9555296548433485,
        1.938926585363248,
        1.901269873870934,
        1.9218446271284693,
        1.939351480415774,
        1.925685100306453,
        1.961826307469103,
        1.946050518946417,
        1.925547352144432,
        1.9470767052244748,
        2.0618388522859323,
        1.9993893659893305,
        1.9901044631837188,
        1.925015063278263,
        1.9161266866175362,
        1.9438916109148188,
        1.9446231575399013,
        1.9418051259599374,
        1.9148105499187502,
        1.906249475305425,
        1.9215008032012302,
        1.9121126919118456,
        1.9081087588130197,
        1.9325553005357334,
        1.9129346122981032,
        1.91456815327763,
        1.9611803807295605,
        1.9498118417514505,
        1.925163779508195,
        1.9111892952721221,
        2.030267096478346,
        1.9689430885947645,
        1.9273419999697838,
        1.926090962163688,
        1.9450158887159124,
        1.8987286897763254,
        1.9307506959703236,
        1.9602324006138105,
        1.927452599933962,
        1.9025000580152382,
        1.8601571875263303,
        1.8940610822385464,
        1.9206527074520547,
        1.8554046227420162,
        1.8605270665223719,
        1.819782119728552,
        1.8336402986318292,
        1.8815656814346609,
        1.8664833310534317,
        1.8857377969999067,
        1.9773822096038445,
        1.9761126481803086,
        1.946326495343926,
        1.9877698173092362,
        1.9337308170470102,
        1.941852716380484,
        1.9496542648132995,
        1.87145034844054,
        1.914193400849839,
        1.9474142346125858,
        1.9111658595507488,
        1.9038297473160282,
        1.889488494974051,
        1.9069028355150275,
        1.912936868204438,
        1.9086467181938938,
        1.9181037250096904,
        1.8852158419246623,
        1.893231041792007,
        1.8793454588282166,
        1.9839132042653977,
        1.896682765223183,
        1.8782535456889347,
        1.9067580967629656,
        1.8928273716598711,
        1.819206084893483,
        1.8364834239567112,
        1.8569327086813632,
        1.8557156501071437,
        1.8608880201769376,
        1.8287525792725507,
        1.8346923481614525,
        1.832408824719723,
        1.841731828180079,
        1.8391470668065282,
        1.834488670711541,
        1.8560081334688578,
        1.8652698215753158,
        1.827886701774078,
        1.821061774945447
    ],
    "min loss": 1.819206084893483,
    "training steps": 10000,
    "batch size": 256,
    "history size": 1000,
    "dataset": "enwik8",
    "end time": 1730479516.2956915
}