{
    "start time": 1730482220.5305176,
    "use_input_gate": true,
    "use_forget_gate": false,
    "use_output_gate": false,
    "use_state_gate": true,
    "use_new_state": false,
    "use_old_state": true,
    "use_residual": false,
    "n_layers": 1,
    "state_size": 256,
    "id": "5f46e7df7bfbfe71abe72a431dafbab2bfb6e0904298eca60dab00a7a801a71b",
    "loss": [
        4.175607971003385,
        3.601448222405679,
        3.50719433858461,
        3.457429555927695,
        3.4147978117638345,
        3.3869736081144075,
        3.4020163139090944,
        3.3889473033305895,
        3.376379644540565,
        3.358581214540457,
        3.368810437955343,
        3.348771398886287,
        3.2638548262905083,
        3.28100965298265,
        3.2445916871433806,
        3.2226253900431976,
        3.20320281502448,
        3.145446717861067,
        3.1297278891634424,
        3.13741246802743,
        3.087835832713649,
        3.028075957860167,
        2.960631800339542,
        2.952242967807107,
        2.923565437159992,
        2.9004963240115664,
        2.8810183168286487,
        2.815847086601086,
        2.824480450913517,
        2.796477345317228,
        2.782028894006255,
        2.7417338496086545,
        2.763449138423695,
        2.7547632305855774,
        2.727420158310026,
        2.722824402829241,
        2.695781183897916,
        2.6960678626240084,
        2.654998084672672,
        2.810399483183346,
        2.694314316133605,
        2.6948219911958806,
        2.695218832825733,
        2.6879897268931923,
        2.6838371081734036,
        2.638593665754419,
        2.598682363479697,
        2.6151366844435877,
        2.566371819853972,
        2.5806307792392214,
        2.573998061878256,
        2.565281168404095,
        2.5084120534760457,
        2.562864850193352,
        2.5344584358081272,
        2.5524256347297736,
        2.5575402351446592,
        2.5451773761331915,
        2.5275372963424805,
        2.676111502259382,
        2.4921956190940504,
        2.4900257979656946,
        2.464078126657158,
        2.460912323948403,
        2.467291488335129,
        2.490297772305989,
        2.4636718229131556,
        2.4675423965155994,
        2.4778831214768164,
        2.484401685658654,
        2.4637609877232434,
        2.4470892671692925,
        2.483097552854869,
        2.4355037565152236,
        2.441007113878651,
        2.4617978561382268,
        2.4257130735266688,
        2.415498274939136,
        2.4058695504553813,
        2.5682519494540736,
        2.417924479078605,
        2.4271147436338403,
        2.418929989937335,
        2.3986120975800276,
        2.387585587346173,
        2.415772560185436,
        2.3975534332828894,
        2.373241756389033,
        2.406445264434826,
        2.4103763233934346,
        2.3580284591646934,
        2.3902848237214926,
        2.3902099868897158,
        2.380273167669028,
        2.3911198898265793,
        2.3783858533475453,
        2.3800923125852025,
        2.353981584033759,
        2.354708697967554,
        2.555907199447408,
        2.4123536568740525,
        2.302954775048367,
        2.362993858369945,
        2.401440890849694,
        2.365919980404904,
        2.396108662413342,
        2.3625819407942528,
        2.352551173668789,
        2.3418512373637403,
        2.3851165771929423,
        2.3349574200854595,
        2.31239226353238,
        2.31035344107985,
        2.299529932043213,
        2.3098191532921644,
        2.345455584261991,
        2.3294553297423795,
        2.277088044259644,
        2.3259795623397967,
        2.4456182452904147,
        2.36564385130158,
        2.3469067837826505,
        2.316832535784559,
        2.3099946524227,
        2.300343214671758,
        2.2967131767167497,
        2.298677398307206,
        2.303551405012539,
        2.3130310068257125,
        2.3450069688301634,
        2.3325927768219223,
        2.295295580174294,
        2.273661902564853,
        2.3030184307357566,
        2.2862529075487252,
        2.2456227915274067,
        2.2957028107761612,
        2.285897183072568,
        2.292202567054154,
        2.429547284095956,
        2.262901159437617,
        2.272785620023524,
        2.2460285956519073,
        2.300610618286542,
        2.2832105569419365,
        2.2398544534719065,
        2.250729531297464,
        2.2598393929377596,
        2.298107530064262,
        2.248795641469098,
        2.2646790720981302,
        2.2566355645488816,
        2.2386197091714086,
        2.205631493487241,
        2.2385532302205844,
        2.2231757361244933,
        2.2293398339107022,
        2.206517066206875,
        2.2475289116756985,
        2.3624070103859633,
        2.2848944631809713,
        2.2519352287210657,
        2.230136381535385,
        2.2348913258812546,
        2.219663112337505,
        2.2592006639249047,
        2.2459562450053494,
        2.2466940756998484,
        2.2520285277165297,
        2.2500999831608053,
        2.277723289261697,
        2.2725929242264233,
        2.255120543264254,
        2.24863042060879,
        2.2390554841602928,
        2.20867547857868,
        2.245217897479403,
        2.259893537333183,
        2.278393761603458,
        2.372271653628002,
        2.271677784414164,
        2.2601820449416734,
        2.2459198519743455,
        2.2125109911200953,
        2.229974501220624,
        2.250532217504541,
        2.239838433101074,
        2.2710268312044564,
        2.265829180995052,
        2.2614444985534967,
        2.2370767925181383,
        2.237703330660768,
        2.2233730930510416,
        2.188820598699125,
        2.2170824722697393,
        2.242305342424593,
        2.231704343287141,
        2.2287793288244164,
        2.250015518906026,
        2.375824393837115,
        2.2577561595321054,
        2.2324295830681633,
        2.235946177799669,
        2.24392238069867,
        2.2239338930874237,
        2.1948927548227246,
        2.198883814797434,
        2.176967891249824,
        2.2358335721715825,
        2.2186080511745705,
        2.215366968210608,
        2.1847823917630755,
        2.148382935651808,
        2.1968445898275837,
        2.173149875149832,
        2.206572620723855,
        2.20614764973718,
        2.1564381244379303,
        2.2213833447939813
    ],
    "min loss": 2.148382935651808,
    "training steps": 10000,
    "batch size": 256,
    "history size": 1000,
    "dataset": "enwik8",
    "end time": 1730482237.6948314
}