{
    "start time": 1730482169.6321337,
    "use_input_gate": false,
    "use_forget_gate": true,
    "use_output_gate": false,
    "use_state_gate": false,
    "use_new_state": true,
    "use_old_state": false,
    "use_residual": true,
    "n_layers": 1,
    "state_size": 256,
    "id": "603afd221781978edbb10b2de58621c6936f4261b3d3b708760f5b2fde723af4",
    "loss": [
        3.593682223854345,
        3.306821641393839,
        3.0551321319786733,
        2.9516217930534796,
        2.826786925018785,
        2.712131077418745,
        2.659443763459516,
        2.6585309552650815,
        2.574168600313981,
        2.5265765942962957,
        2.501658565284971,
        2.458010434222449,
        2.4646017236846793,
        2.394514309492291,
        2.3768789698315125,
        2.388859713915171,
        2.358347186629752,
        2.320591208728048,
        2.307917431744932,
        2.382144209865759,
        2.3042042417505386,
        2.261240660961467,
        2.2350858255537553,
        2.209813288411794,
        2.228182997197678,
        2.2145152648401134,
        2.1977688168151213,
        2.169443584573975,
        2.146315025038431,
        2.1760359973986105,
        2.1468433665753643,
        2.123031795794776,
        2.1493285668447646,
        2.1071566704641467,
        2.1093518868341943,
        2.0847159328110316,
        2.0793681107110733,
        2.053249317824744,
        2.0759477756199507,
        2.1485001149891434,
        2.0659319330165897,
        2.0942984289254785,
        2.04934916993631,
        2.045108636382924,
        2.0235571120916127,
        2.018360794436301,
        2.0430277954627107,
        2.015519380839675,
        2.006882010684836,
        1.9479317616803733,
        1.9805152039735774,
        1.9870611034992312,
        2.012683631297487,
        1.939725718797117,
        1.9532921749181524,
        1.9854664574402623,
        1.971550148975155,
        1.9212259203325988,
        1.9145999464696044,
        2.029684721594853,
        2.0193014687988,
        1.9674467897063272,
        1.952086216940853,
        1.9398251476088344,
        1.9434598033417667,
        1.9398904005701838,
        1.9160140920822077,
        1.8736760349492705,
        1.864021239502767,
        1.8786890862210384,
        1.8894676254067362,
        1.9074829105246656,
        1.8867378441379679,
        1.8963667687269197,
        1.9274446654525441,
        1.8838452628316924,
        1.8482468152111688,
        1.9084067937056435,
        1.8345311857823425,
        1.9850807704982287,
        1.9855883079662822,
        1.903427649893658,
        1.9223706391240412,
        1.8751011258273562,
        1.892548204405239,
        1.8579371541655674,
        1.8758331508065482,
        1.8953584729162358,
        1.846454906702164,
        1.857951447640729,
        1.8301513103333236,
        1.79997358013428,
        1.8134291004480405,
        1.8313587151574975,
        1.8523404749348042,
        1.8338159105447709,
        1.8302234224948088,
        1.8214991970742385,
        1.8212640361442802,
        1.9564309141777456,
        1.8330441376177784,
        1.8740798242980148,
        1.843299250817503,
        1.8639638964124619,
        1.8176989877971408,
        1.8131122952460632,
        1.8075469043181598,
        1.8048406328572617,
        1.811345362203982,
        1.7775911777908195,
        1.7691508174021613,
        1.8099846396135166,
        1.7511275754070639,
        1.7778846530933285,
        1.759873332390505,
        1.7964460613283657,
        1.7362712095070005,
        1.7136772810385266,
        1.740212732614222,
        1.8826567476273925,
        1.8314548871605685,
        1.8520922559660002,
        1.8246231935063584,
        1.7780719472011863,
        1.793716468266971,
        1.8122106728021963,
        1.8247425770557018,
        1.816570491332049,
        1.791243075261984,
        1.763074385460538,
        1.8114404668423907,
        1.8323799997080752,
        1.7954125167564055,
        1.7548720715054786,
        1.790765677227362,
        1.830413906880576,
        1.8401128071250752,
        1.7967777513252583,
        1.78168691839887,
        1.9623674974707683,
        1.7956240297906958,
        1.7525485125674103,
        1.729105646452216,
        1.7433275497765768,
        1.7260175905637403,
        1.7349306018986526,
        1.7446696407731799,
        1.7261230150327402,
        1.7207080175180007,
        1.7404667970353083,
        1.738650088811018,
        1.7249957652333656,
        1.7248065094580889,
        1.8081629446052283,
        1.742848794268757,
        1.7192003168241943,
        1.7163079208631322,
        1.7600098531336945,
        1.762413090042372,
        1.829149986698309,
        1.7443001877011293,
        1.723630383136295,
        1.7362680184041843,
        1.7226620605221006,
        1.7552905170429287,
        1.743845464114659,
        1.7503171364202028,
        1.7780294072747163,
        1.7755256765696568,
        1.7711345723080771,
        1.7408470941235954,
        1.7492062488833984,
        1.7718089932373906,
        1.7602939766099293,
        1.7172512958512023,
        1.7626098805018435,
        1.7700935145513925,
        1.7505662511488245,
        1.7402776131777298,
        1.9169203328297577,
        1.824266739766422,
        1.8379409015180233,
        1.7673124904851596,
        1.805970069836375,
        1.7807886345287773,
        1.7754564088357934,
        1.7217953559609216,
        1.754816389839851,
        1.7948895698937433,
        1.7207119704391727,
        1.7482057911022206,
        1.7649596936225387,
        1.7444781885888487,
        1.7578497073245836,
        1.7340154321353425,
        1.7450552216934405,
        1.7764526781997827,
        1.702025734311092,
        1.7243342737813203,
        1.8752560345909302,
        1.844134469003081,
        1.8307817159588093,
        1.782274233237476,
        1.7138058216091665,
        1.7069222699914524,
        1.7406084057805307,
        1.7520084383935293,
        1.7295568844802083,
        1.7230552874602307,
        1.7656566599758257,
        1.749073714480533,
        1.6715526332099468,
        1.7321152044786008,
        1.7116826980651942,
        1.6830501817435595,
        1.6424039544355753,
        1.6741501511240062,
        1.6818686276855206,
        1.6624951590250836
    ],
    "min loss": 1.6424039544355753,
    "training steps": 10000,
    "batch size": 256,
    "history size": 1000,
    "dataset": "enwik8",
    "end time": 1730482193.0044706
}