{
    "start time": 1730480282.8650281,
    "use_input_gate": false,
    "use_forget_gate": true,
    "use_output_gate": true,
    "use_state_gate": false,
    "use_new_state": false,
    "use_old_state": true,
    "use_residual": false,
    "n_layers": 3,
    "state_size": 256,
    "id": "6266abb7876672a3cd297e7e3345f57d4db8e59518bd2ea942540fa2caf4d679",
    "loss": [
        4.0870185948040305,
        3.588226611273388,
        3.53266963630069,
        3.540524108547551,
        3.504362920092227,
        3.515924086658675,
        3.5556358241295696,
        3.5262576619319828,
        3.5520971706950797,
        3.533679560916268,
        3.5665334170433476,
        3.517368547812518,
        3.542314275917762,
        3.5421690917129043,
        3.541033221977478,
        3.5401581290620387,
        3.5250398198398107,
        3.529845168510401,
        3.4997490768630084,
        3.5875983533395597,
        3.506318180380907,
        3.5087960575946506,
        3.521183699172421,
        3.5238627255704533,
        3.529417154576862,
        3.5347373670524234,
        3.487932613245425,
        3.531897556228583,
        3.492739426394313,
        3.495026313362746,
        3.5295621385421287,
        3.4862556737433965,
        3.4570231395801705,
        3.470737878224921,
        3.4903207339532156,
        3.4964782221588275,
        3.4960217598825145,
        3.4937560451505245,
        3.4615808607197023,
        3.4843080379732254,
        3.469002525146616,
        3.4812919845504884,
        3.490633178071896,
        3.515656444873933,
        3.456856649367254,
        3.4510614929576917,
        3.5093246150565207,
        3.4758236002658887,
        3.519642053148556,
        3.4911542839564422,
        3.5071138021696395,
        3.489935229007699,
        3.5137281254552075,
        3.495212580462797,
        3.5070053408419706,
        3.491818255813613,
        3.448363809570824,
        3.4743583673084335,
        3.4902591410884285,
        3.5137024346100603,
        3.5475219157429474,
        3.506341494420242,
        3.531007645473648,
        3.483565288808745,
        3.5305145618884457,
        3.5209451479722276,
        3.542237091583968,
        3.50235878735787,
        3.4913101387773953,
        3.4930125217395194,
        3.5032340488629785,
        3.529853517787285,
        3.515280726992968,
        3.4724518522816226,
        3.5018628601813226,
        3.531334867619703,
        3.526455505436512,
        3.5104800779105427,
        3.5137500540402615,
        3.5181501913135675,
        3.5096023297785734,
        3.523159273195346,
        3.533150808507707,
        3.5151568002811318,
        3.4942362841910284,
        3.5445387610624888,
        3.5498602346717023,
        3.557058019897565,
        3.5195408115428126,
        3.5543773378540213,
        3.493067609048601,
        3.553724913221171,
        3.535122622310504,
        3.536696741662941,
        3.514954892637646,
        3.5146941522632518,
        3.5282697069702196,
        3.4943973993433883,
        3.4898349944137257,
        3.5055457488024357,
        3.5421226880160552,
        3.502085670386202,
        3.5276319649494248,
        3.4864622647924945,
        3.5726809116128484,
        3.5145676136244317,
        3.5588922820830584,
        3.5205815042233866,
        3.505424852742265,
        3.5305420265917045,
        3.4982556407602594,
        3.481994249322274,
        3.5017706072776265,
        3.4869474184309777,
        3.495117871527968,
        3.481366435320449,
        3.4881661744044865,
        3.4719342739719328,
        3.5012803478893355,
        3.5105081102880327,
        3.5386183241827798,
        3.575074806766637,
        3.526040703429218,
        3.515773778147792,
        3.559707489102652,
        3.5172425920114456,
        3.4916192757214843,
        3.5233215881777653,
        3.5287902379082703,
        3.5627607939092143,
        3.545958590391736,
        3.5404757186689593,
        3.5744389326034343,
        3.531205612791293,
        3.5411604726908825,
        3.5226705847606317,
        3.534010479621971,
        3.4639641237692507,
        3.4872331122462676,
        3.512626281696971,
        3.514261930263261,
        3.4892821826245495,
        3.4755627656424317,
        3.5179891780443704,
        3.5058542129751293,
        3.4876303867669836,
        3.5032751745210455,
        3.5032368613549028,
        3.5429580959434785,
        3.5197168313431804,
        3.4796920619476865,
        3.4781932794534147,
        3.4947548868818714,
        3.5041550332608535,
        3.4771681500039304,
        3.466667324096092,
        3.451633872357628,
        3.501589827653237,
        3.4925555217381716,
        3.542316736650784,
        3.5014321909841413,
        3.4995945696863107,
        3.497420177681587,
        3.530052804222415,
        3.5115415718319136,
        3.5374041318555633,
        3.5119075396082358,
        3.48799022360272,
        3.5212481559344084,
        3.4568495202697447,
        3.4397679292727954,
        3.490174675879966,
        3.482045531871263,
        3.4719568329057666,
        3.4598077694332066,
        3.491697280094294,
        3.440663114129475,
        3.485971913036227,
        3.5004245858699092,
        3.5066538681516377,
        3.492075012994134,
        3.4810087753997796,
        3.5169322464092123,
        3.5046041576615505,
        3.5121848652941505,
        3.5022824778105113,
        3.5472860865211406,
        3.5708888165685395,
        3.5050443449788244,
        3.541724195967442,
        3.487028201741024,
        3.5017074434809605,
        3.48667510800543,
        3.524187264633287,
        3.4629234274895127,
        3.4599912712096677,
        3.5172737976256334,
        3.4838806986946658,
        3.489590099452371,
        3.477771885464002,
        3.477071378205942,
        3.4567697396310972,
        3.529877797294552,
        3.4878211854038055,
        3.507280528291953,
        3.4558783086512483,
        3.478765165114634,
        3.463817127315036,
        3.5139668901423367,
        3.531146015489748,
        3.5134861985491725,
        3.5103769727632037,
        3.527587762196496,
        3.5092642360205617,
        3.522320784333233,
        3.5115396439147943,
        3.4966154584933204,
        3.5151351807193016,
        3.5220354037123527
    ],
    "min loss": 3.4397679292727954,
    "training steps": 10000,
    "batch size": 256,
    "history size": 1000,
    "dataset": "enwik8",
    "end time": 1730480301.2891066
}