{
    "start time": 1730476331.112177,
    "use_input_gate": true,
    "use_forget_gate": true,
    "use_output_gate": true,
    "use_state_gate": true,
    "use_new_state": false,
    "use_old_state": true,
    "use_residual": false,
    "n_layers": 3,
    "state_size": 256,
    "id": "632a0745895204da7fa6282037bf916f71109d5af4a6627b25dd84d4751202fd",
    "loss": [
        4.3362593676992605,
        3.580864223411669,
        3.5023863963062265,
        3.4787796043097248,
        3.399924920278824,
        3.426756589884207,
        3.4171699592121487,
        3.3996625023744933,
        3.3663059805650337,
        3.3448112657001614,
        3.3631844864361913,
        3.3627948158141536,
        3.312971088592255,
        3.302002117659658,
        3.236460761567659,
        3.2487809534222216,
        3.2073431379126505,
        3.1646305079401436,
        3.1538186655133744,
        3.19189854937218,
        3.1506125109668113,
        3.108432305358737,
        3.0860295893766057,
        3.0665745059862117,
        3.0525701682027853,
        3.0100862632573375,
        3.038244196978755,
        3.0183826165629113,
        3.002693311110241,
        2.953850981114401,
        2.943015549316971,
        2.9789758203216787,
        2.962095589983211,
        2.941950562345516,
        2.928741854030041,
        2.9433843172777454,
        2.9146958255392654,
        2.9095573920956546,
        2.909226766013354,
        3.027147223046424,
        2.945685822737918,
        2.930452114737614,
        2.9226336600749545,
        2.906121447343472,
        2.897718656280928,
        2.912726883333221,
        2.870142386246671,
        2.835090959742005,
        2.857729595271426,
        2.8743452417296127,
        2.877730431444463,
        2.8621090400713114,
        2.8220019573574877,
        2.8709383565627515,
        2.8345828596919134,
        2.790135946635298,
        2.779604709945888,
        2.805241666174899,
        2.8054625041880414,
        2.9548144385375004,
        2.827138052294531,
        2.8032983161478167,
        2.8010635054209034,
        2.8164117898303695,
        2.7523294023106017,
        2.775420386117715,
        2.729115465128934,
        2.739394766586827,
        2.768284685000787,
        2.738320065476495,
        2.7382382527205995,
        2.749038013204569,
        2.757404825811137,
        2.7675525427432484,
        2.759564934366837,
        2.7829847810895396,
        2.806790145702302,
        2.781939140725994,
        2.731438827295283,
        2.9324604303133315,
        2.7785056427927293,
        2.7342144425012003,
        2.7241354427367535,
        2.7286501480682666,
        2.7099160665162985,
        2.7230285150112996,
        2.7299631160375233,
        2.750965420639863,
        2.732323142554858,
        2.6887963002093396,
        2.6524172823171215,
        2.7017598868764754,
        2.6912679375958364,
        2.696788467869237,
        2.703714874637139,
        2.68087966610454,
        2.718398979589277,
        2.7044553162342186,
        2.6712271181814677,
        2.891397961897479,
        2.74417106024159,
        2.6820126760193865,
        2.7005075488756254,
        2.674202999230055,
        2.65519955058988,
        2.667591267177165,
        2.6739990339053095,
        2.7047053038164606,
        2.679705019703745,
        2.6708290128297265,
        2.637281788365822,
        2.6546218051263253,
        2.636876088766798,
        2.664029311291734,
        2.6641577749491985,
        2.686182814112109,
        2.68936039972398,
        2.659245478642155,
        2.6750802037737587,
        2.871116756620454,
        2.689863702918725,
        2.646654959523595,
        2.678144247542142,
        2.598242006477028,
        2.644674266837349,
        2.6755571557146247,
        2.6625186080611534,
        2.672336532171487,
        2.693056481848933,
        2.6717663397971636,
        2.6337094974233026,
        2.679486080516709,
        2.686872148492771,
        2.661814878883151,
        2.6223026634750575,
        2.598768000571367,
        2.6045603772195793,
        2.612448902593654,
        2.608262499106223,
        2.8083286469241804,
        2.6442847943465666,
        2.6506975324094855,
        2.6238263485542177,
        2.589869473822441,
        2.615916609311977,
        2.624994151298175,
        2.5781242225356897,
        2.618351639056378,
        2.641594294407561,
        2.6981125324365562,
        2.6168337189650996,
        2.62854875822624,
        2.621985517212255,
        2.6082005757995312,
        2.638962231562661,
        2.6367571704620105,
        2.60990181436643,
        2.613251409843234,
        2.5914881973770343,
        2.841735109157592,
        2.6576553600253146,
        2.6460683938217677,
        2.6600110901865013,
        2.6519940581974413,
        2.5789407992195392,
        2.6147201515938523,
        2.613155660554557,
        2.6554693196996673,
        2.649265985555177,
        2.6109634257836216,
        2.6301844302616715,
        2.6361428353593666,
        2.6168627740001256,
        2.631629150013358,
        2.6193343127583804,
        2.629672093506496,
        2.6347624715554225,
        2.62667462055843,
        2.6198839205699365,
        2.7713488037121397,
        2.6596135588047622,
        2.5995596768716824,
        2.6068340578280655,
        2.61281820649197,
        2.642243592488283,
        2.5951128915899533,
        2.6168554894526177,
        2.647621915263019,
        2.6273055491204915,
        2.61008244042217,
        2.607629858775331,
        2.65151388140347,
        2.626962017592383,
        2.5904140052728377,
        2.593487228102815,
        2.585019591973406,
        2.5668728171018715,
        2.574753424645225,
        2.590541786668407,
        2.788707977612539,
        2.5950993426271403,
        2.5371292694608027,
        2.52680014986055,
        2.561438427607523,
        2.5608119255149555,
        2.5511014188681194,
        2.55223674782901,
        2.543953069208647,
        2.563725711015607,
        2.5379016249484097,
        2.5228776062893217,
        2.5405588138725217,
        2.513106916495305,
        2.542975979683384,
        2.5866454079751704,
        2.528464408461367,
        2.4827375289920206,
        2.5108554842617665,
        2.537463727952443
    ],
    "min loss": 2.4827375289920206,
    "training steps": 10000,
    "batch size": 256,
    "history size": 1000,
    "dataset": "enwik8",
    "end time": 1730476375.3965201
}