{
    "start time": 1730476891.5247781,
    "use_input_gate": false,
    "use_forget_gate": false,
    "use_output_gate": true,
    "use_state_gate": true,
    "use_new_state": false,
    "use_old_state": true,
    "use_residual": true,
    "n_layers": 1,
    "state_size": 32,
    "id": "6497edcefb1f2ea71d968061827dd3e0d5d3baa35cc7814a6317c051018dbb3d",
    "loss": [
        5.061233541769012,
        3.8004980718673536,
        3.4812610821001053,
        3.4057060883991066,
        3.377257529616499,
        3.328888669885609,
        3.257477215606701,
        3.180403316243121,
        3.0913353748580494,
        3.075984593706512,
        3.0185229005862846,
        3.0366307886863875,
        2.984644464997542,
        2.988187722622214,
        2.9448713472317927,
        2.9111033929403693,
        2.879993493227591,
        2.8514845768834527,
        2.827273472030687,
        2.822475301537709,
        2.836372005458223,
        2.8349815072303137,
        2.8117145248103266,
        2.783700379251597,
        2.8187934169714595,
        2.7737632144884965,
        2.740288208083306,
        2.745714274380114,
        2.7370746559520818,
        2.7486867853014525,
        2.7157196306673432,
        2.731758700807011,
        2.7274771226000842,
        2.747087390585928,
        2.7137645830731123,
        2.7357029485450037,
        2.7205029410323105,
        2.692420146131224,
        2.6963171882277344,
        2.7018511820608997,
        2.713654547031746,
        2.691005688867683,
        2.6838803308281363,
        2.709334743396588,
        2.662568161575854,
        2.695526997292074,
        2.6601852650029474,
        2.671525279046272,
        2.647433603181265,
        2.669923784449879,
        2.6319467167381827,
        2.633115289961702,
        2.665042455470946,
        2.6261604854108684,
        2.6190930413279077,
        2.6349292207036603,
        2.6310512085165785,
        2.6156167735455718,
        2.6244951942465513,
        2.597282297238997,
        2.573749758596747,
        2.572638529637881,
        2.5784685529164975,
        2.5690591574451624,
        2.600140654757169,
        2.589158834887746,
        2.5564593297674603,
        2.591286692734614,
        2.525938761225842,
        2.5262274280165995,
        2.569564222628836,
        2.5736848118400686,
        2.5645841174121737,
        2.555856712384624,
        2.5771013830686718,
        2.560516408816664,
        2.553765523569404,
        2.5453130208108115,
        2.579622538317718,
        2.5672309203861894,
        2.562546073022029,
        2.598072767566712,
        2.5774529175433245,
        2.546480894833184,
        2.5843236093980106,
        2.5666959039798387,
        2.578346414846058,
        2.5493205164141037,
        2.550390889100501,
        2.535241348958276,
        2.5602649292114648,
        2.5209102314399616,
        2.5165961640392793,
        2.550469335992433,
        2.5676899202793124,
        2.561216495833444,
        2.546133632199432,
        2.5589640815366166,
        2.524866880493475,
        2.5603168942528534,
        2.5153796092786966,
        2.52446331302866,
        2.507662007317859,
        2.534878103349702,
        2.4973644742977226,
        2.4931838633769705,
        2.484394218716767,
        2.4993764137327217,
        2.512302586964212,
        2.473777157562955,
        2.5045722755507542,
        2.500777208297642,
        2.5007993378424938,
        2.487996034655911,
        2.487276332965136,
        2.5035874669737272,
        2.4680360562308366,
        2.47608053253356,
        2.4964373859087594,
        2.532111248136779,
        2.4656153918633383,
        2.546861362103026,
        2.4998677414390387,
        2.4856449778540206,
        2.503821498369178,
        2.492465314041869,
        2.4753836713588684,
        2.429417118009022,
        2.4805715757011284,
        2.4775128520508476,
        2.491106500435925,
        2.4716022498648447,
        2.4800175906924755,
        2.4998458597866535,
        2.533706940652452,
        2.4853203608988736,
        2.4853648392799284,
        2.4850419408081534,
        2.493153819563474,
        2.4903565966738985,
        2.4266633276202416,
        2.45425976161717,
        2.475940380970207,
        2.4566655555382506,
        2.4684971887956615,
        2.456871658134496,
        2.4378095146277556,
        2.4369299001318057,
        2.4370152669647043,
        2.4457476589109066,
        2.460285547021792,
        2.4280050415785244,
        2.4433897154262993,
        2.429413440488696,
        2.444407201224792,
        2.4144486541560295,
        2.455463952628523,
        2.4505218625050897,
        2.402706869554361,
        2.4903042397435926,
        2.4691220448786924,
        2.479353835108769,
        2.459086648141668,
        2.4608619905664404,
        2.4814184433755595,
        2.4486108260314583,
        2.506294618727406,
        2.4522596400575862,
        2.4735714336129693,
        2.44596408348641,
        2.4759897601498455,
        2.4341526986499926,
        2.4512620775027076,
        2.448992819145297,
        2.474802710370212,
        2.4379344350599754,
        2.4409473461793922,
        2.469008869638483,
        2.4177999823570073,
        2.4864392748492223,
        2.4656642799973247,
        2.504044508373229,
        2.4910288590496683,
        2.4688508513542047,
        2.4755907393739833,
        2.478275041001839,
        2.472214548653386,
        2.441619695470662,
        2.435779454979527,
        2.443822099473759,
        2.433215118595487,
        2.450086406301111,
        2.4323187008747196,
        2.4390945685268113,
        2.450393960122323,
        2.4043471795036524,
        2.4528794783092187,
        2.4320860927167645,
        2.4409301675452504,
        2.442139604066116,
        2.3946761078385017,
        2.4322709301108514,
        2.3788256474905607,
        2.417056991728819,
        2.4124120593448652,
        2.4383618187960368,
        2.413185206934438,
        2.408700924031193,
        2.4301145100184387,
        2.4345475471024867,
        2.4348957589462543,
        2.4398354731479657,
        2.4495689031383177,
        2.436042349193831,
        2.458970588278259,
        2.4347313866947546,
        2.4367563569260553,
        2.42777085126524,
        2.4233730103504865
    ],
    "min loss": 2.3788256474905607,
    "training steps": 10000,
    "batch size": 256,
    "history size": 1000,
    "dataset": "enwik8",
    "end time": 1730476908.3007584
}