{
    "start time": 1730483179.748475,
    "use_input_gate": true,
    "use_forget_gate": true,
    "use_output_gate": true,
    "use_state_gate": false,
    "use_new_state": false,
    "use_old_state": true,
    "use_residual": true,
    "n_layers": 2,
    "state_size": 256,
    "id": "65013352d213dc3b1e95da3b171762f092ec865785838895c939676741c2fef8",
    "loss": [
        3.605216365151539,
        3.3888709624605555,
        3.2223470366047726,
        3.0405978590460965,
        2.955362998911772,
        2.8442643134295915,
        2.755962210845446,
        2.745332530831913,
        2.7317859233458255,
        2.6839718092627827,
        2.692007429293972,
        2.665998949990989,
        2.6321431229082206,
        2.62684675581773,
        2.590195083607041,
        2.6212298806657226,
        2.575890330050435,
        2.5859623580794473,
        2.5359708593361896,
        2.558464094222222,
        2.5035342563179053,
        2.5380986608559772,
        2.4811856547679576,
        2.508567384544759,
        2.5169634969557615,
        2.4390676572221253,
        2.4256667953311206,
        2.449736493163382,
        2.445406497425568,
        2.4226829811474575,
        2.4368902999079607,
        2.392646870319258,
        2.40663738411,
        2.3848591252885503,
        2.392790664204888,
        2.3690126443979875,
        2.3391128146190554,
        2.356651845335162,
        2.3722924769772193,
        2.391168744511851,
        2.404016829334723,
        2.3748519856607944,
        2.3590922284776945,
        2.361159917869404,
        2.35803960500926,
        2.37508486558819,
        2.394368332216735,
        2.3595998959044744,
        2.3595349069562372,
        2.3178170158993443,
        2.309972957138077,
        2.349565541794866,
        2.331041743912157,
        2.321824944573446,
        2.304602568949094,
        2.276480600249414,
        2.294107546426637,
        2.3050766372566516,
        2.2784223793081257,
        2.339728814538935,
        2.323528660074102,
        2.3164591080880323,
        2.311884999077837,
        2.276104429622159,
        2.302487388225279,
        2.2894606832929076,
        2.2855587723243582,
        2.270377444348851,
        2.249987130661772,
        2.269926982619642,
        2.286060775356646,
        2.288734018475397,
        2.2802768926425196,
        2.2252775684312875,
        2.2259034340714643,
        2.2344471297612385,
        2.237806829912254,
        2.231356675379481,
        2.2222395466165605,
        2.2929682003042022,
        2.251805742710657,
        2.2610886783432345,
        2.2434083019467943,
        2.2064105563452143,
        2.2549996663896374,
        2.220732869293987,
        2.2317710942661195,
        2.2207131205550708,
        2.2536179359086748,
        2.2340468716236654,
        2.24555327999898,
        2.22484855082811,
        2.183317776912298,
        2.188555761961623,
        2.2194022263038944,
        2.219949851592288,
        2.209583512137823,
        2.187720102685376,
        2.188384043285797,
        2.2561729131600097,
        2.207473344893023,
        2.1896994463469293,
        2.1644894223832747,
        2.1659836194664273,
        2.2029157264812627,
        2.1627076406995713,
        2.196450403007281,
        2.1716211849565017,
        2.171047364939458,
        2.2257774585410277,
        2.1566281773310734,
        2.138202693996184,
        2.1729841256051565,
        2.164800193448923,
        2.1714823270055943,
        2.1654690073082916,
        2.1741417981356523,
        2.1711211875769862,
        2.1181574013993227,
        2.1790054591128487,
        2.183528607274946,
        2.1759439007421597,
        2.1413950232508325,
        2.1279610902617585,
        2.167068862108775,
        2.168828522612187,
        2.1311530605375912,
        2.1462466329283183,
        2.1906190596503023,
        2.165136186993848,
        2.190150772185687,
        2.172220072188627,
        2.162967474360074,
        2.146753411760519,
        2.160459851633922,
        2.1727389916354145,
        2.133499881422536,
        2.156429204257139,
        2.1213645936427303,
        2.1916128199757745,
        2.1384045863722188,
        2.0668112008037354,
        2.1469791207491906,
        2.100384917508161,
        2.14727868717739,
        2.1518724719523186,
        2.156018815780585,
        2.1082159020475957,
        2.145487986477836,
        2.1351439442140805,
        2.1170687545663167,
        2.1356591244276824,
        2.1022295352950606,
        2.1367080029085144,
        2.119996734034224,
        2.1018873443008403,
        2.100894429539055,
        2.105982726448449,
        2.115600264077286,
        2.178784301966366,
        2.177631097405077,
        2.1490329800100048,
        2.087806565698059,
        2.1160065523494023,
        2.120200041171191,
        2.1055563248700038,
        2.1002858436577614,
        2.0838098514469485,
        2.0836414580365528,
        2.0316891368535894,
        2.0608070467869526,
        2.0692913890551647,
        2.061749216079538,
        2.0787178579432326,
        2.0703516161210227,
        2.0583610679097584,
        2.086955932113094,
        2.068380177231328,
        2.059447660302409,
        2.118371882858619,
        2.1138075319806933,
        2.05445752082983,
        2.0992207436004398,
        2.097520745513639,
        2.103456172296849,
        2.080219170215247,
        2.10549028488789,
        2.084468409962232,
        2.1256610966724367,
        2.0836066531902664,
        2.1080467722144904,
        2.08586948899487,
        2.058283009188325,
        2.096737848724904,
        2.0440265046421957,
        2.075813476221435,
        2.101968554168897,
        2.13481830422133,
        2.0804016541107613,
        2.1470923074278905,
        2.0864045163034675,
        2.068507455033209,
        2.0784792378382444,
        2.0638968383577323,
        2.027064821839886,
        2.0428890525452204,
        2.039215517494696,
        2.058734730075611,
        2.0329358092738796,
        2.0572712455773368,
        2.018403876909304,
        2.040106814839643,
        2.0586531872010787,
        2.0241196289818135,
        2.070648207036859,
        2.0409787570120335,
        2.0447118894916683,
        2.045040037668773,
        2.036009626544141
    ],
    "min loss": 2.018403876909304,
    "training steps": 10000,
    "batch size": 256,
    "history size": 1000,
    "dataset": "enwik8",
    "end time": 1730483215.8145702
}