{
    "start time": 1730477086.6078568,
    "use_input_gate": true,
    "use_forget_gate": false,
    "use_output_gate": true,
    "use_state_gate": false,
    "use_new_state": true,
    "use_old_state": true,
    "use_residual": true,
    "n_layers": 1,
    "state_size": 32,
    "id": "66f7802eab19292149ed7db374a9205b4b67d267f3f6f2cecffbfb9bad011cbc",
    "loss": [
        4.388908114856043,
        3.5656260590810414,
        3.4577765719731683,
        3.3900184032540017,
        3.297211605138478,
        3.203203248139793,
        3.129031550621259,
        3.025345636363466,
        3.0047921902800394,
        2.9490357392966224,
        2.9388291595405103,
        2.916194596768431,
        2.8088719479664217,
        2.8104970287356124,
        2.805057611458506,
        2.7968356010884587,
        2.7871596653030686,
        2.752263895536291,
        2.739300657968374,
        2.752859333675943,
        2.7282870547084204,
        2.702238072550504,
        2.6867862576883335,
        2.6559576920019223,
        2.6452806065971,
        2.6574732369616156,
        2.68349677153183,
        2.6600223089492974,
        2.618156345872939,
        2.6325186158028204,
        2.629589511806491,
        2.628814707313748,
        2.6149392180324247,
        2.584723947496099,
        2.568620519107209,
        2.5678599647115785,
        2.5648808514942827,
        2.561080032658676,
        2.564553851345705,
        2.5769585358207316,
        2.564041567874652,
        2.525931690502182,
        2.535492997087519,
        2.4882792816829693,
        2.5427648803818994,
        2.5703431934985854,
        2.5607565566624366,
        2.49602711246016,
        2.500458909576211,
        2.4895755329527565,
        2.5038324373386964,
        2.4613559678273442,
        2.50122008116923,
        2.4855833119429747,
        2.509943424950872,
        2.508657035010175,
        2.463676976403499,
        2.5344183467434958,
        2.505146784602091,
        2.57853394002852,
        2.5036837413762876,
        2.4218067692018006,
        2.423976933624306,
        2.4141538396205124,
        2.4559959012437544,
        2.4379671059845025,
        2.4341811678484158,
        2.482329101575303,
        2.436221131218744,
        2.4789868129083867,
        2.4319461402395137,
        2.4514073700932046,
        2.4285093137494256,
        2.4131807380598596,
        2.4430402308616195,
        2.4384649774088243,
        2.3944833251142854,
        2.4237714414931206,
        2.4109344470578726,
        2.4669401596865868,
        2.3975381897986647,
        2.3989270944158494,
        2.4089702688253714,
        2.403357726070219,
        2.4382493547076947,
        2.4249839744959703,
        2.4083044560432536,
        2.4131573690557993,
        2.380940202234345,
        2.368073571284624,
        2.39715988361204,
        2.3837727461823564,
        2.386414466734134,
        2.377611015502801,
        2.3556695918300945,
        2.37583723946155,
        2.3818537212961237,
        2.366591391824554,
        2.3584127715621195,
        2.3657254485489276,
        2.366010292135167,
        2.3235229687166834,
        2.3373381255745542,
        2.36440949620205,
        2.33284830503314,
        2.3548856652189794,
        2.333141660884692,
        2.295378381042852,
        2.339362108728548,
        2.361888478007147,
        2.3388545951238964,
        2.335520252337673,
        2.3673009604187354,
        2.391738275409024,
        2.3701113063623023,
        2.317282065536034,
        2.36259218754808,
        2.340843762800062,
        2.314058319081256,
        2.3666684946604164,
        2.34300484947681,
        2.361555544479167,
        2.330406913874202,
        2.3523875263706064,
        2.323743487717221,
        2.2994376241439696,
        2.337602713150802,
        2.339468298228771,
        2.305750063029895,
        2.2952808056167004,
        2.297429233243953,
        2.2923522780278014,
        2.3387176599633945,
        2.36013856892773,
        2.2986106010765828,
        2.3116139827339115,
        2.3434647497121768,
        2.313257560063202,
        2.312309102897865,
        2.352409281024589,
        2.2764844307144014,
        2.282886868426142,
        2.325749595893048,
        2.2787612404229587,
        2.310471589001549,
        2.3081323931177447,
        2.3150570469652108,
        2.2898424111725335,
        2.326068145293951,
        2.296038659092007,
        2.2904316096907067,
        2.2620010468963505,
        2.286562984748637,
        2.2753005286735815,
        2.254011610017553,
        2.2730705036664527,
        2.2293481819087475,
        2.2594127326477222,
        2.284328500188734,
        2.308541089182647,
        2.2744436238742995,
        2.289284192312833,
        2.2913022863980457,
        2.2702825850804333,
        2.2701089984671534,
        2.270492970546954,
        2.270192845981511,
        2.255288662639851,
        2.2865342807232385,
        2.2491728389582217,
        2.2527367306879063,
        2.2314817878459756,
        2.2371267465577853,
        2.2818487983569113,
        2.254171135454109,
        2.2669035616121596,
        2.2356869842153664,
        2.2607951033784843,
        2.2371846842897045,
        2.3207613156799582,
        2.2520507639457557,
        2.247901262399776,
        2.2235869739746006,
        2.2830577844096105,
        2.260982963470291,
        2.2343804507530263,
        2.216931636714935,
        2.2322075491926325,
        2.2283192552417286,
        2.2353510071356286,
        2.252465749349397,
        2.217020692259943,
        2.268392707946636,
        2.275477958628397,
        2.2526292989983534,
        2.2205897555861753,
        2.2285616862716813,
        2.248784445394418,
        2.2605525453264637,
        2.29919171438311,
        2.224108945489951,
        2.2271232781463266,
        2.1963055353316174,
        2.2398376944452463,
        2.219442111305122,
        2.2282070211351455,
        2.245725345602276,
        2.2431780158822665,
        2.225256497590195,
        2.245210205386417,
        2.2232180804076296,
        2.28181230372237,
        2.219181527858916,
        2.255765148370339,
        2.209221009504465,
        2.229638997366013,
        2.2484152698414257,
        2.2094021410009064,
        2.1992349126186403
    ],
    "min loss": 2.1963055353316174,
    "training steps": 10000,
    "batch size": 256,
    "history size": 1000,
    "dataset": "enwik8",
    "end time": 1730477113.7073226
}