{
    "start time": 1730480328.2865884,
    "use_input_gate": false,
    "use_forget_gate": false,
    "use_output_gate": false,
    "use_state_gate": true,
    "use_new_state": true,
    "use_old_state": true,
    "use_residual": true,
    "n_layers": 3,
    "state_size": 256,
    "id": "6b80af6b1ada75051faf5e539eab825c19715fb6dd1564a0a715bfe0e42921f6",
    "loss": [
        3.5491186357554714,
        3.361123426732141,
        3.1127998107040833,
        2.95207694266322,
        2.8353791983132766,
        2.6944950897934867,
        2.633913602634187,
        2.5796344928048405,
        2.5598352093567995,
        2.469158741006258,
        2.4112016032257637,
        2.414098568546574,
        2.3436784483282413,
        2.3254676314680407,
        2.274507559522582,
        2.2363213065088408,
        2.227500958212795,
        2.1764465131872957,
        2.1633408766762807,
        2.2436206403908607,
        2.2475829798213445,
        2.1647161008969813,
        2.177364246120542,
        2.1419104692895963,
        2.131936081106091,
        2.118042460640246,
        2.112443936899384,
        2.1056695777911636,
        2.123904002549849,
        2.0630203493779575,
        2.009529479507135,
        2.0006954366966747,
        2.0270636283557004,
        2.006827576060021,
        1.9608891365676473,
        2.007839804738717,
        1.956441116064821,
        1.98720830738181,
        1.9674074929076095,
        2.060839543477163,
        2.0706919483339608,
        2.0055851596120897,
        1.9768318482343035,
        1.9797242068689487,
        1.964072370127792,
        1.9171438424697456,
        1.959487439559853,
        1.9215245543334059,
        1.9273660124145733,
        1.9363120877217703,
        1.9009017092761853,
        1.914713664863026,
        1.874647133800243,
        1.919840147362925,
        1.9017608858810937,
        1.9052826017305189,
        1.9254003477705681,
        1.9013957715932244,
        1.917435432768338,
        2.011587266308738,
        1.9243140028786478,
        1.9127677430011871,
        1.9345404576394392,
        1.9101265949413468,
        1.8789342239401778,
        1.8888478134494915,
        1.9258382475575668,
        1.8457309435125355,
        1.8832973406326672,
        1.8243506503472744,
        1.8227587595024688,
        1.8807987082189037,
        1.8609355127830804,
        1.8230753238764792,
        1.8383689582661522,
        1.8712893218978337,
        1.8191808769323863,
        1.8312732164599215,
        1.830741770089633,
        1.9783483387335377,
        1.957166033285839,
        1.9650204619942249,
        1.913736139808117,
        1.8879523811939698,
        1.8807260248034463,
        1.919020382333591,
        1.8525518558881224,
        1.8129928567835676,
        1.8276478941175849,
        1.8399108483006088,
        1.7767071479472907,
        1.8237974632457477,
        1.7924767110484807,
        1.804423881691409,
        1.7888407531104014,
        1.792866309087629,
        1.7905740826691112,
        1.8095258700123278,
        1.7779973551499484,
        1.8835854778017231,
        1.8800169156896984,
        1.8220632037673605,
        1.838388306010528,
        1.8100840719020008,
        1.7838826377931831,
        1.7563816497294498,
        1.7773627479419571,
        1.790092893840815,
        1.7914136841229993,
        1.8008224891709506,
        1.800551551225311,
        1.8282344327440732,
        1.834057664971447,
        1.7674484173931573,
        1.7948695344148013,
        1.7524920267885926,
        1.7372934700438856,
        1.7793039276586502,
        1.79651930290953,
        1.921152711431367,
        1.8356484812726501,
        1.798795111914913,
        1.7838028813444706,
        1.7998132895132741,
        1.8038001460171051,
        1.8259559834583186,
        1.7722654644946199,
        1.7871983940212852,
        1.7994610550793395,
        1.8256733628221482,
        1.7703213931950397,
        1.7645677281252008,
        1.7781528511291875,
        1.8098660461169311,
        1.7949668648441854,
        1.7525161105239118,
        1.765818308184674,
        1.7251715024543195,
        1.748711096309054,
        1.85009457707058,
        1.7995176727793374,
        1.7792117133543666,
        1.8070828348668553,
        1.7781943064820134,
        1.7727294317370164,
        1.772430947827292,
        1.750587606528786,
        1.7960116031859934,
        1.7905064568203706,
        1.810472313599351,
        1.827780654867793,
        1.7667231721115093,
        1.7716965864305692,
        1.7567553015049715,
        1.7753745916729384,
        1.7897425072764692,
        1.7462214880544178,
        1.720139588977756,
        1.7461200412051352,
        1.9019500108329268,
        1.8204421570850646,
        1.8042870511967188,
        1.773048672214126,
        1.8059682021347112,
        1.7393348112064473,
        1.7573785542861273,
        1.8024461239729033,
        1.7763834006860324,
        1.7672954194651167,
        1.788496797089974,
        1.7864215546397493,
        1.7532949695777709,
        1.7495463632363653,
        1.740970364057597,
        1.7433159396412978,
        1.752608277572326,
        1.7425441425247137,
        1.8070715724789348,
        1.7512600169129664,
        1.911971836544502,
        1.8130047904333901,
        1.8142035632418763,
        1.8138376292625573,
        1.7789654229715353,
        1.7396288964907023,
        1.788060524187088,
        1.802421531335552,
        1.7232476479211623,
        1.8203393970772157,
        1.8056657507870433,
        1.7446078349332734,
        1.772662754194709,
        1.7719554486073466,
        1.7421396679958734,
        1.7833553726707878,
        1.7661550116420186,
        1.7557227170822787,
        1.8051488003731624,
        1.7903489750544732,
        1.8929511694324028,
        1.8818964762605537,
        1.831316862522212,
        1.790872837711135,
        1.8228883116362764,
        1.7851899953995165,
        1.7681149398925124,
        1.7570138217241211,
        1.7231481630667316,
        1.690712731666778,
        1.6836674344769895,
        1.6774606526686564,
        1.7105392628917737,
        1.7629185100303757,
        1.7603963169111163,
        1.7562615276488756,
        1.752376212141405,
        1.7924095098455466,
        1.742744666013494,
        1.7790232096093648
    ],
    "min loss": 1.6774606526686564,
    "training steps": 10000,
    "batch size": 256,
    "history size": 1000,
    "dataset": "enwik8",
    "end time": 1730480375.4689002
}