{
    "start time": 1730478980.5466275,
    "use_input_gate": false,
    "use_forget_gate": true,
    "use_output_gate": false,
    "use_state_gate": false,
    "use_new_state": true,
    "use_old_state": true,
    "use_residual": true,
    "n_layers": 2,
    "state_size": 256,
    "id": "6c43b9ed096425042410703f4905afca429dbabbc9907ae45fa73369706b0db4",
    "loss": [
        3.6193185774204664,
        3.3824571378232897,
        3.1725256381761153,
        2.973428234090616,
        2.8246372070826924,
        2.723488935079599,
        2.6800333013936166,
        2.605795006022088,
        2.552881146647944,
        2.528381859693469,
        2.488830813904364,
        2.4441535142283777,
        2.42196789604839,
        2.404873929429575,
        2.331016721301086,
        2.368230777792018,
        2.3558462279361185,
        2.285664960911498,
        2.3041409945141065,
        2.278422311946771,
        2.285714964780104,
        2.2453655427352346,
        2.2389448321060184,
        2.211194662960462,
        2.151890938144354,
        2.1801033237467653,
        2.181782351554708,
        2.1234284216088977,
        2.0838520816556843,
        2.08765163866114,
        2.0893997163146203,
        2.0314552383456834,
        2.0308584807559087,
        1.9974620490771946,
        2.014893672417251,
        2.0078896122449406,
        2.0321088794802593,
        1.999350950096987,
        1.9836203436526234,
        2.0964917419288134,
        1.9786805737213327,
        2.0052808263903814,
        1.967161566234451,
        1.9456475343416135,
        1.9516071321326396,
        1.9356749415354617,
        1.94360061462026,
        1.9407668879602358,
        1.9390572490388598,
        1.922118891584173,
        1.9635766381763318,
        1.9236700278438958,
        1.91254935454933,
        1.9045479564774206,
        1.8170056089879398,
        1.8569400536388532,
        1.85901410912239,
        1.896953999968537,
        1.8323841109758785,
        2.0041917507745173,
        1.9368015605803497,
        1.8995943702863083,
        1.8781655085106888,
        1.8240160262615335,
        1.84852059229293,
        1.8490167360100798,
        1.8729933456451648,
        1.8396624498873717,
        1.8072422757814322,
        1.8079232374565262,
        1.8057427725391255,
        1.8306200692249706,
        1.7961443734191609,
        1.7408590045894121,
        1.7885784259691602,
        1.7476862050171733,
        1.790074709548214,
        1.7780513581781852,
        1.803169065430933,
        1.9193597430443556,
        1.815826379688716,
        1.7598818547221124,
        1.769906508744621,
        1.7739321305011553,
        1.7918982977176208,
        1.7715893660603643,
        1.7906096616591416,
        1.7957324281844862,
        1.752976094820856,
        1.7546004720768922,
        1.751675640204879,
        1.7531053450120149,
        1.7344326187925174,
        1.7928869375197523,
        1.7985512117386597,
        1.8045123003254695,
        1.7857116740973438,
        1.7683165707065573,
        1.747946472390208,
        1.88798504431444,
        1.8180169428844557,
        1.8104048231422436,
        1.7710670556098271,
        1.770882843387925,
        1.7694370508994042,
        1.7686938706425201,
        1.740074782538072,
        1.7757998351456654,
        1.7926562930574474,
        1.7758060037307404,
        1.7800506519157009,
        1.7214969410427408,
        1.7829450676495675,
        1.767262025434872,
        1.7443941685779671,
        1.7575300098930458,
        1.7001780013503245,
        1.7455083568643543,
        1.7493547862697836,
        1.8639353539650128,
        1.7890871736036296,
        1.769351518595113,
        1.7041148350733177,
        1.762305859665375,
        1.7217425151059262,
        1.6919141719262787,
        1.748793362654611,
        1.697001113309529,
        1.6735781883236345,
        1.6579552527783115,
        1.689653167608861,
        1.6766894848830476,
        1.697165621196406,
        1.7299921947289942,
        1.688502345788984,
        1.719463142372596,
        1.6867040509403084,
        1.6874182496815642,
        1.7174622606991823,
        1.83668767597688,
        1.8014013530261792,
        1.7990584497186826,
        1.763790079580022,
        1.7563587573790476,
        1.726217420470635,
        1.7561341898788159,
        1.7199227495248617,
        1.7225962743419818,
        1.6844866747544325,
        1.7561599319604284,
        1.7509364074510063,
        1.7162511258205477,
        1.725628051508589,
        1.6933990651063835,
        1.694590740399723,
        1.7194353400316789,
        1.7269846866399703,
        1.687883066917637,
        1.67998944233825,
        1.7812037540180616,
        1.695673657650597,
        1.7326752326511587,
        1.7482451019583145,
        1.6965327771995147,
        1.7312271745009398,
        1.6673779276015632,
        1.6746032329704201,
        1.6545965741612572,
        1.6491093498355194,
        1.6206649913741833,
        1.6685455965227494,
        1.6704610864391856,
        1.6606235066640078,
        1.6825479437772983,
        1.6651075791721968,
        1.6315916828123942,
        1.6477515024623377,
        1.6412516230744871,
        1.6566191055448083,
        1.8106164657232002,
        1.6958920748270763,
        1.7140648163013326,
        1.6980015150246253,
        1.6597746915468323,
        1.6534620046710775,
        1.6303107570345248,
        1.6716666856409281,
        1.6861551316659564,
        1.7136798673959504,
        1.651637412809834,
        1.6225571922372604,
        1.6698910633456896,
        1.6383479635247156,
        1.6749283502650936,
        1.6411068068410406,
        1.6954168642399607,
        1.6387329373515709,
        1.6325655042243874,
        1.6493842081580694,
        1.87286810250864,
        1.7389789681258614,
        1.7180412068303188,
        1.6949537984564966,
        1.671689271947258,
        1.7135352313890928,
        1.7292147950865637,
        1.680568199148335,
        1.7153017940716648,
        1.6596503476053837,
        1.6728941844630583,
        1.6816258500800163,
        1.6708662778186572,
        1.6351466595219768,
        1.6337475262988552,
        1.6472693167675716,
        1.657495468858808,
        1.682663816212549,
        1.682686384656288,
        1.6815846248204278
    ],
    "min loss": 1.6206649913741833,
    "training steps": 10000,
    "batch size": 256,
    "history size": 1000,
    "dataset": "enwik8",
    "end time": 1730479016.2887778
}