{
    "start time": 1730481087.7746232,
    "use_input_gate": false,
    "use_forget_gate": true,
    "use_output_gate": true,
    "use_state_gate": false,
    "use_new_state": true,
    "use_old_state": false,
    "use_residual": true,
    "n_layers": 3,
    "state_size": 32,
    "id": "6e32deca2e8df13b025f064fd350546529e99c43a8132178cb2caf1c5139b429",
    "loss": [
        4.416428628122287,
        3.5708176590805834,
        3.4681802013375336,
        3.408002699659282,
        3.347792184644188,
        3.32575197165314,
        3.210833963797488,
        3.1836875525598853,
        3.148359445626785,
        3.112913245323838,
        3.1149926405307675,
        3.091577096724817,
        3.0983445459814747,
        3.0145966385249383,
        3.002092773448613,
        3.0199414060333267,
        2.958511783702626,
        2.9658530890377084,
        2.915401097919984,
        2.8991863963572686,
        2.896795311476004,
        2.8733929074420383,
        2.8493976055340213,
        2.83519882663325,
        2.849939415549445,
        2.8079936186457517,
        2.8077533465633904,
        2.8420532155551586,
        2.823795146057588,
        2.8097192889501392,
        2.777724488337205,
        2.7750461072212462,
        2.72951670474569,
        2.7511485708478607,
        2.7559397101445846,
        2.752650897047958,
        2.738249955242517,
        2.708936127126885,
        2.6741090096453703,
        2.731052216540215,
        2.7191271198592855,
        2.7051238526772865,
        2.691399292606026,
        2.670771208032634,
        2.6234718955700687,
        2.638579157024235,
        2.652567773696386,
        2.6048349170474463,
        2.6645821724317424,
        2.6111026609016057,
        2.625242726012559,
        2.576171210101855,
        2.5775985611653383,
        2.5517512556015656,
        2.571136445653877,
        2.589390576906739,
        2.591172090416469,
        2.573759489864144,
        2.606464979684175,
        2.6596260440150887,
        2.6112916215588564,
        2.5343221918423646,
        2.5712606461267162,
        2.5747307759230433,
        2.5664972496064467,
        2.5675277807181636,
        2.5583551749640994,
        2.515959041185922,
        2.5419552932294502,
        2.528762413991062,
        2.5505769642641734,
        2.5068905550128435,
        2.517821143412567,
        2.507890391410013,
        2.503935604389373,
        2.501110332795916,
        2.490904619567414,
        2.492309419481285,
        2.483763195531788,
        2.5087024743715074,
        2.56873606661188,
        2.492283422359602,
        2.478273354718297,
        2.4916103685029127,
        2.49394430752227,
        2.493409340705555,
        2.4302429475787517,
        2.503662620873031,
        2.479902612605818,
        2.4465019435145345,
        2.448101100190952,
        2.456448684582246,
        2.4833886591184386,
        2.4747422397585344,
        2.4525874357791113,
        2.452829260688862,
        2.4663395784702646,
        2.4714382116055695,
        2.4543164507347193,
        2.524133759590175,
        2.4516701708216635,
        2.4909241259530757,
        2.4545839345715668,
        2.465992920512609,
        2.397867628062989,
        2.4436787663764465,
        2.4116842984824594,
        2.411518214993677,
        2.443312285692011,
        2.465984725236537,
        2.421177315471955,
        2.4367143433996747,
        2.392216707816351,
        2.401594370537437,
        2.3801319758089545,
        2.3881258857157457,
        2.385755343610169,
        2.424314033795949,
        2.4546853951455203,
        2.4403816861660292,
        2.437785288305504,
        2.4361685156327013,
        2.419622073947691,
        2.388570863433783,
        2.3820554149115356,
        2.3783016504005117,
        2.3927054496549234,
        2.3908543625706677,
        2.4262045118582205,
        2.371467992391857,
        2.3840477291612063,
        2.4045223648955294,
        2.402494444517939,
        2.3853378198607813,
        2.381157207671606,
        2.340942710934389,
        2.365548321936138,
        2.378282450582546,
        2.339920223401865,
        2.4267539410466163,
        2.358681655338025,
        2.398280094286465,
        2.381115394886228,
        2.3697461638667185,
        2.3705976168811054,
        2.35469626873432,
        2.381654653044627,
        2.3782400097912593,
        2.3397036706888468,
        2.341524350980656,
        2.398231821581831,
        2.3752776039811128,
        2.368979118080813,
        2.379867083727752,
        2.3995336767341064,
        2.385137954136883,
        2.3194518858687205,
        2.3319475167106747,
        2.3054671217161844,
        2.390349726817909,
        2.322957283959272,
        2.399153655221365,
        2.360286559954137,
        2.322822849387335,
        2.3296449018742806,
        2.3357188839584837,
        2.3197814226438163,
        2.2664943938087756,
        2.3331802797228978,
        2.356199364486815,
        2.319261089818685,
        2.281387070340088,
        2.3281371097813843,
        2.2967467286815846,
        2.311829122423734,
        2.301644150017516,
        2.301196909928028,
        2.2866935454097344,
        2.2500034056348874,
        2.361808298078086,
        2.3193609432447047,
        2.3334316420090073,
        2.2862878689801116,
        2.2931200034375236,
        2.289369154495302,
        2.2594062349563986,
        2.3202024315127607,
        2.282271720957187,
        2.2679207143213227,
        2.273929684000489,
        2.299008249933784,
        2.26933771346544,
        2.277428200679196,
        2.2590327394655056,
        2.279836936078107,
        2.300229394528446,
        2.2880136515792526,
        2.293100828669289,
        2.2703135698574495,
        2.346472048586755,
        2.3268998357147916,
        2.2229873633474466,
        2.262209387572788,
        2.2586709422212405,
        2.239769552417291,
        2.238447053712194,
        2.2767606419895694,
        2.2598946073439623,
        2.254723521851708,
        2.28512100030413,
        2.2891116730918375,
        2.2274744705387803,
        2.268655803570391,
        2.2894304794921445,
        2.287163487572178,
        2.2615601825883656,
        2.2386314542974883,
        2.208446317676946,
        2.2651932256459872
    ],
    "min loss": 2.208446317676946,
    "training steps": 10000,
    "batch size": 256,
    "history size": 1000,
    "dataset": "enwik8",
    "end time": 1730481137.972502
}