{
    "start time": 1730479868.806725,
    "use_input_gate": true,
    "use_forget_gate": true,
    "use_output_gate": false,
    "use_state_gate": false,
    "use_new_state": true,
    "use_old_state": false,
    "use_residual": false,
    "n_layers": 3,
    "state_size": 256,
    "id": "6f234df7fac68a01860a50ea240c7d920b92ca127d2993591f5f0616c7272795",
    "loss": [
        3.6936753868490215,
        3.5853393414343717,
        3.5394595861186957,
        3.5486271732202823,
        3.513871732042689,
        3.313555204239538,
        3.199182450297371,
        3.168787824585895,
        3.0806448630078562,
        2.994262171021113,
        2.9431759268997717,
        2.8729202122521196,
        2.852568275670587,
        2.795229009964783,
        2.738457511830581,
        2.76405393471486,
        2.723725389057028,
        2.726554788761422,
        2.757920519009639,
        2.7389969890981916,
        2.7121461726765563,
        2.722969991721819,
        2.7063851874180305,
        2.6712765700005368,
        2.677098402538665,
        2.644560326140303,
        2.654855897170655,
        2.6543378094718775,
        2.615622860734992,
        2.643201916721819,
        2.603416716271627,
        2.6497194859753925,
        2.5920694917333313,
        2.61858063189028,
        2.622454402503873,
        2.566142865989431,
        2.5635741666181935,
        2.52318445809239,
        2.564524824689578,
        2.624063005554106,
        2.5790410087411773,
        2.5635055797062694,
        2.583159725075382,
        2.49836545407924,
        2.5070392187849495,
        2.511712116815872,
        2.5190023123832006,
        2.460316796838328,
        2.4838728922175433,
        2.5154318896253245,
        2.466609140729672,
        2.4149515958923145,
        2.420096265700059,
        2.4352974679702517,
        2.4539872570793038,
        2.4394313762955977,
        2.43568972702072,
        2.461777077944156,
        2.4473440411079324,
        2.4897394181647052,
        2.507263899498829,
        2.4114789917709833,
        2.400481245000155,
        2.4288149733995272,
        2.427178269575109,
        2.396991851922854,
        2.408943099739363,
        2.4131061078246265,
        2.4354709878306267,
        2.424550563813219,
        2.4402966102056314,
        2.4336720476263385,
        2.387313254105806,
        2.4103816435535084,
        2.423309878039213,
        2.3957182946746203,
        2.3852333276401274,
        2.4122832666639344,
        2.3876005974635346,
        2.447732404973667,
        2.377032313111476,
        2.3620456792734252,
        2.3669967613028016,
        2.390084644469954,
        2.365882722855833,
        2.362117335302332,
        2.367408399192776,
        2.3500644338128076,
        2.3627880230026874,
        2.3356764139654365,
        2.347848678914422,
        2.3394968009965793,
        2.3429974749101112,
        2.334753981999112,
        2.341937883582271,
        2.298460778715247,
        2.3197152820113516,
        2.341506852673911,
        2.287999359438792,
        2.3919003622481894,
        2.328137121546617,
        2.333789978546098,
        2.3374109950417927,
        2.312478135771143,
        2.358920922371123,
        2.3416094172865347,
        2.31954291202987,
        2.3075063937333344,
        2.2847710662221585,
        2.2947079168818725,
        2.2981495213018723,
        2.274182888399167,
        2.227060682673101,
        2.2297286315982894,
        2.2272893858111935,
        2.2058172612901483,
        2.2301599295469035,
        2.19614423203466,
        2.205839891390197,
        2.338720339071486,
        2.307568602222554,
        2.317433074514779,
        2.2773199223106353,
        2.2748557582388553,
        2.2585169244554786,
        2.286534867263149,
        2.2994963782887954,
        2.2526839568315853,
        2.2539848484969522,
        2.2202160542681293,
        2.254580319333284,
        2.225788660958739,
        2.278536026784035,
        2.2445048474191927,
        2.193470500877024,
        2.239684271725893,
        2.2109656797881403,
        2.2205742378771425,
        2.216804356030553,
        2.3322695950900183,
        2.2325937809857104,
        2.2372367431555764,
        2.2430264476889117,
        2.260079782355751,
        2.2257025527022396,
        2.21145675426354,
        2.1937379610649677,
        2.186868408187443,
        2.231178352994102,
        2.1969980827084625,
        2.1894766817394986,
        2.180805725167958,
        2.1663052243577936,
        2.1823240814280975,
        2.147398026821789,
        2.1792670627608692,
        2.162773040272778,
        2.1672016895654362,
        2.2027231053457985,
        2.2904327414216876,
        2.2267985972279023,
        2.1627655996432096,
        2.142944575209196,
        2.15655643024609,
        2.152434729849815,
        2.096172064146366,
        2.1310261217523925,
        2.138569178667636,
        2.1772455496417025,
        2.130952493548238,
        2.1548327980190636,
        2.193106150089144,
        2.120031053447987,
        2.193659394666593,
        2.159448372576122,
        2.164290489910139,
        2.1378101016208744,
        2.1145749378141336,
        2.1433097096547047,
        2.2141806834012043,
        2.108164310653129,
        2.079692921330889,
        2.09024314330735,
        2.0707679574504767,
        2.1128444588384414,
        2.124776585941336,
        2.097653373641054,
        2.107121054744265,
        2.124729318656324,
        2.049182122233844,
        2.070527102612181,
        2.0816286710003045,
        2.0510428807331826,
        2.021121312117822,
        2.0630757366720927,
        2.0298463788263295,
        2.021160967311176,
        2.0470471993677033,
        2.017825304556042,
        2.1398685000369295,
        2.0977863701546444,
        2.0395547074904434,
        2.060040864401455,
        2.0542200374971724,
        2.059038089324232,
        2.0350208333508575,
        2.0590942983026217,
        2.0169017099917026,
        2.0043373817115446,
        2.0496330114448424,
        2.046422428605643,
        2.0663485210827686,
        2.0072030380939445,
        2.039044266442627,
        2.0584298982223173,
        2.0719366290107293,
        2.065783949938344,
        2.030561469551353,
        2.0571232705650235
    ],
    "min loss": 2.0043373817115446,
    "training steps": 10000,
    "batch size": 256,
    "history size": 1000,
    "dataset": "enwik8",
    "end time": 1730479929.74994
}