{
    "start time": 1730483034.894005,
    "use_input_gate": false,
    "use_forget_gate": false,
    "use_output_gate": false,
    "use_state_gate": true,
    "use_new_state": true,
    "use_old_state": false,
    "use_residual": true,
    "n_layers": 3,
    "state_size": 32,
    "id": "6f59c58718c4b73f5febe43f89fe53494d413760c7c6a36c7230ccfed3f42580",
    "loss": [
        4.45338751302036,
        3.6357111211126325,
        3.481192534431108,
        3.4226565151483492,
        3.3440022522179214,
        3.3234352362022874,
        3.207316786457445,
        3.167179428550038,
        3.126846548806944,
        3.073722708969376,
        3.0592540132054222,
        3.0454559274994484,
        2.9683370843565364,
        2.9692841875235585,
        2.949520062999062,
        2.9645061136412063,
        2.8909045066099783,
        2.8940945946776613,
        2.888751873837166,
        2.905861383751761,
        2.884944307804462,
        2.866037841423714,
        2.8320598931702228,
        2.825112164526273,
        2.7879620667354734,
        2.798920476599965,
        2.725459689412534,
        2.750279937495253,
        2.740974328211968,
        2.7234343817816846,
        2.7206206198100054,
        2.696862194153913,
        2.652120271360658,
        2.688732372166348,
        2.6867461327328064,
        2.6788317450667365,
        2.662562644997644,
        2.668356454333199,
        2.6759350426242743,
        2.7017922553696567,
        2.6669159023874696,
        2.6197593062652444,
        2.5927772007616943,
        2.6339008011261367,
        2.613415537276057,
        2.5689647657437638,
        2.5862407317200393,
        2.568778400972966,
        2.5737275469605994,
        2.5568134915176612,
        2.5715208019945326,
        2.565362661481937,
        2.532657662576233,
        2.583511780023838,
        2.533905758206127,
        2.5153422116653994,
        2.519269452419568,
        2.5370456856798302,
        2.56735757291593,
        2.5618498896334163,
        2.5617260810544673,
        2.5291863171798252,
        2.5173494618958867,
        2.5488115360570065,
        2.5049358112518405,
        2.5660192184614052,
        2.531140515803192,
        2.5520490366027744,
        2.50635529718874,
        2.5328343188436038,
        2.5032682056238755,
        2.490461106003342,
        2.478243957778288,
        2.476689050612649,
        2.481089708715143,
        2.4892301475451513,
        2.4871087481815453,
        2.5050572266101585,
        2.489730389536562,
        2.541609744637301,
        2.501722680324191,
        2.4413224657047676,
        2.486526330361589,
        2.4568933764493974,
        2.4702028047210427,
        2.4559755275212223,
        2.4401407247134292,
        2.426732850220228,
        2.4221531183395313,
        2.4319164990042386,
        2.4524725154559346,
        2.40760185428497,
        2.434107036318329,
        2.4285202598263953,
        2.455401938135032,
        2.4362082641463623,
        2.437764056221444,
        2.4440979004591323,
        2.432203993081607,
        2.4966069193928266,
        2.4621363666886635,
        2.4365974328887243,
        2.4401941457129714,
        2.4324335748977712,
        2.4263908243875614,
        2.394816078528149,
        2.396247004534903,
        2.426171945190946,
        2.411416137607054,
        2.3917955229982875,
        2.3431829619747737,
        2.3572676657500735,
        2.34689559032939,
        2.379717576426634,
        2.371400218051976,
        2.3775185478590406,
        2.4076011532694324,
        2.3950427320316474,
        2.3657459434996615,
        2.417869174228553,
        2.3868517152440476,
        2.3844971753689195,
        2.365487655555606,
        2.35312350750919,
        2.3406409652823634,
        2.3222447152967622,
        2.3341619165315595,
        2.3608458583798706,
        2.369438878892836,
        2.3511073380781933,
        2.3646254281342003,
        2.37982929677248,
        2.3802540973996344,
        2.374368791809763,
        2.4012853056832775,
        2.3742599646602773,
        2.390033746259281,
        2.3458529267100103,
        2.357380648962795,
        2.4318123582565065,
        2.367270822611425,
        2.359293322794221,
        2.3228521381488196,
        2.341494352672704,
        2.3421920504448206,
        2.3301264409742948,
        2.3299456906046254,
        2.362136152573158,
        2.346499735356818,
        2.320246604249681,
        2.3402369820492592,
        2.3595837533375645,
        2.3383734559852085,
        2.3148667512031107,
        2.3446439359588958,
        2.3398047388878966,
        2.3225704208050972,
        2.3315070927766777,
        2.3419988443635527,
        2.384001527708506,
        2.315622360644206,
        2.313707539688522,
        2.3724118029542445,
        2.328245128685284,
        2.312688022563446,
        2.314337303485644,
        2.2987812691410117,
        2.3123035676595824,
        2.3321416921778977,
        2.3545627294134985,
        2.319024146713267,
        2.2903913090952033,
        2.332415347011483,
        2.2608798918076225,
        2.2928530732485006,
        2.3219235097596895,
        2.338669933787959,
        2.3260700319240906,
        2.3303370403574033,
        2.3849699194326566,
        2.3251245970867376,
        2.330207569169411,
        2.3081091981802064,
        2.267181053500105,
        2.3177709063772824,
        2.3361099722276455,
        2.369288101702741,
        2.319106887147486,
        2.2801922738367857,
        2.2882920747290503,
        2.26164028768894,
        2.280779263105545,
        2.280229170540981,
        2.3261004241294247,
        2.296618983491789,
        2.304058128643269,
        2.297262063097699,
        2.288310734537309,
        2.2775286126917313,
        2.3402082284507544,
        2.2946587102546263,
        2.3015213248190833,
        2.32264975964908,
        2.257866631005643,
        2.311637953642004,
        2.276926659930364,
        2.270149685148269,
        2.277451525275248,
        2.2709853361196406,
        2.308888228447441,
        2.26867559761375,
        2.2544578324322027,
        2.266344120871869,
        2.2714087100109364,
        2.2839337864222964,
        2.2834106668964513,
        2.2570760783735726,
        2.221010556690308,
        2.227724698808375
    ],
    "min loss": 2.221010556690308,
    "training steps": 10000,
    "batch size": 256,
    "history size": 1000,
    "dataset": "enwik8",
    "end time": 1730483083.7249653
}