{
    "start time": 1730482313.4228246,
    "use_input_gate": false,
    "use_forget_gate": false,
    "use_output_gate": false,
    "use_state_gate": true,
    "use_new_state": false,
    "use_old_state": true,
    "use_residual": true,
    "n_layers": 3,
    "state_size": 32,
    "id": "70074cf9446249e2153a49c897568b52bd563d4d12c746201431e4a1631bda95",
    "loss": [
        4.979183130481211,
        3.7093090602828105,
        3.5279204608065897,
        3.436928594688473,
        3.3453588917135963,
        3.341198676965583,
        3.313259494843693,
        3.2888371071761022,
        3.29488684774116,
        3.3088412890659438,
        3.2323128501543508,
        3.231213967554389,
        3.1873793004615476,
        3.205273311160113,
        3.1668151228949775,
        3.1803698686715096,
        3.1485624286791336,
        3.1636175002329945,
        3.127161414874434,
        3.162820286216219,
        3.123245030093036,
        3.126269737920805,
        3.079483212174938,
        3.0892470855493785,
        3.0894339415138425,
        3.0799162766906365,
        3.0672690896609973,
        3.092543851614671,
        3.0480205779559997,
        3.0131252847976597,
        3.0178977314961317,
        3.012038516556067,
        3.022199827872259,
        2.9998878622315104,
        3.001071414592423,
        3.0038682910972843,
        3.022634230978753,
        2.9774003303630105,
        2.92921076974757,
        2.961685732915919,
        2.9309039283559435,
        2.9522470816254156,
        2.8859285855120236,
        2.915399848381086,
        2.9091964232297083,
        2.885789620406298,
        2.8718196045440783,
        2.8969071962940216,
        2.911731914975067,
        2.8944782806987273,
        2.8499804609147747,
        2.8748675557224375,
        2.8702985996726365,
        2.801661559126218,
        2.8718600338283196,
        2.8922025065309467,
        2.8487475858156976,
        2.815884114344948,
        2.786339966009413,
        2.867780803994883,
        2.829000490147008,
        2.8235941834984803,
        2.8196170637724833,
        2.840323166839114,
        2.8500608445145,
        2.8309438610162787,
        2.793210048526952,
        2.781433297003285,
        2.7853458220860707,
        2.771662363549632,
        2.776572852909079,
        2.740155495944286,
        2.7446665148673346,
        2.7329021955538324,
        2.768968812136937,
        2.7739955796898546,
        2.7526890325423254,
        2.743344935611001,
        2.7452586588104504,
        2.7888502262440404,
        2.7224915808391383,
        2.7279975622018457,
        2.697255402253495,
        2.7002340551504296,
        2.7056068771137394,
        2.7009800866562204,
        2.6842915462677235,
        2.699015386790359,
        2.722044949566849,
        2.6785566298773067,
        2.6969441264289227,
        2.7146197824104887,
        2.708977018938527,
        2.6686710053627887,
        2.6367294534841075,
        2.657899413757262,
        2.6688613726076205,
        2.6685429852415927,
        2.6743303563578267,
        2.72666629470924,
        2.7248472752167543,
        2.661418811851308,
        2.6908393464063716,
        2.6771028764474187,
        2.6681475268416954,
        2.678533983654576,
        2.677111739531736,
        2.674230520194791,
        2.6833278978963224,
        2.6543728024003683,
        2.66819182732059,
        2.6675329722732815,
        2.624106249329487,
        2.6099420118990544,
        2.647044818917472,
        2.6744991015033164,
        2.6149428307548015,
        2.605204784901398,
        2.6079244330495457,
        2.663056922100672,
        2.6297029369817735,
        2.631918350786968,
        2.624150328447156,
        2.6168377866569026,
        2.604769527205404,
        2.6115531017914377,
        2.6116709157039852,
        2.613532087433795,
        2.6165421508269673,
        2.597621856479159,
        2.6179519016191355,
        2.588863473291643,
        2.581034471754654,
        2.5943412515129753,
        2.578556863522685,
        2.574015984730285,
        2.6060440239657257,
        2.5955838175098527,
        2.5589731897924626,
        2.6121231911671594,
        2.5999676991219633,
        2.591725903544725,
        2.6136610259483306,
        2.564320210785503,
        2.56478098209451,
        2.591238654031492,
        2.581006661499216,
        2.553905928822086,
        2.563578777391612,
        2.565653889424158,
        2.530649567094897,
        2.5524374725481587,
        2.5670903520819293,
        2.5454620196106683,
        2.5343632831663196,
        2.5427968321498025,
        2.5182979719409198,
        2.537312796487655,
        2.5334005832070265,
        2.597199860890397,
        2.5464722981675187,
        2.498861470204844,
        2.5242625941872205,
        2.5411684480753682,
        2.495673130416805,
        2.46426920190828,
        2.5433271250570693,
        2.5331977792870926,
        2.51968234195195,
        2.5453912528422444,
        2.510555609693716,
        2.5330298368168744,
        2.4969539385278186,
        2.4982189670329795,
        2.515454791771451,
        2.5276478556940156,
        2.499906576275561,
        2.5476240324495607,
        2.517758674392665,
        2.5634476859411035,
        2.4946507522156267,
        2.479092835022946,
        2.508006290518606,
        2.488151051886399,
        2.5135861552431997,
        2.5078998351730655,
        2.490196793779685,
        2.5102327747842663,
        2.5187792536920566,
        2.5068746380528335,
        2.489354144033137,
        2.5087372255639044,
        2.4823493291256153,
        2.452431908252965,
        2.4518770796396696,
        2.4402864253968795,
        2.4748698351912384,
        2.473007195653166,
        2.4655822829421528,
        2.5330795405025004,
        2.550784675903214,
        2.541657945014944,
        2.5514449843854696,
        2.5306866701627073,
        2.515430357195498,
        2.5452404954617647,
        2.5123480187673906,
        2.4874514410347848,
        2.5245363480957264,
        2.480524805041063,
        2.516703744287593,
        2.522499023839022,
        2.4960947969965104,
        2.52839226010581,
        2.520196041147082,
        2.5102211998123454,
        2.4646100698870397,
        2.4812918773411097,
        2.522228178728155
    ],
    "min loss": 2.4402864253968795,
    "training steps": 10000,
    "batch size": 256,
    "history size": 1000,
    "dataset": "enwik8",
    "end time": 1730482336.2268465
}