{
    "start time": 1730479943.4519267,
    "use_input_gate": false,
    "use_forget_gate": true,
    "use_output_gate": true,
    "use_state_gate": false,
    "use_new_state": true,
    "use_old_state": false,
    "use_residual": true,
    "n_layers": 2,
    "state_size": 256,
    "id": "704d59862a4c1598cf1da0ffbb075536e961108b886a0a2c50cb6b3adc0cb6c0",
    "loss": [
        3.780276001036666,
        3.473620250447791,
        3.1742577405452446,
        3.028762269474872,
        2.8976296635900987,
        2.817411868167631,
        2.7364798389095726,
        2.703998785132535,
        2.638163441874052,
        2.5813481497927366,
        2.5281318838465996,
        2.5281782095660135,
        2.490997306593558,
        2.385657523383404,
        2.4051347412163544,
        2.3575512667748306,
        2.3564408583883987,
        2.362825190760461,
        2.2856430337388822,
        2.3034200955917834,
        2.3023263145979334,
        2.2381540183543733,
        2.223570756993657,
        2.213584369212915,
        2.213165207133743,
        2.2027733237811624,
        2.203227424245883,
        2.167719105102714,
        2.1363930845831467,
        2.1621382313420607,
        2.1147805859444273,
        2.113313387602167,
        2.116857339830115,
        2.10060498190271,
        2.0908956964812804,
        2.080440933890273,
        2.092931349373467,
        2.093581344456926,
        2.081170306276564,
        2.1469539999180376,
        2.0907134915460093,
        2.0230152765104243,
        2.0240707472244686,
        2.0236609934976344,
        2.0306280712449154,
        2.0121122039789454,
        1.959929629668848,
        1.9596185715444538,
        1.9775418025204758,
        1.950475226831689,
        1.9736427750830994,
        1.961909578932595,
        1.9342818502839112,
        1.9234553772064313,
        1.9520269891295483,
        1.9360199010729668,
        1.9675850156254358,
        1.9649840317887113,
        1.97826494374311,
        2.0159456073473465,
        1.9489652302116447,
        1.9154818160691636,
        1.9182774039062518,
        1.8816230241389862,
        1.8428979070226763,
        1.8845580036834597,
        1.8647771885731086,
        1.8699638408267207,
        1.885616218451431,
        1.8979709412071635,
        1.9317318330473503,
        1.8548710657241652,
        1.8676304701413866,
        1.8408564688634612,
        1.8790099346333715,
        1.8273361726179855,
        1.8084941030390262,
        1.8398244845091956,
        1.859039104798083,
        1.9662486436330293,
        1.8737056218109078,
        1.8330965412188773,
        1.836107962474275,
        1.8262668382371456,
        1.841316504182616,
        1.79557532226183,
        1.819863218837668,
        1.8183474371110833,
        1.733116811503241,
        1.7810940622650822,
        1.8174962837507176,
        1.7803314138761202,
        1.762925848250762,
        1.8200137149145008,
        1.7897772934382419,
        1.7629906432772062,
        1.7688399074888463,
        1.7823843544206297,
        1.8522698815783043,
        1.9363834384209204,
        1.8767149200203463,
        1.850728179238722,
        1.8443679162183344,
        1.8221772280655903,
        1.7900436645754894,
        1.80222016425552,
        1.710025816486001,
        1.776810960395398,
        1.7749456393971508,
        1.8140495211855197,
        1.7753012634629304,
        1.7443364835053567,
        1.7367873173712676,
        1.7690028759873704,
        1.737695140495358,
        1.7472475301245975,
        1.744512726466507,
        1.8011162629464967,
        1.777687206088397,
        1.887881450423672,
        1.8191477966600729,
        1.8086150485105865,
        1.8390050499417836,
        1.7521960558897842,
        1.760062088835451,
        1.7372283728673754,
        1.712357003636085,
        1.7624104710865558,
        1.7728703383784439,
        1.7287331441248632,
        1.7397520779047555,
        1.751187631226191,
        1.7483137830619582,
        1.6849417272353735,
        1.7136454194918072,
        1.7081605199778085,
        1.742906512162903,
        1.699398563450281,
        1.721403557355066,
        1.8704018588596607,
        1.755240569354665,
        1.746508974337285,
        1.8116481870770726,
        1.832521444459411,
        1.7846774853268423,
        1.7655625974051752,
        1.7394801725760287,
        1.7516621127782046,
        1.7558159222713468,
        1.7235678337795504,
        1.7285295972158816,
        1.7023652200136943,
        1.6690170951861443,
        1.6967439758465552,
        1.750819337504237,
        1.707975264576927,
        1.719254489680394,
        1.7651929995044084,
        1.73773010459401,
        1.8715041306972344,
        1.8237553901122838,
        1.7604693962280136,
        1.760284827589088,
        1.7150174683703308,
        1.711439196055889,
        1.7469544182778691,
        1.6932374122480474,
        1.7168200747358833,
        1.7239092400293134,
        1.7443872676930576,
        1.6982804109387837,
        1.7320628558708686,
        1.6928875336835674,
        1.7317558211156387,
        1.692539461713007,
        1.7082165043203599,
        1.688750962910727,
        1.7011881007300615,
        1.719624870170224,
        1.8736444098570166,
        1.7959829044791178,
        1.7655713936170543,
        1.7563278568290335,
        1.7541095259774762,
        1.7528915838379848,
        1.7557112121444394,
        1.7088959760862168,
        1.6781391384429831,
        1.7318913864647945,
        1.748320154060866,
        1.684469839244965,
        1.7004203928033395,
        1.670863708976902,
        1.708793648839768,
        1.6654296347706694,
        1.678454902605774,
        1.6585813062395078,
        1.6995289891952698,
        1.6724808370958892,
        1.8584299078122326,
        1.745583574134118,
        1.7779335549332607,
        1.8003547645927038,
        1.7434411209949676,
        1.706257988069453,
        1.666665146869326,
        1.7051278983202889,
        1.7519058795080604,
        1.7045681899462524,
        1.6767767597110879,
        1.672637794579766,
        1.6504870750199023,
        1.6904909541519872,
        1.6599769130327937,
        1.7282973514756916,
        1.719751965242808,
        1.7136092538371583,
        1.722229619206637,
        1.6735455094814884
    ],
    "min loss": 1.6504870750199023,
    "training steps": 10000,
    "batch size": 256,
    "history size": 1000,
    "dataset": "enwik8",
    "end time": 1730479981.4893773
}