{
    "start time": 1730482803.7223155,
    "use_input_gate": true,
    "use_forget_gate": true,
    "use_output_gate": false,
    "use_state_gate": true,
    "use_new_state": false,
    "use_old_state": true,
    "use_residual": true,
    "n_layers": 3,
    "state_size": 256,
    "id": "727b10dc5c0f90233620e998ec3a15377cb14921f453b4a837d20fb1a1f5e272",
    "loss": [
        3.6557299355418738,
        3.4131965970549527,
        3.329854060197221,
        3.298372795047404,
        3.2680280112649,
        3.2304612322875466,
        3.1508114797375053,
        3.058634607878847,
        3.003883988539519,
        2.930791205785599,
        2.855607776302178,
        2.8422200209626665,
        2.8096467956259787,
        2.8022565153023224,
        2.7692906271071096,
        2.716905087813921,
        2.6575377809448057,
        2.662879012589299,
        2.635820478194116,
        2.65948153989618,
        2.62626853151368,
        2.607198028843325,
        2.631464432746673,
        2.5972465410363,
        2.6237714198113253,
        2.5512172048796846,
        2.576206908881865,
        2.5743668000624074,
        2.540310510630059,
        2.5157852320758876,
        2.5465215379808357,
        2.5282832451517034,
        2.4820536045673807,
        2.4971697858700854,
        2.461954434863059,
        2.4860610571470367,
        2.46498984000328,
        2.4507808095943275,
        2.4759831786994138,
        2.4526454227496908,
        2.4905600113273056,
        2.440836477273272,
        2.4395356352579918,
        2.4514483722936733,
        2.4492897188897733,
        2.423174748979363,
        2.458960504150791,
        2.4249676128029494,
        2.4139363039096127,
        2.445031201478879,
        2.4481812097693005,
        2.4104297317534593,
        2.392648164265368,
        2.399166858262197,
        2.3906641172168124,
        2.3927552043826985,
        2.427983788544299,
        2.392084559851563,
        2.344751981503824,
        2.3839713896254846,
        2.442122612816954,
        2.43112311685152,
        2.4046940680682365,
        2.4064898063516056,
        2.4261175372021473,
        2.4240994309429795,
        2.377812361871674,
        2.428253532501989,
        2.421059474975153,
        2.396831502031271,
        2.403450968283925,
        2.3688667798327243,
        2.3580075413031563,
        2.3706859573191936,
        2.3649724126036515,
        2.3660379222371173,
        2.3121577842886967,
        2.3237531210101143,
        2.3084313763216926,
        2.355836508245246,
        2.3284043778880235,
        2.313617983075098,
        2.336892030263054,
        2.373702879856709,
        2.289113750001368,
        2.3025515159565093,
        2.293894106419327,
        2.266832545957626,
        2.2887142568045116,
        2.2698773688198117,
        2.2543314844715674,
        2.2890368458133867,
        2.297685994527734,
        2.283445074832639,
        2.2690404399239776,
        2.2661235242807156,
        2.257811821633609,
        2.2738277776171065,
        2.293254230386375,
        2.320616152947174,
        2.321868576572134,
        2.264802819387088,
        2.265579082009199,
        2.2670332799312014,
        2.2388412972848473,
        2.2757695304203684,
        2.2762898420909914,
        2.249188643613892,
        2.2476632883133716,
        2.2393054912319577,
        2.2373699807762555,
        2.198077601811089,
        2.2331776812610538,
        2.2467720307901367,
        2.268425730557464,
        2.2473808951384147,
        2.221861636234294,
        2.247059495040573,
        2.2439767395062153,
        2.277391035794584,
        2.2322660767272176,
        2.245656680025195,
        2.200281186629778,
        2.223370246055893,
        2.2114674097649725,
        2.2080668372280976,
        2.2056612050439415,
        2.207930062970581,
        2.1909072997823373,
        2.1967779439512625,
        2.1813645331411595,
        2.202521553451382,
        2.20908214067037,
        2.236272393573573,
        2.217265756391121,
        2.208708101811734,
        2.1991887470890537,
        2.192967322819166,
        2.2253429532438878,
        2.242205114082774,
        2.2079464966461653,
        2.223777915782621,
        2.182396727981066,
        2.2000161291764377,
        2.212596714901074,
        2.1958461742040547,
        2.2031739083163084,
        2.1244023349837065,
        2.1881535971025077,
        2.2223076716336894,
        2.1804631250874444,
        2.1925182183544774,
        2.173164785611196,
        2.165153517417634,
        2.1809214395930563,
        2.2058411662231663,
        2.1608657151832724,
        2.172962992835131,
        2.1728054509458925,
        2.2041881369500333,
        2.2257350592176097,
        2.2017474550031673,
        2.179997902221365,
        2.1688289313990485,
        2.166451751191808,
        2.2068931898855295,
        2.212170343738486,
        2.208478158321162,
        2.144995828297647,
        2.1474420739323477,
        2.170472378728601,
        2.140893200795464,
        2.155649726388634,
        2.147878040742664,
        2.124966077884796,
        2.1500213185760613,
        2.1493995044497995,
        2.1627172797539362,
        2.1532150305996516,
        2.243466907464306,
        2.203798496219843,
        2.1907200426429227,
        2.211979011529282,
        2.169160250393623,
        2.165719832183834,
        2.1424719182593686,
        2.171400928560185,
        2.1473481620676242,
        2.1703737035710042,
        2.1274141557136974,
        2.192641954281222,
        2.1805105582361017,
        2.138922037738627,
        2.162431181011971,
        2.137408903696238,
        2.1110336548212807,
        2.13924564890241,
        2.1920910574272416,
        2.173680626079129,
        2.2159012187376472,
        2.148904146754579,
        2.1352966210476887,
        2.1511657956156793,
        2.1401551834522103,
        2.106103316774963,
        2.1198569713138213,
        2.127539182218539,
        2.079640111815331,
        2.10150894531989,
        2.134186999023909,
        2.083620376201717,
        2.071606815787198,
        2.090060319068223,
        2.1010586275381025,
        2.0514520949137487,
        2.0575237863448232,
        2.1085864645563595,
        2.096966049902551,
        2.1020137168643593
    ],
    "min loss": 2.0514520949137487,
    "training steps": 10000,
    "batch size": 256,
    "history size": 1000,
    "dataset": "enwik8",
    "end time": 1730482843.1215398
}