{
    "start time": 1730475767.8251834,
    "use_input_gate": true,
    "use_forget_gate": false,
    "use_output_gate": false,
    "use_state_gate": false,
    "use_new_state": true,
    "use_old_state": true,
    "use_residual": true,
    "n_layers": 1,
    "state_size": 32,
    "id": "76649e0aa49cde8734f68a83962d0b359dea018cfc320e99bed1b93ae9757f92",
    "loss": [
        4.428231108742322,
        3.5750378630578936,
        3.4396312734786667,
        3.4030541126117706,
        3.31887599047497,
        3.225915761874623,
        3.128158017696678,
        3.1383272208037285,
        3.088244122925686,
        2.960514088363709,
        2.9656802818023515,
        2.948286069910193,
        2.9239418461005107,
        2.8879448805054966,
        2.827973017440373,
        2.818521436038613,
        2.8048387324788924,
        2.795604441469294,
        2.801773313874177,
        2.7926725278708897,
        2.7369956043915527,
        2.7742196830540657,
        2.7550670139530284,
        2.7381945185374406,
        2.763911476377544,
        2.6978756062860905,
        2.70637955238062,
        2.7145284623645294,
        2.711387532262609,
        2.6489811754876706,
        2.6394686519424693,
        2.6564702685574906,
        2.662932624048436,
        2.614729772884693,
        2.6625341764495625,
        2.6812970334376995,
        2.644863323520028,
        2.611624668202793,
        2.600587223722926,
        2.6505048698670897,
        2.5635800689296135,
        2.610256100798685,
        2.545982380534346,
        2.5829900450156216,
        2.5690116438863124,
        2.5246840142477276,
        2.5219044923251617,
        2.5094634993848803,
        2.5296233510454327,
        2.5085958704346796,
        2.491648388211761,
        2.559146290201729,
        2.509676884753089,
        2.5015250778600624,
        2.455177564681541,
        2.4640525669972777,
        2.4483134509120243,
        2.4475436963049733,
        2.4725287317797413,
        2.500202306762187,
        2.502124180081371,
        2.4989361029618316,
        2.5199905085532377,
        2.473366862281922,
        2.493015245810301,
        2.492723845392676,
        2.523095550233466,
        2.509365403081994,
        2.4545722296567503,
        2.495481263515892,
        2.484059062658937,
        2.459223929654011,
        2.4653385929255838,
        2.481474009737514,
        2.468607718070385,
        2.431781831219469,
        2.433108140832964,
        2.431604743324996,
        2.4620189945284987,
        2.4962607386708187,
        2.4779627887224756,
        2.4138197976358886,
        2.4471544457952352,
        2.440995085360915,
        2.4497168743625033,
        2.416032731706508,
        2.4247088716055445,
        2.444682306580249,
        2.4520884609363445,
        2.413870022470967,
        2.403442060136749,
        2.396559925520912,
        2.4137986934565236,
        2.4227259542862125,
        2.4459028085844707,
        2.426416175852719,
        2.4079205493782623,
        2.391320900042825,
        2.3842978334723703,
        2.459233687765699,
        2.386000845466202,
        2.403971754489383,
        2.4578429577440395,
        2.3779150996440617,
        2.389042506544888,
        2.4031396244339227,
        2.3737233070580386,
        2.39113587805757,
        2.403037627442176,
        2.430752870867788,
        2.406823765496087,
        2.401675040048716,
        2.396178143070237,
        2.3842361535266243,
        2.3618394507792027,
        2.3674105365938645,
        2.384532360127982,
        2.4064989560841896,
        2.363258837296985,
        2.432060984878185,
        2.42119536558598,
        2.3851738011558647,
        2.380606325744862,
        2.3790653645380657,
        2.41597702916082,
        2.4103280160304954,
        2.4043078213151317,
        2.3645809130858524,
        2.357576500694879,
        2.3786144513140686,
        2.3704622687849404,
        2.372868013937816,
        2.360471786265452,
        2.346789781429921,
        2.31591342657239,
        2.3228677373725235,
        2.3401616450296863,
        2.3723395116140567,
        2.3393479726735644,
        2.387425504800859,
        2.328727115394405,
        2.3107750096560173,
        2.3557901839119384,
        2.3476917402483406,
        2.3844170468084402,
        2.38687462580393,
        2.3113288692878338,
        2.3085968937322905,
        2.3382208721855346,
        2.318426202029712,
        2.326677574188629,
        2.3534360170342232,
        2.357675239238689,
        2.295996565707611,
        2.3211573266986307,
        2.356391324665993,
        2.326028082049771,
        2.3193087701906197,
        2.294150650229306,
        2.3831748589843533,
        2.3348034241386904,
        2.3147150491960757,
        2.3658765888066933,
        2.352798620441663,
        2.3467702067646967,
        2.31375174633227,
        2.3807259119268487,
        2.3359644542516302,
        2.3437820454638105,
        2.315314024926475,
        2.3302658006637698,
        2.2964388798193447,
        2.326299745041263,
        2.309543989041158,
        2.3331887827561064,
        2.295782564610164,
        2.2681218377181773,
        2.26472147529587,
        2.3277248464929587,
        2.3498313678847302,
        2.3328899133814147,
        2.288494236987255,
        2.302599483542542,
        2.29622407733008,
        2.300504851343421,
        2.2920314920983667,
        2.261873355142436,
        2.326250216789344,
        2.2730082210937432,
        2.291105068691503,
        2.301389951604994,
        2.2969588913387327,
        2.3089320097539723,
        2.2815174953032,
        2.286572838088165,
        2.301444822284001,
        2.2682244465623604,
        2.323057571779937,
        2.319678869638997,
        2.328417383902345,
        2.2855771502225717,
        2.295177556536925,
        2.2955544200802245,
        2.2949764756757296,
        2.2948460898027228,
        2.3063971382823905,
        2.2915023552929257,
        2.274321863054843,
        2.234531337314436,
        2.268951026299603,
        2.3230636576418555,
        2.324277520809569,
        2.334609367860834,
        2.277180492965702,
        2.356281978840538,
        2.2680064122741337,
        2.3086892930877427,
        2.2624969435951483,
        2.2713822350520987
    ],
    "min loss": 2.234531337314436,
    "training steps": 10000,
    "batch size": 256,
    "history size": 1000,
    "dataset": "enwik8",
    "end time": 1730475792.1437101
}