{
    "start time": 1730479402.6787674,
    "use_input_gate": false,
    "use_forget_gate": true,
    "use_output_gate": false,
    "use_state_gate": true,
    "use_new_state": true,
    "use_old_state": false,
    "use_residual": true,
    "n_layers": 3,
    "state_size": 256,
    "id": "76dddc889df73bf380362e174853bc8d0afa486fb0547b4e4fd09ae1337c55cb",
    "loss": [
        3.6637729454085317,
        3.4324058512626245,
        3.266807079033089,
        3.1298204975002117,
        2.999327793471411,
        2.8815811914213025,
        2.8115646536837793,
        2.770694604196896,
        2.7052115578747316,
        2.6503964619666416,
        2.5930767455962624,
        2.5939756885204868,
        2.525010900449734,
        2.479952846077012,
        2.452460604747886,
        2.4026294414801317,
        2.3907660130703827,
        2.33145070171451,
        2.2831940058792943,
        2.341960281642789,
        2.3188446549813695,
        2.2900848929552335,
        2.303028649100636,
        2.214927354130363,
        2.2344632939285223,
        2.218156454397929,
        2.1760372184493333,
        2.2202605820122487,
        2.215137339165213,
        2.1682871174880636,
        2.154013013033893,
        2.1462109237712594,
        2.1099501957798514,
        2.1010229616952807,
        2.1105346750771137,
        2.070940645944366,
        2.0572729883867185,
        2.049940871065022,
        2.0774730913384976,
        2.109259430126409,
        2.145468178282932,
        2.0628520329842974,
        2.077612388953239,
        2.043260364346519,
        2.0233568083135585,
        2.045468448132458,
        2.0068509246381936,
        1.9943271363448256,
        1.9994132837603387,
        2.0254292356327364,
        1.97294637841445,
        2.0425502520501633,
        2.0075516959116446,
        1.9733188245706637,
        1.9773176247495186,
        1.9642031478223272,
        1.9247190025973526,
        1.9255419836558572,
        1.9334765212680627,
        2.033320604053232,
        2.0068080135473574,
        2.006201233177411,
        1.9620653906978918,
        1.9414290525957842,
        1.9041444786299286,
        1.8957069822062598,
        1.8926077005374398,
        1.8709409023773869,
        1.8887757552778295,
        1.8917363989728848,
        1.8380411879288705,
        1.8327419656695463,
        1.832549726821649,
        1.8391562538964452,
        1.8159351719819763,
        1.8086883752491003,
        1.8141410762716375,
        1.813103985796135,
        1.8664577591918323,
        1.948828110010744,
        1.8853753748722881,
        1.8087408176572315,
        1.8274613935610713,
        1.8100059066645564,
        1.7759919850210593,
        1.8061868603063347,
        1.8121278359389785,
        1.8101618407291045,
        1.7366804808147058,
        1.7589898149164045,
        1.755402868421694,
        1.8107894640483655,
        1.7806784712338752,
        1.7847192384292603,
        1.8286538055496797,
        1.8092681180718386,
        1.8091057037629221,
        1.8378124500486877,
        1.7754701976366296,
        1.9127418413164405,
        1.8112521140779378,
        1.8036058290355776,
        1.8127636108471967,
        1.760158449606072,
        1.7592389261224617,
        1.6882985071787546,
        1.7510148689978862,
        1.782919322484225,
        1.7827789581217763,
        1.745066756449211,
        1.7473644377146276,
        1.7803386748601875,
        1.8080975639578225,
        1.7320996357769238,
        1.7221269083033266,
        1.7488826943485187,
        1.7120471800212147,
        1.74969586907716,
        1.7380209303345526,
        1.8781995954760928,
        1.7626532739425573,
        1.7165143143425283,
        1.7358639384926138,
        1.7170055669644415,
        1.7297520225852576,
        1.7119019494796066,
        1.689138849791247,
        1.72596798628268,
        1.718991202784848,
        1.708202634168486,
        1.7449859302222692,
        1.7413313313537255,
        1.7425482563075785,
        1.683235880429336,
        1.7088751502276236,
        1.72072048216619,
        1.7145999936080103,
        1.7055721611168366,
        1.6722542657597317,
        1.8459527294051261,
        1.8035308957788523,
        1.733250462385071,
        1.6655283356356034,
        1.6621724560220397,
        1.699802163274141,
        1.7297207557560135,
        1.7505655545016643,
        1.741659097086781,
        1.7754507042102587,
        1.7513973263044265,
        1.732505965309712,
        1.7319476727514074,
        1.7249876417189802,
        1.7133088062987516,
        1.6909406234184963,
        1.7147989913261128,
        1.6904075905830052,
        1.718827457451413,
        1.7329765193267612,
        1.8777902871398209,
        1.745478636315565,
        1.7488250081275503,
        1.755501982148861,
        1.710268219815337,
        1.693409986625868,
        1.710616444728565,
        1.728439825871992,
        1.6947736368337791,
        1.7032072254588293,
        1.7103073373961506,
        1.7239573076915695,
        1.7167426336214682,
        1.7268133360794213,
        1.6951491546715665,
        1.6714894461205712,
        1.6815314239591466,
        1.6865852769375869,
        1.7021307572883668,
        1.7143272930806093,
        1.811682152943633,
        1.7345791092147438,
        1.723962049633628,
        1.6922728585955533,
        1.7031868965856867,
        1.683014116304315,
        1.7299598339161717,
        1.6614917773459266,
        1.6737731264976639,
        1.6646866619418967,
        1.6578977070042367,
        1.6947913373184764,
        1.649433005728329,
        1.668396011744334,
        1.6117973887489472,
        1.5946291640497385,
        1.6486488823619487,
        1.6188633056372015,
        1.6388237250214288,
        1.6182820914529692,
        1.7486148251405202,
        1.7255158892226876,
        1.6737294146441892,
        1.6848303872508472,
        1.6777518600993515,
        1.6797823199498754,
        1.6822007599179662,
        1.6697175537233127,
        1.6888071486504683,
        1.6585063922513552,
        1.6349875306875574,
        1.6756199948057129,
        1.6838033105827244,
        1.6689736190858062,
        1.62409899358604,
        1.6670801049621375,
        1.6806647937151482,
        1.6514628903502155,
        1.665304468975154,
        1.6241285157360479
    ],
    "min loss": 1.5946291640497385,
    "training steps": 10000,
    "batch size": 256,
    "history size": 1000,
    "dataset": "enwik8",
    "end time": 1730479461.8347676
}