{
    "start time": 1730482210.318833,
    "use_input_gate": true,
    "use_forget_gate": true,
    "use_output_gate": false,
    "use_state_gate": false,
    "use_new_state": false,
    "use_old_state": true,
    "use_residual": false,
    "n_layers": 3,
    "state_size": 256,
    "id": "772cb27380704b5cc9329d41e475066c25f96babac40bf76db38a621a260ef8a",
    "loss": [
        4.51462541024802,
        3.6213975267442438,
        3.514567913673023,
        3.521907647486768,
        3.4870934452642834,
        3.472340426468312,
        3.424968371037076,
        3.367666289216032,
        3.3381559683223894,
        3.3752779254118277,
        3.3479767279414423,
        3.343909224086532,
        3.3105126937471296,
        3.3571462381750865,
        3.3344244888355674,
        3.3093184679787324,
        3.295797252430176,
        3.2799416247599913,
        3.253635875972937,
        3.268119274514097,
        3.2777108043837915,
        3.2567882250737825,
        3.2105422270754618,
        3.2045655287443235,
        3.2121847973858673,
        3.176758452260287,
        3.2014871085510843,
        3.173954927545152,
        3.1703879435715328,
        3.131837350304453,
        3.118719649392718,
        3.135336490557605,
        3.0773030754572,
        3.083709886880156,
        3.07996249495922,
        3.035642552250925,
        3.058722819922868,
        3.0270285186514894,
        3.025762738960891,
        3.0421271629653086,
        2.9603564035340275,
        2.9758461270989653,
        2.978558063500291,
        2.9546458627803,
        2.971571235013596,
        2.9355165581637754,
        2.9389274499862945,
        2.9175663836995636,
        2.8967759824088013,
        2.9182090107079697,
        2.9005797794201413,
        2.886799426176039,
        2.8936160668741304,
        2.84667720493837,
        2.8787771721172124,
        2.891580685740305,
        2.8954623924450975,
        2.8811766032296915,
        2.880870685439051,
        2.998850480285477,
        2.9075297917909695,
        2.8713199460492063,
        2.8616344172682275,
        2.802623810087494,
        2.8209824540798207,
        2.796889420983845,
        2.8488115924781745,
        2.824074742435178,
        2.7918472765202544,
        2.7702687617442567,
        2.8349885922940503,
        2.772772163979065,
        2.7834132059110597,
        2.7987850265625633,
        2.7458830894738724,
        2.7603129868678797,
        2.760694284329157,
        2.7431838394298214,
        2.726377604715486,
        2.875999016334544,
        2.826457269700921,
        2.8037898988655128,
        2.8569129858476754,
        2.768390432696241,
        2.7352238376026747,
        2.7681636036844477,
        2.797032126218801,
        2.778445262830756,
        2.7786606937948406,
        2.7678776202219835,
        2.8085129894634187,
        2.7741643934889697,
        2.79382181991725,
        2.7977130718290466,
        2.784141050835547,
        2.7639919846407115,
        2.771631824809754,
        2.7307495437489346,
        2.728774921543316,
        2.8966291489678935,
        2.782228330702293,
        2.779966807314879,
        2.7827685976761565,
        2.776309204416371,
        2.7581703090060214,
        2.760258498418845,
        2.724464027746362,
        2.7765941375139036,
        2.679704162431483,
        2.692644696884592,
        2.6923566726723425,
        2.725428104520771,
        2.705283816299143,
        2.748258298916784,
        2.740527517425044,
        2.7476247861864747,
        2.743512591627543,
        2.7257519960876238,
        2.7269460655736273,
        2.852448017059616,
        2.7557488760594304,
        2.77651713048356,
        2.7248468210201944,
        2.6924198974095743,
        2.740532427283462,
        2.7268478248917813,
        2.725762303478867,
        2.717994041608514,
        2.6952273185958466,
        2.682197369642419,
        2.6624484916353097,
        2.694670336577076,
        2.6826927006430017,
        2.708411435732413,
        2.691749725057658,
        2.697094749567924,
        2.689805389692769,
        2.702752049870331,
        2.6878280417003415,
        2.792442743390403,
        2.6636753066055534,
        2.6788535255980097,
        2.6763367462854792,
        2.6461302060958984,
        2.678484298589653,
        2.662128288688564,
        2.64683544921847,
        2.6506335024148973,
        2.677268109213669,
        2.6697369066753147,
        2.647501783983748,
        2.6903566185691057,
        2.701791009067171,
        2.7260510462416434,
        2.673620233704576,
        2.6800588990815966,
        2.648607669492461,
        2.662934146015932,
        2.6713669453538236,
        2.779081367522369,
        2.7016606197673805,
        2.6803135299831897,
        2.683163749301456,
        2.649561969395438,
        2.666198416607306,
        2.650806106338287,
        2.6444861699775712,
        2.6343609508503194,
        2.6567034069037483,
        2.6708404772086256,
        2.6242580556006914,
        2.603480070916621,
        2.6534287852635434,
        2.648370110977236,
        2.6687343607008085,
        2.653849332217797,
        2.6434542194475723,
        2.6594278155231557,
        2.6400649232098394,
        2.7379520716588535,
        2.6667538002351634,
        2.651274839782575,
        2.696557064840265,
        2.637357903885093,
        2.651547262085954,
        2.6566542542284037,
        2.671303406835363,
        2.643509765734354,
        2.6489575021781544,
        2.6196771408786423,
        2.615003953875358,
        2.6521157681827923,
        2.6366914725109334,
        2.61834406705369,
        2.640969571318744,
        2.6339837264772696,
        2.671721609196082,
        2.656795441450685,
        2.6281577696209486,
        2.7626439018571443,
        2.682201305003243,
        2.655914405039126,
        2.641366516519975,
        2.646684710760339,
        2.6775184231127946,
        2.6537776614966617,
        2.613902199538805,
        2.6278393350445586,
        2.6170315948782563,
        2.6374927733358726,
        2.604890262118529,
        2.61089916300345,
        2.595245155116769,
        2.608564832767923,
        2.585754037613453,
        2.5948644845245132,
        2.5758988049768905,
        2.6279785977348284,
        2.613704276731797
    ],
    "min loss": 2.5758988049768905,
    "training steps": 10000,
    "batch size": 256,
    "history size": 1000,
    "dataset": "enwik8",
    "end time": 1730482244.7183728
}