{
    "start time": 1730476051.653007,
    "use_input_gate": true,
    "use_forget_gate": true,
    "use_output_gate": false,
    "use_state_gate": false,
    "use_new_state": true,
    "use_old_state": true,
    "use_residual": false,
    "n_layers": 2,
    "state_size": 256,
    "id": "79d6c098f083fba565e3245e9f5e0ff46d871f687f70e5288bc3eb7cd4fc247e",
    "loss": [
        3.8007297858843643,
        3.479589982340416,
        3.3484701582812253,
        3.224096954760235,
        3.1091167231836963,
        3.057172170653729,
        3.0127928310423733,
        2.9226492645738604,
        2.8927671226815463,
        2.870130483736161,
        2.8528460699646483,
        2.8367879978650525,
        2.762176226280131,
        2.7397557542517337,
        2.7256612934775752,
        2.69965960618559,
        2.6674666767397777,
        2.649029527637303,
        2.636862959586979,
        2.6374525089732264,
        2.6379237288874853,
        2.5798620696750914,
        2.5304479694421085,
        2.525122173006059,
        2.5190656496704453,
        2.483299831703886,
        2.4792727448645535,
        2.480977439350429,
        2.4655758084437194,
        2.427548989825245,
        2.4158505373918273,
        2.4209724402804613,
        2.418418061236291,
        2.404819619420062,
        2.3971091701071177,
        2.3935669377901836,
        2.337257301977022,
        2.3958737675542765,
        2.331315158586365,
        2.4049182273346004,
        2.3698204333146715,
        2.317819578930888,
        2.32393533236927,
        2.3033094139672126,
        2.291250464639747,
        2.2841718260465145,
        2.2363251242440567,
        2.2254290749365735,
        2.206568681369747,
        2.242076152405998,
        2.2519682171640563,
        2.257310219720966,
        2.2209675126743162,
        2.2147271483673134,
        2.2020730333869447,
        2.2228951956080265,
        2.174204563585079,
        2.2387369557612335,
        2.219844368367284,
        2.2523259312623654,
        2.2153599729795084,
        2.255169393486789,
        2.2022278791837344,
        2.1905709993580595,
        2.2062269529107597,
        2.171799046420027,
        2.1288307363496863,
        2.176855652003177,
        2.1964521699392434,
        2.169439743951531,
        2.1998292156585,
        2.203915538723997,
        2.15192865292914,
        2.167852671969132,
        2.164588312813074,
        2.1823414057322688,
        2.2041167146163483,
        2.1167461249417285,
        2.156962957193849,
        2.226015525066365,
        2.181636565288389,
        2.0811199655203807,
        2.123154241507535,
        2.1137143239273093,
        2.1165698818456056,
        2.0730031927360435,
        2.08222292841885,
        2.0837866826382543,
        2.044390958003474,
        2.0887737179134502,
        2.086979576073908,
        2.0356161206595753,
        2.074367177644781,
        2.0588511071780533,
        2.1099946918909067,
        2.073316103129435,
        2.0426677007812657,
        2.0293938112908183,
        2.0589444311531584,
        2.153209190683813,
        2.1363218782220783,
        2.086844791995052,
        2.0478695056479594,
        2.0768639537027735,
        2.1029697951357833,
        2.0671800075134446,
        2.0367981236537025,
        2.1087918027459445,
        2.062388323666399,
        2.0791000111741584,
        2.026319484394561,
        2.0446801765432214,
        2.014580421317469,
        1.9839400730186008,
        2.0486982495596853,
        2.0609837114086638,
        2.05202281975648,
        2.0417438927750307,
        2.0386388164001916,
        2.1161299552888058,
        2.053257614839637,
        2.0577964501585826,
        2.064070536452668,
        2.0194622499899477,
        2.055658665166802,
        2.066203250067291,
        2.0639305588864323,
        2.0184877840769455,
        1.9929963523741987,
        1.9904643853609711,
        2.0025383409980293,
        1.9641269393276313,
        2.0078412040478435,
        2.0011066586418793,
        1.9867716960755226,
        1.965728685249687,
        1.9952304809049222,
        2.0160879956805324,
        1.9723747929814013,
        2.0661764626057897,
        2.0002523728962385,
        2.0140879714910795,
        2.000987319943093,
        2.0111091269615606,
        1.9960202567292749,
        1.9996549803110273,
        1.997658149186379,
        1.983647914969582,
        1.9601987624065484,
        1.9424011510006227,
        1.9597313712809097,
        1.963690203396983,
        1.991079669388192,
        1.9598569279577565,
        1.9492466920630018,
        1.9604533396997796,
        1.9348518376970931,
        1.9847812451087257,
        1.9500397045457436,
        2.049766893777279,
        2.0029090129609486,
        1.942989599358022,
        1.9572695443943966,
        1.9461305580555854,
        1.9385868197880303,
        1.9669925607823617,
        1.9673141105278886,
        1.9656763233930319,
        1.949806322180666,
        1.938203540232276,
        1.9447474896766528,
        1.9511971156650842,
        1.9514185988557828,
        1.903559196958977,
        1.9642046968225086,
        1.9787107685298484,
        1.9364142244603282,
        1.93978555122754,
        1.919602030421218,
        2.0106933225453947,
        2.0265133154401243,
        1.9901181100326675,
        1.9791888952828431,
        1.9643299573341175,
        1.9568799539880326,
        1.8995726196309226,
        1.964769388297377,
        1.9381963859418776,
        1.9410536760793178,
        1.9042472064650433,
        1.9175994067245172,
        1.891756568281891,
        1.9161921565486504,
        1.9051767723611128,
        1.883578154193882,
        1.9447104024095698,
        1.8783044424096502,
        1.9040653400208694,
        1.8977942086066641,
        1.999129180234756,
        1.9268074434360294,
        1.9229666067613798,
        1.885609351256934,
        1.9029678385999231,
        1.8843613930057668,
        1.849018067114793,
        1.9158821950389442,
        1.9089113563471958,
        1.8805427807259605,
        1.9336823781254775,
        1.88840828397287,
        1.9026812884329867,
        1.8740481556558986,
        1.8844927428380203,
        1.8587547174605887,
        1.8493115415816668,
        1.816701422850988,
        1.826421994689987,
        1.8625401062938418
    ],
    "min loss": 1.816701422850988,
    "training steps": 10000,
    "batch size": 256,
    "history size": 1000,
    "dataset": "enwik8",
    "end time": 1730476096.5039792
}