{
    "start time": 1730483128.6348455,
    "use_input_gate": false,
    "use_forget_gate": false,
    "use_output_gate": true,
    "use_state_gate": false,
    "use_new_state": true,
    "use_old_state": true,
    "use_residual": false,
    "n_layers": 1,
    "state_size": 256,
    "id": "79f26b269125c5a4ac8e41af94c51f795ebb039dc8938d8af53596f01bbb4a1a",
    "loss": [
        3.7317524350574103,
        3.3370444917026214,
        3.047642849281312,
        2.858504530479239,
        2.7812571836658435,
        2.6650712868508384,
        2.592853891680935,
        2.548040066205655,
        2.5395255123069145,
        2.507212249523687,
        2.459801339953388,
        2.466687024381481,
        2.395977734014961,
        2.3919949092502626,
        2.3699839428950056,
        2.3437274778929496,
        2.313790346458934,
        2.3084456062864698,
        2.2908465682636248,
        2.3379616792550046,
        2.227083031945906,
        2.1801934630499984,
        2.2187804079260127,
        2.2119846777518575,
        2.1686223689004525,
        2.202928962484874,
        2.132565061218939,
        2.2076361821321644,
        2.152901328889955,
        2.161515292921396,
        2.1389505022021464,
        2.157972577802033,
        2.126966535994457,
        2.131788789114875,
        2.102557976775,
        2.1122760574197015,
        2.101682612974484,
        2.0942954522191695,
        2.0893981206000936,
        2.1818300230833194,
        2.1207052411904623,
        2.0856340817049643,
        2.0676209332786013,
        2.0658663816641156,
        2.018821643276553,
        1.989560637722326,
        2.013555109740628,
        1.9935268911568689,
        1.9600289019666224,
        1.9656255921514192,
        1.980575373173588,
        1.9321442584632995,
        1.938306141119877,
        1.9797037618129343,
        1.952821097817058,
        1.9790661035068084,
        1.9678586134175027,
        1.9546746681590548,
        1.9007686747572161,
        2.068307442000039,
        1.9576389266715015,
        1.964928231110114,
        1.9112761335591733,
        1.970347202408571,
        1.9220810038710803,
        1.936086626417218,
        1.901452425264437,
        1.9399795178386543,
        1.917196878514042,
        1.8759125480197087,
        1.8979310633274027,
        1.881260640139943,
        1.9112783681449552,
        1.853592242436117,
        1.8444077155177991,
        1.8889245081352015,
        1.8517920057023232,
        1.8946701126404737,
        1.9016129032154272,
        2.0613284010137023,
        1.994494678305848,
        1.9936127605182912,
        1.9576860143238357,
        1.9053409775955652,
        1.951786597375566,
        1.9362160873877434,
        1.928464320363634,
        1.9328065059372024,
        1.9132818113887557,
        1.9275671312148552,
        1.8986056596639667,
        1.894123640371322,
        1.864373583131262,
        1.863705066962761,
        1.9018901413928468,
        1.8491575150591097,
        1.86309820033755,
        1.8909140950683463,
        1.8807585250864893,
        1.9897606343768024,
        1.98410731533044,
        1.8946738222782327,
        1.890976380719134,
        1.9066841229482587,
        1.8672581046193335,
        1.9326323304511843,
        1.8947596494746444,
        1.9389289225881576,
        1.8352926053774552,
        1.869550837089154,
        1.870488199849317,
        1.859152002122381,
        1.871466707656715,
        1.8805512890593912,
        1.8886053565945138,
        1.848937133022424,
        1.8378898833871498,
        1.8212387014636882,
        1.8774617842294188,
        1.994712915481322,
        1.920676108755618,
        1.8616809070903475,
        1.8995487034309064,
        1.8292631441957123,
        1.8481151970085175,
        1.8949994750391679,
        1.8424253709054081,
        1.8761324272174467,
        1.8259841246828181,
        1.8608350902389783,
        1.8153833091498564,
        1.833248080523197,
        1.7455393404145918,
        1.8001865946457976,
        1.807117229660035,
        1.797459250235042,
        1.7809567075972397,
        1.8099999331939007,
        1.7903806317446462,
        1.9571912827531994,
        1.9322013637084183,
        1.888468993314646,
        1.8642717407260199,
        1.8481288084327216,
        1.8281164576285895,
        1.815010676174771,
        1.849889725363665,
        1.8443165529667702,
        1.785650708523257,
        1.8396606074381707,
        1.8272043428116256,
        1.7615116143067915,
        1.8058714353392917,
        1.7534094378879383,
        1.828720686887552,
        1.7959603474614838,
        1.8227519459713422,
        1.7874357107778647,
        1.827767165619114,
        1.950036395628524,
        1.828926651208851,
        1.8341107981258085,
        1.8308111135227052,
        1.8381617912147274,
        1.8436686690353474,
        1.8173074839061207,
        1.7691566089976272,
        1.795438988794161,
        1.7639709425493446,
        1.816602228448921,
        1.7722995168311684,
        1.8115678287590826,
        1.7995007235399194,
        1.7977861310871184,
        1.7947657458006496,
        1.8009437262472592,
        1.7589132291210727,
        1.75825115743227,
        1.7699545488772368,
        1.9093085102006302,
        1.8587212186482962,
        1.8638977274059694,
        1.8492833638950386,
        1.836109881785912,
        1.8081182486203875,
        1.847833480862586,
        1.8106351075582658,
        1.790594640730177,
        1.776283091346193,
        1.792451653058646,
        1.7908362862543665,
        1.784823063050885,
        1.8143605063793045,
        1.8129190004780524,
        1.7995388223919802,
        1.816856136270179,
        1.807523750801892,
        1.8324082313162242,
        1.8324357087894585,
        1.913772604533316,
        1.852370756264755,
        1.8215543831968959,
        1.8051847898253355,
        1.855133411292449,
        1.8249977866491438,
        1.8158593951856432,
        1.836510369975071,
        1.870110010223204,
        1.8564138374817436,
        1.8267419660107491,
        1.7950244043890273,
        1.785978849106842,
        1.8240712796212069,
        1.7990321453945393,
        1.7615258808428456,
        1.8405953471079002,
        1.802919924283069,
        1.7833590593328998,
        1.8110381719615378
    ],
    "min loss": 1.7455393404145918,
    "training steps": 10000,
    "batch size": 256,
    "history size": 1000,
    "dataset": "enwik8",
    "end time": 1730483149.5827413
}