{
    "start time": 1730476140.86074,
    "use_input_gate": false,
    "use_forget_gate": true,
    "use_output_gate": false,
    "use_state_gate": false,
    "use_new_state": true,
    "use_old_state": false,
    "use_residual": false,
    "n_layers": 3,
    "state_size": 256,
    "id": "7a7fca1b371e2bad5ec2c86892aa50cd53fc1a338b2362ef0f9d394ab3567ee6",
    "loss": [
        3.599125861481377,
        3.5875376869282105,
        3.553710835833124,
        3.548232266833241,
        3.5264546036316404,
        3.519390927414808,
        3.5533370958130908,
        3.5108203401086553,
        3.48197463874611,
        3.5049276830789218,
        3.5183968129241654,
        3.5465491342737496,
        3.501446454571846,
        3.542233475085992,
        3.5084035529975335,
        3.499946358360075,
        3.5077041385410292,
        3.4970101233747215,
        3.474262058906402,
        3.5051532355599204,
        3.5445192206966123,
        3.460830782029371,
        3.2809603770804863,
        3.186782278243816,
        3.0822158547434806,
        2.982993010961202,
        2.8653494402684014,
        2.803543156076787,
        2.7977031628658358,
        2.793228322837022,
        2.7349245478146287,
        2.6677735349578278,
        2.6830171703326604,
        2.6742186829716736,
        2.6575139409970663,
        2.6502468781459445,
        2.6015463591423913,
        2.5948713512989645,
        2.5328572665226523,
        2.7030286096681437,
        2.686365660059807,
        2.588171785949195,
        2.542157422818539,
        2.5320211945444915,
        2.504437366915118,
        2.496377431409859,
        2.4660200093277904,
        2.465602988808859,
        2.3577279167258145,
        2.4222365098476715,
        2.4389615616634948,
        2.420511007665107,
        2.4638311305116605,
        2.4352628245566375,
        2.3692894748233884,
        2.355007713735565,
        2.3931136306768686,
        2.3874176383620584,
        2.405187291868902,
        2.478149434702837,
        2.4468534434170244,
        2.388895451202228,
        2.3644403351985814,
        2.3462780721239755,
        2.352638742681836,
        2.3423528712976305,
        2.288548095866919,
        2.34171997198882,
        2.308125441256728,
        2.328989374590245,
        2.250013685527239,
        2.3394952813094876,
        2.3170224804571724,
        2.3078879346769714,
        2.302815333647466,
        2.2874249436432397,
        2.279624362775023,
        2.28646690183898,
        2.2737798420031785,
        2.414042788883682,
        2.3407074201951588,
        2.2676252647350235,
        2.3352305125525654,
        2.2613091024432297,
        2.2893230622745446,
        2.225053379445038,
        2.2698416075326944,
        2.282067068153748,
        2.2258081645933374,
        2.2333822420319627,
        2.1939818160683573,
        2.2049512563001996,
        2.2038051906116545,
        2.1978642560402073,
        2.198883720654545,
        2.1922076625918034,
        2.195551062531674,
        2.2002148931090195,
        2.2153303152459,
        2.335552257026856,
        2.2664566070119263,
        2.25165331325373,
        2.2581014874967207,
        2.2424580444678375,
        2.2358167863180216,
        2.223642870074167,
        2.2261480162764076,
        2.2335245128300145,
        2.2256330078413584,
        2.2155145566613483,
        2.20625574394117,
        2.1673974387160486,
        2.1599676462133517,
        2.1149144257265124,
        2.151873219817901,
        2.1576732319478666,
        2.1678937143465333,
        2.145488863309262,
        2.149776783787167,
        2.290728175744374,
        2.199798918075009,
        2.189524732947888,
        2.1842338192552355,
        2.1735895566423573,
        2.1701245193568384,
        2.18720415583411,
        2.168232271317102,
        2.1725884953211616,
        2.167725419033818,
        2.139774622966831,
        2.148672312503408,
        2.172287232921663,
        2.150990856527314,
        2.1726371585057143,
        2.2146889342362406,
        2.1638851594068966,
        2.194959549460509,
        2.1449140109607208,
        2.1571881727020057,
        2.255953675754636,
        2.1807686523083425,
        2.1278907822048914,
        2.1593018191891207,
        2.1108429682017835,
        2.0835224822046476,
        2.075736847814346,
        2.063386595089175,
        2.0828703676803704,
        2.0587843744643144,
        2.031090329735899,
        2.06473850863555,
        2.076449390837148,
        2.036676587103684,
        2.105912752149006,
        2.1097353468509086,
        2.08632723310439,
        2.0507676459049007,
        2.095292982875712,
        2.0814563823369916,
        2.168953899706398,
        2.109769638158892,
        2.101825533857631,
        2.0309728237762803,
        2.1407764497357418,
        2.0979909347955368,
        2.116563577164769,
        2.051267333453616,
        2.0361050211500133,
        2.126235159410929,
        2.1202233652195273,
        2.0896586643486845,
        2.056339587453482,
        2.026347092068686,
        2.0654558240997583,
        2.040474251326895,
        2.0369176160791462,
        2.0204294685078104,
        1.994288144367974,
        2.0367295330535873,
        2.1574136881047234,
        2.0572415213871587,
        2.0337818312679294,
        1.9948142014537396,
        2.057548644365109,
        2.016702914401264,
        2.0747837334898867,
        2.0955802140511928,
        2.0353699514016697,
        2.0209580452580247,
        2.0151740208031694,
        2.02433398997253,
        2.046624603413788,
        2.0120002450203556,
        2.0420388961411384,
        2.0608897762897205,
        2.0279043038669458,
        2.0451338704063007,
        2.0614367039544255,
        2.0212683503289086,
        2.1622941622726493,
        2.1240189090098065,
        2.044788186674805,
        2.018563623586222,
        2.0313108802157878,
        2.006098449937233,
        1.9922675946105932,
        1.9713903439933467,
        1.9800421262241779,
        2.011343389615967,
        2.016991866969827,
        2.033457112297283,
        2.0275585855358425,
        2.053735837323731,
        2.012228224133032,
        1.9919467609723511,
        2.004117939914479,
        2.043595468410203,
        2.017956063434383,
        2.052303221551287
    ],
    "min loss": 1.9713903439933467,
    "training steps": 10000,
    "batch size": 256,
    "history size": 1000,
    "dataset": "enwik8",
    "end time": 1730476181.8419142
}