{
    "start time": 1730483089.8267167,
    "use_input_gate": true,
    "use_forget_gate": false,
    "use_output_gate": true,
    "use_state_gate": false,
    "use_new_state": false,
    "use_old_state": true,
    "use_residual": true,
    "n_layers": 1,
    "state_size": 32,
    "id": "7a8e0e983358d7905f5c8f8df632cbae78efa4959088280016246f0d9da5fe2c",
    "loss": [
        5.052402090345655,
        3.7179408799053864,
        3.4640055249368342,
        3.4115108013787725,
        3.3973698398700454,
        3.339623675897046,
        3.2731034306336984,
        3.208843932433187,
        3.178463229516545,
        3.05701152968297,
        3.0105591700491674,
        3.0071439260235557,
        3.044356223077779,
        2.9259106299578135,
        2.8821195604108025,
        2.910850466841512,
        2.859459556281663,
        2.8209970678686456,
        2.819386675638108,
        2.8414642200615563,
        2.8037410875951543,
        2.7684801199000852,
        2.776995836187664,
        2.7729127196912433,
        2.777593092656048,
        2.8039306078337534,
        2.7313447988917865,
        2.702298557938619,
        2.7389477181646766,
        2.7260844314001536,
        2.7110911418832417,
        2.6954465794034155,
        2.7211726966302043,
        2.683176255493912,
        2.6874763450063806,
        2.686655585440741,
        2.710972387185184,
        2.6777319658277596,
        2.6900910676338485,
        2.6651506815025696,
        2.7004079982212357,
        2.6967743325732996,
        2.7281260342430027,
        2.6987752382941994,
        2.702458863563633,
        2.7139302808777126,
        2.695627423106885,
        2.670228601780384,
        2.718388942935499,
        2.687993217816713,
        2.71199075820491,
        2.660718239840414,
        2.6810468937982335,
        2.6790355281247544,
        2.6451127604192117,
        2.625314674909823,
        2.618843714038448,
        2.6023436747430764,
        2.6119583839688727,
        2.612346997290521,
        2.60773278847813,
        2.584616856346696,
        2.6096945571001795,
        2.567366485269375,
        2.576463310082305,
        2.594477841328966,
        2.608711853447031,
        2.583904934379269,
        2.562167720809815,
        2.577335001965763,
        2.563176987597436,
        2.587520733244741,
        2.5859577157082785,
        2.574261678241934,
        2.560463209865745,
        2.555391989316919,
        2.546028398953968,
        2.5798998537413604,
        2.5777326136406717,
        2.572526325191421,
        2.56031438766538,
        2.5754899468503143,
        2.5667220511530053,
        2.5581458403850883,
        2.5754036423245736,
        2.578519992945355,
        2.515487889546311,
        2.546774444593873,
        2.5390649617821097,
        2.5629037198772844,
        2.5352418871816074,
        2.5351985736596703,
        2.5308905636649137,
        2.5064324726798493,
        2.5265314544531345,
        2.5446858693580063,
        2.5588933428844878,
        2.547019167107255,
        2.550891727864381,
        2.5484801212137267,
        2.5379518085987667,
        2.528759107839272,
        2.5474402181914346,
        2.5485027179636672,
        2.4778629800453844,
        2.4985203344516185,
        2.4761348518106416,
        2.5093850041625076,
        2.474351965649424,
        2.442747161069152,
        2.4560290639089346,
        2.4666319551217666,
        2.4541658945716676,
        2.5287070219045718,
        2.5003206968269778,
        2.493575596596634,
        2.441879158037285,
        2.4583354156331465,
        2.4780424427192376,
        2.526989471529283,
        2.5046609017335775,
        2.5118408353979613,
        2.4991205126617935,
        2.487167948236041,
        2.5084689114059042,
        2.4891755131060385,
        2.4663475079524915,
        2.4302614443417703,
        2.4577121617919504,
        2.4772079620899787,
        2.492184872853732,
        2.459442004435958,
        2.480201816639089,
        2.493279131690809,
        2.4927545597759404,
        2.458722430067194,
        2.4424292474425764,
        2.4557346287370803,
        2.4440930309864823,
        2.4829762553637353,
        2.4737177198199025,
        2.46244046088084,
        2.4479303746565426,
        2.4858714992207993,
        2.469717942473245,
        2.4562551575777327,
        2.484423309006591,
        2.517587889094043,
        2.4676985690588715,
        2.472229569415065,
        2.469209721035716,
        2.4691679957102575,
        2.4716893091634526,
        2.4684904435208184,
        2.4573556301453183,
        2.4265499626709364,
        2.4691339051093544,
        2.4495775686335475,
        2.4480381480578797,
        2.455883578148443,
        2.426826722672771,
        2.437452021233753,
        2.4560233347750713,
        2.4237780501504314,
        2.425152411655771,
        2.4612694864220037,
        2.4664534387191255,
        2.4394482165782487,
        2.465868791941862,
        2.4515587502738145,
        2.4505932589070842,
        2.460496561858776,
        2.4614790006042977,
        2.448246460130598,
        2.474163425364866,
        2.4559673231322563,
        2.4174053746145274,
        2.4087840027505476,
        2.415046988543313,
        2.474524190045547,
        2.415542827706883,
        2.455909541360311,
        2.453415414422129,
        2.467833915357951,
        2.377322593631792,
        2.4311136538962237,
        2.4485583170867837,
        2.403575358241514,
        2.3916117053936823,
        2.3966297187818144,
        2.3901718174270794,
        2.4001186234684235,
        2.407020650119515,
        2.431223795622463,
        2.4355381893716563,
        2.4028005050212884,
        2.4154081824011726,
        2.402413347059454,
        2.3621267654941525,
        2.453006894290135,
        2.4358576761043524,
        2.4269895630941836,
        2.4554589139678282,
        2.450363654283422,
        2.4352449410224253,
        2.4279181462050667,
        2.4298138914515883,
        2.384499607710059,
        2.434119616470412,
        2.423194787233913,
        2.445238766199419,
        2.441363599536581,
        2.370787576661997,
        2.4307608061797326,
        2.405441621726114,
        2.4073609698133502,
        2.4059532260442356,
        2.4137908869716256,
        2.409236231054716
    ],
    "min loss": 2.3621267654941525,
    "training steps": 10000,
    "batch size": 256,
    "history size": 1000,
    "dataset": "enwik8",
    "end time": 1730483113.1199129
}