{
    "start time": 1730475738.5369754,
    "use_input_gate": false,
    "use_forget_gate": true,
    "use_output_gate": true,
    "use_state_gate": true,
    "use_new_state": true,
    "use_old_state": true,
    "use_residual": true,
    "n_layers": 1,
    "state_size": 32,
    "id": "7b42debc49df56abf748ce333524090c4a263b4be30a574108b7e0a224d321c7",
    "loss": [
        4.560030692171961,
        3.6293290651591867,
        3.4613238314030528,
        3.4067088990341676,
        3.3320626937913476,
        3.2472854574785863,
        3.1006114045186424,
        3.0412182760794355,
        2.994617091587297,
        2.91151516204019,
        2.8979911280984667,
        2.854042668984486,
        2.8147360242769723,
        2.8054537369653114,
        2.7928790316753234,
        2.786833322734734,
        2.800800746005651,
        2.747064498324251,
        2.7222370275032657,
        2.750946373107411,
        2.737473421524896,
        2.7101971011780974,
        2.7271434082557655,
        2.6927660632919936,
        2.6416668795173712,
        2.6566229439656173,
        2.657732731274214,
        2.6345757109612618,
        2.6421501875252096,
        2.575350316371602,
        2.57782607824935,
        2.564244434706688,
        2.570829571999109,
        2.5432895954739076,
        2.5572665403974653,
        2.5253486214844725,
        2.532078903116021,
        2.516725250390423,
        2.5476634326067376,
        2.5708707306918184,
        2.5046320404305775,
        2.499547122948892,
        2.5005577713228733,
        2.468528052931007,
        2.457582614592255,
        2.45488366795479,
        2.4838751812563236,
        2.468110429261714,
        2.494986427745489,
        2.462581568955391,
        2.4472054039942415,
        2.4573520230186086,
        2.4327767234350914,
        2.414490051265015,
        2.43161564420747,
        2.477552569940901,
        2.4412120826509933,
        2.4417476555610502,
        2.433446471466328,
        2.4785776335003264,
        2.4381094828427052,
        2.4166248859178485,
        2.444376594678097,
        2.4364286782110445,
        2.4111794844817562,
        2.414647813648928,
        2.4024542703379366,
        2.4188219175818864,
        2.430304356907909,
        2.4016271030873746,
        2.4115981247684037,
        2.428988019146027,
        2.3948159199840156,
        2.4365687402571474,
        2.3871865566084423,
        2.386727385622826,
        2.3721458282190495,
        2.3728957238741986,
        2.3724615946692693,
        2.371086364661934,
        2.37382885094915,
        2.3352003934630834,
        2.353812527088509,
        2.34983092938995,
        2.3393291227534783,
        2.3860667940762887,
        2.3385375652030813,
        2.3529443819879963,
        2.3518447183891196,
        2.3502768841785286,
        2.3141484737066564,
        2.29080900454069,
        2.3308482643019794,
        2.322206312588833,
        2.3443890152845874,
        2.3334982548638994,
        2.339734593296633,
        2.3504109726071776,
        2.3381317372656625,
        2.3808528615447537,
        2.311633146633094,
        2.283766910093098,
        2.2588686881502538,
        2.2958286420670087,
        2.2901662603520196,
        2.3097688710179134,
        2.3147949935331398,
        2.2810892405494836,
        2.303220748760351,
        2.275454744976019,
        2.3015928371605145,
        2.316989346911077,
        2.276397929162889,
        2.3130090685370512,
        2.311819018945881,
        2.229044072882327,
        2.2851196488219543,
        2.25941240354637,
        2.2734262389217035,
        2.3675684342706265,
        2.308397327183468,
        2.2623104282791693,
        2.2807887720919915,
        2.3026964564649273,
        2.301951520702607,
        2.3084170901300975,
        2.3158168310127247,
        2.294203024564426,
        2.302202835010668,
        2.3096394402571105,
        2.2716995825481234,
        2.2798530869465363,
        2.238003867683889,
        2.288014869097177,
        2.263323124227522,
        2.2649412269331615,
        2.2516163092365438,
        2.235138347520221,
        2.266731706045765,
        2.2780482324854257,
        2.3458011023691867,
        2.303963301886178,
        2.27436707225913,
        2.2703188191967283,
        2.323663009654649,
        2.28061238211425,
        2.274330005831432,
        2.2673106215133676,
        2.2815152722193472,
        2.268281449908039,
        2.2511019365814677,
        2.25988128077704,
        2.2788079232846203,
        2.266110218299091,
        2.2518621449489347,
        2.298323295453134,
        2.235348200720066,
        2.2470583733898906,
        2.25106037585448,
        2.3253931691622234,
        2.275390863375894,
        2.244571610566358,
        2.2651560347255493,
        2.247284072949719,
        2.272894040042874,
        2.2589698479867333,
        2.2046106243807975,
        2.231546657638027,
        2.262954017343173,
        2.2535139131075175,
        2.2327059981179445,
        2.2478991245201465,
        2.2724232520900145,
        2.2570888305549373,
        2.2633895012645135,
        2.249670304599158,
        2.2525535335421716,
        2.221014766199263,
        2.237200820510778,
        2.294605428861976,
        2.264528865630734,
        2.283516567758914,
        2.253425218316903,
        2.255543097062851,
        2.2325983018874602,
        2.237020903357595,
        2.2590101962851454,
        2.2442500609371967,
        2.277527886334182,
        2.2352086817526553,
        2.2164802264480055,
        2.2557998404041193,
        2.2647985899503,
        2.2118131456026235,
        2.252206832839738,
        2.276321648078038,
        2.2253030416853345,
        2.2142625288477853,
        2.2419090940032818,
        2.3250014083966413,
        2.247153206055586,
        2.2506810396996992,
        2.2014968723068615,
        2.2017352610749708,
        2.1957884723611114,
        2.232144955485163,
        2.2487025074325135,
        2.1941010765556377,
        2.2061173788524906,
        2.243145693014561,
        2.2797707501394013,
        2.2496259698290215,
        2.1786642271173817,
        2.224311641539377,
        2.2023011148685767,
        2.2185972977223347,
        2.1833289832181193,
        2.2737478627734995,
        2.254667586929083
    ],
    "min loss": 2.1786642271173817,
    "training steps": 10000,
    "batch size": 256,
    "history size": 1000,
    "dataset": "enwik8",
    "end time": 1730475767.8247125
}