{
    "start time": 1730476854.4620113,
    "use_input_gate": false,
    "use_forget_gate": false,
    "use_output_gate": true,
    "use_state_gate": false,
    "use_new_state": true,
    "use_old_state": false,
    "use_residual": false,
    "n_layers": 3,
    "state_size": 256,
    "id": "7cb208e66a1cc209e1e3c9ec8514e06402b3f1e5f9595f59ee6a8dba65afe9bb",
    "loss": [
        3.5557817737225963,
        3.511172828977912,
        3.5209120716982505,
        3.489526468435797,
        3.5050679673646483,
        3.5367304512826405,
        3.500106615367068,
        3.5140244809527537,
        3.502447459663607,
        3.5183178100368546,
        3.5396823930580963,
        3.4981008298906446,
        3.4841999467966263,
        3.5025580811890333,
        3.5200907237596417,
        3.515209673874717,
        3.466799662885427,
        3.487259276840752,
        3.4572742053155223,
        3.4662553767934368,
        3.5358621955979084,
        3.540069510425897,
        3.5258232269030954,
        3.534730446202106,
        3.514162725427379,
        3.48258918937318,
        3.548752736032018,
        3.533298431646888,
        3.520840731125443,
        3.5402580301107704,
        3.554289365036899,
        3.535889673914462,
        3.5316122476742438,
        3.5601601212455294,
        3.518245475745913,
        3.5317037073796884,
        3.534283879860204,
        3.5043446418866946,
        3.4784188650386607,
        3.5202979821252263,
        3.5078684656500068,
        3.5373452186682255,
        3.5393389642769613,
        3.504013408884562,
        3.5417684859168976,
        3.5206962211897155,
        3.508085130314825,
        3.508465780912493,
        3.5285182399617367,
        3.541291479550871,
        3.527446756003565,
        3.484494215938382,
        3.5112609708165334,
        3.4837137399430995,
        3.5086190789081386,
        3.5283905543875558,
        3.4960127890020942,
        3.5163694546826316,
        3.4959611323235067,
        3.503350415934903,
        3.4659209974955787,
        3.442405775871675,
        3.473387807434307,
        3.46441531174667,
        3.4753295279927734,
        3.4927231749650316,
        3.506985443508162,
        3.4813034632046165,
        3.4383122493525784,
        3.328244924263496,
        3.2479448954998023,
        3.124596514979389,
        3.0900894251732707,
        2.96695294319491,
        2.9108741100400914,
        2.9239790978941813,
        2.8788096656814313,
        2.870787760824199,
        2.8331694453342715,
        2.9148631556688827,
        2.8888348000559647,
        2.8536193100962284,
        2.841744896084352,
        2.795124670565713,
        2.7534371165502023,
        2.739664274219196,
        2.770065680960765,
        2.7122630517242987,
        2.7314664977547967,
        2.687677968270015,
        2.6786483614497825,
        2.6450047326095123,
        2.647561610407826,
        2.646757258417793,
        2.601069299888843,
        2.627552199820119,
        2.5898593380818324,
        2.584172479302976,
        2.5733498413077394,
        2.6956313356269295,
        2.6142458425954174,
        2.5939571675789477,
        2.5542961842581517,
        2.5409084616638267,
        2.5501098770952226,
        2.5326882396025723,
        2.529550654659753,
        2.5179179637980402,
        2.5257143655966403,
        2.5107447643507133,
        2.507457128987186,
        2.5299202446848295,
        2.508794213393518,
        2.4803018426289154,
        2.4829802427306884,
        2.4624714794359424,
        2.429033515026382,
        2.456612515262903,
        2.450007111244245,
        2.6229902372162766,
        2.5326492917720813,
        2.504798185789214,
        2.513274282420866,
        2.477821159568024,
        2.4476263326847865,
        2.442924276349924,
        2.4563631520448843,
        2.434388338320923,
        2.456822987147616,
        2.427549642269338,
        2.4152999745584567,
        2.4265687620385465,
        2.459052195859777,
        2.4341818867973406,
        2.4118227881155017,
        2.4017240156747857,
        2.372108702439344,
        2.390175918111713,
        2.377203912316368,
        2.4805814689529355,
        2.426763774455543,
        2.4159458548504804,
        2.367666283341639,
        2.373797034748553,
        2.394543521719235,
        2.3654798486005686,
        2.408127362289802,
        2.367400691131511,
        2.325868689353793,
        2.376421867040345,
        2.3082581530436905,
        2.344216236869149,
        2.323438394298079,
        2.3170233968512384,
        2.3524030996772516,
        2.339225787429834,
        2.3499699687496416,
        2.3315046634333703,
        2.329476232844807,
        2.483388314965057,
        2.3326883534872414,
        2.294795389326381,
        2.3007297991171556,
        2.2589422666229284,
        2.3099898390729443,
        2.2867149932779594,
        2.3040879415116424,
        2.3213731163004887,
        2.281990345505255,
        2.289564852081348,
        2.2765535258611194,
        2.295828572483697,
        2.2827689947391994,
        2.2728520064802478,
        2.301790730131507,
        2.2939166919662517,
        2.274649003614936,
        2.265379031119722,
        2.252040754123898,
        2.408134242146515,
        2.305677181234696,
        2.291897649649147,
        2.2249113304654995,
        2.2525393748989693,
        2.2636288735536563,
        2.21322649639244,
        2.1957822672280085,
        2.2158461238238116,
        2.1936319535332887,
        2.2225344554810462,
        2.2502089251240913,
        2.236527343745539,
        2.2274804575515885,
        2.19262982830263,
        2.261290230223277,
        2.2738976612715143,
        2.2398516307884786,
        2.2530757847567444,
        2.2495361421647893,
        2.3559635862796124,
        2.3274865953013397,
        2.2636571632107443,
        2.1875679836670656,
        2.2185571454029827,
        2.19972115823795,
        2.208867498156189,
        2.173244100170781,
        2.259475912960811,
        2.226207040178299,
        2.173129848073834,
        2.161980158185459,
        2.2087651994581496,
        2.2690915869399717,
        2.208906432700665,
        2.275850636532853,
        2.2158162467883984,
        2.2316824197401495,
        2.2197486247952276,
        2.201241663644671
    ],
    "min loss": 2.161980158185459,
    "training steps": 10000,
    "batch size": 256,
    "history size": 1000,
    "dataset": "enwik8",
    "end time": 1730476891.5243127
}