{
    "start time": 1730477168.8984323,
    "use_input_gate": true,
    "use_forget_gate": true,
    "use_output_gate": false,
    "use_state_gate": true,
    "use_new_state": false,
    "use_old_state": true,
    "use_residual": false,
    "n_layers": 3,
    "state_size": 256,
    "id": "7cc03bbda5a703c9b04eec927d9f6f05435f9aa78ce01a2cf47eec09ee75cf12",
    "loss": [
        4.626553177679591,
        3.65549566636896,
        3.5658160228434075,
        3.5460191568712953,
        3.491505861495015,
        3.4857602762848443,
        3.4510003202341486,
        3.47734752720723,
        3.4397650993602684,
        3.3974278123902897,
        3.419212431821109,
        3.4438360208620726,
        3.4116253070867444,
        3.395130017415432,
        3.417349824484735,
        3.4023622342100146,
        3.356776517000513,
        3.334882995444729,
        3.34069533243439,
        3.3633888331934365,
        3.321169102034237,
        3.2912985583038745,
        3.306147534698287,
        3.2625899580451136,
        3.256228421799983,
        3.251985531508317,
        3.2733084774879377,
        3.21084163904432,
        3.2043206358304936,
        3.2315645118144176,
        3.1888652779017415,
        3.1873584967820556,
        3.1809374793248613,
        3.1256823581881394,
        3.1541527377353327,
        3.1276565626049178,
        3.1350907538525608,
        3.10920671283288,
        3.104196056577464,
        3.1944794490642674,
        3.132777029239617,
        3.0904924578110027,
        3.090567293366408,
        3.0990485717796488,
        3.065742478573157,
        3.0011399892622586,
        3.039932364760255,
        3.0084117494467457,
        2.9769259568687594,
        2.9939897577594903,
        3.021082722967988,
        3.0080899953693803,
        2.9678908228644776,
        2.9320971623862437,
        2.9682354811906215,
        2.9782946629939033,
        2.9792029763734353,
        2.9522085267277443,
        2.959591740347002,
        3.0492617714441344,
        2.952086222119846,
        2.960508525984322,
        2.924925061635131,
        2.9218154392167586,
        2.9471992788496437,
        2.957998806693814,
        2.967781011835325,
        2.9366406917432246,
        2.915102603648958,
        2.8914662745924624,
        2.907729724673256,
        2.9013682367150704,
        2.8781077674381,
        2.9060892395262243,
        2.934367162425533,
        2.9321873804937995,
        2.9204238567963947,
        2.9409384700860493,
        2.8935524301121434,
        3.040947204395809,
        2.8764942991800324,
        2.9209939147383146,
        2.89221108840974,
        2.855041089757035,
        2.8718057753174735,
        2.8803130798605574,
        2.845634027425207,
        2.885095001836028,
        2.855170234192504,
        2.861340951319476,
        2.872217405779103,
        2.844950776270872,
        2.8479993506415795,
        2.834532429431027,
        2.8385469036102724,
        2.8427230055072776,
        2.866365710703231,
        2.845730890225863,
        2.8779644323369262,
        2.973115163438813,
        2.830151007462352,
        2.8391645810925805,
        2.797027809505326,
        2.8255019101091574,
        2.8330857566092926,
        2.8065300175517995,
        2.7910876476114703,
        2.772974908200026,
        2.7803549699963437,
        2.7887404420014694,
        2.7803300290036397,
        2.798646560561289,
        2.811475598242403,
        2.852029971749656,
        2.7796820015158876,
        2.779512727482434,
        2.7884224221000298,
        2.7792451195869465,
        2.7717893257319166,
        2.9052471407156575,
        2.77499375044428,
        2.764951778449678,
        2.7720014920543856,
        2.7918203226571188,
        2.768960520522039,
        2.739106999737266,
        2.7934573258493023,
        2.7844666233498923,
        2.80410982584679,
        2.7906768981812062,
        2.810497037259152,
        2.7835756042254785,
        2.7979572206704537,
        2.7716183857373986,
        2.765937391364904,
        2.8036709449123256,
        2.7385643469807848,
        2.73864831320288,
        2.7777874271123433,
        2.912273959265933,
        2.7839672711208028,
        2.743242497394176,
        2.7923560215381023,
        2.7750014264881586,
        2.7716993631533184,
        2.743089763789986,
        2.730354359764195,
        2.735168405846421,
        2.7455761545178072,
        2.73004815115416,
        2.7278031380880114,
        2.7523108941326857,
        2.7362778729023183,
        2.74704349452273,
        2.748508627372178,
        2.75178653288244,
        2.75753451436882,
        2.7272612527025744,
        2.780064276643627,
        2.887794636750199,
        2.7391148378402126,
        2.720496731587193,
        2.7424119893640726,
        2.726852223644353,
        2.7576175953344646,
        2.7496664942863194,
        2.7197734071961674,
        2.7306469293441435,
        2.7418335895268733,
        2.69840372192199,
        2.7374759305090746,
        2.737149492641994,
        2.7441299295965353,
        2.729922473231095,
        2.7024867899771556,
        2.7200355072485825,
        2.7032473772244954,
        2.704861833311489,
        2.7280962250087026,
        2.8593028906986153,
        2.754254548419355,
        2.7397093259852716,
        2.7490250034269366,
        2.696752589853487,
        2.711801294304091,
        2.6904132136771017,
        2.7638226252837605,
        2.769280621067507,
        2.7533959297900514,
        2.757983408999666,
        2.725750582762206,
        2.740870856660143,
        2.7384400641404567,
        2.713942117260972,
        2.667109186116349,
        2.728867858464619,
        2.7433882361421973,
        2.6961500052382448,
        2.735590084771337,
        2.811316449990309,
        2.7529133317423016,
        2.7238026199953014,
        2.7131938267818767,
        2.702810074954841,
        2.676346562862634,
        2.7230308397053617,
        2.739811406817283,
        2.732674246774818,
        2.7037139627314746,
        2.660358731303421,
        2.6798934785480117,
        2.706024986838307,
        2.6838169384402404,
        2.701618990595468,
        2.692178677582378,
        2.698733569783686,
        2.7300135062587776,
        2.709030531053933,
        2.7140381518962595
    ],
    "min loss": 2.660358731303421,
    "training steps": 10000,
    "batch size": 256,
    "history size": 1000,
    "dataset": "enwik8",
    "end time": 1730477204.2925825
}