{
    "start time": 1730483546.7874947,
    "use_input_gate": false,
    "use_forget_gate": false,
    "use_output_gate": true,
    "use_state_gate": true,
    "use_new_state": true,
    "use_old_state": true,
    "use_residual": true,
    "n_layers": 2,
    "state_size": 32,
    "id": "7d6d407dc4efea002ef875fd5bddf096a9fafd9cdaf5cc8d69e8e92c3e7805ee",
    "loss": [
        4.152112517068101,
        3.5624119380628567,
        3.4956400070834115,
        3.419613719271722,
        3.31581055435529,
        3.215881757549103,
        3.0891594398782547,
        3.083462955543207,
        2.993453963500858,
        2.9657874903404173,
        2.920517379168859,
        2.8732531713914127,
        2.8514400799341453,
        2.8476938809165704,
        2.765742531398676,
        2.7617296914419285,
        2.746731686330178,
        2.733873258229834,
        2.696648353781173,
        2.7487976192252543,
        2.7053107257763336,
        2.6330612662229167,
        2.6325776441713806,
        2.611429434292491,
        2.610732795701124,
        2.5605059063012012,
        2.6097161758302776,
        2.6110465495115647,
        2.6018386917814302,
        2.5698916042792055,
        2.548103857885018,
        2.5652413172247015,
        2.5653975877487643,
        2.577487958704399,
        2.5662693983820275,
        2.513475925642929,
        2.5013652502198016,
        2.48387606170029,
        2.51270354522158,
        2.5342920817674166,
        2.509642081992236,
        2.4732079368861166,
        2.4986333819959294,
        2.456987365778108,
        2.4756505492411875,
        2.4428885272451417,
        2.5162885991576864,
        2.4529596731464873,
        2.4664871845884093,
        2.437428857438098,
        2.439081148460558,
        2.391669518211832,
        2.4284141666164265,
        2.4240478088684894,
        2.401506248187532,
        2.4591977210060154,
        2.435840937916825,
        2.4265198783855944,
        2.422800149993508,
        2.4760978852775883,
        2.416234207938347,
        2.435393328223132,
        2.379177967309301,
        2.4450276020134867,
        2.402710509558348,
        2.3796645983540357,
        2.4224073924795304,
        2.3843944692527064,
        2.38507441303132,
        2.4192440911857642,
        2.361861093537681,
        2.398400909098536,
        2.3580646768803017,
        2.3504670509145433,
        2.3691461195336245,
        2.3666883177091322,
        2.3697909335820904,
        2.339058112898561,
        2.351021582757534,
        2.443360288268446,
        2.3985324772276995,
        2.372203329006165,
        2.3647378598626747,
        2.3451130235842577,
        2.337188758039993,
        2.3467112581486953,
        2.3432114716940218,
        2.3474003497180185,
        2.3390871688218597,
        2.2966361788761236,
        2.3167823011698143,
        2.3268409395624077,
        2.345169591469835,
        2.2939746953025666,
        2.2837853224035185,
        2.320855965708848,
        2.3138577567932392,
        2.325048006844795,
        2.2772466821887454,
        2.3676837738426895,
        2.3076686831165776,
        2.3058650241439693,
        2.3284391237722675,
        2.3344990006516246,
        2.3229724079363776,
        2.275016480673345,
        2.2837364442548207,
        2.2732825825739162,
        2.317594059195602,
        2.292306709879472,
        2.341741140096335,
        2.312756906168662,
        2.257409095046339,
        2.2831200741345246,
        2.2087522205970815,
        2.262670989353304,
        2.2504713297579886,
        2.2537899271554203,
        2.243995926188612,
        2.3010731186944655,
        2.244856375637534,
        2.263339598195237,
        2.2521688647427442,
        2.2681326135162445,
        2.2467159319082666,
        2.24581279782939,
        2.244115612116789,
        2.2548928962363273,
        2.242908014727865,
        2.2462744590042654,
        2.2504515262799947,
        2.2518376274716645,
        2.2733300543587935,
        2.20394189312078,
        2.234296972346821,
        2.2108984112563745,
        2.2322979735616473,
        2.237579231964573,
        2.2326077140073237,
        2.287913182959121,
        2.253193403785364,
        2.2593338833580847,
        2.231099116948961,
        2.2511618392773087,
        2.23374097175584,
        2.228508988545441,
        2.200840205294168,
        2.2126092066720267,
        2.243342730404729,
        2.18366399964239,
        2.2311223165726215,
        2.2385459250424447,
        2.1954794037238563,
        2.2304888097533015,
        2.2100692762169136,
        2.2211009053077806,
        2.2435400704956856,
        2.2702245189815335,
        2.2193405643611945,
        2.315953290038084,
        2.274889894586952,
        2.2602425114498996,
        2.2340285405739966,
        2.265035198321658,
        2.239642767866969,
        2.25417357536985,
        2.224061684317281,
        2.2159972622101622,
        2.221840726658854,
        2.240875040242577,
        2.200843017440178,
        2.2208341299456786,
        2.278768674043288,
        2.1922671747156,
        2.2377162222982663,
        2.198177513900223,
        2.2230736387703547,
        2.2590515311015147,
        2.221013100985545,
        2.2966738100052537,
        2.2123962972199775,
        2.2275600436103167,
        2.2124845977972987,
        2.2078079148221814,
        2.269423623879762,
        2.2477455381754132,
        2.235525984747058,
        2.2105874025608667,
        2.2463399324808155,
        2.2042730432091138,
        2.2395603528362544,
        2.1754384106445483,
        2.205403972048906,
        2.2084837683386023,
        2.195802278892429,
        2.163232177045275,
        2.2295927519176932,
        2.175000988418938,
        2.2067182677029336,
        2.2472548953531724,
        2.20368342497208,
        2.202357672492132,
        2.165730581714789,
        2.1828338496853124,
        2.191113136198313,
        2.1676071479191275,
        2.138434540287793,
        2.1448207371816155,
        2.18765519012743,
        2.13810461266569,
        2.1434689479846414,
        2.1833244778210243,
        2.2158873289528955,
        2.208787175467948,
        2.2037239023447786,
        2.176490677355606,
        2.1793984588451,
        2.222810116645597,
        2.187908750881969
    ],
    "min loss": 2.13810461266569,
    "training steps": 10000,
    "batch size": 256,
    "history size": 1000,
    "dataset": "enwik8",
    "end time": 1730483589.492807
}