{
    "start time": 1730483208.3619866,
    "use_input_gate": false,
    "use_forget_gate": true,
    "use_output_gate": true,
    "use_state_gate": false,
    "use_new_state": true,
    "use_old_state": true,
    "use_residual": true,
    "n_layers": 1,
    "state_size": 256,
    "id": "7ddbc59fa855bbf641d56e4b7b1c536780880d50790468aa21272a71f88a9d2d",
    "loss": [
        3.773862790740534,
        3.2837400853058223,
        3.0246953321084438,
        2.8916536527155197,
        2.7899203906245313,
        2.6788357452134157,
        2.691414564333545,
        2.602855906357607,
        2.5569574040375485,
        2.48819634530501,
        2.5182506080513036,
        2.4424626486445242,
        2.428613107654973,
        2.412973677398443,
        2.3769367952803826,
        2.324351773553462,
        2.312764560625316,
        2.2593743058779663,
        2.310865720460342,
        2.3359158288042825,
        2.2900100960943885,
        2.263256030329953,
        2.2397871713619395,
        2.207790065289444,
        2.2140094829199155,
        2.214099463142402,
        2.1558294227011956,
        2.159636297861716,
        2.114146491383182,
        2.180522228957676,
        2.1037212197557937,
        2.1461970384085274,
        2.092985233016669,
        2.075501270152553,
        2.0566502251159227,
        2.10386361530591,
        2.0627318834583632,
        2.041347375612944,
        2.0281617446152302,
        2.093878770816133,
        2.0472965443850795,
        2.0491576561948914,
        2.0352326214385803,
        1.976565582120848,
        2.025421334341323,
        1.9242516805449132,
        1.9421186248803533,
        1.9885207336293447,
        1.9753923846278651,
        1.9633028938318984,
        2.0027313947542242,
        1.9154179015487531,
        1.931387230350145,
        1.98430703619663,
        1.915421235981437,
        1.9022512057428138,
        1.8883645388420798,
        1.8805001724807497,
        1.8675562816368882,
        1.9783196272121992,
        2.0033641376745623,
        1.9572424431344058,
        1.9711679001138165,
        1.952439444369765,
        1.8738591252565313,
        1.8664449510068537,
        1.9102789566631877,
        1.9127362162295312,
        1.8767923475608161,
        1.8680788628428069,
        1.8635417488490018,
        1.8490380590026407,
        1.8495848275576694,
        1.8364565489831122,
        1.8805367398903383,
        1.8819533699610589,
        1.8537354632864183,
        1.842486037897273,
        1.8266953599819582,
        1.956754256765461,
        1.8819237386866807,
        1.8725607291206936,
        1.8740759328747796,
        1.8814704220596024,
        1.8077205749439165,
        1.8231416559373614,
        1.8178774029586635,
        1.8238625450265,
        1.8470631013044647,
        1.8263668516664855,
        1.8157791894876072,
        1.8477908447382907,
        1.8049394224854924,
        1.850659219527774,
        1.7501417878191254,
        1.8310471151409686,
        1.811553601926172,
        1.7483015549438958,
        1.7934835518206107,
        1.9155234201688969,
        1.8496639559852095,
        1.820124880169477,
        1.8066955118494683,
        1.771392542469215,
        1.7786236627007663,
        1.793812862386133,
        1.792182155962899,
        1.8005875760780188,
        1.816825971189481,
        1.8286599648824418,
        1.85331016149097,
        1.8370341970059658,
        1.8083492408413215,
        1.7777431745824506,
        1.801468223362345,
        1.8334270766753944,
        1.7853355270275544,
        1.7603907245040364,
        1.7641363066101612,
        1.8908938823974695,
        1.9010179482866911,
        1.836428565050396,
        1.8320806362568065,
        1.7854766203097532,
        1.77842894489698,
        1.7814737235201321,
        1.7850676656164635,
        1.7766800084053087,
        1.831504002109162,
        1.780088508802401,
        1.765754119537417,
        1.8059282650914654,
        1.7808519453474605,
        1.821929175344608,
        1.8045310901082587,
        1.754370808319423,
        1.7828556350113478,
        1.824578481120294,
        1.794690117706905,
        1.9066251865884205,
        1.8196154013287351,
        1.7780782808502824,
        1.7797016513467399,
        1.813697947054016,
        1.7585808920565307,
        1.7714768369827638,
        1.7896777616190775,
        1.7464425037795321,
        1.7428117713452498,
        1.7773666222556592,
        1.7409624337546727,
        1.7793728338320904,
        1.7104364006203627,
        1.7656171679088948,
        1.7772282982551215,
        1.838944226654586,
        1.7410468197083584,
        1.7313689830211874,
        1.7215348901009475,
        1.8817455723541328,
        1.8597542960622844,
        1.83244639351071,
        1.8120150688407903,
        1.7895512132919356,
        1.7780099523320505,
        1.7660446173788718,
        1.7732314291149978,
        1.7367448193699366,
        1.7773247786564728,
        1.7349353682013855,
        1.7402682205074818,
        1.7583163348986315,
        1.7164892430955738,
        1.7667536539659952,
        1.7761162830142447,
        1.753561199686202,
        1.7521360248740177,
        1.7850413807511012,
        1.750226447232405,
        1.8625269863831604,
        1.8009574844105618,
        1.7521827064313007,
        1.7549186541223172,
        1.7989616233755303,
        1.7583247588589048,
        1.7366118865408957,
        1.7866210919654986,
        1.7311231650177323,
        1.726817070701361,
        1.7354451999326308,
        1.7497745695859452,
        1.721923646431428,
        1.721725791055115,
        1.7047385340871795,
        1.7335514362339628,
        1.7196307987344037,
        1.739972388620728,
        1.7463650991032758,
        1.7156804802951686,
        1.8881356588638247,
        1.8147104421204083,
        1.7566358884933952,
        1.6881900400202194,
        1.739202906274319,
        1.7252571313009915,
        1.69115992486498,
        1.663208004063264,
        1.653045408236571,
        1.6994107865992782,
        1.727371555028831,
        1.6906725611773359,
        1.6913053133045322,
        1.753641551098341,
        1.7035703174159076,
        1.6851827082731226,
        1.6724311210018183,
        1.6930674532380543,
        1.7038171361963654,
        1.695012421695637
    ],
    "min loss": 1.653045408236571,
    "training steps": 10000,
    "batch size": 256,
    "history size": 1000,
    "dataset": "enwik8",
    "end time": 1730483234.1905258
}