{
    "start time": 1730482193.0057247,
    "use_input_gate": true,
    "use_forget_gate": true,
    "use_output_gate": false,
    "use_state_gate": false,
    "use_new_state": false,
    "use_old_state": true,
    "use_residual": true,
    "n_layers": 1,
    "state_size": 32,
    "id": "8040520307360bc351a2f45e5893e6e3fed6d5fd05598c0cf497a0253e3507c6",
    "loss": [
        5.107546741436602,
        3.963391174505417,
        3.5332160296509256,
        3.421510957084614,
        3.410518333468325,
        3.4228717900320746,
        3.362674506605309,
        3.352664158323911,
        3.3076784766120717,
        3.2526122467852794,
        3.1829278099129477,
        3.1263547940454215,
        3.0793558075170697,
        3.059855193936947,
        3.038358180287872,
        3.0154376592896543,
        2.955064729316676,
        2.9270758158021333,
        2.8953056556174412,
        2.8968741746306867,
        2.906984773563288,
        2.913491521882937,
        2.92452137292608,
        2.846283192364373,
        2.8568864102771454,
        2.8555284597230712,
        2.8316560338637937,
        2.8503748281249783,
        2.8233404805410207,
        2.7979625207714163,
        2.794321511499474,
        2.804187910010285,
        2.797185686109578,
        2.7908648829051312,
        2.7832616392384373,
        2.7720784217325534,
        2.7866389215403564,
        2.7437540650414074,
        2.7591968842053283,
        2.7773226113299114,
        2.7550625884807283,
        2.773024451397787,
        2.7638171365192425,
        2.7565996929288388,
        2.7460359382896677,
        2.7281420278198523,
        2.7288696811489186,
        2.7652725076839535,
        2.7132698742050456,
        2.729138144585107,
        2.742922951821017,
        2.7082321105863576,
        2.7281726720141255,
        2.7275707932694853,
        2.7011925613922987,
        2.7014399810973333,
        2.676954946015323,
        2.663386538396906,
        2.697643382536711,
        2.7036315845577987,
        2.73643768750571,
        2.7268634168304544,
        2.709889969257236,
        2.7193210221345856,
        2.719603486538554,
        2.7543861435541093,
        2.70008199860881,
        2.739651571213583,
        2.7278584918192776,
        2.7067069821380745,
        2.7209054740540117,
        2.6770503706258286,
        2.7212949491743443,
        2.7181430972297,
        2.6951601548581166,
        2.6803852681044553,
        2.674074936745868,
        2.7010233063173077,
        2.6677993779762543,
        2.6859537674192815,
        2.688890946021162,
        2.6976225055259087,
        2.6883088790020273,
        2.684298909283446,
        2.641193695551757,
        2.6649542002918105,
        2.641102227802982,
        2.6624013577392267,
        2.6460718442049873,
        2.6307290306804734,
        2.6344891937116954,
        2.65148362224857,
        2.62924616777465,
        2.6507813218355483,
        2.622682009369359,
        2.6402106109310877,
        2.6362719110634454,
        2.6449434812474935,
        2.6388816377854294,
        2.645485442670161,
        2.651491263341761,
        2.6127497715729735,
        2.5900192965012785,
        2.6096585397115453,
        2.61218891778219,
        2.64752477199981,
        2.6157760607849814,
        2.6126108776447934,
        2.625924848107465,
        2.6293780315536286,
        2.620434107850235,
        2.609076535271244,
        2.61348968510017,
        2.6049574361187737,
        2.592766217767868,
        2.590986081714279,
        2.595765423758487,
        2.5841350661595626,
        2.6266609660615656,
        2.6400342494056015,
        2.6212529427394187,
        2.6329548677842216,
        2.626722663071646,
        2.601915654593391,
        2.5693353153081735,
        2.606463945174948,
        2.6059212239336644,
        2.6031470969713166,
        2.6083798377145837,
        2.6058164465894236,
        2.6311064395201567,
        2.640745152138838,
        2.598354937072378,
        2.5698016025075985,
        2.540360513161195,
        2.5996660331393175,
        2.557828769213643,
        2.600305210952171,
        2.6085562242943943,
        2.58575966017885,
        2.6048340691542635,
        2.584773882405978,
        2.5500108713651564,
        2.5859575951322378,
        2.54693622349748,
        2.554390330733458,
        2.556760619036902,
        2.602276369268822,
        2.5899787116201938,
        2.598950424853117,
        2.5497185028717833,
        2.5924796437446025,
        2.5499170632306667,
        2.57825940043138,
        2.5626379949399536,
        2.538234483781128,
        2.564533734989222,
        2.5700084400567538,
        2.53998463419877,
        2.578691080324483,
        2.5454837954135674,
        2.511064741923091,
        2.5141703352440508,
        2.5111599054130402,
        2.525524130061638,
        2.541352064182088,
        2.5420335164655308,
        2.5494750530605055,
        2.5284347112208354,
        2.5502846499272995,
        2.545583304908592,
        2.5108635364033796,
        2.5528515194760857,
        2.5472664691729126,
        2.520682994816874,
        2.541099847484747,
        2.521392660815727,
        2.514677510288723,
        2.505459395661846,
        2.5358303961726056,
        2.5380886270701106,
        2.5315969618093397,
        2.542248296175841,
        2.5216804219901277,
        2.5455849418313603,
        2.52879337397303,
        2.543731226962162,
        2.5312398760576285,
        2.554285029974502,
        2.5789639639492736,
        2.5733028838232834,
        2.550304886394765,
        2.5242497944779663,
        2.5164807384135437,
        2.535451698168206,
        2.5336409287146777,
        2.5491063189870062,
        2.5235233482460466,
        2.5595245003547173,
        2.5521831864295583,
        2.520747342020052,
        2.512453005522403,
        2.526149562352943,
        2.490378558722638,
        2.5295357493360418,
        2.546309616746705,
        2.497717687178359,
        2.519328960659006,
        2.5099503097811646,
        2.5141295439028037,
        2.513289657403982,
        2.515689006988287,
        2.5423979186254635,
        2.5007010632221625,
        2.4941528017748014,
        2.4983657871206484,
        2.494509497021661,
        2.498038061567577,
        2.5175670122391214
    ],
    "min loss": 2.490378558722638,
    "training steps": 10000,
    "batch size": 256,
    "history size": 1000,
    "dataset": "enwik8",
    "end time": 1730482210.3180733
}