{
    "start time": 1730481048.0460246,
    "use_input_gate": false,
    "use_forget_gate": false,
    "use_output_gate": true,
    "use_state_gate": false,
    "use_new_state": true,
    "use_old_state": false,
    "use_residual": true,
    "n_layers": 3,
    "state_size": 256,
    "id": "80480811e3a192c466ccfb70012426baffd7c830268821bc85aa20fcf01e213f",
    "loss": [
        3.689169750816201,
        3.541107926338468,
        3.285551700248767,
        2.9954817802589586,
        2.841382042664417,
        2.783304057040661,
        2.704614625528854,
        2.683663319656243,
        2.648894937430754,
        2.581776473005343,
        2.535085013334962,
        2.483745977439023,
        2.4707132388689765,
        2.4339679663763927,
        2.430400971611832,
        2.3843355046659083,
        2.401491965828831,
        2.354906702733349,
        2.3390514299862306,
        2.3701707442616233,
        2.3087381152052244,
        2.266956488119883,
        2.244634781696619,
        2.225902261529441,
        2.1808834246095405,
        2.11269164919632,
        2.1073493223893127,
        2.0861856745156753,
        2.0966235111096583,
        2.0678864200432323,
        2.032788206650446,
        2.0448563406559073,
        2.016759380850694,
        2.0279465589162053,
        2.0442623156505606,
        2.003338105695422,
        1.9950988925214677,
        2.003445904257028,
        1.9741681704624092,
        2.116349711887988,
        2.0633922913650995,
        2.0757363047284962,
        2.0442406867752516,
        1.989470967737589,
        2.045140175445794,
        2.003978190337765,
        2.0313187357612636,
        1.9870757180480185,
        1.984512717413264,
        1.995831350438957,
        1.8972065965011842,
        1.9058821728753763,
        1.9620280007385327,
        1.93193873779268,
        1.971972515911206,
        1.9381744948590844,
        1.9101915147975865,
        1.9081272528494515,
        1.8898166717101155,
        2.0460770712498273,
        2.04278593623086,
        1.9870911007549992,
        1.9535074758851618,
        1.9725991977116126,
        1.9255102359803287,
        1.9331141908666893,
        1.944923073519105,
        1.907486139044859,
        1.9493759202664447,
        1.9137133955849306,
        1.9217221079399833,
        1.9158100410167178,
        1.9773434087634243,
        1.887274155371851,
        1.8925896163722613,
        1.8932468685186856,
        1.8920314047590747,
        1.8626667820767848,
        1.8984932304604936,
        2.0396328107636035,
        1.9249803985696552,
        1.9138040788481745,
        1.8988051754750972,
        1.940979099247592,
        1.8358150357233873,
        1.906835731012587,
        1.888948169653132,
        1.8850878972531064,
        1.854721580996961,
        1.894727825648032,
        1.935691686090285,
        1.8847090898940755,
        1.8728878567158624,
        1.8792178697582262,
        1.8345661073292348,
        1.8738832829809533,
        1.8958151569572788,
        1.8547739322361176,
        1.8768100344255287,
        2.0168779518901263,
        1.962082290183603,
        1.9315266290687885,
        1.900975123746956,
        1.8441561877358055,
        1.8930319756678518,
        1.918731765591638,
        1.8971625344683476,
        1.878373211879878,
        1.8667805144051828,
        1.8675205471378153,
        1.8398344911891236,
        1.8695244851641937,
        1.8202006452638415,
        1.8228089553241789,
        1.824386190687669,
        1.830613689129715,
        1.8282408417219438,
        1.8332726760968865,
        1.8175652113393974,
        1.9456320704110293,
        1.9488591449096855,
        1.924862663590585,
        1.8522081696704609,
        1.8463233048030034,
        1.8887587390370209,
        1.8667868746357041,
        1.8116472722878068,
        1.8536649876434022,
        1.8696334027493389,
        1.8622444745273548,
        1.8313726130414252,
        1.8339761376053378,
        1.8315498625164917,
        1.839100587503086,
        1.8051259456000313,
        1.7906097550408335,
        1.7666204752793042,
        1.793517959135739,
        1.787723219787765,
        1.985588357545878,
        1.9093643223119035,
        1.925451867515605,
        1.8674402655035014,
        1.8367361548423229,
        1.8207541233356133,
        1.8269798109519326,
        1.8252247076966028,
        1.8036305603951892,
        1.8114393809797262,
        1.8307516728891637,
        1.8053236058277506,
        1.788535426897331,
        1.7946042990457511,
        1.8083030138853635,
        1.8010237998516367,
        1.8119795827574576,
        1.8082708116687984,
        1.7632035911614599,
        1.8446088977133537,
        1.9673948666798595,
        1.85217224839363,
        1.8439704684044875,
        1.8571577669146313,
        1.8481934618840186,
        1.8158152598101982,
        1.803325136521125,
        1.814756774760412,
        1.792698734780821,
        1.8472745881012786,
        1.853685338885791,
        1.819245726037167,
        1.7996077106278285,
        1.8059407247707167,
        1.7936417159295128,
        1.841943764910836,
        1.7341824103025492,
        1.753947427448848,
        1.7685316605796142,
        1.7778948994054249,
        1.9337965294536554,
        1.8388917898649253,
        1.8348304093674233,
        1.8103077633008893,
        1.8545630038627863,
        1.8059149830237868,
        1.8114052924706339,
        1.8103669018014352,
        1.8306395529768966,
        1.8049328492956496,
        1.8206363962511356,
        1.8434328562955504,
        1.8785179375571308,
        1.8238042887720465,
        1.8746472542986619,
        1.8255949577197796,
        1.7904335178010957,
        1.7846183374571882,
        1.8094952529656927,
        1.8090678307198056,
        2.021226061552221,
        1.8972145072105504,
        1.8900877254408497,
        1.8927349310020904,
        1.8312019795111083,
        1.8175222903386858,
        1.8420873253290604,
        1.8300451816620322,
        1.7812296443234386,
        1.765767548299012,
        1.763449903030054,
        1.784899316502938,
        1.7930306703102987,
        1.777477912141474,
        1.8104272514880018,
        1.771556990635466,
        1.7901372083558462,
        1.7781863518171692,
        1.7674601615314143,
        1.7780570250159113
    ],
    "min loss": 1.7341824103025492,
    "training steps": 10000,
    "batch size": 256,
    "history size": 1000,
    "dataset": "enwik8",
    "end time": 1730481087.7735014
}