{
    "start time": 1730482510.782881,
    "use_input_gate": false,
    "use_forget_gate": true,
    "use_output_gate": true,
    "use_state_gate": false,
    "use_new_state": true,
    "use_old_state": true,
    "use_residual": true,
    "n_layers": 1,
    "state_size": 32,
    "id": "8074ee36fe83231a5ce8c1e7d2d62678b0623ead9944ba2479cd526c4eedb715",
    "loss": [
        4.403543639664702,
        3.5906566427948783,
        3.4692411422330975,
        3.40105231572114,
        3.278557101124547,
        3.1718479552295427,
        3.125599372139149,
        3.0573033111882664,
        2.972470178583186,
        2.9377057733977017,
        2.9184948177504455,
        2.8956551524031076,
        2.8985878255378332,
        2.855443309242055,
        2.822753301413651,
        2.8224109993971753,
        2.7746065622393568,
        2.7542233540548438,
        2.764857150880295,
        2.748450000101541,
        2.7438394863043025,
        2.700680253731733,
        2.6645736710752383,
        2.6664274813779,
        2.617172532545191,
        2.5928803807146803,
        2.6226475105492373,
        2.580850601596247,
        2.5992106476545325,
        2.5941404549834597,
        2.584031893182751,
        2.5562463423115163,
        2.5245940873616415,
        2.563899036222298,
        2.5347129670594972,
        2.5277675610036496,
        2.5472653605235664,
        2.5130184379158655,
        2.536062518846074,
        2.592535668049031,
        2.5322259448983298,
        2.52785207521077,
        2.4830364411017403,
        2.480929222694254,
        2.476160383838806,
        2.5052246185401965,
        2.526723579800654,
        2.519259063526875,
        2.485885023077769,
        2.468653812524355,
        2.4429705383484683,
        2.4940727460397825,
        2.4596933452154475,
        2.4838435589975774,
        2.4726692337755396,
        2.4917429458045484,
        2.4827784184156987,
        2.4775236215797616,
        2.440542142907393,
        2.4771697321061628,
        2.4750036766323604,
        2.4944894340191244,
        2.427902561252511,
        2.4315330732591423,
        2.4475354272028893,
        2.421769623483376,
        2.4235417045758467,
        2.392686347991734,
        2.4419027306893164,
        2.4094566365514747,
        2.414334761770231,
        2.4328170485443965,
        2.4119916508375834,
        2.4335342449642736,
        2.3949027990012,
        2.4008011207125204,
        2.385032425976464,
        2.3947367167469475,
        2.406461316622139,
        2.4546515846746924,
        2.4311752749854367,
        2.4121950406631303,
        2.390987424808884,
        2.4183968589627463,
        2.373290618664985,
        2.3616400933278427,
        2.371630862738951,
        2.3869729458811357,
        2.3783757421348644,
        2.394100985403895,
        2.411191701447608,
        2.3566400576237165,
        2.3640728387877656,
        2.360657915091627,
        2.3447360269284236,
        2.3570717947689217,
        2.3395306481635623,
        2.3540353696126,
        2.3227996792470993,
        2.381979782737522,
        2.401943942994131,
        2.402994893902785,
        2.4163290286584096,
        2.3721148640435388,
        2.3513305228063146,
        2.3667183089424517,
        2.406432406552327,
        2.3595553918666825,
        2.3846843176686807,
        2.348415187277068,
        2.379717330147424,
        2.357515566567517,
        2.381456847319748,
        2.399031497575445,
        2.361234004826296,
        2.2984381040696906,
        2.33254832923493,
        2.3611286708442063,
        2.3303095564638996,
        2.386454843141828,
        2.3295504612048132,
        2.304646266110019,
        2.3056696720619456,
        2.346596183857292,
        2.3280985064450506,
        2.3104120604803224,
        2.3081420370720775,
        2.3353199425229856,
        2.286249622761261,
        2.3453667151690585,
        2.343544577668315,
        2.343638659181,
        2.336867820939819,
        2.33289893837609,
        2.332846607638342,
        2.29575187586279,
        2.285945086107541,
        2.270130987825313,
        2.271155778902399,
        2.3579903958324633,
        2.2531327039894986,
        2.2992456985281913,
        2.2898300616028364,
        2.2587923238552667,
        2.2937831148754197,
        2.3134823309198733,
        2.2734889470617627,
        2.3000963030505166,
        2.2479690325016444,
        2.3068685370196063,
        2.2918179549593867,
        2.3201539108034055,
        2.2922007377215614,
        2.2661158590396573,
        2.286584117277813,
        2.2860008544756676,
        2.304369203479498,
        2.286047910878987,
        2.2807824444583003,
        2.346561119432639,
        2.312292901994091,
        2.305436681095183,
        2.291044782457575,
        2.277912007975206,
        2.2502946866640237,
        2.2727439374565623,
        2.2657475640567886,
        2.2768617971164247,
        2.2177650004902145,
        2.2544210926771537,
        2.272253603187792,
        2.280934015456847,
        2.257583348476179,
        2.2618537938306553,
        2.2260250211483346,
        2.2358133635089756,
        2.2459850885000043,
        2.272840104887355,
        2.243785702890864,
        2.3198560516876867,
        2.3117958785002637,
        2.293815629076346,
        2.288449947282313,
        2.261391819767238,
        2.2593283364760146,
        2.2435541600124878,
        2.272039754796533,
        2.202190600185543,
        2.312489552535422,
        2.238551434782072,
        2.270350555982852,
        2.272722719198779,
        2.276446112343877,
        2.268469722337365,
        2.260894396723952,
        2.2903891129814036,
        2.2628846092879273,
        2.2502500582363147,
        2.2622144534659285,
        2.329725792669515,
        2.295639110017915,
        2.241356742718982,
        2.2312435542546694,
        2.289949603619105,
        2.24176173536987,
        2.2596781026881385,
        2.2574589257900084,
        2.2597709930061955,
        2.2844890493781453,
        2.221150875418053,
        2.249980266937499,
        2.267215168156033,
        2.262844510886853,
        2.263794663040274,
        2.201255699341914,
        2.226803199667587,
        2.250101265767665,
        2.289573016002548,
        2.245985172484967
    ],
    "min loss": 2.201255699341914,
    "training steps": 10000,
    "batch size": 256,
    "history size": 1000,
    "dataset": "enwik8",
    "end time": 1730482535.6253383
}