{
    "start time": 1730475989.369315,
    "use_input_gate": false,
    "use_forget_gate": false,
    "use_output_gate": false,
    "use_state_gate": false,
    "use_new_state": false,
    "use_old_state": true,
    "use_residual": false,
    "n_layers": 2,
    "state_size": 256,
    "id": "816e4507c32426d4c4d138713c519b63534dcdc45afee76cdc7de52a0df5154b",
    "loss": [
        4.131209737763118,
        3.5601055794190577,
        3.526908333793053,
        3.4782788522771826,
        3.5061680382475324,
        3.486854223294709,
        3.5215937807414077,
        3.476751776377895,
        3.5215907917749765,
        3.525073016684666,
        3.4885004457321562,
        3.524352003972331,
        3.5001780975466037,
        3.489889395111375,
        3.4815763786274956,
        3.5066274633371495,
        3.517265280045071,
        3.5040619679210376,
        3.566163800177195,
        3.5767044378329986,
        3.492835516321935,
        3.5006938299587484,
        3.4800507964411143,
        3.500833042928521,
        3.510538576331947,
        3.476231495020825,
        3.5405647870426757,
        3.485713728500058,
        3.5085331359051466,
        3.472822957075499,
        3.493671236232794,
        3.469704161128857,
        3.469903037436976,
        3.510145707066539,
        3.532565368645495,
        3.4969559764525173,
        3.4954984940462075,
        3.536041461435532,
        3.50088102784062,
        3.5366599551946294,
        3.4323543596173565,
        3.480687788073565,
        3.491029599035022,
        3.4686374062952154,
        3.490945692554418,
        3.46362654538571,
        3.4597439592569352,
        3.496176746963097,
        3.468120918092717,
        3.45849431215391,
        3.448926563446824,
        3.481616208543222,
        3.5167898984841397,
        3.4920399675635787,
        3.4620050234282367,
        3.4609897204796236,
        3.4700967574397192,
        3.4725321032105723,
        3.4756722681374757,
        3.506604997736863,
        3.475959370005189,
        3.4676721981209697,
        3.45250151697682,
        3.4388891062007483,
        3.5061413688237706,
        3.5258357376371623,
        3.4636531587343558,
        3.531541546054391,
        3.503033567982369,
        3.483699192428505,
        3.4978886932217392,
        3.5276656820723997,
        3.502654926572243,
        3.494100031053959,
        3.4873026787874983,
        3.4865156663432115,
        3.5059929184731704,
        3.4957601579126094,
        3.5193236016880785,
        3.515117713835074,
        3.443026653258274,
        3.456188638479451,
        3.4313255050803178,
        3.4469066759512046,
        3.427723980211764,
        3.448932406702111,
        3.4690374062287903,
        3.4489663057268967,
        3.4593040066749214,
        3.464052385499643,
        3.4433538986499554,
        3.448024543827168,
        3.4554051684116844,
        3.431880399569647,
        3.4267162230414003,
        3.3932417317328114,
        3.4010901031940053,
        3.4056560646086225,
        3.4150951109084535,
        3.4385985089085858,
        3.479989177771926,
        3.457849238128388,
        3.4943058652083723,
        3.489911149767514,
        3.457112839993188,
        3.4150228850039688,
        3.516843888905371,
        3.4585468813258555,
        3.460199695308046,
        3.491734795347765,
        3.484968512603944,
        3.48730862877374,
        3.486857438357099,
        3.432729921239043,
        3.4804807691234667,
        3.4535354609096123,
        3.4847454604636514,
        3.474965793595335,
        3.465046671987819,
        3.4963070589531666,
        3.470783595854632,
        3.4685356263227254,
        3.435722771279163,
        3.4247339184484193,
        3.4805067416886306,
        3.447936091654754,
        3.4267530739444623,
        3.449820851371436,
        3.42714738404805,
        3.473243634079394,
        3.442669554790055,
        3.484967106339073,
        3.3891462003778225,
        3.4282775425919505,
        3.411051188331758,
        3.4303441760802125,
        3.433408560478557,
        3.445140628916748,
        3.442229550794451,
        3.4836483342801343,
        3.4708639561496755,
        3.4152480686909654,
        3.428968182213988,
        3.442074263467437,
        3.4105285941730656,
        3.4353609132368477,
        3.4122256930606945,
        3.4378078718710565,
        3.432879876722787,
        3.4534673917035,
        3.421038354471698,
        3.428631071732954,
        3.4396093660019726,
        3.3970607437396985,
        3.3784430196287687,
        3.429767983902284,
        3.384934107837545,
        3.431297906700409,
        3.412355343205348,
        3.4316740245148942,
        3.435567102678102,
        3.409262782722102,
        3.455133996476799,
        3.4617983594433923,
        3.4481805478508676,
        3.439804726379155,
        3.426088531709757,
        3.4260022577026894,
        3.477820167670359,
        3.4835004013879276,
        3.4685397572579664,
        3.4925526563325446,
        3.425100739159788,
        3.429484132521508,
        3.4704501479800696,
        3.448382760222131,
        3.456963897863965,
        3.4829593707360504,
        3.445551670369321,
        3.492409099495373,
        3.3970632624903843,
        3.4421964214424077,
        3.4248505490429064,
        3.4502798833374633,
        3.4208281337889246,
        3.447953109813174,
        3.4488210323358652,
        3.423509622016712,
        3.408209713673087,
        3.422703624924684,
        3.4071501974453167,
        3.4056529474989645,
        3.407924153823722,
        3.370175421166276,
        3.4006599032570772,
        3.3774142715493216,
        3.41299909862353,
        3.3817150869446984,
        3.3754016663796094,
        3.4172074770969596,
        3.4089968853558297,
        3.394957554609256,
        3.418341306375463,
        3.390000293126603,
        3.3961966796249277,
        3.3930309202816384,
        3.3908500598316658,
        3.399569558427748,
        3.360770990321631,
        3.399991468549928,
        3.3954631647833504,
        3.418752335898224,
        3.4100867453779538,
        3.424725878923767,
        3.4465019825101586,
        3.4484775606011366,
        3.4394260349865413,
        3.421867626692856,
        3.3813800160120966
    ],
    "min loss": 3.360770990321631,
    "training steps": 10000,
    "batch size": 256,
    "history size": 1000,
    "dataset": "enwik8",
    "end time": 1730476002.9986842
}