{
    "start time": 1730475839.0557415,
    "use_input_gate": true,
    "use_forget_gate": true,
    "use_output_gate": false,
    "use_state_gate": true,
    "use_new_state": true,
    "use_old_state": false,
    "use_residual": false,
    "n_layers": 1,
    "state_size": 256,
    "id": "823c3e786b3a3513436e23578685447f5dd872de76dc68cab3c83a1034a0f1d1",
    "loss": [
        3.9193710336674252,
        3.5163422659373498,
        3.4108765064131212,
        3.21545269229486,
        3.127829569163863,
        2.950210385639443,
        2.86321672285388,
        2.746114705724999,
        2.7277738085432675,
        2.681605786488595,
        2.631547327462478,
        2.5481068623854717,
        2.5168742326279827,
        2.431094257781599,
        2.433019656315105,
        2.4051173326254447,
        2.3627680970018874,
        2.3812297061235865,
        2.3119043645008017,
        2.363424021532091,
        2.307560644989446,
        2.2665731876136213,
        2.2563581266261346,
        2.2790992926421434,
        2.2745261706133686,
        2.2139208924966973,
        2.2153933624192357,
        2.161307291480056,
        2.1675609409506364,
        2.1204499905078844,
        2.1030344728137256,
        2.0870150789461155,
        2.062108195456816,
        2.1187301804722005,
        2.0773661223271938,
        2.063612489477168,
        2.049958072448654,
        2.0240333359041895,
        2.0687286310235633,
        2.0982264548828136,
        2.0459599951839276,
        2.0348023695440256,
        2.0704443596132043,
        1.9978790536338777,
        1.9860320140799292,
        1.9931695694307012,
        1.9736625122506104,
        1.9691707324818968,
        1.9717415668149216,
        1.996878073102415,
        1.9633432673699716,
        1.9499428104313792,
        1.9362764087911088,
        1.9585777275219218,
        1.9251437354881087,
        1.9142232090037457,
        1.8857373721493969,
        1.9410665365591928,
        1.9646939366040779,
        2.068594742826156,
        1.961192105312931,
        1.951660149099134,
        1.9772052347425355,
        1.9481622154600695,
        1.9279917600225078,
        1.9221360648206984,
        1.922174264575706,
        1.9290202959349225,
        1.9170094045864008,
        1.8740417695092637,
        1.8926071372594007,
        1.8995349761800957,
        1.8673850082988475,
        1.8930691553808694,
        1.9067027207745482,
        1.8677581673114492,
        1.874004109593133,
        1.8564352459114113,
        1.8479154367390773,
        1.9906658575756009,
        1.9254845464163153,
        1.8851732381489947,
        1.8859717887133272,
        1.8250140078936994,
        1.8517292449095395,
        1.8449569915261552,
        1.81177059799062,
        1.8400545302712061,
        1.8403810949288635,
        1.820816814230155,
        1.8217905122194211,
        1.8123438637938727,
        1.8358072905815188,
        1.8080852486650976,
        1.803074787732296,
        1.8427076601576844,
        1.8408847509628852,
        1.8104880955304035,
        1.8008132386784879,
        1.9437873146254008,
        1.8569444104556923,
        1.8358795986090262,
        1.7809232549530107,
        1.797454743740693,
        1.7990590581182848,
        1.7753118954079192,
        1.7622057225229582,
        1.761589705185702,
        1.7739983830833517,
        1.8014353220654336,
        1.768977425731911,
        1.756887903750126,
        1.7501039232689761,
        1.778740773849882,
        1.7161417425637555,
        1.7690673264496626,
        1.7204348881867437,
        1.765444761821435,
        1.737117555890594,
        1.9058488831027183,
        1.7928857364483972,
        1.7976328696641004,
        1.7512358393858374,
        1.7547231589327894,
        1.7543036344627925,
        1.7833011503526743,
        1.7379950533184982,
        1.814299872247074,
        1.7256867426517548,
        1.766554074674456,
        1.7230846117274152,
        1.7540447164274382,
        1.7209811027630895,
        1.7459127387192799,
        1.738612931542986,
        1.7311803513277355,
        1.7321367388181377,
        1.7062967664386537,
        1.6903047560562892,
        1.8467164536264138,
        1.7668752021292895,
        1.7535801728679414,
        1.7060627469639453,
        1.7342535432557935,
        1.7622366129730898,
        1.7367070974797856,
        1.7188503065636462,
        1.7687618928886157,
        1.7620745726835079,
        1.7570561754262988,
        1.7192392571177464,
        1.723286205371138,
        1.7846453115058505,
        1.752306476160552,
        1.7446158876083055,
        1.7329037540747947,
        1.729172280873738,
        1.7246070856670936,
        1.7226892819260238,
        1.8304868824458098,
        1.7707598948639416,
        1.684765078259206,
        1.702770980527789,
        1.6546366007175795,
        1.711578180232539,
        1.7084565883033227,
        1.7170158654117276,
        1.7195583127060545,
        1.699426049191157,
        1.6779481907571003,
        1.6868854197593113,
        1.6832114907609874,
        1.6868868240316521,
        1.6612977462585083,
        1.7078122545547763,
        1.6753217531028912,
        1.6982563418562735,
        1.6459867375941204,
        1.7248317250285168,
        1.789810081857755,
        1.7488215964564315,
        1.70906575152321,
        1.7173099565910057,
        1.7022090166558983,
        1.7038511474223854,
        1.67055823163322,
        1.6922284623846227,
        1.6917775050007127,
        1.7026018327091583,
        1.7054871436633046,
        1.6075167662064564,
        1.6604268241860525,
        1.6435948024030167,
        1.645656767066692,
        1.663696483755509,
        1.7099632110877714,
        1.7261547656112923,
        1.6525425282938362,
        1.6724856971147637,
        1.7963349357296412,
        1.7283734053686988,
        1.6880429588849932,
        1.6801632519850438,
        1.694188593483079,
        1.6558075640596608,
        1.6826053844746136,
        1.6645420290151953,
        1.6434616368578325,
        1.664381820549913,
        1.6959650912736703,
        1.6746106366874804,
        1.6800637380986863,
        1.656109282629441,
        1.6710607905947883,
        1.676784944135931,
        1.6423258764091884,
        1.6081015600294786,
        1.626096288772566,
        1.6100778547892092
    ],
    "min loss": 1.6075167662064564,
    "training steps": 10000,
    "batch size": 256,
    "history size": 1000,
    "dataset": "enwik8",
    "end time": 1730475873.037414
}