{
    "start time": 1730483149.5840344,
    "use_input_gate": true,
    "use_forget_gate": false,
    "use_output_gate": true,
    "use_state_gate": false,
    "use_new_state": false,
    "use_old_state": true,
    "use_residual": false,
    "n_layers": 1,
    "state_size": 256,
    "id": "842a7098ebcd7867189ca6008b6f767f0374ee96e5274bba282cf8abfe357f67",
    "loss": [
        3.998817295359704,
        3.5325816549597002,
        3.4569723671092367,
        3.426906360320756,
        3.413289538351505,
        3.3561576733919942,
        3.3677589749244152,
        3.3020600613884605,
        3.287647538633982,
        3.2480291183125445,
        3.211111904314464,
        3.1188606772145984,
        3.0307828516475523,
        2.9804057843642466,
        2.917119862917455,
        2.90008544946947,
        2.8337788757880076,
        2.84747315406734,
        2.8370027423331883,
        2.9076037128840238,
        2.734130470552071,
        2.709970269776275,
        2.725315106848996,
        2.6944921358313136,
        2.684852087183106,
        2.63880092300807,
        2.590000255210382,
        2.630374258577686,
        2.6165433087591357,
        2.589322618120739,
        2.5527765582754585,
        2.549821669287871,
        2.5200594981991062,
        2.555261595974032,
        2.516882707095827,
        2.505096481708681,
        2.4598991768395178,
        2.4976464617324416,
        2.5281112765216096,
        2.569278065539397,
        2.471815436947147,
        2.4873176136286568,
        2.461231426796232,
        2.4653871581056617,
        2.399450193202675,
        2.448327547116344,
        2.436070562098935,
        2.411709449062537,
        2.4210058228887497,
        2.4467133746506384,
        2.3982957081767737,
        2.376316016347646,
        2.4347048620326657,
        2.4115046104520568,
        2.3982357698042964,
        2.3668545325520043,
        2.3569704835005005,
        2.3831307912029445,
        2.3698879499387284,
        2.5227303508620924,
        2.373024010961509,
        2.364090102334679,
        2.379759797084511,
        2.3464789909545742,
        2.321836427439145,
        2.314750696269557,
        2.3074912867892947,
        2.3014360541699683,
        2.31857944310071,
        2.321879422159958,
        2.347279562005388,
        2.3120650317068407,
        2.3462756722080362,
        2.2869397553996866,
        2.3337854723147275,
        2.3261975912323463,
        2.3212156453485533,
        2.2738636124065614,
        2.2956259552301588,
        2.444972514427847,
        2.3075405706221535,
        2.295073747449955,
        2.321822224408123,
        2.2598573815950647,
        2.291297470700755,
        2.250712808016814,
        2.249485294070951,
        2.2916389074804187,
        2.258380821197074,
        2.28726453663807,
        2.314319595323797,
        2.2936823132552435,
        2.2829247636968177,
        2.276483945365859,
        2.287302058846801,
        2.2552787343327436,
        2.2547213299028495,
        2.250392420120338,
        2.251034959549991,
        2.389066725752424,
        2.2720533279038224,
        2.2643923305310487,
        2.2615143540677707,
        2.241527344204937,
        2.2394855949150934,
        2.24610411743304,
        2.2552945957926194,
        2.253594093506514,
        2.2839085359047173,
        2.2269262242340644,
        2.2763006378979616,
        2.2620344266898846,
        2.2340532685627266,
        2.2573461995535267,
        2.2400748351766095,
        2.241906353825873,
        2.2476916281147727,
        2.2190332702436426,
        2.2426453629478753,
        2.405472570619581,
        2.2613320554290834,
        2.2151006676174676,
        2.2455383580042922,
        2.2165107324087607,
        2.1767541710903777,
        2.214905447390307,
        2.174035404994447,
        2.2005899614697713,
        2.2133229688850973,
        2.1779776871293453,
        2.203714206554089,
        2.19264242501017,
        2.1569397634407963,
        2.18897129072791,
        2.230945785440305,
        2.200779163303439,
        2.196647586882513,
        2.2000100553363016,
        2.203874665096453,
        2.3365342125902324,
        2.1788496119494134,
        2.1851895007196958,
        2.1698627882397985,
        2.1997113964226704,
        2.178664963261683,
        2.1766532171132855,
        2.1701033406415817,
        2.1828414553983944,
        2.18592413012136,
        2.1871739720977827,
        2.1223087427674496,
        2.1523103675970394,
        2.154587041763513,
        2.1554638934438883,
        2.1096147360586675,
        2.163083053625894,
        2.1484418754235715,
        2.173303065371029,
        2.137825301721405,
        2.3350779937594934,
        2.2233824906806294,
        2.149422767981803,
        2.1887945061323855,
        2.219972032983456,
        2.1814398601041844,
        2.196177226996973,
        2.1459980483864656,
        2.1665590144357054,
        2.1494474988489434,
        2.147980256689644,
        2.1471205140102656,
        2.121431711767594,
        2.104933337771774,
        2.1411264055940125,
        2.1325624947286648,
        2.128059879492326,
        2.128397430447804,
        2.144135304136656,
        2.120138065583315,
        2.2162908273407425,
        2.1354172378065726,
        2.176076338790549,
        2.08141053050282,
        2.1525800332961746,
        2.1231909874767347,
        2.107765922792837,
        2.127816370968738,
        2.1350945209716437,
        2.158744095047491,
        2.1322515005012663,
        2.150944406312888,
        2.1363430317848406,
        2.104226120663494,
        2.109144620089235,
        2.1211600730916396,
        2.1126315098957344,
        2.1073825534032657,
        2.10158968612917,
        2.10173084009265,
        2.226620284912887,
        2.1651492831494275,
        2.1404133315314318,
        2.1175390982496225,
        2.107550087847266,
        2.1030854523136435,
        2.085677118259412,
        2.0711004166357254,
        2.0944601625420805,
        2.149348257765258,
        2.1180075953164597,
        2.119580696961422,
        2.0869065385703527,
        2.071200744575712,
        2.0559067706378844,
        2.0947375851083923,
        2.0604121861879205,
        2.0422724204654554,
        2.076460010210801,
        2.127565487786305
    ],
    "min loss": 2.0422724204654554,
    "training steps": 10000,
    "batch size": 256,
    "history size": 1000,
    "dataset": "enwik8",
    "end time": 1730483172.2692587
}