{
    "start time": 1730478553.3322694,
    "use_input_gate": false,
    "use_forget_gate": false,
    "use_output_gate": false,
    "use_state_gate": true,
    "use_new_state": true,
    "use_old_state": false,
    "use_residual": true,
    "n_layers": 1,
    "state_size": 256,
    "id": "87230b8f6e43e3a60c745c4b95be3187999d55800af7b7979a39fb7e0687a6b7",
    "loss": [
        3.6162309597811872,
        3.3006974632619697,
        3.019288799438665,
        2.8904994787572456,
        2.831511163904816,
        2.7044111546996055,
        2.6559558380622112,
        2.621696351454394,
        2.535510002474723,
        2.5173136865104024,
        2.4717995392146714,
        2.426260968314215,
        2.4070809520634655,
        2.3762160052566523,
        2.3325098512484654,
        2.295954484331719,
        2.3086335245557477,
        2.2936419080546546,
        2.231985400182965,
        2.291420194054856,
        2.2593993459918416,
        2.2556552079669943,
        2.2485602253884953,
        2.2288022646574164,
        2.219745735867516,
        2.215847509039383,
        2.173735243821937,
        2.1584993987871677,
        2.1286209000080483,
        2.111408878400914,
        2.1311838672040566,
        2.101975868444152,
        2.1054602273906324,
        2.093791498722953,
        2.072485432783111,
        2.0451202381649862,
        2.0621738352911065,
        2.0855311582846627,
        2.0276523820109422,
        2.1352214693125737,
        2.051105094519504,
        2.0678432998347196,
        2.0420217764864583,
        2.033427386615595,
        2.0037309022414296,
        1.9996407080869045,
        1.9989288929805817,
        2.0069778045375593,
        1.9818532761119478,
        1.936144224240078,
        1.9910744498331672,
        1.971850343932387,
        1.9746555378751267,
        1.9659509642724462,
        1.9628507765933074,
        1.9469764202920026,
        1.92835577625763,
        1.9034475044199057,
        1.927495658386004,
        2.062086780092508,
        2.0043993427057702,
        1.9277489060827069,
        1.9763588245045645,
        1.956354572197476,
        1.9040026950074036,
        1.9108640390528664,
        1.9455610309130715,
        1.9878332060981403,
        1.9122034104939796,
        1.9933702232650494,
        1.9640717017889482,
        1.9564416028556053,
        1.966970926305009,
        1.921110991007507,
        1.9692290381382231,
        1.9102102956254274,
        1.9661153948701249,
        1.9212025369969612,
        1.8752975821246802,
        2.025575710685584,
        1.9199355694726539,
        1.8635781515664585,
        1.8719627509798225,
        1.898013139271712,
        1.9065435136383384,
        1.9129657454990283,
        1.8895704763246817,
        1.8606505373823519,
        1.8826241457653226,
        1.9127454391020386,
        1.8970480211198655,
        1.8810607028898145,
        1.891820512616716,
        1.860757636173436,
        1.8584946291789424,
        1.8704895706026003,
        1.8172462476693632,
        1.8238488730141733,
        1.8546016649862975,
        1.9884263432163822,
        1.9264847411457882,
        1.8442755940402757,
        1.9006984487174832,
        1.8857190244530284,
        1.8624400455874486,
        1.8781514700322999,
        1.8697256516719156,
        1.8431562555493466,
        1.841236052192777,
        1.8191245526192692,
        1.887718085093557,
        1.8280948927636593,
        1.79147564161512,
        1.7889005022153532,
        1.8106822631606823,
        1.8212226915053533,
        1.861799426863864,
        1.8638261040703668,
        1.8455222855494342,
        1.9294976914136557,
        1.8709175594401337,
        1.8054120217717124,
        1.7884841268488503,
        1.7524501919816327,
        1.8132731819389583,
        1.7607522305278127,
        1.787952199730137,
        1.80692276795129,
        1.7914703427919358,
        1.8010344308540243,
        1.7786372886743873,
        1.8194407274986957,
        1.8208882611963488,
        1.78192252661899,
        1.8066314842845639,
        1.8007697192807068,
        1.7819793938337956,
        1.8112179946547673,
        1.7729496817171366,
        1.9657999721517823,
        1.872595053549359,
        1.8616056632787883,
        1.8535024550280699,
        1.81364438758272,
        1.8130013893671837,
        1.8311938511295818,
        1.79831678766138,
        1.7899582614239347,
        1.8252833669942687,
        1.8417330957221063,
        1.798606241135392,
        1.8510058221226886,
        1.7920820299465052,
        1.7826791444437118,
        1.8185368319723427,
        1.7786419586946396,
        1.7846560309465718,
        1.7600170105270085,
        1.7948718372321335,
        1.9464758472537833,
        1.8251593868311076,
        1.8044628992370522,
        1.8093211412192793,
        1.826424663935141,
        1.7872776402111217,
        1.755814840705648,
        1.7557619439938774,
        1.7858513575600319,
        1.800443578571672,
        1.7947348590637096,
        1.7841421061156124,
        1.760184721519294,
        1.8078841756244541,
        1.8033055760859633,
        1.766256309640765,
        1.8315378456794347,
        1.7599101472914684,
        1.8332046754461502,
        1.8026050354579926,
        1.914244473291075,
        1.7839630165206635,
        1.7806140939396489,
        1.7792231137627463,
        1.751769366121086,
        1.8088901576995646,
        1.733722509575229,
        1.7162401040895563,
        1.7556870099806632,
        1.7519847583866437,
        1.7416676378543874,
        1.7433851133370297,
        1.702729612654949,
        1.7394875934596283,
        1.717414469728075,
        1.7619709048006136,
        1.7308720073965664,
        1.760294663187991,
        1.768229869454532,
        1.7975909702739221,
        1.8778389461747724,
        1.8208467110335298,
        1.7936795361723674,
        1.7286858519989183,
        1.7787082484516548,
        1.7721307150350947,
        1.7992750021432293,
        1.7936847457000675,
        1.7596247006722885,
        1.7801511382519524,
        1.7632772594236035,
        1.7226282073166033,
        1.7078443863728716,
        1.7401349323237094,
        1.6798452270450905,
        1.7237601550988906,
        1.6996551251469707,
        1.8185753348978457,
        1.7828295944330652,
        1.77405260396164
    ],
    "min loss": 1.6798452270450905,
    "training steps": 10000,
    "batch size": 256,
    "history size": 1000,
    "dataset": "enwik8",
    "end time": 1730478577.8110678
}