{
    "start time": 1730481957.565533,
    "use_input_gate": true,
    "use_forget_gate": true,
    "use_output_gate": true,
    "use_state_gate": false,
    "use_new_state": false,
    "use_old_state": true,
    "use_residual": true,
    "n_layers": 1,
    "state_size": 32,
    "id": "87547266ed427cd592425d1177fb8981209a9577028e4d1a5bdafd322d0f88c4",
    "loss": [
        5.071856195110043,
        3.807508959207244,
        3.463124247065715,
        3.4352764525448904,
        3.369613677502806,
        3.3697287094619868,
        3.2698184862047834,
        3.209370135536668,
        3.1379941370910256,
        3.0470313523877777,
        2.992517496885076,
        3.0257511919423177,
        2.9763535411147575,
        2.9401081886160245,
        2.879140866931728,
        2.877879404566969,
        2.855320990023836,
        2.8715366305252403,
        2.869604774653978,
        2.848083988526648,
        2.783046961573343,
        2.791131083202344,
        2.7876118241739714,
        2.833493297098782,
        2.8092515249130936,
        2.810383570647305,
        2.7902360056779685,
        2.7860091404981384,
        2.7793501954528423,
        2.8037643898383307,
        2.796264504031106,
        2.7570431626320473,
        2.728805806828312,
        2.75961149865231,
        2.7698445244882297,
        2.7662639382891063,
        2.7598148099102273,
        2.748178662484329,
        2.7026551964996437,
        2.7390709764971954,
        2.7341840182114847,
        2.719676553331715,
        2.7434430912581815,
        2.707174354324742,
        2.679619321529993,
        2.670120853616704,
        2.6879410079193695,
        2.705819572881895,
        2.6675283508691616,
        2.6776949024459076,
        2.665476493493169,
        2.684368403970902,
        2.6719176871399264,
        2.653505000119312,
        2.6815186543506524,
        2.6485231806876732,
        2.6591983756103557,
        2.6527249812378964,
        2.6532936931531443,
        2.633019924812081,
        2.671480883624833,
        2.6700766479385614,
        2.6627986712744343,
        2.659801330059842,
        2.6719879854754387,
        2.668069142421765,
        2.686460234412118,
        2.6606741683391233,
        2.627895015848923,
        2.621001853359571,
        2.6425524297928713,
        2.631119791424354,
        2.641267910130183,
        2.635148087118498,
        2.6024804531767463,
        2.61881813261466,
        2.6084493337296615,
        2.6246058796395415,
        2.601104825383291,
        2.590000172460161,
        2.592829866584403,
        2.6318304855875896,
        2.606638058428512,
        2.582962004243267,
        2.6285400069195024,
        2.608217388308157,
        2.604329852381719,
        2.594894022333069,
        2.5969379231267404,
        2.6510252665366516,
        2.5970567206047006,
        2.61059246129034,
        2.6260183190126987,
        2.592609928789233,
        2.630313766750286,
        2.6009879076390097,
        2.587236047018369,
        2.606594149917563,
        2.6181521974928614,
        2.612018671225031,
        2.5420398894468885,
        2.549865889319608,
        2.5658056132979716,
        2.563784153021246,
        2.548701960414625,
        2.5226108428182092,
        2.535913287019291,
        2.5210728146571033,
        2.5837592329365693,
        2.5900521867618105,
        2.543090187370855,
        2.549455083469021,
        2.5360696571517276,
        2.567358190486525,
        2.560893110844191,
        2.5262690686485905,
        2.545224999054408,
        2.580678920783294,
        2.590854318463629,
        2.5736422367654774,
        2.56564077757434,
        2.5681192697287485,
        2.554429410187363,
        2.535020370058926,
        2.536115128823142,
        2.52157522945627,
        2.5598180409486364,
        2.5190554304760195,
        2.533689219950696,
        2.553208378760213,
        2.5181087777899247,
        2.531152563612019,
        2.5423811004640307,
        2.491331867426475,
        2.5236886084188552,
        2.507907304155214,
        2.548426756821647,
        2.5194049298057832,
        2.5360000523117776,
        2.5350332989083517,
        2.5579892633836163,
        2.542364702222768,
        2.5447019691614092,
        2.550017087670602,
        2.536043100717984,
        2.5346780481766142,
        2.520673654470284,
        2.5238669216977114,
        2.560695169035134,
        2.5185569951194595,
        2.5144455138152932,
        2.502385663952699,
        2.524941932788302,
        2.553444712806649,
        2.5088999809992556,
        2.514193171638012,
        2.520935648906495,
        2.493717751250199,
        2.5202830671828718,
        2.5244701471193003,
        2.5440586383707715,
        2.5502254787048257,
        2.528103324377385,
        2.51065716677748,
        2.516942947065242,
        2.519618506262232,
        2.5428386347548795,
        2.5255565091631067,
        2.4860962354618987,
        2.474831814054768,
        2.463246647001768,
        2.4906413354441876,
        2.5086535347019647,
        2.5475984931423503,
        2.486361495896575,
        2.4855053915110736,
        2.477314291736552,
        2.4677127679561424,
        2.462104201537646,
        2.488525746216386,
        2.5236946788048695,
        2.495069957990009,
        2.5097892796161356,
        2.4985702480778196,
        2.498711000940023,
        2.475402498180094,
        2.511294676475148,
        2.4946908644146775,
        2.4969874961106058,
        2.4803255614715263,
        2.493563845320874,
        2.4879397199811266,
        2.473514863236531,
        2.4746247993195007,
        2.4798920594620966,
        2.470759489698569,
        2.457947705311639,
        2.4750595435506666,
        2.48491808443603,
        2.518860353793386,
        2.528038679947112,
        2.4884914626925454,
        2.468280024900578,
        2.4908334622453188,
        2.485509491811981,
        2.4369122232771288,
        2.45605363652627,
        2.450841119163481,
        2.4783075240626586,
        2.484234065659882,
        2.4891959504161245,
        2.501739955914305,
        2.4733623359893246,
        2.494382032737803,
        2.473061419393959,
        2.484006350010943,
        2.442578662232547,
        2.473195229265435,
        2.483601414381322
    ],
    "min loss": 2.4369122232771288,
    "training steps": 10000,
    "batch size": 256,
    "history size": 1000,
    "dataset": "enwik8",
    "end time": 1730481980.8543417
}