{
    "start time": 1730482843.1223576,
    "use_input_gate": false,
    "use_forget_gate": true,
    "use_output_gate": false,
    "use_state_gate": true,
    "use_new_state": false,
    "use_old_state": true,
    "use_residual": true,
    "n_layers": 1,
    "state_size": 256,
    "id": "89699267134dbd57f7b6f66276e2192d802d4f828d7292a0ff857cda3508efb2",
    "loss": [
        3.7364256961811204,
        3.402294139338517,
        3.144812128690635,
        2.9786287954009096,
        2.9019985794918877,
        2.8393219079289773,
        2.8289393100436775,
        2.8108153629282273,
        2.757051541630541,
        2.7353629202421663,
        2.737568292787254,
        2.7242338850295647,
        2.769557248333607,
        2.7078549623001655,
        2.6693224093917247,
        2.650659889116241,
        2.676101070185747,
        2.6246279617267,
        2.649585443292161,
        2.674902174134633,
        2.615134066895842,
        2.5990613653553623,
        2.5844193522649563,
        2.590662496214818,
        2.594737695791586,
        2.5716303295151643,
        2.575718134969077,
        2.562650708030936,
        2.548442289385117,
        2.5358315910122426,
        2.568546256442047,
        2.515349396756679,
        2.48309719917111,
        2.543413868950784,
        2.522396501942467,
        2.4916555482533598,
        2.5229468837549933,
        2.5028704931672876,
        2.44977136775275,
        2.4660838867154204,
        2.480044888904796,
        2.4703399524532843,
        2.479840660831027,
        2.459479979183366,
        2.4858141153628814,
        2.490801997539256,
        2.4684622774941003,
        2.4421242501730425,
        2.455419577697427,
        2.428261112103272,
        2.4335771948242675,
        2.4260901250521782,
        2.4174078417304576,
        2.4271733295692712,
        2.4250636824393728,
        2.4273782984919725,
        2.4079955815835583,
        2.4065368900137694,
        2.3607858227017413,
        2.438897486639117,
        2.4222286251759986,
        2.4172989559277727,
        2.381841153055664,
        2.4145130628891405,
        2.3997596038550117,
        2.397172167387679,
        2.3879988465575934,
        2.3930127826560996,
        2.38657106009142,
        2.3822564029317044,
        2.4044978945995217,
        2.3960147733822,
        2.384613892694629,
        2.385095716598048,
        2.4098793373431904,
        2.3644418621306666,
        2.3595177010872903,
        2.381349830448914,
        2.3382002145535763,
        2.3648112269451045,
        2.3677493615132965,
        2.3569240147010024,
        2.3593648268636795,
        2.3804234397661714,
        2.351175434295631,
        2.362090639664653,
        2.381852753534187,
        2.36989128592843,
        2.3418017972789484,
        2.40122545872901,
        2.368256592111832,
        2.3348899080021526,
        2.3591576261402647,
        2.3196724303314262,
        2.3279155439953296,
        2.3443982458119828,
        2.3554972083439925,
        2.321374384453131,
        2.312931389448208,
        2.3572254670888833,
        2.3372486324229182,
        2.340564774372989,
        2.3156020554600087,
        2.3216346391226335,
        2.34533431764047,
        2.29552316352983,
        2.319251743066081,
        2.304501111039956,
        2.2861496008784497,
        2.3203878061425858,
        2.334063735133259,
        2.294258079529924,
        2.2937406614539024,
        2.295711570728976,
        2.279631193904748,
        2.295673347774026,
        2.280093282579549,
        2.276472920752467,
        2.290612230922305,
        2.301740231954077,
        2.3112238836370107,
        2.304352606418921,
        2.327497309087837,
        2.2892454897834527,
        2.284006745166061,
        2.3049276777116288,
        2.2835530819847385,
        2.3053057762722258,
        2.270004239389054,
        2.2296339173651707,
        2.2590106700191313,
        2.2872664230036666,
        2.2830287931298927,
        2.2450141212771957,
        2.2381672594499595,
        2.2873628152853294,
        2.2777062793071745,
        2.261254565397814,
        2.2775146244630218,
        2.2711141971909123,
        2.27425727865893,
        2.2522343799204285,
        2.263533357350432,
        2.2623052050174497,
        2.251590358718337,
        2.2556029948030902,
        2.240928511489259,
        2.2402852009279903,
        2.252850165054474,
        2.243154439233737,
        2.2389844056605326,
        2.2570126087151188,
        2.2514908223339973,
        2.2567035341301453,
        2.2378388206245385,
        2.240003885008006,
        2.226395936294972,
        2.2559401287294576,
        2.2709908060889927,
        2.295401664460557,
        2.3121185553997723,
        2.2883763037553044,
        2.2122019790757137,
        2.234886116399553,
        2.2127288478374103,
        2.2272652375225594,
        2.246185463961251,
        2.2333725608886956,
        2.2033198911442247,
        2.2707530455512535,
        2.2602699600945098,
        2.2379352399022716,
        2.197070326918532,
        2.1860357436332114,
        2.202175679728404,
        2.1685392382062543,
        2.2136728643523838,
        2.206305362552545,
        2.1979577885353536,
        2.2636466038286747,
        2.2925581341760806,
        2.2281958629280254,
        2.319448682643857,
        2.2272547657786403,
        2.190221863994708,
        2.2250063058826033,
        2.2091481912991333,
        2.1892058195994344,
        2.2079993578271777,
        2.208461594410828,
        2.215725418580868,
        2.217601554084222,
        2.2260922717125897,
        2.2206001682848275,
        2.25061637381699,
        2.209825650418007,
        2.2020524704650577,
        2.159857421653406,
        2.20911661010149,
        2.2526698897830197,
        2.217437251838433,
        2.2369732376493907,
        2.2211402178806696,
        2.2051289971077366,
        2.202904117171444,
        2.212156425750401,
        2.206032342059493,
        2.2374106317313163,
        2.2010449544360142,
        2.21260048562246,
        2.235210545097673,
        2.1958875903128607,
        2.2019129359460945,
        2.173861257757145,
        2.2130761691944314,
        2.2059485047628904,
        2.22890092836371,
        2.203947375154794,
        2.192497006865947
    ],
    "min loss": 2.159857421653406,
    "training steps": 10000,
    "batch size": 256,
    "history size": 1000,
    "dataset": "enwik8",
    "end time": 1730482858.3172
}