{
    "start time": 1730480337.3279946,
    "use_input_gate": false,
    "use_forget_gate": false,
    "use_output_gate": false,
    "use_state_gate": true,
    "use_new_state": false,
    "use_old_state": true,
    "use_residual": true,
    "n_layers": 2,
    "state_size": 256,
    "id": "89787edde1e34e8c7b20211faba1a801b20a06aaa98b516bd50502fcd4d6587b",
    "loss": [
        3.6926798943188053,
        3.4483539042599176,
        3.316730462210526,
        3.1359268940500336,
        2.999717915587116,
        2.9279798857894126,
        2.872407491319952,
        2.8065627044071935,
        2.75475215423832,
        2.7586898355847618,
        2.6476706243957087,
        2.62196741600528,
        2.648927493766433,
        2.6039059932853896,
        2.611758244434439,
        2.5446066948103487,
        2.5481279460145543,
        2.5460003384984633,
        2.5076250191224294,
        2.58379359197038,
        2.549213743058626,
        2.5154648665368606,
        2.5027882970669673,
        2.505512297806513,
        2.47136726932781,
        2.472435401599018,
        2.4298623530881156,
        2.434620155759494,
        2.425092499190474,
        2.4362589246209567,
        2.4282053865328477,
        2.445749840513399,
        2.4514641672196444,
        2.416430668410343,
        2.381953857437737,
        2.373245016100495,
        2.4096329389832594,
        2.3972073812341,
        2.3969710639605872,
        2.423620120232084,
        2.3788379918718277,
        2.342033244373785,
        2.324193569174141,
        2.3220388189652796,
        2.306718297011027,
        2.2631035092834355,
        2.291551628971741,
        2.2617344781874307,
        2.276746270942654,
        2.2531897903654454,
        2.2716137130291174,
        2.2638811689229117,
        2.2940072098265754,
        2.263825241420111,
        2.313592949639259,
        2.288632523201284,
        2.248653092361274,
        2.2525160614038318,
        2.250862266885916,
        2.3074166440232906,
        2.2900277626584615,
        2.232993941958144,
        2.2685115545109285,
        2.2766327344502137,
        2.2338434202908286,
        2.2041231596896624,
        2.231434023469922,
        2.2325055330992005,
        2.263555725342622,
        2.2508009189208518,
        2.2500093643969716,
        2.2595567815295734,
        2.2551120816067454,
        2.20262656288906,
        2.197566988418754,
        2.163719410458871,
        2.17166479973258,
        2.1832168237885106,
        2.2357664049499215,
        2.2245574708771976,
        2.163547715789297,
        2.1585339468274043,
        2.182823300493477,
        2.1675153118954538,
        2.151638255034052,
        2.1775467599105935,
        2.1309782701206643,
        2.162113563980026,
        2.1771545008176862,
        2.205517077931618,
        2.148244660953259,
        2.175816953577355,
        2.14543156463687,
        2.160853681723511,
        2.140673237309607,
        2.107041948327577,
        2.0695503211244617,
        2.1113245713031112,
        2.1322192857885502,
        2.1795214814156405,
        2.1615663973985373,
        2.109518361847402,
        2.1119875599023037,
        2.096181282420566,
        2.1244010217325267,
        2.1400943794756193,
        2.0947975862548454,
        2.11848388680744,
        2.1255086535214955,
        2.1056289480179755,
        2.123485873147209,
        2.0991675577507807,
        2.103478160768253,
        2.1053991455844057,
        2.1199695407967134,
        2.0787655957940454,
        2.0401996009830947,
        2.109341809763304,
        2.05632106456797,
        2.1467253255565972,
        2.0740057616851715,
        2.077801049604123,
        2.006656527330711,
        2.0349964377882976,
        2.0719546512346443,
        2.068818098078403,
        2.0888135352342667,
        2.0675064595688513,
        2.060851287516667,
        2.1044360467479657,
        2.0790527905952163,
        2.074949691649552,
        2.055322311701667,
        2.0624231594673126,
        2.0719588893598577,
        2.0606633709592805,
        2.0354745681108057,
        2.0509809537402446,
        2.032575051192842,
        2.131560013109786,
        2.019141203018155,
        2.029837087987752,
        2.0534124125103634,
        2.058710440447195,
        2.0333818270342165,
        2.0512349273967763,
        2.0479776871270916,
        2.0164340505177405,
        2.04258077724006,
        2.025274478293779,
        2.0538358787041,
        2.011774065821703,
        2.008441922592582,
        2.000513072044995,
        2.0512601816205898,
        2.0277509216482037,
        1.9817134587266731,
        2.001663538972766,
        2.0149768143341165,
        2.0966272992896786,
        2.070680771237143,
        2.059939984174678,
        2.0304558475323415,
        2.053349704365326,
        1.9724019384943983,
        2.0372986382783447,
        2.006052946094163,
        1.9710873175749095,
        1.96246067379223,
        2.0196160906230354,
        1.9858099924939052,
        1.9643551688884806,
        1.9520078755277157,
        1.9764947560674837,
        1.9658662427851137,
        2.0105315779525226,
        2.030078407031265,
        1.9721456230496675,
        1.9643132903304792,
        2.048014486528462,
        2.016788160717255,
        1.9604473358339467,
        1.961676576986471,
        1.9702564984954976,
        1.9657141150737263,
        1.993286885827412,
        1.9470274635844915,
        1.9527956132603224,
        1.972067301362088,
        1.9713220474002302,
        1.9305426145419873,
        1.9724560774921052,
        1.9685863311978287,
        1.9242640833153217,
        1.966902782916817,
        1.9545830625543403,
        1.9593712157804688,
        1.998987662971029,
        1.9773717914836342,
        2.0544815921398483,
        2.0349328039328802,
        1.9943441200952445,
        1.992123208130698,
        1.90910048842553,
        1.9730594223174232,
        1.9609548664927192,
        1.9659395550608858,
        1.9336200172905722,
        1.921640679709982,
        1.9578670607533322,
        2.0022093769432083,
        1.9598533902184303,
        1.939766414426206,
        1.9240366639721524,
        1.9292115314300176,
        1.9386916617767984,
        1.9122577447510112,
        1.93387786925697,
        1.9704164340883668
    ],
    "min loss": 1.90910048842553,
    "training steps": 10000,
    "batch size": 256,
    "history size": 1000,
    "dataset": "enwik8",
    "end time": 1730480356.0883448
}