{
    "start time": 1730482043.4633172,
    "use_input_gate": false,
    "use_forget_gate": true,
    "use_output_gate": true,
    "use_state_gate": false,
    "use_new_state": true,
    "use_old_state": false,
    "use_residual": true,
    "n_layers": 2,
    "state_size": 32,
    "id": "8a232f6ab2532a96b3cb7ff4b999890c9c40971bdb892b431204995d26711bb6",
    "loss": [
        4.329588846152975,
        3.526434557985419,
        3.4609298711795793,
        3.3613735837836582,
        3.3056016048684063,
        3.264440456746322,
        3.2176147753819886,
        3.138448654766838,
        3.0975581112109327,
        3.034367003231459,
        3.0043880288326954,
        2.984211585112755,
        2.913876152682292,
        2.8960911228612294,
        2.875349945563849,
        2.842180154335288,
        2.810231328696807,
        2.833321307537019,
        2.8202074814772327,
        2.852832664412584,
        2.8140999701127805,
        2.7927636427033202,
        2.7708718131119974,
        2.7704209157413073,
        2.7274703683527832,
        2.71395339408951,
        2.6720853528368105,
        2.6976637136422363,
        2.6984132088416897,
        2.722696288279516,
        2.7098266928088095,
        2.6820997985852935,
        2.68879467333621,
        2.6611030757014253,
        2.6638026242315687,
        2.6423187132838253,
        2.6018353599186907,
        2.6279349156824474,
        2.622337334806979,
        2.637641266521527,
        2.6464892026254034,
        2.6204508285262387,
        2.6072532567403157,
        2.5991400586858906,
        2.5848128701302837,
        2.558123902512797,
        2.5315664430065343,
        2.5528322296882964,
        2.5211350707566638,
        2.561215483463998,
        2.522027769642314,
        2.5500910762798052,
        2.5617789352111138,
        2.5387658652208964,
        2.5168195522530845,
        2.4986833074048764,
        2.490943078265196,
        2.4961627807747098,
        2.5051420955733876,
        2.547506467633732,
        2.495642056903775,
        2.500885757080695,
        2.4684965614864,
        2.435319763867866,
        2.477372568207556,
        2.437438631993366,
        2.4239256378609224,
        2.3957947194342664,
        2.400479153161362,
        2.4259984749327184,
        2.4100583429235356,
        2.4310688553747077,
        2.4452191570006523,
        2.4062524728626444,
        2.4315020439270354,
        2.393948499628526,
        2.3920323506443726,
        2.4027348639664203,
        2.4035284658867857,
        2.479648183798904,
        2.4597620267896403,
        2.464005486494121,
        2.4183210640803794,
        2.39799656788151,
        2.3521300993300183,
        2.4037069146675276,
        2.4049945667062174,
        2.4058748195165127,
        2.380714474299225,
        2.430145905752511,
        2.391856809033359,
        2.422608513809484,
        2.3911203442761026,
        2.397804701862431,
        2.3828117604641292,
        2.3605766525836263,
        2.3546434102557963,
        2.3806068902921145,
        2.399804874284758,
        2.4350729510573688,
        2.3471008349420655,
        2.3374340273876753,
        2.3627726650324474,
        2.3569024286463067,
        2.346124466820266,
        2.323920297998036,
        2.347686244333,
        2.31140850224759,
        2.309607477913326,
        2.3075236892800914,
        2.3391936910044437,
        2.3152381985499026,
        2.2596963216494266,
        2.331901100333327,
        2.2950286025732276,
        2.314567733189264,
        2.3211906607225785,
        2.31718930272866,
        2.3293221875038483,
        2.4125504599648004,
        2.2992291482336684,
        2.2983479757180163,
        2.264645335981047,
        2.2670522675926668,
        2.2817271892195845,
        2.2903481274188318,
        2.2991799321205475,
        2.2787165148491453,
        2.2833099639911114,
        2.2642530621126364,
        2.2943909580575026,
        2.285370976533224,
        2.285471010731214,
        2.2621937633720273,
        2.2424445541246625,
        2.244126204795672,
        2.2525737646604886,
        2.234057132377133,
        2.257878243663941,
        2.313191554915992,
        2.2946435033889325,
        2.271182932235288,
        2.269111260247101,
        2.283194500340139,
        2.2249631846637383,
        2.235120491037042,
        2.276881546192478,
        2.2610921287663928,
        2.2368666720116432,
        2.2593904155404156,
        2.2169665712689204,
        2.2054630968675815,
        2.2684478595778765,
        2.2691635323635255,
        2.2475946070188257,
        2.2226699459692285,
        2.2629761074312422,
        2.2199836720421606,
        2.2846969387785085,
        2.3419081058016005,
        2.256498199301063,
        2.244315586009522,
        2.2524224600975926,
        2.252537700258204,
        2.2411966794256326,
        2.2609503479803554,
        2.2230411813850894,
        2.229065656432324,
        2.2662688419293118,
        2.2356093469609637,
        2.229328908113369,
        2.2352425521320125,
        2.1876452152731556,
        2.208244431785233,
        2.179482763267117,
        2.2107492927731993,
        2.214413183820299,
        2.183949153102188,
        2.197267637258408,
        2.294392861260999,
        2.299617731875057,
        2.2600876190677672,
        2.2635039671039947,
        2.23430119545202,
        2.2572258799836087,
        2.2562288351749413,
        2.2832192408362983,
        2.2512833752138257,
        2.2423465668130222,
        2.2241673948398004,
        2.2605232438728775,
        2.209702821308506,
        2.2039883737571504,
        2.2276906534368073,
        2.2481400554054436,
        2.199897979037007,
        2.188643771939497,
        2.2006790850495173,
        2.1878720131571634,
        2.2620894741929387,
        2.187184957285583,
        2.1609383111089877,
        2.2023960291277143,
        2.2036128810843962,
        2.1922804413054906,
        2.182192221302032,
        2.194799832474636,
        2.1887593551945645,
        2.1910691752208287,
        2.170890192330294,
        2.1638244875244315,
        2.1723005240539606,
        2.168982829767084,
        2.2274785305496847,
        2.2146803573772154,
        2.1835180700669685,
        2.1596634803376085,
        2.1635475391226215,
        2.1689221721796086
    ],
    "min loss": 2.1596634803376085,
    "training steps": 10000,
    "batch size": 256,
    "history size": 1000,
    "dataset": "enwik8",
    "end time": 1730482079.9333377
}