{
    "start time": 1730477678.0391726,
    "use_input_gate": false,
    "use_forget_gate": true,
    "use_output_gate": true,
    "use_state_gate": false,
    "use_new_state": true,
    "use_old_state": true,
    "use_residual": true,
    "n_layers": 2,
    "state_size": 256,
    "id": "8a7372a6c8eeb2ac3beba027618e3f35a3aa2e26ebe98b5160c8ad72cd5d6e73",
    "loss": [
        3.8121972990399065,
        3.453153508929071,
        3.1991271380959545,
        3.002901200983397,
        2.8906179634543996,
        2.8010302686492277,
        2.743391661834893,
        2.652684447902574,
        2.645053029736337,
        2.5460790926037626,
        2.510295953907567,
        2.4275134537748833,
        2.4132029338063252,
        2.3630723253773387,
        2.3519631128465717,
        2.3874539018211154,
        2.3697619939703065,
        2.313833212496297,
        2.312377564002382,
        2.3025006480709638,
        2.2787966431994735,
        2.2512680163365135,
        2.2170671916681846,
        2.1874378223580906,
        2.2106154143798347,
        2.2048809163661196,
        2.162367282246295,
        2.1454533224684242,
        2.1457838856547693,
        2.128744380159741,
        2.068261661736874,
        2.1148914081721997,
        2.0880713462078164,
        2.0621769494781157,
        2.0558687605424484,
        2.0021180225699284,
        2.0213640026113078,
        2.0237441105688716,
        2.0401412448733094,
        2.093392663735082,
        2.044169325341423,
        2.0026469087060312,
        2.0021369533274727,
        2.0133043346798063,
        1.9869600072011604,
        1.9842034765535002,
        1.9502065169114076,
        1.934672744051633,
        1.9661331811107479,
        1.9129124797012416,
        1.915483753058794,
        1.8873954128357764,
        1.9080815419173953,
        1.9359224303554456,
        1.908720815858788,
        1.9309258188606548,
        1.9413819810112007,
        1.8550593376666296,
        1.8778225699033262,
        1.9535334581544883,
        1.9654644828424295,
        1.9460293624863527,
        1.9518011959536852,
        1.8782810078896195,
        1.9066788295207888,
        1.8435233833327413,
        1.8697674169051866,
        1.8613185396145766,
        1.8130975309746211,
        1.8303372915180667,
        1.8279109711309094,
        1.8751597204374584,
        1.8542288846984005,
        1.8435225617718154,
        1.8526126404219807,
        1.8290391397631847,
        1.8416544522671303,
        1.8502449716774652,
        1.8649372352101712,
        1.9862213933918198,
        1.9041952365964516,
        1.8759905804503667,
        1.811286672224093,
        1.8578509319580432,
        1.811856409151352,
        1.7859012857532646,
        1.7505477217699719,
        1.7676279328193008,
        1.7952593478733585,
        1.7769293708676133,
        1.8284489251727198,
        1.7878768100051323,
        1.8076329494782357,
        1.7904122381841656,
        1.7824955120127413,
        1.7908355467110515,
        1.7336946876354513,
        1.7652988266521765,
        1.733905269570111,
        1.8794158856901344,
        1.8767229200993962,
        1.8210330240581287,
        1.8875581028163977,
        1.8329217159499047,
        1.807663863267424,
        1.8044972052528963,
        1.805098561196003,
        1.8592948663378068,
        1.8334737430153214,
        1.8040275429158883,
        1.7564991612510295,
        1.8069512046329772,
        1.805008460613569,
        1.7937724967217137,
        1.7947759250855602,
        1.7932385883273683,
        1.780472554634769,
        1.811499933618641,
        1.7619603618298603,
        1.8984109763461694,
        1.8246553473954497,
        1.8623666615621244,
        1.7997583476248713,
        1.7361045933082755,
        1.7786399772536186,
        1.774067808784784,
        1.7487837587130803,
        1.7405650260888799,
        1.7634685636028424,
        1.6920944684046342,
        1.7238231117009797,
        1.736820689482582,
        1.7641310919861695,
        1.741972059462095,
        1.7736115715814984,
        1.7640713258751606,
        1.7859396998101074,
        1.7200690388021165,
        1.748431427785543,
        1.8811342430736084,
        1.8794762081533942,
        1.8372554782886998,
        1.8271830245693166,
        1.8033912498419646,
        1.8128568874789284,
        1.8165946320531088,
        1.8029554823294278,
        1.7663268632078806,
        1.751767252107658,
        1.7811217224771163,
        1.778613168650499,
        1.8063725380610494,
        1.7445139059672337,
        1.741356569222898,
        1.7763820890014383,
        1.7975670932015337,
        1.733376992673143,
        1.72013720309268,
        1.7629857284573032,
        1.8742817691238833,
        1.8706122956146451,
        1.800603858036258,
        1.7576372152726614,
        1.7625836412124143,
        1.7582496311306963,
        1.8117136702899832,
        1.7315658595398318,
        1.724933647410851,
        1.7136574341586943,
        1.765818523170603,
        1.7415669498498167,
        1.763245959946949,
        1.7510801891457313,
        1.7553930721565725,
        1.758582194812023,
        1.7534353780004015,
        1.7503668948829467,
        1.6765867031077202,
        1.7524760765027392,
        1.8500571343798875,
        1.788439443002345,
        1.8018144792508206,
        1.7657261977872003,
        1.7498040052729162,
        1.7146214780105011,
        1.7501763323398816,
        1.7346428245757406,
        1.731607621953532,
        1.750520505326045,
        1.756099395393774,
        1.7371715377642478,
        1.7278770853487342,
        1.7211317802009078,
        1.7194280590723805,
        1.74690981324738,
        1.73102374328698,
        1.7480358639948066,
        1.686310897332852,
        1.6688325828194055,
        1.8194454575728507,
        1.7610155634369558,
        1.7971143919256507,
        1.7030503576293499,
        1.7192430885994108,
        1.7129206332565226,
        1.754588712726288,
        1.734356831857094,
        1.696526927313204,
        1.7134179643518157,
        1.6824069454834478,
        1.7242745913446724,
        1.6722294632584986,
        1.6922197835215111,
        1.7203318939611631,
        1.7130621201469087,
        1.7115083030144855,
        1.7105896308990982,
        1.7140558827546255,
        1.752564074043676
    ],
    "min loss": 1.6688325828194055,
    "training steps": 10000,
    "batch size": 256,
    "history size": 1000,
    "dataset": "enwik8",
    "end time": 1730477718.4356294
}