{
    "start time": 1730481844.0728097,
    "use_input_gate": true,
    "use_forget_gate": true,
    "use_output_gate": false,
    "use_state_gate": false,
    "use_new_state": true,
    "use_old_state": true,
    "use_residual": true,
    "n_layers": 2,
    "state_size": 32,
    "id": "8c25c58ccd822fa4f5c4af31b05ed0989adce93f176146ac5da11fbc0e2b3a2e",
    "loss": [
        4.665426883823624,
        3.6436155439685947,
        3.5238461237475835,
        3.4899330243828692,
        3.4123399381103092,
        3.3910681721503306,
        3.3735514186638405,
        3.3485153031778627,
        3.261310005496785,
        3.2247307990827356,
        3.155945350880664,
        3.1248214731068438,
        3.0530717300754247,
        3.0528730869543375,
        3.0115628425617174,
        2.9484059327912493,
        2.916828914973013,
        2.923014677238767,
        2.8850490378970672,
        2.8747948252786184,
        2.8097074221475706,
        2.7704742076058597,
        2.798624652834359,
        2.772455378000519,
        2.7812273194066415,
        2.792507728705186,
        2.7172195385538997,
        2.7214201328527134,
        2.698009115608792,
        2.6677881467025246,
        2.647435567167108,
        2.624179454691601,
        2.6524785357891236,
        2.631379400832702,
        2.6169607072029963,
        2.604297009955153,
        2.6396874687381002,
        2.6005431874711924,
        2.573030149311701,
        2.6556490932610353,
        2.5973633346883993,
        2.5809347267788514,
        2.5817280201816084,
        2.563617687487795,
        2.5950215061634814,
        2.5748994323603425,
        2.56054655202684,
        2.566368862611091,
        2.5494372388430735,
        2.5390956337581168,
        2.5273654258980205,
        2.5335854266122952,
        2.5241581180796766,
        2.5002397252979978,
        2.479005879813017,
        2.5037307181947863,
        2.497478013027439,
        2.51414646593511,
        2.4920840278916283,
        2.5955979050858415,
        2.5301336488185107,
        2.526618650315942,
        2.5081590028184753,
        2.4899574152248247,
        2.4554559174532966,
        2.441367831338724,
        2.4643027556025716,
        2.4764551134412796,
        2.483408629851805,
        2.4605451254357087,
        2.444920439384613,
        2.460125497963501,
        2.4310671815877978,
        2.435377342429545,
        2.4554802867992906,
        2.488518932021439,
        2.4628195914089033,
        2.4170093311138228,
        2.445690558341696,
        2.4761472723665703,
        2.4257091464021343,
        2.419017557854265,
        2.419268270367678,
        2.4262276715487134,
        2.419339414655359,
        2.4110785133942723,
        2.4244471501629117,
        2.4327027988268477,
        2.4305745846751754,
        2.4256443512381365,
        2.405024004159341,
        2.424040012740154,
        2.408568028520887,
        2.427898532730585,
        2.410841767589097,
        2.413918701242244,
        2.3969121060995464,
        2.4022332380886766,
        2.3972411983979725,
        2.4486363586009747,
        2.420800188113602,
        2.36364194194378,
        2.35848107324969,
        2.3756274527317065,
        2.3672723665450883,
        2.3826022068252644,
        2.375266431291917,
        2.3853010838583053,
        2.345660167805575,
        2.324653337992478,
        2.3198646508866383,
        2.288643653033074,
        2.326495839898029,
        2.365584266170227,
        2.3487390098743375,
        2.3693098133699517,
        2.373049978593451,
        2.368977531819512,
        2.3708870948654495,
        2.406959669755583,
        2.40649807686389,
        2.390960950348326,
        2.343601031756791,
        2.3840395173302484,
        2.313426048687388,
        2.364215063689092,
        2.3855960664687275,
        2.330299258095979,
        2.3683382192911124,
        2.306832580496572,
        2.3278225676851707,
        2.3387443900981966,
        2.3169586710703927,
        2.3174631344147163,
        2.3030673266501522,
        2.287760241176531,
        2.311137971691958,
        2.284145399081115,
        2.3557461358495146,
        2.3910926786695645,
        2.3671145081073908,
        2.3430170163934267,
        2.3084395278842402,
        2.309560945154173,
        2.327345755416436,
        2.295914798171784,
        2.3135997581328334,
        2.308057490036125,
        2.323800583091366,
        2.3022808851933516,
        2.3166063993539865,
        2.314972614154657,
        2.294106629986145,
        2.3258605167330173,
        2.3206708725209135,
        2.2951879145692073,
        2.3046195038781327,
        2.316688621192846,
        2.334033370458648,
        2.346801632733539,
        2.343673583913025,
        2.326319491429588,
        2.314249358826371,
        2.3057958619445142,
        2.3179882807631493,
        2.3012757241241975,
        2.293462372239283,
        2.2796998456404833,
        2.3133734863526065,
        2.2652060127906473,
        2.262083513225133,
        2.288555362453356,
        2.2587716326885032,
        2.2930449587507615,
        2.2875377786963966,
        2.2931162781219347,
        2.257532306730546,
        2.2645388840147582,
        2.254833413156717,
        2.336322965913012,
        2.27972251487381,
        2.257719360236165,
        2.2574397429084665,
        2.242717242708711,
        2.280180230284648,
        2.2484550122565126,
        2.306983560910437,
        2.3044774591926296,
        2.275039935304772,
        2.2511143382271555,
        2.268317129475096,
        2.261562478889497,
        2.2845446255179658,
        2.2492646522656314,
        2.287673656341064,
        2.3029222804113316,
        2.2480614477964616,
        2.2675049218981593,
        2.269148438726203,
        2.340109868875239,
        2.250752544695811,
        2.252962720878789,
        2.221852778380662,
        2.2406843707125397,
        2.2459347656562287,
        2.259928576645819,
        2.2319407562973814,
        2.2447758777625633,
        2.2771375363039077,
        2.249240919171768,
        2.247671228272715,
        2.262900801426314,
        2.2545399364843286,
        2.2328191591947015,
        2.235098347526101,
        2.192859306962312,
        2.231550299697557,
        2.216305751364567,
        2.200618535604193
    ],
    "min loss": 2.192859306962312,
    "training steps": 10000,
    "batch size": 256,
    "history size": 1000,
    "dataset": "enwik8",
    "end time": 1730481891.6841586
}