{
    "start time": 1730477686.8567276,
    "use_input_gate": false,
    "use_forget_gate": true,
    "use_output_gate": false,
    "use_state_gate": false,
    "use_new_state": true,
    "use_old_state": true,
    "use_residual": true,
    "n_layers": 3,
    "state_size": 32,
    "id": "8e32e8f3c402ddcf70c8c068d28cfecd0e34eedc79cd04a74d98b647896aa45d",
    "loss": [
        4.321669875607961,
        3.5768682999844437,
        3.4588083440386557,
        3.3609983584446286,
        3.350184641823096,
        3.281410264719782,
        3.202673359003771,
        3.1618073154525934,
        3.1219977136651478,
        3.100996622614513,
        3.049973095468574,
        3.0302503610296982,
        2.9964477315580864,
        2.9560380625064258,
        2.967876454064013,
        2.94958120311463,
        2.9708215706987753,
        2.9901976689386296,
        2.956201169865311,
        2.9448766534681736,
        2.882794437313541,
        2.887065122964111,
        2.89388384255293,
        2.870009300714176,
        2.867699290679861,
        2.8453422798299606,
        2.825337020928746,
        2.7787752428853962,
        2.789102989960072,
        2.837461438042966,
        2.790870982547798,
        2.810629406395649,
        2.779242743971731,
        2.7674311011133756,
        2.7517278379018313,
        2.7580023780847664,
        2.7914808751353872,
        2.7746674135309326,
        2.721461222299003,
        2.7957857994118522,
        2.7361248591774423,
        2.7255779217692457,
        2.7060516620889516,
        2.652316746648275,
        2.6731008144456605,
        2.671208257509347,
        2.702285527113996,
        2.673158891603112,
        2.639403322171762,
        2.651042422593209,
        2.6542204625786296,
        2.599126842976833,
        2.6259551483478374,
        2.6026064263087343,
        2.6040814404588155,
        2.566372040970436,
        2.5813952134695812,
        2.582126476070217,
        2.597806183856287,
        2.6872070234887264,
        2.6380686652627894,
        2.6420259152884036,
        2.6055267136549913,
        2.590553987753871,
        2.606873981902455,
        2.5983078203110956,
        2.6303130403964117,
        2.5889479848702974,
        2.5933317335272497,
        2.5881483312311278,
        2.558339414652196,
        2.5764170347025237,
        2.558505707905346,
        2.5181027333557098,
        2.5317269732681766,
        2.541230649203462,
        2.507203047468126,
        2.5157682635464815,
        2.5292038603209677,
        2.5843054194418853,
        2.556191752681551,
        2.5409830256804335,
        2.495473938762518,
        2.5127930708996327,
        2.5172659344831603,
        2.550420322180085,
        2.5189017422633553,
        2.5039359575821036,
        2.491062183893222,
        2.4655480756139907,
        2.5164192243756958,
        2.479452000075539,
        2.4913813386397865,
        2.4886675048573905,
        2.4993419446288043,
        2.465624258133941,
        2.42782809645216,
        2.474569773998997,
        2.459011460545892,
        2.5410875724681263,
        2.4735841506056744,
        2.4781463591812702,
        2.4458240769687363,
        2.4187844310766673,
        2.4583046401906192,
        2.449029928045143,
        2.4595193952333374,
        2.4656830175112434,
        2.4449579337675145,
        2.501910664220927,
        2.4844792362645842,
        2.47526105185992,
        2.4425106356115824,
        2.4450023221275323,
        2.42513540765791,
        2.4844956080704472,
        2.458764448156429,
        2.4762664980965305,
        2.4562741270208828,
        2.5475017286997623,
        2.456001728874155,
        2.4480824936495016,
        2.4172511767996334,
        2.386518085876779,
        2.4105246023461695,
        2.4130361187016494,
        2.378484292456189,
        2.4123611123234245,
        2.3897934915848733,
        2.4332371629316047,
        2.441385608358503,
        2.422117149192582,
        2.3938553876537885,
        2.3953970424868847,
        2.3988427027213186,
        2.397816254968683,
        2.406569671227161,
        2.373797804663739,
        2.3699367891270438,
        2.491133128191969,
        2.413787129882743,
        2.3974132837704945,
        2.413277516268571,
        2.385120579284017,
        2.4100259734638034,
        2.370593687435849,
        2.3901944534343125,
        2.4125747234177815,
        2.4082352315841944,
        2.3601766414293426,
        2.3772054246673116,
        2.419424919290951,
        2.355326709784707,
        2.384226327681663,
        2.3990248862642507,
        2.379579524678345,
        2.379851951266973,
        2.347289732524518,
        2.36399416738189,
        2.419524314456102,
        2.349042015672841,
        2.406370058875557,
        2.3927598077144356,
        2.3526086610557257,
        2.340614077228973,
        2.3635698831037315,
        2.3518392949593077,
        2.3302538261238936,
        2.3536318873019457,
        2.3476289520547216,
        2.3489814136450313,
        2.3359480055786257,
        2.3182949692437114,
        2.372705236106717,
        2.3493499365596153,
        2.36487208326731,
        2.3459097642545634,
        2.3523154686225833,
        2.3664822089656496,
        2.4259719826253834,
        2.334339375228764,
        2.366306685167436,
        2.3382877190992795,
        2.345095128957212,
        2.3128917110788207,
        2.3406907902680953,
        2.329933477607431,
        2.3403201985755184,
        2.378502710174273,
        2.361581856874513,
        2.3804053314180393,
        2.3166787836964584,
        2.3302060648401812,
        2.326397911001793,
        2.33787307198952,
        2.311330329415952,
        2.35065144434392,
        2.3324377591462984,
        2.3016662746255547,
        2.3468905476557027,
        2.322727955920704,
        2.290213201576168,
        2.326913451616305,
        2.3337301766251413,
        2.325462991633596,
        2.304554633963738,
        2.3086531245375075,
        2.316736488016452,
        2.306218715405984,
        2.284135421566255,
        2.3115306175038084,
        2.3024095678484193,
        2.296785590264393,
        2.291860690278415,
        2.3394035860417737,
        2.318829591440245,
        2.294995593457559,
        2.292406512603138,
        2.3190142563721214
    ],
    "min loss": 2.284135421566255,
    "training steps": 10000,
    "batch size": 256,
    "history size": 1000,
    "dataset": "enwik8",
    "end time": 1730477733.2986236
}