{
    "start time": 1730483589.4946165,
    "use_input_gate": false,
    "use_forget_gate": false,
    "use_output_gate": false,
    "use_state_gate": true,
    "use_new_state": false,
    "use_old_state": true,
    "use_residual": true,
    "n_layers": 3,
    "state_size": 256,
    "id": "8f36416da05db640d74db895e90c3ddccad3003817899edaeaa1e853c5802654",
    "loss": [
        3.636716135431994,
        3.4047924783504637,
        3.2961694710699874,
        3.2228975648703146,
        3.160960300571524,
        3.038668898376024,
        2.9219151066644424,
        2.8506753509849543,
        2.815503629486022,
        2.7803293254373322,
        2.7579129648248144,
        2.671861056064028,
        2.6784481771626485,
        2.656246014514387,
        2.6498252442354535,
        2.621164952254544,
        2.593644647878913,
        2.549637240146368,
        2.5722733754690634,
        2.593732397873325,
        2.547997596325174,
        2.509061836264129,
        2.5039132560476385,
        2.4769137303904416,
        2.466479264266112,
        2.4513621965989687,
        2.4148773517224074,
        2.4092542827332593,
        2.4358226313871385,
        2.4177853963633544,
        2.3903290953929726,
        2.3708472061248758,
        2.410500960319359,
        2.36211902576473,
        2.331293502497447,
        2.3225910417327675,
        2.363688482342511,
        2.3442795154814142,
        2.3385974477127527,
        2.387497219238387,
        2.3458786500874993,
        2.3041859372577456,
        2.3000284414478527,
        2.3415734966322352,
        2.2737769173211926,
        2.3162150372951498,
        2.2800724244713586,
        2.28321308538318,
        2.251068328097453,
        2.273289415601898,
        2.2571208710224027,
        2.19598613246987,
        2.235890671830537,
        2.25849828066217,
        2.2590505253085276,
        2.207196169330079,
        2.243964283690575,
        2.210605643522814,
        2.240897454242698,
        2.3044037962680526,
        2.234682441973873,
        2.2295770146380334,
        2.2249980186587117,
        2.189846833662363,
        2.165992304593375,
        2.17165103641106,
        2.15081265833963,
        2.2047148891119392,
        2.192500029121415,
        2.183293534807306,
        2.1694481246239032,
        2.1791707013129904,
        2.19029763843262,
        2.1135908219080837,
        2.146123749721187,
        2.1458890779453577,
        2.122285832492793,
        2.1202416524610985,
        2.1440912854745533,
        2.2009234233202566,
        2.1999450447538162,
        2.167600017449152,
        2.1603463684058344,
        2.128092691085117,
        2.103656113823094,
        2.1186643677844152,
        2.1153587458375305,
        2.114635785808481,
        2.1095326051940195,
        2.134599571142021,
        2.0848834224541086,
        2.0956597576084737,
        2.0996149610480717,
        2.0942269361542665,
        2.0607962846681507,
        2.0737425467163564,
        2.066925094142554,
        2.075606277849273,
        2.058496925860105,
        2.1577878469990455,
        2.113112084658355,
        2.0518629390707703,
        2.013995758403877,
        2.0337851647610816,
        2.0045321320205405,
        2.0383041659583867,
        2.036788827356823,
        2.0340198162525254,
        2.053194096295945,
        2.0559117032183907,
        2.0112688388094107,
        2.0441285367407076,
        2.0666615116177005,
        2.0606115754820786,
        2.060256418833815,
        2.009200140293273,
        2.001544634434655,
        1.983258078075052,
        2.0420486765764863,
        2.1475313903662476,
        2.064927894298427,
        2.018973139097486,
        2.024414840994254,
        1.9819171749952,
        1.9650370535940107,
        2.002793597336044,
        1.9585021181069715,
        2.030764957661026,
        2.0080723894865473,
        2.012220031834252,
        2.0064807642625464,
        1.9650136257081305,
        1.983838010831612,
        1.9886555529788394,
        1.9859077482290641,
        1.9599442822006414,
        1.9466427338018075,
        1.9778062203971287,
        1.9873294401637247,
        2.063004649348794,
        1.9947161937291913,
        1.995802011884155,
        1.8953896358792168,
        1.9696335753335885,
        1.9910077923947453,
        1.949613316120754,
        1.9256859623466913,
        1.931546899683548,
        1.9530306650455185,
        1.9269887854179504,
        1.8797894251950318,
        1.904618074299362,
        1.8799319401391004,
        1.9343350364071057,
        1.908460346748902,
        1.899179188351124,
        1.8833615931047476,
        1.9043043323241644,
        1.879885455377575,
        2.015115635367349,
        1.965730690810274,
        1.932299953757973,
        1.8975334598594942,
        1.940710358156714,
        1.9418507967326504,
        1.9185066362395224,
        1.971304234374948,
        1.971631248364045,
        1.9335744219010793,
        1.9136770631407607,
        1.8775668395459693,
        1.8790205626400047,
        1.8906029596736733,
        1.8942089689795696,
        1.9075505741729983,
        1.9153188714820755,
        1.9391366294572896,
        1.887851432014261,
        1.936631726489763,
        1.9956759734399816,
        1.926476174521265,
        1.884336241376871,
        1.8892951466527734,
        1.905650738587323,
        1.881751948697474,
        1.877043168582176,
        1.8757844594041893,
        1.8541849079149446,
        1.8463057422613793,
        1.8555612937291415,
        1.9015131624042412,
        1.8769666563266145,
        1.8618275324208242,
        1.8569911154126664,
        1.8826359124583507,
        1.8725242705559384,
        1.9070220890524094,
        1.8760273514367931,
        1.8727591150206953,
        2.01240915350579,
        1.915526758879091,
        1.8797243996505077,
        1.9226719545984792,
        1.9097901656369243,
        1.9354301462923607,
        1.9040391090834692,
        1.895605752090093,
        1.8338865455052666,
        1.8993083074992347,
        1.910237400853776,
        1.9483261938720333,
        1.8622304857038523,
        1.8959236207700556,
        1.888104027694405,
        1.913041065594578,
        1.9029039665126104,
        1.874519867758392,
        1.8741286241412323,
        1.9039308959061756
    ],
    "min loss": 1.8338865455052666,
    "training steps": 10000,
    "batch size": 256,
    "history size": 1000,
    "dataset": "enwik8",
    "end time": 1730483613.357423
}