{
    "start time": 1730481525.3454604,
    "use_input_gate": false,
    "use_forget_gate": false,
    "use_output_gate": true,
    "use_state_gate": true,
    "use_new_state": true,
    "use_old_state": true,
    "use_residual": true,
    "n_layers": 3,
    "state_size": 32,
    "id": "90407e246758b8cc118a6ea12b3000ee7c091b0142f82ec25b93cda773e7e201",
    "loss": [
        4.050487233016705,
        3.544316914835013,
        3.476958492057368,
        3.4275235085454776,
        3.360802395788848,
        3.3433400719651143,
        3.260629714775856,
        3.1884409053588905,
        3.145044060074023,
        3.0397670641129,
        2.9956555954979347,
        2.934117815941708,
        2.9035312384197813,
        2.8490693610693496,
        2.8370694927528386,
        2.784851446188975,
        2.760027786392823,
        2.759181285815891,
        2.7424420329440116,
        2.804861866220501,
        2.7902880897706424,
        2.7577204503055386,
        2.7070355764790066,
        2.708018766970664,
        2.736815768778613,
        2.679783601881975,
        2.6747747188680515,
        2.628639859606977,
        2.637017078480375,
        2.6638775360820124,
        2.6186750545238584,
        2.6732381839202954,
        2.5691201425115158,
        2.5784132522711793,
        2.574249533825835,
        2.617165276175825,
        2.5599659041738176,
        2.5619183354919617,
        2.60496531261254,
        2.614823696503209,
        2.551875226895645,
        2.5697231438984134,
        2.5031982085485547,
        2.5472188789332635,
        2.5487655660271127,
        2.4914793838022664,
        2.5151174754847467,
        2.4825834461742597,
        2.4746185865850454,
        2.483884520601201,
        2.4897369334729134,
        2.475426870884279,
        2.4869314098668793,
        2.4851197721821436,
        2.5029905416432006,
        2.4683069277980927,
        2.474246696291413,
        2.435532095324415,
        2.4853549610979324,
        2.538729942543271,
        2.4849089843454566,
        2.4771458712279446,
        2.460910563060689,
        2.4643229746292907,
        2.483156261169392,
        2.4468196459446045,
        2.4672504603224983,
        2.4396858752744763,
        2.4690214494653673,
        2.476268910659537,
        2.4821205796936905,
        2.4636131931301697,
        2.4267400665355763,
        2.4482636575621117,
        2.4410776594999675,
        2.4509680499461743,
        2.4001657221182477,
        2.407481958800895,
        2.446312893641354,
        2.4965321323203553,
        2.4343038816273173,
        2.395663324709342,
        2.382246933963229,
        2.399099867099821,
        2.374864449320858,
        2.3588514892783743,
        2.3928419857723635,
        2.329260631272181,
        2.3901261056565186,
        2.350274452032198,
        2.3185288275812765,
        2.342788562173159,
        2.360174963481601,
        2.285395989839293,
        2.3625615143893675,
        2.3580817930547715,
        2.3517515740351027,
        2.3384370342946963,
        2.337359753590991,
        2.4346206250481415,
        2.3612074176085525,
        2.289686990798079,
        2.3330388978001504,
        2.310769660407263,
        2.314534841350478,
        2.3096403144908706,
        2.3143850586398544,
        2.317222438390901,
        2.323500249443429,
        2.3179838763784786,
        2.3020507330141498,
        2.3192249296965906,
        2.2701597675114256,
        2.3149053075206987,
        2.289730100943164,
        2.3131876694226823,
        2.294281821322014,
        2.2843419133965117,
        2.30557834889476,
        2.383510587705153,
        2.326860510005992,
        2.3167686646085315,
        2.28607391508467,
        2.288812290032367,
        2.280893094171281,
        2.251837075968657,
        2.248541032119778,
        2.229213614971279,
        2.236153175253298,
        2.2201081513203644,
        2.233383539518716,
        2.273323332715535,
        2.2609113970564385,
        2.2313603913702784,
        2.236766699260329,
        2.2469447144249615,
        2.2434785213082313,
        2.2398187705586756,
        2.2200523442615068,
        2.2934194292498775,
        2.2285717989027267,
        2.256102356287519,
        2.254187386952819,
        2.2632255495678715,
        2.270357531959235,
        2.2358303658152074,
        2.2107030206473297,
        2.23907937359154,
        2.2068258272079935,
        2.2330821369743203,
        2.2457571118428885,
        2.2074750687751057,
        2.2226762385434196,
        2.219717512493229,
        2.228040212277585,
        2.224100921545091,
        2.2667069715993744,
        2.24054132700213,
        2.2302238939458565,
        2.2920344579306935,
        2.30869740547841,
        2.297097690905554,
        2.292407234379495,
        2.3011191158298616,
        2.271073190425831,
        2.268987349666009,
        2.2435929887258443,
        2.310327157331728,
        2.2577967953385687,
        2.2868620215660025,
        2.2589142964730753,
        2.253731493637542,
        2.2344472857137827,
        2.2266670455232025,
        2.2344670266968216,
        2.2225005070947894,
        2.1972731566019825,
        2.2403942768827183,
        2.2035702725619726,
        2.2878710432090172,
        2.241126202867137,
        2.1955226804782475,
        2.188413219704125,
        2.180812032809855,
        2.205977176628879,
        2.2147727077059898,
        2.196501115672527,
        2.1893026234127455,
        2.200797943955158,
        2.177689477667841,
        2.2065230565633907,
        2.182396629870412,
        2.1484657466014836,
        2.1631683428199486,
        2.1720695973832584,
        2.1535567740529404,
        2.2305671292225813,
        2.1997336770731857,
        2.2352064149900475,
        2.2497205046681934,
        2.1754965548793894,
        2.1619045415762104,
        2.1728664328919245,
        2.1760934803325678,
        2.131575771122919,
        2.1554676837152,
        2.172536359910212,
        2.1004482988342787,
        2.152736414746675,
        2.1023199637015786,
        2.165580680663119,
        2.173531272383031,
        2.163953244348817,
        2.2134313971656474,
        2.1858195130055877,
        2.1905717279093153,
        2.2341074214390853,
        2.175992869938018,
        2.189004543124083
    ],
    "min loss": 2.1004482988342787,
    "training steps": 10000,
    "batch size": 256,
    "history size": 1000,
    "dataset": "enwik8",
    "end time": 1730481582.283526
}