{
    "start time": 1730475899.8707397,
    "use_input_gate": false,
    "use_forget_gate": false,
    "use_output_gate": true,
    "use_state_gate": false,
    "use_new_state": true,
    "use_old_state": false,
    "use_residual": false,
    "n_layers": 2,
    "state_size": 256,
    "id": "904704d61c5d433dcdb705ef19b14b5974d4d6938f640eadc88bfb9131db7f99",
    "loss": [
        3.633074016222094,
        3.4494482704028977,
        3.3340111904189516,
        3.1592701571533763,
        2.984193141243989,
        2.8557012044421315,
        2.7544124893603956,
        2.7097420786788198,
        2.686245333349335,
        2.5622700852888576,
        2.5176792318313357,
        2.4710506733262547,
        2.4510155627704133,
        2.461122158827565,
        2.436482117931851,
        2.4507185979872386,
        2.4203717453499687,
        2.3834337624471673,
        2.3827580155471555,
        2.384541707283254,
        2.3643917657323223,
        2.32546331323099,
        2.286306262299984,
        2.2743809096433396,
        2.272900421350536,
        2.2265794858036205,
        2.235978388726902,
        2.238873993931512,
        2.2067647538111625,
        2.1703114078483736,
        2.1980707244086237,
        2.199122474044535,
        2.171378708120747,
        2.158546296128404,
        2.1911158270551176,
        2.1656211127864697,
        2.149751407046364,
        2.112934363827295,
        2.1311735520944484,
        2.217345836264913,
        2.194791180844561,
        2.127091437400788,
        2.1290041742014383,
        2.1781273013056968,
        2.1393978428946068,
        2.091740939665375,
        2.059355929795633,
        2.0804709352502093,
        2.1052121467622817,
        2.059170726459286,
        2.1089290467735253,
        2.054661631331006,
        2.0867891388607074,
        2.0642257125151504,
        2.0733223810442194,
        2.0697973347781975,
        2.032665780867335,
        2.02119226120065,
        1.9913484300381044,
        2.117276574258712,
        2.142320197034209,
        2.096495116225184,
        2.061883274574103,
        2.024145584829124,
        2.0654250472706144,
        2.0380281863689667,
        2.0201080229198447,
        2.0091319917339576,
        2.0149860165198605,
        2.048079567706795,
        2.0195531910524105,
        2.030230882502542,
        2.0097759668075796,
        1.9949739073072739,
        1.939035781219236,
        1.9819579954441593,
        1.941204908299268,
        1.9489181034593273,
        1.9515656528914536,
        2.1190734268049627,
        2.0476699824554907,
        1.977339381726714,
        2.0028736788321764,
        1.9990712332426679,
        1.9886868506199764,
        1.998135037870453,
        2.0030895445114942,
        2.008981376044613,
        1.9650647275051176,
        1.9520740073723473,
        1.9704154752901974,
        1.9841212169895708,
        1.947893325887897,
        1.9375070043757643,
        1.9580155494612015,
        1.9499589799645258,
        1.9030251092930348,
        1.8871425221925897,
        1.9220354345459076,
        2.0929686786163724,
        2.0279430171432034,
        1.9544020412044905,
        1.9559193678826168,
        1.9670447971896488,
        1.954334542959856,
        1.9082471941153305,
        1.961186493769712,
        1.9334844874560166,
        2.006012551273385,
        1.9064469005330824,
        1.9405586162180544,
        1.9849405272227891,
        1.933934150155477,
        1.9530976220298706,
        1.8968193420472401,
        1.8691856723818527,
        1.8849423551639262,
        1.8719334912866095,
        1.9253563287280633,
        2.020285690139282,
        2.0292111913905138,
        1.95799908661691,
        1.9655788543218204,
        1.9383216835698112,
        1.9639659174899138,
        1.927007621412009,
        1.880635612756985,
        1.8962131330970646,
        1.8733276626730884,
        1.9108337560980047,
        1.8993751256672267,
        1.9030886792059634,
        1.8531069000072644,
        1.928296529961352,
        1.9084293222989215,
        1.8847463790037302,
        1.8847555663468352,
        1.848951392272877,
        1.8998223492090396,
        2.0085676138266826,
        1.9777157594442547,
        1.9402805916079062,
        1.9488687754986087,
        1.945929345199738,
        1.974106340051124,
        1.9093984792125704,
        1.9764696551666332,
        1.9776914082858899,
        1.917909599926006,
        1.9078262556381707,
        1.8946834912023565,
        1.8689096085004486,
        1.8805010801774187,
        1.8780415936305117,
        1.8579190598435316,
        1.8569134959793394,
        1.8403967795730076,
        1.8294863309821767,
        1.8132220944246862,
        1.9731954865778296,
        1.9028851626643968,
        1.8648761608967974,
        1.8526093076469052,
        1.8524177476689216,
        1.8310115729102274,
        1.8214432102118117,
        1.8326446634192535,
        1.8449346495685461,
        1.8670649867950755,
        1.879728775683309,
        1.861696552390564,
        1.8064561593022463,
        1.831767373110504,
        1.8747626915954467,
        1.8326046098437607,
        1.7958093455028563,
        1.8073298825977762,
        1.7876463745137192,
        1.8269238345067382,
        1.9932234987483002,
        1.9019896015837756,
        1.8636523452541915,
        1.8762349300939511,
        1.893124769837415,
        1.8417339433287514,
        1.8669773233973805,
        1.913141648306842,
        1.8730928156274353,
        1.8653280727172972,
        1.8960361289868628,
        1.8351202513191738,
        1.8378137889621768,
        1.8877588365696882,
        1.874619193184459,
        1.8486042549649873,
        1.8754362051597104,
        1.8922477445323627,
        1.8717482499580114,
        1.8333479262905472,
        1.9662276681748834,
        1.8967862337929442,
        1.8679950073044669,
        1.8804528038628827,
        1.8463279347711916,
        1.8617004614466266,
        1.886985998739813,
        1.8339170376495997,
        1.8157630807828005,
        1.7967361574720082,
        1.8281710484663294,
        1.8335231060675132,
        1.8619024915095095,
        1.8203551193551613,
        1.8542637179594121,
        1.858120952458772,
        1.8352308751028215,
        1.8414171289379921,
        1.803666828808853,
        1.8256551497775468
    ],
    "min loss": 1.7876463745137192,
    "training steps": 10000,
    "batch size": 256,
    "history size": 1000,
    "dataset": "enwik8",
    "end time": 1730475929.3876145
}