{
    "start time": 1730483676.1668642,
    "use_input_gate": false,
    "use_forget_gate": true,
    "use_output_gate": true,
    "use_state_gate": true,
    "use_new_state": true,
    "use_old_state": true,
    "use_residual": false,
    "n_layers": 2,
    "state_size": 256,
    "id": "90f0b1d62a2e431fbaef2b79b7eab35c6b323ccde4e275653b7de7c3b756560e",
    "loss": [
        4.2193629538986634,
        3.545746005830131,
        3.4310909020466926,
        3.291939373528392,
        3.115894060988634,
        3.0366101242970625,
        2.999640261299224,
        2.893345215187356,
        2.8316756162593477,
        2.7817492113762365,
        2.782232695156906,
        2.7451086946429655,
        2.6807266283120477,
        2.661441541893115,
        2.6409597900683717,
        2.620951775510848,
        2.6271972079450587,
        2.558581709446725,
        2.524998655080126,
        2.5423492704844644,
        2.525534041943524,
        2.5391191036859366,
        2.5105183314852497,
        2.475433003283225,
        2.465035291177267,
        2.4469892160844733,
        2.40658718797018,
        2.3935892279488438,
        2.389063439474713,
        2.363806687784249,
        2.3629738891516694,
        2.375279569271659,
        2.3885119186743813,
        2.369604150434685,
        2.3470749649572764,
        2.3033716335644177,
        2.3114362803743074,
        2.263040836319484,
        2.2907264528693387,
        2.361291975446533,
        2.2903659921090225,
        2.2732288532722005,
        2.2588181510796757,
        2.234498555444118,
        2.23799101249108,
        2.2007870733699924,
        2.2078109935451327,
        2.221014447528908,
        2.173706192245968,
        2.1952572567984485,
        2.1828923610862567,
        2.127316839182965,
        2.181117481673224,
        2.189955571719514,
        2.1581971194245595,
        2.146243065790077,
        2.156505320912567,
        2.152383540939859,
        2.107753970069725,
        2.2196021978833573,
        2.1797288401603203,
        2.1358358801601156,
        2.175117535373579,
        2.1619408820738544,
        2.1446119013976586,
        2.0921794006215952,
        2.082780793135884,
        2.0515071837370495,
        2.067007350337115,
        2.0835784624870533,
        2.049423101875962,
        2.0006016853991904,
        2.0639078862183693,
        2.032519904524074,
        2.0717093154772837,
        2.0679861059229605,
        2.0292510145245153,
        2.0462537400448952,
        2.0373887752946587,
        2.123013848850789,
        2.091200421079575,
        2.061080563344453,
        2.0792538260963322,
        2.0462066753525248,
        2.0887784863131627,
        2.0244854292218473,
        2.0717020312359495,
        2.0441291208854038,
        2.038526982086003,
        2.0332922364708956,
        2.039763492282584,
        2.028004468265434,
        2.047542502052333,
        2.058874224116643,
        2.001204956789192,
        2.0579374581272885,
        2.0478810683575213,
        2.004148182225642,
        2.040362057093155,
        2.121119985215045,
        2.054597493954578,
        2.0197507877952985,
        1.9749964294466638,
        1.9458646751295263,
        1.9630836817830648,
        1.9633599710828673,
        1.9714210746800869,
        1.9391743428925758,
        1.9439341572264943,
        1.9501484329075087,
        1.9333477272997164,
        1.9874312540736963,
        1.958005441319883,
        1.9506716448908403,
        1.9151852538325258,
        1.9367460364490594,
        1.909736614121445,
        1.878631257682574,
        1.8858641452536187,
        2.05738201443112,
        2.0549825803736956,
        2.002101951793701,
        2.000119287987232,
        1.9628266187541514,
        1.9713282221845767,
        1.9809089060618663,
        1.9689511698429132,
        1.9471467266304894,
        1.9403729317536882,
        1.9384322737480046,
        1.963797935952613,
        1.9460773069459798,
        1.8985912669234548,
        1.9161476565056492,
        1.8780365057470751,
        1.892247596313041,
        1.9121349505366967,
        1.9228093577459575,
        1.920135847657245,
        1.9838596027859043,
        1.9674458915107744,
        1.94498807231631,
        1.9334891317597178,
        1.9139937583517312,
        1.875792231793221,
        1.8970632717832958,
        1.8670885936140516,
        1.8653352195755928,
        1.873078953369045,
        1.844979191187848,
        1.8668926007545894,
        1.860963780718996,
        1.897002921448975,
        1.8998375568806007,
        1.8391796461426322,
        1.8948369585644715,
        1.8682590830284629,
        1.8668604817958632,
        1.853911134141053,
        1.978642341266111,
        1.961071222877802,
        1.9011668399322803,
        1.905301328653369,
        1.9123481696715852,
        1.8559762864254516,
        1.867603960347619,
        1.8604869493372407,
        1.9161312111483284,
        1.9051774898422027,
        1.87264120090741,
        1.8411232468703094,
        1.8989218278972915,
        1.8828333725018034,
        1.8453807751193987,
        1.8632080065012597,
        1.8120645700439784,
        1.8477150020454023,
        1.8771816015180176,
        1.8807895565210546,
        1.9418949351852868,
        1.8732550165491648,
        1.845564495301888,
        1.881919534815849,
        1.8219230995086235,
        1.8420383715292021,
        1.8305914140016406,
        1.8303732942903423,
        1.8494528243503316,
        1.840461566921136,
        1.8139519561818853,
        1.8460296500720754,
        1.8770078366355438,
        1.8878145513801365,
        1.861153752797816,
        1.822247625503435,
        1.8720095271419663,
        1.8374540398430501,
        1.8103994669067112,
        1.8221217865317512,
        1.9680694952995386,
        1.9099598866478251,
        1.8834768347816715,
        1.8773395086685034,
        1.867083498881432,
        1.8604085156344157,
        1.8722718258851891,
        1.9036327615822861,
        1.8911346856829592,
        1.9178547725507862,
        1.9144925331683211,
        1.8748157640290597,
        1.876454523584224,
        1.8410647230968256,
        1.8176965299885472,
        1.8113830367722898,
        1.8256268897931551,
        1.796007079025585,
        1.817480650405204,
        1.8150401303725878
    ],
    "min loss": 1.796007079025585,
    "training steps": 10000,
    "batch size": 256,
    "history size": 1000,
    "dataset": "enwik8",
    "end time": 1730483723.121105
}