{
    "start time": 1730482047.7616525,
    "use_input_gate": false,
    "use_forget_gate": false,
    "use_output_gate": false,
    "use_state_gate": true,
    "use_new_state": true,
    "use_old_state": true,
    "use_residual": false,
    "n_layers": 2,
    "state_size": 256,
    "id": "91110752b5618159a64d9cd0222ed5397051bec54b1fa533ad8d0aef0f26823a",
    "loss": [
        3.6460401808981606,
        3.5509552257784867,
        3.53073297577484,
        3.5777687959243436,
        3.5911856504748174,
        3.552022561763967,
        3.5158192148711573,
        3.5388158368900267,
        3.548911161095052,
        3.6004299257960652,
        3.428564561784572,
        3.254287918843486,
        3.1497397012758763,
        3.0131797461696173,
        2.9232402895893017,
        2.8609912201516967,
        2.834153981554375,
        2.8221502340230336,
        2.7752460720677776,
        2.8253669327349686,
        2.7859353862341054,
        2.694876078603092,
        2.6764300819197384,
        2.692655550681675,
        2.645206970245041,
        2.670183468242899,
        2.6160628920077458,
        2.6423479602464033,
        2.598224117142024,
        2.5961963014281713,
        2.5880758274811533,
        2.574435631890933,
        2.558545512741598,
        2.528022594896885,
        2.5166265345577004,
        2.528304039523293,
        2.505101434165317,
        2.514405807825873,
        2.543757130228087,
        2.57531458144255,
        2.55003996704426,
        2.5065649687921288,
        2.5211472115909697,
        2.4906263320704767,
        2.4652855811412353,
        2.459359069811868,
        2.4541949721310368,
        2.4189941799558663,
        2.452785329129467,
        2.460489728704366,
        2.4544025783624486,
        2.4474816078761825,
        2.4513910888273918,
        2.4275177880580343,
        2.40675695278625,
        2.4006557909305237,
        2.43493600514834,
        2.3987838285405685,
        2.3601929872649956,
        2.4930980104797094,
        2.3806494010144053,
        2.3548626570672773,
        2.374794341862472,
        2.386135333991951,
        2.396302769110579,
        2.3933667355369734,
        2.3806587231706127,
        2.4012878976264975,
        2.376440590846072,
        2.367979382289527,
        2.3914615171020235,
        2.349137197278104,
        2.4055583140535015,
        2.3541329080322924,
        2.323740675012888,
        2.332455615768753,
        2.3255827279497367,
        2.326168651113079,
        2.337423452650323,
        2.4539066840335266,
        2.3620733830745295,
        2.302076720726336,
        2.3038619351078897,
        2.2888366693323388,
        2.3250182166205877,
        2.2565397559317777,
        2.282944898536851,
        2.31233577705698,
        2.2603612185199813,
        2.314618403551468,
        2.302247527830854,
        2.277165720411023,
        2.2523214484532335,
        2.28116726020213,
        2.282159856970735,
        2.25971978332823,
        2.205218003620379,
        2.2208338960820915,
        2.2311841840496407,
        2.3672266406647013,
        2.294083702660756,
        2.28318146032328,
        2.296731892212112,
        2.2545338063146394,
        2.2248318752962013,
        2.249155095166767,
        2.243665978665723,
        2.2520262731466554,
        2.2673809540815633,
        2.2394282956933567,
        2.2498133670500855,
        2.250195797490189,
        2.2312320079013697,
        2.2381230447435936,
        2.235410118338972,
        2.247105454823511,
        2.2426383960348164,
        2.252214549012446,
        2.2004135138180225,
        2.301363707741578,
        2.251448369520429,
        2.2000133138364464,
        2.1766865526509647,
        2.164420925094711,
        2.1779105350839356,
        2.138833906091142,
        2.1399467745900025,
        2.149245682385849,
        2.205818103774979,
        2.2185743632157293,
        2.2081739710667336,
        2.212086615242446,
        2.153594786613099,
        2.144260987847993,
        2.1097013548327266,
        2.148883300496363,
        2.1491963960363067,
        2.1387632609185743,
        2.0863654353477585,
        2.320468402464517,
        2.1847321339469867,
        2.1278944727382836,
        2.111189564679057,
        2.144495774241951,
        2.1203055309600907,
        2.1033799495242005,
        2.1027127577417324,
        2.1160826667931536,
        2.096457477755107,
        2.0676035659049314,
        2.09962349766625,
        2.125577416159898,
        2.123943872358485,
        2.0849656533914924,
        2.11301837588801,
        2.08974540315031,
        2.125913698036865,
        2.1166958454058533,
        2.1440701265779603,
        2.2523421107315174,
        2.2045770808434226,
        2.1650926719103576,
        2.1786144517301556,
        2.170135068994989,
        2.1820512444957405,
        2.1729907204118057,
        2.128698172373557,
        2.1025409147148437,
        2.1784868902117385,
        2.155180355764216,
        2.13368465904327,
        2.1570586351201517,
        2.086749815209801,
        2.0945561140444067,
        2.1250227580642367,
        2.0948326457379047,
        2.117281695113116,
        2.07666718270799,
        2.111573502532185,
        2.2250599823458344,
        2.1410473114419464,
        2.0967451028844777,
        2.090214487704362,
        2.098513789670345,
        2.078772722889133,
        2.1222811870311435,
        2.0800119707043487,
        2.0979986993421975,
        2.1098380275069357,
        2.084059393846649,
        2.0936520228570346,
        2.1091887399878173,
        2.105091292161241,
        2.0564866579452947,
        2.0461237543654422,
        2.0621894434535113,
        2.045081432670055,
        2.0364576329867687,
        2.0582716691705008,
        2.181619431007704,
        2.076211901071343,
        2.081967863376758,
        2.0950521799376163,
        2.093548212673054,
        2.096586423003752,
        2.0710205197618414,
        2.0871143569811483,
        2.0725668920014746,
        2.056973945951617,
        2.073612853974754,
        2.0705587768222222,
        2.0875298373881916,
        2.0998688802711944,
        2.114193278082977,
        2.1053406794684233,
        2.0836097647149745,
        2.0886166203967407,
        2.037235018890232,
        2.0200817535654827
    ],
    "min loss": 2.0200817535654827,
    "training steps": 10000,
    "batch size": 256,
    "history size": 1000,
    "dataset": "enwik8",
    "end time": 1730482082.5659971
}