{
    "start time": 1730481410.1293502,
    "use_input_gate": true,
    "use_forget_gate": false,
    "use_output_gate": true,
    "use_state_gate": false,
    "use_new_state": true,
    "use_old_state": false,
    "use_residual": true,
    "n_layers": 1,
    "state_size": 32,
    "id": "9191326851a954c7590c443be8b8391f07c3de92b6fb928a1251328d49a2368c",
    "loss": [
        4.66793988383809,
        3.6136604810040627,
        3.4351502438408748,
        3.394652394438877,
        3.244819789453074,
        3.225952030709278,
        3.1477151572958073,
        3.0968918702031925,
        3.0410233613501982,
        3.008957242336921,
        2.9608433707262685,
        2.8806664463655656,
        2.889546176507318,
        2.8581648418180317,
        2.8139790353459864,
        2.7759015143614896,
        2.753812490763622,
        2.713808928045026,
        2.723496221332066,
        2.764860455229237,
        2.746798383874221,
        2.708444411033982,
        2.713481422866363,
        2.7260746391639628,
        2.701659178955448,
        2.652923092399254,
        2.6341698975314265,
        2.6237667518726977,
        2.6127788660028095,
        2.6015966563036192,
        2.5521278137723886,
        2.535610920074554,
        2.5835486899469067,
        2.5822112940124144,
        2.5674058816459606,
        2.5792581484343438,
        2.5700296021029825,
        2.564891605432081,
        2.522818030019711,
        2.554614667970057,
        2.5492545407185254,
        2.527672942409496,
        2.5565243504203914,
        2.5536705433583866,
        2.53250202289405,
        2.519021149285812,
        2.5189754308864454,
        2.578686290935512,
        2.5238778331525973,
        2.525559909450864,
        2.494933289271903,
        2.510529717969504,
        2.5027839876079803,
        2.4817304864776997,
        2.4900237287868996,
        2.4940843762643508,
        2.491270794845278,
        2.5055571612210117,
        2.4883431727385115,
        2.5426693318539693,
        2.473763967367462,
        2.463462939585257,
        2.427987721154203,
        2.4465834921054186,
        2.4710073927954053,
        2.4290839678022764,
        2.4256842746450284,
        2.41821632088401,
        2.415115632446981,
        2.432206923893584,
        2.3942046715737786,
        2.4202718004715904,
        2.4452573717536144,
        2.448826758324203,
        2.403951758362703,
        2.41191945575456,
        2.393127524011398,
        2.4123091462923214,
        2.398560129949789,
        2.461120531985527,
        2.4654178001480327,
        2.440387785591404,
        2.4380357829769035,
        2.4396764277454435,
        2.422641767975491,
        2.4297274755174962,
        2.3348444647087403,
        2.3834994545395967,
        2.359107772472862,
        2.396418179154249,
        2.377386357920142,
        2.434342116352089,
        2.3590465635419307,
        2.401860916071832,
        2.395531844647485,
        2.3442643725777677,
        2.3903920285465787,
        2.3778874164408856,
        2.4048439818773275,
        2.424290186547587,
        2.4245693099997996,
        2.412478588372373,
        2.365368552973619,
        2.379831899413764,
        2.3909911564438917,
        2.3779489864963286,
        2.363050464368709,
        2.3653234454819745,
        2.4136467578477174,
        2.41205121125767,
        2.3723727745624488,
        2.3666337724484294,
        2.339484878486517,
        2.3433646081826156,
        2.3328910164586256,
        2.3236928323849138,
        2.324117407965793,
        2.350386489622194,
        2.3259366843043052,
        2.4167498371433545,
        2.375047147772469,
        2.3255416431212015,
        2.357869399414655,
        2.3506197449467856,
        2.3923432321745355,
        2.365345392012127,
        2.3834980579796152,
        2.3474383504896945,
        2.3583046080926144,
        2.3352418462639006,
        2.344684461289387,
        2.3401802306887687,
        2.334430497442606,
        2.3673956433591474,
        2.3310183538991103,
        2.31047916031749,
        2.310744646295034,
        2.3183863341571262,
        2.3282374981186247,
        2.3489449312979804,
        2.310441601858544,
        2.3288768740109496,
        2.3607157435973627,
        2.33184123941007,
        2.3385155122798245,
        2.337859575009213,
        2.3201868751230346,
        2.3135231739109234,
        2.3437433645801113,
        2.3351420966403507,
        2.3112631131464343,
        2.300848350811622,
        2.2930966965366184,
        2.284956368720963,
        2.2847253198079462,
        2.287177494594835,
        2.294861471732779,
        2.305821519935404,
        2.259303296635298,
        2.3767158218149493,
        2.3307297030779037,
        2.291722045971061,
        2.3088023305831373,
        2.2970292801552348,
        2.2949081991434395,
        2.2789420351838716,
        2.297229729502165,
        2.3108041894733424,
        2.349069508557042,
        2.3187329739375144,
        2.3158095794024653,
        2.324640657938983,
        2.30344264137152,
        2.3101059765451497,
        2.290108972691874,
        2.2763427123589364,
        2.2936024510851376,
        2.2667553965750553,
        2.2848135180437046,
        2.3182513414692205,
        2.3195773221704226,
        2.3116774220021203,
        2.2741874710743284,
        2.2932758753386557,
        2.273568611338089,
        2.3041133590713114,
        2.2953567737955947,
        2.2849932349284403,
        2.2761298449531315,
        2.273373057739758,
        2.2217185439680587,
        2.2587640437646055,
        2.263532226359038,
        2.253105048037955,
        2.250864787336116,
        2.2491831910869924,
        2.218618833021099,
        2.246364672117707,
        2.2321116864171526,
        2.319433078257346,
        2.3265181196769884,
        2.300820490866705,
        2.282636395386712,
        2.256832506969917,
        2.3027542869582165,
        2.2742300801340427,
        2.2928459146017612,
        2.2678596511607694,
        2.310572471166084,
        2.2328444334516115,
        2.241551885406485,
        2.2577811150036635,
        2.257320339922955,
        2.2620290964831624,
        2.2303492571579393,
        2.2831787490401507,
        2.273641158760147,
        2.2481316952240924,
        2.207563582018908
    ],
    "min loss": 2.207563582018908,
    "training steps": 10000,
    "batch size": 256,
    "history size": 1000,
    "dataset": "enwik8",
    "end time": 1730481439.3017232
}