{
    "start time": 1730483724.6771572,
    "use_input_gate": false,
    "use_forget_gate": true,
    "use_output_gate": false,
    "use_state_gate": false,
    "use_new_state": true,
    "use_old_state": true,
    "use_residual": true,
    "n_layers": 1,
    "state_size": 32,
    "id": "91a5294207c8a81e8618f86102a513562e96795812137f23e81767e47d575abf",
    "loss": [
        4.487211224687726,
        3.5707051794845532,
        3.4925487285916117,
        3.4303103802687085,
        3.380772621223348,
        3.2655154069660477,
        3.1716919846818628,
        3.1035730949475435,
        3.0796748777662266,
        2.9798991044042924,
        2.9307391938893343,
        2.8941094020602973,
        2.8764296909748768,
        2.8440798221612456,
        2.8102513339290307,
        2.7802017387720195,
        2.7749321324015663,
        2.7618436784454565,
        2.7475417728573883,
        2.7519903837526125,
        2.815743929524844,
        2.760088033495643,
        2.717722675804551,
        2.7368773626426344,
        2.70329436247916,
        2.700587864565378,
        2.6663012949838585,
        2.682409931391856,
        2.6880121176725336,
        2.629466929152778,
        2.6050284553550087,
        2.6485723674576596,
        2.6415640095372317,
        2.675085444370408,
        2.603474094712902,
        2.5766943850929684,
        2.5955590404342623,
        2.5760433172244266,
        2.577541794010857,
        2.621593304638138,
        2.5563808251429108,
        2.5401936886875287,
        2.5375743529476544,
        2.5294536693957723,
        2.503758587304966,
        2.5334915498181547,
        2.4773552960264187,
        2.4847265068869526,
        2.4958615120429757,
        2.5107174491509285,
        2.5249515091812578,
        2.515751878734351,
        2.526752855029097,
        2.503469932303153,
        2.493319693591479,
        2.5212002078085707,
        2.5198849154094294,
        2.4865209263176458,
        2.480311499470567,
        2.5571648520641346,
        2.5146698231622566,
        2.4780824267999852,
        2.4740236493859613,
        2.4435272287207406,
        2.4639269437392306,
        2.4732817214267153,
        2.4761152351424034,
        2.4444640619327296,
        2.46108292108579,
        2.4441784313323045,
        2.396049658481933,
        2.4016734711522734,
        2.431293861274545,
        2.4311092815774047,
        2.3936980823946956,
        2.4011462194804833,
        2.3807935571900574,
        2.397959723954621,
        2.4266595879023933,
        2.480357183342794,
        2.450048493762164,
        2.4189432454850994,
        2.4201324626251783,
        2.436165351901593,
        2.4650837806460677,
        2.4610274598973922,
        2.4312406192746288,
        2.423772812967409,
        2.436976306155349,
        2.4213348345878662,
        2.4066769822617453,
        2.4016635497853267,
        2.451514962095865,
        2.399918313039169,
        2.4044387698200027,
        2.4338991975169186,
        2.423991700380866,
        2.4549706398884417,
        2.42410558663446,
        2.5022243486961333,
        2.4109788637679346,
        2.4066842833257005,
        2.3949894233359155,
        2.3480059768755925,
        2.4268487296359837,
        2.3990392462445405,
        2.3906582691380565,
        2.407514398264654,
        2.418474379385477,
        2.453785751086602,
        2.4381634147638507,
        2.422446623923323,
        2.3964683632157766,
        2.360233471971615,
        2.3905205573608095,
        2.3887460879015334,
        2.3304201178336887,
        2.3482691636900905,
        2.348169100544069,
        2.427252343918182,
        2.406360745058534,
        2.376162164609868,
        2.379018942452695,
        2.3497768929353233,
        2.3824514326234656,
        2.3508260797446683,
        2.3732423919714902,
        2.3689438508591976,
        2.367411555607028,
        2.362202706697252,
        2.3702446846627536,
        2.3934054876698005,
        2.3629231641973765,
        2.3473893763294007,
        2.3409788878101345,
        2.34191820434724,
        2.339145351904812,
        2.3422337519284246,
        2.3474069544383354,
        2.424476257434853,
        2.345573753374383,
        2.3429389020044766,
        2.328610773191034,
        2.3073011961167196,
        2.329760665136308,
        2.3206650309419894,
        2.3185786123557164,
        2.3455044145141333,
        2.329224343958462,
        2.3212846400812257,
        2.3339753232091707,
        2.288374179656413,
        2.3491917797115813,
        2.32870345198901,
        2.301414086621747,
        2.3257642990159617,
        2.339154558164809,
        2.3173407298265953,
        2.2944647947039436,
        2.38460343321027,
        2.3646329998308957,
        2.3677991935947746,
        2.352579629459472,
        2.3737599470469224,
        2.363990748679598,
        2.3913616998727765,
        2.338459473692885,
        2.36837380020444,
        2.316772894240763,
        2.31449176917725,
        2.312955395131404,
        2.3554994069595443,
        2.3004871430475324,
        2.2988182917500586,
        2.2800748963539217,
        2.298177583085178,
        2.3467270367000332,
        2.3172208614596044,
        2.290863844897064,
        2.371435712370801,
        2.3532431734911863,
        2.3418075852351654,
        2.3098703041236472,
        2.313272872605698,
        2.308703086130819,
        2.283849030046864,
        2.3022439729277573,
        2.3176285701135106,
        2.321297716906017,
        2.2816816067868952,
        2.3210358040316446,
        2.278941794950195,
        2.281501855576556,
        2.2725117548189187,
        2.275057557331045,
        2.312574626181217,
        2.2779825328168086,
        2.2641561581352887,
        2.290472435782288,
        2.32211957962849,
        2.278923020837758,
        2.2882273409187266,
        2.249748499670292,
        2.2710790061266475,
        2.2694445475863336,
        2.252422693861111,
        2.2530615268908223,
        2.2925478771118804,
        2.276866934621202,
        2.230031128618709,
        2.274045372450685,
        2.279003543691741,
        2.257260723291396,
        2.2674343637757874,
        2.250949810144752,
        2.2641451022686607,
        2.2601453934730786,
        2.323887938851853,
        2.2879817555566935
    ],
    "min loss": 2.230031128618709,
    "training steps": 10000,
    "batch size": 256,
    "history size": 1000,
    "dataset": "enwik8",
    "end time": 1730483747.6493077
}