{
    "start time": 1730481189.3428426,
    "use_input_gate": true,
    "use_forget_gate": true,
    "use_output_gate": true,
    "use_state_gate": true,
    "use_new_state": true,
    "use_old_state": false,
    "use_residual": false,
    "n_layers": 3,
    "state_size": 256,
    "id": "92465a3fafc88564eab0efdf7f4607c85d837f6d1269ce4c9a8c43d4c359a9e8",
    "loss": [
        4.023246348613401,
        3.4882792613875786,
        3.4169498203108963,
        3.29661377653552,
        3.228927666966944,
        3.176610791123319,
        3.0653571541041202,
        2.996076667363135,
        2.9614711912961424,
        2.906449489755437,
        2.8316129688900533,
        2.8353672567547337,
        2.8339330879261615,
        2.7718753263644484,
        2.748911578600954,
        2.7037260173806894,
        2.6923069455734305,
        2.6711280096004146,
        2.681887845312777,
        2.720707555272851,
        2.6276026871769735,
        2.628306771190711,
        2.5878777669600006,
        2.5736158799802245,
        2.5901299883776714,
        2.5449899209253894,
        2.5598736210263486,
        2.522555938114345,
        2.523590156204892,
        2.5324423680690145,
        2.4504565742457873,
        2.4446638274191574,
        2.448480269635129,
        2.457940184547941,
        2.4550478459158427,
        2.413052695505975,
        2.417070031187547,
        2.4302334006366806,
        2.4317963835320064,
        2.471580443402757,
        2.4667969879288454,
        2.4316122031090717,
        2.42932488934633,
        2.4221444139573083,
        2.4052169141634034,
        2.377448786087446,
        2.379790747251295,
        2.369818104440187,
        2.3184472041607695,
        2.3303868571618302,
        2.3529487208302107,
        2.3530124785765674,
        2.285361993736418,
        2.3096345074912996,
        2.2600616391475414,
        2.303088339652389,
        2.2469873814006376,
        2.265925281072676,
        2.2474480606565153,
        2.350168288520532,
        2.317655760735152,
        2.263583106713285,
        2.274103588238447,
        2.2361578676367255,
        2.2531141027073054,
        2.2813762139923948,
        2.262451584364979,
        2.284546678461415,
        2.2406235475007037,
        2.2391398222348804,
        2.2432117753747582,
        2.199022554921165,
        2.1775749324141014,
        2.210701977513992,
        2.2142536501395482,
        2.183777140697555,
        2.1979192429332133,
        2.233616824909375,
        2.164652454024227,
        2.241016644735316,
        2.2424622100329996,
        2.16054201031385,
        2.196173974212226,
        2.1928089551655288,
        2.1947584869576873,
        2.1435962878597676,
        2.0928496995025485,
        2.101878353976229,
        2.0863779454806344,
        2.0689299759588895,
        2.130941977123194,
        2.111944295552562,
        2.1390315436186205,
        2.1340639629587823,
        2.1556638263783734,
        2.1840047746352176,
        2.172398836026619,
        2.1237521846973877,
        2.113911569040106,
        2.2692911947336905,
        2.142187345746998,
        2.167098591924134,
        2.133205981054977,
        2.101005324639132,
        2.128938557897987,
        2.0924895261858762,
        2.1004065073681244,
        2.1257280923084956,
        2.0905320336195854,
        2.0691249244241225,
        2.0922557281518093,
        2.107342528098495,
        2.0553012919523908,
        2.065338478421402,
        2.0603995438520584,
        2.070839910664063,
        2.071134814774587,
        2.1014371377893504,
        2.012058467057761,
        2.223049142774794,
        2.1575211526341054,
        2.1140653587858633,
        2.1111423695734475,
        2.091195003598487,
        2.052378239669125,
        2.0707118955483423,
        2.0283595616457846,
        2.034555772091042,
        2.0139472773264453,
        1.9970039763727263,
        2.0204268656846525,
        1.982668975713525,
        2.021685440765652,
        2.0009371057855803,
        1.9961329380461663,
        1.9616427409313189,
        2.0085362039236365,
        1.962090449425376,
        2.01527195849739,
        2.1500379468595945,
        2.0731858999588098,
        2.0619428431442888,
        2.0189421039884334,
        2.008951832779706,
        2.024628993391086,
        2.032175886523885,
        1.9902383773739265,
        2.044804665463474,
        2.0180006363873026,
        1.992632682670582,
        1.9555316013025115,
        2.0016237471316196,
        1.950142596233562,
        1.9642978255092707,
        1.9666690130686273,
        2.0127584775959226,
        1.9705404288755246,
        1.9794067296396711,
        1.9717491680022767,
        2.109202703349122,
        2.0366201111742224,
        2.005545684093443,
        1.9838137772841347,
        1.9887265455335368,
        1.9663196461566028,
        2.003574589051799,
        1.9748515110991454,
        1.96641174096791,
        1.982920900558197,
        2.0102050392413697,
        1.9719667030484058,
        1.9454625211651837,
        1.9284775943800643,
        1.9409435356264393,
        1.9355574538495075,
        1.9428862890556615,
        1.9523516875947122,
        1.9243370811350526,
        1.9549662433288248,
        2.09430030355814,
        2.0146983103701706,
        1.9690354667361814,
        1.9973644003574673,
        1.9811150257826666,
        1.9443453110511666,
        1.9464196421965232,
        1.9572250697091294,
        1.924282248759745,
        1.96009977863488,
        1.9211297847192255,
        1.9345151504410167,
        1.9321091561475197,
        1.962041192325776,
        1.9166033477505238,
        1.9225086236615494,
        1.930775517993473,
        1.9161928018099665,
        1.9182869622198164,
        1.9383820736867023,
        2.028812580758558,
        2.015158683646219,
        1.900515919626633,
        1.9528716787390983,
        1.8891937248292079,
        1.9177620706496583,
        1.8991716990163132,
        1.8671489533587893,
        1.872155480691813,
        1.920740018328818,
        1.9030179972388588,
        1.8641765513873234,
        1.8557117766864637,
        1.8868969183000996,
        1.9140040303756753,
        1.9051861762982665,
        1.8760294302050855,
        1.8479902106601447,
        1.8823011494672839,
        1.8536403707485472
    ],
    "min loss": 1.8479902106601447,
    "training steps": 10000,
    "batch size": 256,
    "history size": 1000,
    "dataset": "enwik8",
    "end time": 1730481271.1875036
}