{
    "start time": 1730478252.7691731,
    "use_input_gate": true,
    "use_forget_gate": true,
    "use_output_gate": true,
    "use_state_gate": false,
    "use_new_state": true,
    "use_old_state": false,
    "use_residual": true,
    "n_layers": 2,
    "state_size": 256,
    "id": "9304b212a1b06c3d1907e19e24bdac05d9e60275be6f91f122165f9eaad6d3c5",
    "loss": [
        3.61608646545614,
        3.3326160952763595,
        3.1566212124788304,
        2.9812301754063695,
        2.890749641086627,
        2.839502048124025,
        2.7796947741852986,
        2.7039884985086218,
        2.67704937387467,
        2.5812177857671896,
        2.586791901882112,
        2.536444006519362,
        2.53841091648639,
        2.4993181176053474,
        2.481272213314496,
        2.4295405099821967,
        2.359277154448502,
        2.373293952880942,
        2.329816455768204,
        2.337056761393944,
        2.3111959450616055,
        2.3388326776762445,
        2.2837742240150534,
        2.253895340517924,
        2.2238712288375555,
        2.2746925400355953,
        2.2434222432494857,
        2.2017889741130414,
        2.133483502565916,
        2.1802387225315796,
        2.154249271163774,
        2.1669079425218825,
        2.1104128668996793,
        2.119793077262505,
        2.116143253689907,
        2.124963832667371,
        2.0513237771280552,
        2.078804954915258,
        2.0841611562936997,
        2.125340165789304,
        2.111706331821365,
        2.1675580058250357,
        2.0678683594202556,
        2.101528433405326,
        2.075186090806896,
        2.096006405070287,
        2.076382059946959,
        2.016640743063445,
        2.0215424118730425,
        2.0167346696102957,
        1.991098260651372,
        2.021517473861268,
        1.9928610794390116,
        1.9511076144966646,
        1.984130226227824,
        2.001688255602765,
        1.897276432757316,
        1.9748028480004969,
        1.9159728726969436,
        2.0536728512447042,
        1.9801027280065013,
        1.9323482670021022,
        1.9683814750239377,
        1.9265024217840552,
        1.9340389319710873,
        1.9388336493440133,
        1.9573844658977044,
        1.9266097814215022,
        1.8993152121305137,
        1.9059994387940735,
        1.936737980610925,
        1.9630848869681516,
        1.9346675716670765,
        1.9274414293125373,
        1.8921557603004453,
        1.8576937124834596,
        1.8681374831904962,
        1.8476045230666711,
        1.9076039754173475,
        1.987927150970731,
        1.9213368937860684,
        1.9003148136382193,
        1.8258140141415846,
        1.867608837244874,
        1.897193960005625,
        1.8630478734057683,
        1.882779919721344,
        1.8265481384867421,
        1.8494667067174007,
        1.8149298873164839,
        1.8689321667054777,
        1.8664966607849807,
        1.8408373406525642,
        1.8098955625790236,
        1.8141730552980015,
        1.8392203632834532,
        1.853589401232334,
        1.8442537860462471,
        1.84109932895947,
        1.9843740327544872,
        1.8804516047342184,
        1.8620642982009845,
        1.8153279181869872,
        1.8323249239215718,
        1.8339541368153083,
        1.8023976281285499,
        1.7722467897579772,
        1.7413276336606847,
        1.7740425821699013,
        1.7522515564888783,
        1.773886855822936,
        1.7419627309024663,
        1.761812335567007,
        1.751135428121538,
        1.7713170107526175,
        1.7238186248042573,
        1.7471352225920365,
        1.7309708447891847,
        1.7265218681292895,
        1.906491320099171,
        1.839804769603722,
        1.8282602851182377,
        1.831806995980288,
        1.7944544628027246,
        1.7711802060247754,
        1.7769845199057053,
        1.7854212687544604,
        1.8026558741691894,
        1.7708802164163684,
        1.7425542700437382,
        1.7630605086892877,
        1.7396191624289925,
        1.7722273648440432,
        1.7614167754713541,
        1.7340323277849843,
        1.6911573940299822,
        1.7431741132781133,
        1.7563049827135908,
        1.7319011607233759,
        1.8734903697187724,
        1.8058388454530412,
        1.830865951084303,
        1.7589699925898177,
        1.7743543097937378,
        1.7550480552319216,
        1.7661161975930824,
        1.759266388073643,
        1.7619891467654347,
        1.7538652658899363,
        1.7330232599313988,
        1.7552660978285524,
        1.7443241076828437,
        1.7916702025818358,
        1.8120352810064417,
        1.7676027136553034,
        1.7381315229901588,
        1.7702637955107918,
        1.7762100033054984,
        1.7562838604838464,
        1.8683922190202116,
        1.7684318001325974,
        1.72415550065944,
        1.7717636074302958,
        1.7028518118783942,
        1.693050781173433,
        1.6965616584348504,
        1.7159399861133287,
        1.7336470073025991,
        1.675998136680144,
        1.712577751968615,
        1.7337416309669154,
        1.6959609347443614,
        1.7626784973339031,
        1.7330158995734277,
        1.723465538700883,
        1.7344191111425182,
        1.730972780205233,
        1.723614316684337,
        1.721750773169619,
        1.8559887594180362,
        1.7355640291868684,
        1.7608259682612182,
        1.7246138205489105,
        1.747452005665597,
        1.7556267049398102,
        1.7274468128974478,
        1.7408355545330356,
        1.7242473654689743,
        1.7311484856937445,
        1.695599380568542,
        1.7234912973343939,
        1.7296460009139225,
        1.7169887900719796,
        1.7063270862603288,
        1.7259808461886963,
        1.6663984065692232,
        1.7397142696441878,
        1.653163672276173,
        1.6854942940614455,
        1.8556746004151483,
        1.771682348082368,
        1.6970268168875229,
        1.6983238340847602,
        1.7364165280521238,
        1.6986307002481063,
        1.652513585757708,
        1.6925512851162383,
        1.6888253835830083,
        1.6593669874671035,
        1.660389616186099,
        1.710771347998522,
        1.7325973687405205,
        1.7124567812921112,
        1.71513448995301,
        1.7233360007600322,
        1.7185668268243284,
        1.7131173729244629,
        1.6887174908981633,
        1.6803916125543397
    ],
    "min loss": 1.652513585757708,
    "training steps": 10000,
    "batch size": 256,
    "history size": 1000,
    "dataset": "enwik8",
    "end time": 1730478300.9548998
}