{
    "start time": 1730479039.9825826,
    "use_input_gate": true,
    "use_forget_gate": true,
    "use_output_gate": true,
    "use_state_gate": true,
    "use_new_state": true,
    "use_old_state": false,
    "use_residual": true,
    "n_layers": 2,
    "state_size": 32,
    "id": "947989905e9f15113089b77b9ede15a4a71d5fa1e3e1cba0b76a99246e8f0c79",
    "loss": [
        4.609172359286279,
        3.651303681870726,
        3.4955588564097533,
        3.4707860518899976,
        3.4243876134357265,
        3.410439896076652,
        3.324665390904481,
        3.2512936389199147,
        3.1593118394756408,
        3.1358435842829437,
        3.0643509813429213,
        2.9938022506344617,
        2.9434493426789707,
        2.950673871127747,
        2.9146273572992336,
        2.876162211340938,
        2.87580583009591,
        2.8822886738409306,
        2.841921396703236,
        2.8216967775545063,
        2.788397461526498,
        2.805451807548497,
        2.7834158573489516,
        2.771007988302574,
        2.7529506878453427,
        2.7303885320274874,
        2.7436394078538444,
        2.70503218399613,
        2.691925685290973,
        2.7112417521106513,
        2.695291419786634,
        2.685875281022123,
        2.6552894897221657,
        2.648462188339065,
        2.6266696464807655,
        2.641713685506202,
        2.6385709614718644,
        2.614944834370531,
        2.6339161756693525,
        2.6412914284334037,
        2.6127494636728237,
        2.635860506451023,
        2.5940629495258363,
        2.5473031000476127,
        2.55784049027206,
        2.5706583208291964,
        2.6100458478517337,
        2.5142355818915862,
        2.572923308945936,
        2.5888726621249973,
        2.5444128869412093,
        2.5649953097297695,
        2.5517622444925823,
        2.5585004665538738,
        2.517528167701118,
        2.516729526419719,
        2.486127340911493,
        2.477732945180702,
        2.512976331168576,
        2.525160726472456,
        2.510236554536688,
        2.519550461264438,
        2.5286519448759806,
        2.4977069638377527,
        2.4796940725258105,
        2.5255798368252442,
        2.452347126876021,
        2.4693618618338173,
        2.4226169249929477,
        2.4325668554352844,
        2.472869816351004,
        2.4954302206993138,
        2.436486382003906,
        2.444272975047849,
        2.45218371228615,
        2.45062310626285,
        2.439426692709221,
        2.429023901099552,
        2.44020852106924,
        2.4673644733570232,
        2.43083409952596,
        2.3805912375579723,
        2.425477756743587,
        2.432010501720449,
        2.420984722580048,
        2.4096640854158227,
        2.424679415678968,
        2.3725398327022065,
        2.3595974479860873,
        2.3602029298093163,
        2.3587985866827017,
        2.3928910951165223,
        2.391004034827634,
        2.359574987890361,
        2.3627108370292387,
        2.3470915044219156,
        2.387911790065332,
        2.341058162186762,
        2.3783109201975416,
        2.427742156432421,
        2.4285517894201942,
        2.39121367702179,
        2.4052775639235477,
        2.365620656265989,
        2.3753617350693457,
        2.388478018860107,
        2.3919033125490463,
        2.402797822437646,
        2.3410083938439006,
        2.372264234160631,
        2.3561930008621506,
        2.323769203978263,
        2.3695659815975816,
        2.3587074726308406,
        2.3582464367491647,
        2.3707006759886586,
        2.3521046827666723,
        2.364310726388963,
        2.321610020526564,
        2.3917980789747433,
        2.3229376968016644,
        2.349423063755442,
        2.3614831553164457,
        2.401677737633938,
        2.329439562124721,
        2.32287488693535,
        2.357552848398899,
        2.2908461377843206,
        2.3317273893667587,
        2.321417956835661,
        2.3466808470977853,
        2.326310856508231,
        2.2983946719413004,
        2.318910093775325,
        2.286032338680276,
        2.308111476283807,
        2.2747066295406584,
        2.327564849028001,
        2.276949308175288,
        2.357054851573728,
        2.328547859803499,
        2.3308649993994077,
        2.299180531681154,
        2.3098327261977283,
        2.2790596379164088,
        2.295506592121784,
        2.307468894218061,
        2.287523585658477,
        2.2757369643486776,
        2.2858446812805373,
        2.2778788696049257,
        2.286728075604959,
        2.293098408826132,
        2.275943049448113,
        2.2735297970124204,
        2.296174721872637,
        2.3104031302009145,
        2.3309761411581658,
        2.2785930120259756,
        2.347417611824013,
        2.2661761738576742,
        2.272173867592753,
        2.2157491600131745,
        2.230938438938011,
        2.270577151202197,
        2.2375560671968078,
        2.2505498907810617,
        2.189942374971887,
        2.2320011342255106,
        2.221702973067971,
        2.2451574128649057,
        2.2070386877839914,
        2.2348223649199586,
        2.2298724779279064,
        2.2249781271492752,
        2.222628158375562,
        2.2691296853582728,
        2.287654038220288,
        2.254733890837872,
        2.3161090364109818,
        2.236168492243169,
        2.251982112893908,
        2.2145443235531954,
        2.234915528126377,
        2.2336707492625263,
        2.2634137036572164,
        2.2338635274198286,
        2.208073614577425,
        2.247470292412738,
        2.232876896781535,
        2.261215936493656,
        2.2333246215432925,
        2.257585859960981,
        2.2718600417921286,
        2.195614456514399,
        2.2554006055470346,
        2.2769589899147107,
        2.2530753206459573,
        2.274694924202628,
        2.329612348110475,
        2.2155083518084684,
        2.2302943098536456,
        2.234616228625306,
        2.218418115175291,
        2.24085346643906,
        2.223176759345962,
        2.2037661449598587,
        2.254597725415952,
        2.249808333822689,
        2.2241103384096395,
        2.2161310803886836,
        2.24351676680064,
        2.256667054576514,
        2.2294829413393953,
        2.2095202596473293,
        2.230575625337405,
        2.228656768616827,
        2.2236822326819126,
        2.2450809730295904
    ],
    "min loss": 2.189942374971887,
    "training steps": 10000,
    "batch size": 256,
    "history size": 1000,
    "dataset": "enwik8",
    "end time": 1730479099.1662228
}