{
    "start time": 1730479525.5470097,
    "use_input_gate": true,
    "use_forget_gate": false,
    "use_output_gate": false,
    "use_state_gate": false,
    "use_new_state": true,
    "use_old_state": true,
    "use_residual": false,
    "n_layers": 2,
    "state_size": 256,
    "id": "96fb1e763390d3cd73e0955dddaaf1d2ad7e15ce6af9cd217e37d55c826da90f",
    "loss": [
        3.659131673360221,
        3.445693165271118,
        3.295419748266338,
        3.1846091231163647,
        3.0961315898864488,
        3.0360680896346097,
        2.8781681372589816,
        2.8386940298341234,
        2.7589310310823594,
        2.7048796173177885,
        2.6739518680730456,
        2.5913772530278316,
        2.595170729521857,
        2.5347540916564553,
        2.570961596576706,
        2.509842888380109,
        2.5090644619355373,
        2.4631916629407558,
        2.4651924200690205,
        2.495908022216093,
        2.4241935248670035,
        2.404120523274971,
        2.4005539504918745,
        2.3442503718778003,
        2.3535536841199765,
        2.3255170444382856,
        2.3286390452671473,
        2.31027135042691,
        2.2665448493317757,
        2.2720300123633783,
        2.280713485023604,
        2.296134971191413,
        2.2605796994453677,
        2.246361632519105,
        2.252936416743755,
        2.243408076225695,
        2.2353676407361247,
        2.2444184593606,
        2.1728773743403145,
        2.2797309246757695,
        2.2320728462397947,
        2.1972582772572333,
        2.2158041324922446,
        2.1909598410401068,
        2.1560418115572393,
        2.200145820343449,
        2.172557109125979,
        2.1164304497456543,
        2.1152393947364896,
        2.1268723109195036,
        2.1139869447489072,
        2.099641539657193,
        2.1120721113242436,
        2.103288284458477,
        2.0925083695319735,
        2.057351726913928,
        2.0707121072467154,
        2.0951849114852625,
        2.102353038345628,
        2.1900745553883345,
        2.086081009398875,
        2.091831595599848,
        2.10588183150373,
        2.128148492255358,
        2.1300673763968963,
        2.1387665738954924,
        2.081570320860318,
        2.1081850001691866,
        2.0784511932794203,
        2.0637857610261725,
        2.0716247756910215,
        2.055481811969928,
        2.0637459493560733,
        2.026301880334074,
        2.0424578464945697,
        2.084816226118793,
        2.0551599694663576,
        2.02442188411335,
        2.0739573309521426,
        2.113843605842827,
        2.082911177907083,
        2.0660722586353226,
        2.0500049003696126,
        2.035879817357114,
        2.095692144751969,
        2.052696107681639,
        2.0557052340939235,
        2.061367110959551,
        2.044398640560323,
        2.0518260936861132,
        1.994329542257468,
        1.9578212840597555,
        1.9918223417638319,
        1.9541008125278139,
        1.9635126709178052,
        1.998178782563159,
        1.967130309780581,
        1.9455556421856308,
        1.9621349085655133,
        2.099686227079869,
        2.0242364869519753,
        1.9820934210130716,
        1.9523230888479561,
        1.974038646953175,
        1.9713156549042312,
        2.0208980175129088,
        1.9749024664181518,
        1.987298522366819,
        2.0132746034547018,
        1.9671694307207148,
        1.9727691524546735,
        1.9359203811551677,
        1.968780173543253,
        1.9453111256954625,
        1.922791763990833,
        1.9302308192214859,
        1.9365318585368099,
        1.9272634446432502,
        1.9549181459175613,
        2.0220452987351294,
        1.965585479671061,
        1.9278191609369084,
        2.0096414294993314,
        1.9696128597688631,
        1.9541569010455215,
        1.9777892856279602,
        1.9774884770283396,
        1.905389499466984,
        1.9240700413660763,
        1.9569999127442348,
        1.9692586024532133,
        1.936543958378056,
        1.9712608459505454,
        1.883485092007373,
        1.9418604370940968,
        1.8904808778666111,
        1.9053080024602072,
        1.9300352318050855,
        1.913315814975427,
        2.057872745263035,
        1.9838507904066651,
        1.9204401633316062,
        1.9208434940083754,
        1.9472145032164705,
        1.9102400996082642,
        1.8975334899299778,
        1.9147740313337893,
        1.8623400856048613,
        1.8981330114088169,
        1.9022016421275876,
        1.9149309588270826,
        1.8543095239802654,
        1.8827411399484226,
        1.8659054645065591,
        1.8676417121808573,
        1.8393941303194667,
        1.8292413088880761,
        1.8208663868695474,
        1.8340364105901032,
        1.9889797437778778,
        1.9533380027855474,
        1.9429949502867725,
        1.8977174179860261,
        1.943487550132208,
        1.9155364158696957,
        1.9181342044582572,
        1.9003709250229215,
        1.946711651638168,
        1.925542882107518,
        1.9108365535304432,
        1.916536779584421,
        1.8807254817621661,
        1.8982939699048063,
        1.941647323650469,
        1.849956622360178,
        1.856018098516475,
        1.8643756960800746,
        1.8393649936717746,
        1.8566398386299237,
        1.9657197138995077,
        1.9083721862787186,
        1.9105278009410096,
        1.8798410428848435,
        1.8851965182855264,
        1.813212208448421,
        1.8208531225754445,
        1.8156615826491675,
        1.8603030298339303,
        1.7968996932270322,
        1.7961477625577789,
        1.7618991475008117,
        1.7558530009953623,
        1.7691219067711956,
        1.7587615933519547,
        1.7789008640665536,
        1.7881882423017106,
        1.81590951558774,
        1.7453595486448183,
        1.7967652215847751,
        1.902058982071201,
        1.8359609838643771,
        1.861639609248591,
        1.8495703277585642,
        1.8177580812504353,
        1.8523214731574342,
        1.8073038285383098,
        1.7996298261892765,
        1.8310370049049711,
        1.8220266193773602,
        1.8108891404004823,
        1.7457239754928933,
        1.7884617696571141,
        1.7983338521147578,
        1.7897935725378862,
        1.7889708788737575,
        1.786269582888968,
        1.8075628073764671,
        1.8112009494219752,
        1.7954593056869574
    ],
    "min loss": 1.7453595486448183,
    "training steps": 10000,
    "batch size": 256,
    "history size": 1000,
    "dataset": "enwik8",
    "end time": 1730479563.6267486
}