{
    "start time": 1730481782.3226829,
    "use_input_gate": true,
    "use_forget_gate": true,
    "use_output_gate": true,
    "use_state_gate": false,
    "use_new_state": false,
    "use_old_state": true,
    "use_residual": false,
    "n_layers": 1,
    "state_size": 256,
    "id": "9ad434d1850beef2a1b0be68b5301fd7a8b1b13e479c0f3e9ad5d503275e326d",
    "loss": [
        4.161812171816252,
        3.583324254923298,
        3.5019889106885342,
        3.464577314075371,
        3.4389075457490175,
        3.3629009835816634,
        3.3502919563007936,
        3.375371263540034,
        3.363047360592463,
        3.3048964622768553,
        3.2854535180116473,
        3.2641496659137124,
        3.239004169925552,
        3.176529741592414,
        3.150855417512702,
        3.1026231270080005,
        3.037053123313946,
        3.0351929678896865,
        3.001865183711453,
        3.0028711786958353,
        2.931724096971179,
        2.9351423582182483,
        2.9008132126739534,
        2.848633280327503,
        2.8541392389018534,
        2.805222530470911,
        2.797895405589165,
        2.804927283903169,
        2.789272721465138,
        2.763085760546905,
        2.7191176841717066,
        2.739399687599928,
        2.7339983984313405,
        2.6646927535796263,
        2.6753267192986714,
        2.631021427210392,
        2.640976205857185,
        2.66325932588401,
        2.647435022219394,
        2.7422687924641918,
        2.585685675567028,
        2.5862124529031942,
        2.5778814452692047,
        2.5277538163594473,
        2.5847018073386723,
        2.5759849626144535,
        2.545425869512256,
        2.5358703738457704,
        2.5449094137629453,
        2.5559334327193115,
        2.552767869230035,
        2.5088793827869242,
        2.5400185799438564,
        2.5243064628222696,
        2.536768266751747,
        2.4942189053418518,
        2.4791825180446745,
        2.48302223152868,
        2.5139974709246755,
        2.5777261018841844,
        2.507779039055885,
        2.486964854391804,
        2.5008649999542683,
        2.5170611972389954,
        2.5100837455821274,
        2.5038129276381107,
        2.471695946213406,
        2.4520366344244935,
        2.4428896658176256,
        2.4199220083116075,
        2.4730608098335,
        2.4509455152582365,
        2.4450531297546014,
        2.4143666149247425,
        2.390874025800594,
        2.4243082982171575,
        2.4400659468325676,
        2.453018260493163,
        2.443290268717654,
        2.5656312855453653,
        2.4824081115533283,
        2.435043750563352,
        2.438718718209059,
        2.432494520779856,
        2.4675414612118507,
        2.4254817704388225,
        2.4237137142721736,
        2.4090837108833285,
        2.4187587235299763,
        2.4125517931709135,
        2.387081041525392,
        2.416977865365692,
        2.4178232964244555,
        2.4044517591839107,
        2.378786562577196,
        2.3766282548414264,
        2.4251293175610606,
        2.3654376583311554,
        2.351653808972338,
        2.473351512359578,
        2.416565927619778,
        2.3460171717526244,
        2.352312473146791,
        2.324059545529533,
        2.362011492565542,
        2.3653648512762895,
        2.4165691093730683,
        2.3569320503500557,
        2.362969609125339,
        2.3583737390067103,
        2.3715894120976238,
        2.3734689673725686,
        2.3616681589360526,
        2.350699734165958,
        2.36773673732275,
        2.3741327936513974,
        2.350403280909453,
        2.3397022146652557,
        2.334856893562146,
        2.4859547223501566,
        2.36571989341203,
        2.3746184534684787,
        2.3227475233696935,
        2.3301509816455845,
        2.3064468568060548,
        2.292005555028073,
        2.3216465303653533,
        2.2933551366365874,
        2.2938382544714995,
        2.3094844645665074,
        2.3325503150156868,
        2.3283475659621247,
        2.329097228833299,
        2.303027873822482,
        2.3034200129695868,
        2.339314813840691,
        2.2962720863190396,
        2.27607490949747,
        2.29118053122575,
        2.4280764851090417,
        2.2634625490579032,
        2.251864676593807,
        2.26798886769133,
        2.256238047757743,
        2.264361002527792,
        2.312862160606269,
        2.265130855832562,
        2.235498826476297,
        2.246336874047052,
        2.2430968507721167,
        2.2605958429016537,
        2.246584487667904,
        2.256549247426369,
        2.295687088493261,
        2.288071929205161,
        2.2676932521401554,
        2.278154188133869,
        2.278629975798407,
        2.2530780810577755,
        2.3351736170075377,
        2.2393418403633563,
        2.2146443487835192,
        2.2699142944627932,
        2.2367119322534057,
        2.234221453847066,
        2.2129715289931213,
        2.2669814822274663,
        2.2447152061703948,
        2.2298267463937984,
        2.2151189524158847,
        2.22215815802327,
        2.214478903605342,
        2.200729401312264,
        2.229349653818938,
        2.1985799297170727,
        2.19304690111149,
        2.2113644919917856,
        2.211623890405155,
        2.2616835386567047,
        2.349801704093036,
        2.275597172288038,
        2.246773910545847,
        2.259169541714864,
        2.2430978092962888,
        2.306936863679636,
        2.2644998950121633,
        2.2540904808443574,
        2.2934654180022975,
        2.260752249392771,
        2.2231268540698075,
        2.2578364654423573,
        2.2445168646026814,
        2.254826663826167,
        2.2647744361360274,
        2.222706560234886,
        2.2339226099389964,
        2.2285359576498447,
        2.2258974714799975,
        2.26631360434887,
        2.319121120845148,
        2.2538689257161453,
        2.230118341786992,
        2.2224055468480177,
        2.2650317015394106,
        2.223357106336492,
        2.2354086289572446,
        2.219318670699042,
        2.1903864061300142,
        2.2444882472260317,
        2.200846511620399,
        2.1985720264320503,
        2.2121149257492387,
        2.2011111825262635,
        2.207318922428859,
        2.2170290690492123,
        2.214362568176798,
        2.2219993166812797,
        2.1802537960000223,
        2.163360113067957
    ],
    "min loss": 2.163360113067957,
    "training steps": 10000,
    "batch size": 256,
    "history size": 1000,
    "dataset": "enwik8",
    "end time": 1730481804.3920026
}