{
    "start time": 1730481382.1312432,
    "use_input_gate": true,
    "use_forget_gate": false,
    "use_output_gate": false,
    "use_state_gate": false,
    "use_new_state": false,
    "use_old_state": true,
    "use_residual": true,
    "n_layers": 2,
    "state_size": 256,
    "id": "9c438548cb6e4c8861b6ffb5f1913653b8fd9b5229acd758363d8d21cfb4ea47",
    "loss": [
        3.6230985145518084,
        3.395713789674737,
        3.219580891300907,
        3.02903082889854,
        2.906436306180312,
        2.8637936323596516,
        2.8316208852930345,
        2.7953143953567814,
        2.7403624607898114,
        2.710357149858861,
        2.6919021609512104,
        2.634074681201127,
        2.662935786909873,
        2.635934245139962,
        2.6392800424254093,
        2.598673572394715,
        2.5817770967677314,
        2.537655236816431,
        2.5140401567723645,
        2.548765978744695,
        2.5321349755252425,
        2.5249191607594144,
        2.498417112129959,
        2.4909623246772057,
        2.491183626564493,
        2.4765721852504123,
        2.48915084777841,
        2.459267076429739,
        2.4373632445152014,
        2.431078477076324,
        2.4076450636819837,
        2.385682732504211,
        2.389768100906515,
        2.400329131520433,
        2.4165867467208897,
        2.4384577458512817,
        2.381983861541744,
        2.418480511340087,
        2.4046051893208436,
        2.3841757636885985,
        2.397818846832926,
        2.3702306354223133,
        2.3332821402393007,
        2.325401644626639,
        2.3381205043595292,
        2.3355894450903767,
        2.3195654358269415,
        2.3302219252956924,
        2.2794668001377194,
        2.2988075825628975,
        2.2763167406226614,
        2.271936857597482,
        2.2565718249903037,
        2.2592733918996895,
        2.2534759301024647,
        2.2618652961369983,
        2.2575946140125382,
        2.2676883843216338,
        2.2513736458007023,
        2.303998591490124,
        2.2447215667057545,
        2.2204618896423747,
        2.1745442629966485,
        2.207720873470849,
        2.2455308323208114,
        2.250939955275963,
        2.246097575375251,
        2.252919821064259,
        2.227915959631626,
        2.180967879419143,
        2.238055852230468,
        2.193614781461082,
        2.2207715311482294,
        2.199153762800902,
        2.2031541168662585,
        2.1751331579690603,
        2.2197862696796626,
        2.1834146234997784,
        2.208854606139435,
        2.227337604720168,
        2.2339354814296857,
        2.224933834047479,
        2.1859989369242836,
        2.186485411253659,
        2.188157998643662,
        2.2046144334967215,
        2.205207689558204,
        2.19888620047674,
        2.2575836270742493,
        2.182929488160559,
        2.19220525050073,
        2.24494739990901,
        2.199121686366802,
        2.1978504613125605,
        2.2085526008210037,
        2.148471757344886,
        2.19711498566035,
        2.1572800667832515,
        2.2135369101327496,
        2.20801853805986,
        2.2067322598521435,
        2.2347160706227918,
        2.208072861022241,
        2.1543353425237295,
        2.1826335176166034,
        2.1750906335480895,
        2.1643527228783666,
        2.157202801463018,
        2.1783405254021604,
        2.1496412168610104,
        2.18680701880973,
        2.193838377915418,
        2.209191667509702,
        2.1524577884456786,
        2.1514564273414307,
        2.1672415304988073,
        2.1846378608104855,
        2.1365151732114755,
        2.1764898110116575,
        2.2195789891328763,
        2.2117062523022755,
        2.1745525133936945,
        2.180073685093055,
        2.126970667427492,
        2.172550523483694,
        2.1163675914973084,
        2.140377120323139,
        2.1291749188111884,
        2.116695030320785,
        2.145131661001446,
        2.1429627888065643,
        2.135569073624285,
        2.140659297862802,
        2.084815243902945,
        2.121223888167002,
        2.1126524131179614,
        2.1285180602954092,
        2.1140237217700197,
        2.112494362053497,
        2.167941468647192,
        2.120518897465178,
        2.126838654192121,
        2.1203522168436306,
        2.1019506374929833,
        2.0893945175571114,
        2.0601591355850006,
        2.0711386691020612,
        2.0635618064683623,
        2.0793189732184576,
        2.091160764710129,
        2.0542445671240497,
        2.075160180928401,
        2.1098839837616166,
        2.1372999309965577,
        2.094077488560317,
        2.104807266341789,
        2.083353462596038,
        2.099872622403824,
        2.0947590061214156,
        2.150039001525295,
        2.1225465760730184,
        2.095640940191017,
        2.11380978868991,
        2.0578824263030446,
        2.1039494699635726,
        2.0938347264903974,
        2.0932719491291034,
        2.064021786785042,
        2.0416155399485993,
        2.0890133093809307,
        2.059411820682184,
        2.045757793302608,
        2.048376206179233,
        2.028007183690527,
        2.06699472268562,
        2.0566130610656375,
        2.0913695753294386,
        2.0210926227306247,
        2.0329763614162344,
        2.104017362621939,
        2.072569939441525,
        2.102225231807698,
        2.118887755531117,
        2.071531663729445,
        2.0922983461100833,
        2.0893048557543104,
        2.085495822926184,
        2.0616007829862246,
        2.072802436045178,
        2.076011642184141,
        2.042888350705497,
        2.052068970119442,
        2.059691587313443,
        2.0865350351257614,
        2.071579203106675,
        2.0538829591301417,
        2.039810282793233,
        2.0419498913995415,
        2.0048938786291832,
        2.082230041567049,
        2.064590511173778,
        2.0160064749426314,
        2.039552060899034,
        2.010426226375567,
        2.020309283688755,
        2.010374291102486,
        2.013519716696808,
        2.001565485970206,
        2.012128060373644,
        2.0180644806938117,
        2.022129750776811,
        2.040755301411547,
        2.0562823600565596,
        2.005288659973485,
        1.9846572037768075,
        2.0535515890691953,
        2.0546918299455093,
        2.0132229352007474,
        2.044624363729979
    ],
    "min loss": 1.9846572037768075,
    "training steps": 10000,
    "batch size": 256,
    "history size": 1000,
    "dataset": "enwik8",
    "end time": 1730481410.1285515
}