{
    "start time": 1730476037.6340034,
    "use_input_gate": true,
    "use_forget_gate": true,
    "use_output_gate": false,
    "use_state_gate": true,
    "use_new_state": true,
    "use_old_state": true,
    "use_residual": true,
    "n_layers": 1,
    "state_size": 32,
    "id": "9c73e3d5176279617034d4d9f874a1a7cda76357da4c57419e6dad49489d1833",
    "loss": [
        4.991896116689668,
        3.688585376652068,
        3.4925519112147536,
        3.4486756670224943,
        3.377281905000725,
        3.3736868013669157,
        3.293659163448564,
        3.235154436177187,
        3.177065592804463,
        3.098478442155689,
        3.075653035836816,
        3.0170717727118297,
        3.0260942331623535,
        2.9598744224150724,
        2.941630446979494,
        2.8957172771191617,
        2.8646455128347346,
        2.8294464628589284,
        2.8166855111259235,
        2.7737975678891527,
        2.793532097586899,
        2.7963736840117974,
        2.7600543427132527,
        2.7574955370222867,
        2.773442313621254,
        2.7428199929763184,
        2.7231481134292257,
        2.697669957389623,
        2.704423797200504,
        2.6877896999772544,
        2.68588660060414,
        2.6770117629521835,
        2.66268803276351,
        2.6457416649202625,
        2.6574199624794717,
        2.6591706777316215,
        2.6550053656821526,
        2.623458058051743,
        2.6102438760422153,
        2.637023287669202,
        2.628556781824493,
        2.595186829062892,
        2.6354115658431256,
        2.6169553562556374,
        2.603072613680962,
        2.611521860313236,
        2.5799774934243684,
        2.535283503866418,
        2.5102912047127433,
        2.5163311301418916,
        2.5216022367906903,
        2.509718686455191,
        2.5258631650805796,
        2.5152379817377604,
        2.5382315665398854,
        2.498009935132159,
        2.499797663060708,
        2.5085583854698443,
        2.4585793450430873,
        2.54970438867851,
        2.4819284288409467,
        2.4759584903695413,
        2.4934855101013627,
        2.486310946424394,
        2.4975986074260237,
        2.5014430252149698,
        2.4439921732692453,
        2.459288864116447,
        2.438360643758477,
        2.4632876556307246,
        2.476815113629251,
        2.466385378091777,
        2.4243611918428853,
        2.4385127854550626,
        2.4535870852718014,
        2.423528887938876,
        2.4394014689914387,
        2.405486708824,
        2.4485906529827774,
        2.482512936385981,
        2.3974755673683155,
        2.4111526317090783,
        2.417031615869044,
        2.427471145457636,
        2.4289797615795825,
        2.4017618884988035,
        2.38515263419512,
        2.3961275528191797,
        2.3759640073493142,
        2.3735135888602756,
        2.4282899734715913,
        2.373828133882306,
        2.3763888600541168,
        2.369681665163296,
        2.3880969123896576,
        2.4138307182057543,
        2.3710266095576187,
        2.3739723859562734,
        2.4294124348835546,
        2.465505053142311,
        2.3936089993457874,
        2.378000620205036,
        2.356564384189021,
        2.3251612199226988,
        2.3670492791104647,
        2.3714068134426967,
        2.350803459922855,
        2.402113817706696,
        2.3804211525901313,
        2.37917676976777,
        2.3664043260243166,
        2.352730169858065,
        2.3633426531027815,
        2.3260205765932973,
        2.3432197210883126,
        2.3487184002964754,
        2.3529586029449545,
        2.3292437703153763,
        2.3560926213214106,
        2.4192668486397246,
        2.375319496848083,
        2.3733902632933765,
        2.364226783553015,
        2.327688153867777,
        2.35017666020136,
        2.3445973092569763,
        2.3277006978017987,
        2.3270072066074494,
        2.352161779463831,
        2.3459347266985735,
        2.314333903439733,
        2.3403620073968914,
        2.32611530173679,
        2.3449930610122736,
        2.333515593953279,
        2.3457379580698685,
        2.3568906261126,
        2.334807449345689,
        2.327160243090129,
        2.3802319569333226,
        2.402652828781324,
        2.348797227876167,
        2.3525568075747327,
        2.3246816876262537,
        2.3485067021920076,
        2.330528070820743,
        2.3081059184589123,
        2.2957643701968964,
        2.325867571768324,
        2.2942335303975168,
        2.3448971085823387,
        2.3833248500891613,
        2.3516290901592525,
        2.3474729218452346,
        2.2863877354505555,
        2.2972205921148223,
        2.3129134552656203,
        2.3022006636209245,
        2.3103039263815366,
        2.383044211805264,
        2.3623885190828062,
        2.340281160784849,
        2.3300119360030913,
        2.3442629768401777,
        2.364754827250881,
        2.3383186786653245,
        2.3502451283778734,
        2.34739212912917,
        2.3043458203237077,
        2.2784826997088437,
        2.272427929746353,
        2.266390964856414,
        2.3066162556262446,
        2.3096631515530137,
        2.3165985132053746,
        2.2777866289363518,
        2.3097411210448593,
        2.310721535830597,
        2.3174063803104077,
        2.3405462651245315,
        2.3312449889996945,
        2.286412597134454,
        2.3675921438528498,
        2.3417468900765583,
        2.366293167636608,
        2.3226879641045572,
        2.2947281800590726,
        2.2732820713861304,
        2.2778745307695267,
        2.290599625231042,
        2.2989708473843375,
        2.269397402948741,
        2.2734278063596784,
        2.2760805518477163,
        2.29268642842607,
        2.2539570071258956,
        2.3133064306278635,
        2.292233553702683,
        2.2692718850643887,
        2.3434016982132206,
        2.2524564039702777,
        2.2280034041216417,
        2.274781536203336,
        2.2154034119880723,
        2.2773118315015592,
        2.2907563700133404,
        2.2516482194644665,
        2.245167299686755,
        2.21718205211491,
        2.255460917301532,
        2.26048834681741,
        2.253102435686284,
        2.2412512549585792,
        2.22996194006175,
        2.23902816814597,
        2.192302442142722,
        2.2665185233252263,
        2.282200294541346,
        2.2307432325027774
    ],
    "min loss": 2.192302442142722,
    "training steps": 10000,
    "batch size": 256,
    "history size": 1000,
    "dataset": "enwik8",
    "end time": 1730476072.9848685
}