{
    "start time": 1730478419.0098064,
    "use_input_gate": true,
    "use_forget_gate": false,
    "use_output_gate": true,
    "use_state_gate": true,
    "use_new_state": false,
    "use_old_state": true,
    "use_residual": false,
    "n_layers": 3,
    "state_size": 256,
    "id": "9e72378f7032042d0b30fd3fa039773d2c02cb32cf453499e7d04cdc6894c07d",
    "loss": [
        4.017183433908647,
        3.5902474249768415,
        3.5310200873085598,
        3.48015654368567,
        3.455488017530162,
        3.444526225745192,
        3.407775283533286,
        3.3605371054313142,
        3.3553602253882318,
        3.3259200401397275,
        3.295130693456705,
        3.259369957770568,
        3.186368710128146,
        3.1888920784247774,
        3.175043308544251,
        3.1356158121448248,
        3.0857333769217226,
        3.0841329078051003,
        3.051216694662792,
        3.1099639563775274,
        3.027782637132103,
        2.9803049244793867,
        2.9585838285327237,
        2.9593884042788163,
        2.9688977254884183,
        2.9248974584781258,
        2.9093601020482476,
        2.9233164285295015,
        2.9341907907175426,
        2.9504450277909067,
        2.9190469813146276,
        2.925148392503982,
        2.902719678743111,
        2.8851074665481753,
        2.870608180922426,
        2.83285364211763,
        2.8025080466547867,
        2.850281149726918,
        2.8174212736969806,
        2.9845734514919626,
        2.8524752841742687,
        2.818324660642854,
        2.8306151765352663,
        2.7959479159215515,
        2.797530676064898,
        2.789383659109689,
        2.751681071466419,
        2.7756824042474375,
        2.814055044000929,
        2.797980835085578,
        2.772578844956582,
        2.7558892260823775,
        2.7964972636762786,
        2.743414432611606,
        2.7250310454458444,
        2.7287537075108443,
        2.7506575608054926,
        2.754746794690611,
        2.764247429447887,
        2.901759540334028,
        2.76042529643856,
        2.7197121393731245,
        2.7113174167291914,
        2.671742852963455,
        2.6755095775789033,
        2.6797885095748475,
        2.6792872883954697,
        2.6459335856005817,
        2.6654755202775395,
        2.6672409947403364,
        2.663505980432097,
        2.669040225279404,
        2.645439361813908,
        2.654843855768863,
        2.6602669682921904,
        2.663247207693673,
        2.6859075516425706,
        2.638684181111096,
        2.668583261298881,
        2.8435128845284336,
        2.686355395757675,
        2.6607683415838865,
        2.65440959165355,
        2.649420386216855,
        2.6141149181685717,
        2.6155289554083168,
        2.5781683063885947,
        2.596084351218239,
        2.595283637394966,
        2.637266625685852,
        2.6219844513321946,
        2.59615649774734,
        2.581530364605904,
        2.6205933282895284,
        2.5936634505453062,
        2.6146311345853817,
        2.5818427325038673,
        2.6245069609340725,
        2.5851842350807477,
        2.786767472530328,
        2.6256153036088667,
        2.636634851553729,
        2.5836189572133397,
        2.5845586719517684,
        2.5620351356601834,
        2.585871075820949,
        2.536505728619355,
        2.5647858306300892,
        2.5933655092127927,
        2.5760409964860864,
        2.555674354321432,
        2.5622923073352917,
        2.5228484665499953,
        2.5726472900472017,
        2.5735648508876627,
        2.5359749471486337,
        2.536304336935932,
        2.5569378028816785,
        2.5484071369226946,
        2.794935654911159,
        2.603372109074044,
        2.5796704719823653,
        2.5879879593830997,
        2.5565237390622952,
        2.560880907240367,
        2.5829704550508974,
        2.5861709854590003,
        2.580269637796925,
        2.553558536761039,
        2.553285670343391,
        2.55989229171278,
        2.560660126665977,
        2.582423839196759,
        2.5596453925770373,
        2.542214997683703,
        2.5634190292496446,
        2.5325193924952205,
        2.5264318631744045,
        2.5537561651631506,
        2.740585786752821,
        2.5731233181133923,
        2.5433014049901934,
        2.5327940417231334,
        2.5770994293651106,
        2.5044241193456083,
        2.5299025427696753,
        2.4911524924114046,
        2.5242104387317172,
        2.520008897189393,
        2.5557052620289675,
        2.503295876447997,
        2.5018041756000566,
        2.4810692689857716,
        2.493414042081186,
        2.5580254644852727,
        2.5305688469308976,
        2.5243685022532043,
        2.5529467212111214,
        2.5168023858703155,
        2.7375888809694655,
        2.5807833549322043,
        2.601699835692329,
        2.5476942915637983,
        2.5524043132666137,
        2.534719043724754,
        2.530137971359911,
        2.5152764459900436,
        2.5211911835183156,
        2.505000483326494,
        2.4926562024540786,
        2.534440246924776,
        2.5186131333527824,
        2.48145429214156,
        2.5161095832693876,
        2.542983620119702,
        2.476591774443709,
        2.510267942533606,
        2.525430525690069,
        2.5146778768225384,
        2.7196140121457395,
        2.4968303422250013,
        2.488163973530739,
        2.506236404410462,
        2.492372780463005,
        2.515786277986882,
        2.4398122617121225,
        2.449103246618942,
        2.5021360740852705,
        2.40868260298229,
        2.4527565853202637,
        2.433300233171982,
        2.453137443668156,
        2.439359686711949,
        2.455784127931696,
        2.4843757033518314,
        2.455591851768676,
        2.4563500490495294,
        2.435890803348976,
        2.455853551533849,
        2.6534366577316604,
        2.510559679901626,
        2.457635097067946,
        2.4807688036399513,
        2.4951599242325275,
        2.4878748528807173,
        2.4959822770273377,
        2.4771864631740006,
        2.4823477483182814,
        2.460954337157943,
        2.4664705574504997,
        2.431036138317197,
        2.4565929959613633,
        2.4898451696226283,
        2.4573895384668925,
        2.443497913231459,
        2.419779310429597,
        2.442166459180816,
        2.4755467134460014,
        2.440396163082298
    ],
    "min loss": 2.40868260298229,
    "training steps": 10000,
    "batch size": 256,
    "history size": 1000,
    "dataset": "enwik8",
    "end time": 1730478460.576936
}