{
    "start time": 1730477639.9637532,
    "use_input_gate": false,
    "use_forget_gate": true,
    "use_output_gate": true,
    "use_state_gate": true,
    "use_new_state": true,
    "use_old_state": false,
    "use_residual": true,
    "n_layers": 2,
    "state_size": 256,
    "id": "a3218be8f401c1dcb4e70b87135635c73cb0bf02c346a8652978fe0e3f0f9588",
    "loss": [
        3.7717734538677927,
        3.388630871170666,
        3.114582055100689,
        2.9535877680131186,
        2.90955586109798,
        2.8216536615737504,
        2.7747775250052085,
        2.7230075522779784,
        2.6636364691061716,
        2.6366127545950904,
        2.5536037796913997,
        2.498244792702129,
        2.484652339649989,
        2.4694786874031047,
        2.4211630597634355,
        2.439818882507078,
        2.34532459422656,
        2.3189454260119686,
        2.367379415257896,
        2.3362220526161996,
        2.279681680653697,
        2.23078385920881,
        2.2053174641001387,
        2.216239837578749,
        2.1867129704013717,
        2.1633667996969694,
        2.1437121757127073,
        2.132072364674655,
        2.1612423768058213,
        2.0804371990309076,
        2.0922663275788214,
        2.0847646327730613,
        2.094019094289486,
        2.0048044069545066,
        2.0219567675933137,
        2.0030977249240154,
        1.9672295577686418,
        2.035834051863202,
        1.9804790490266522,
        2.0925470598145672,
        2.0427363797753433,
        2.025259613888413,
        2.0227105563460843,
        2.060041038056779,
        2.0218529288158007,
        2.0150993332046347,
        2.013113406202832,
        1.999668293872503,
        1.9521520474231102,
        1.9470759536324305,
        1.9353055143322113,
        1.9263711296987909,
        1.905925418978062,
        1.9158617886680565,
        1.9060773424322408,
        1.9096956062335526,
        1.888700759402304,
        1.8651482160437085,
        1.8769107490218226,
        1.9495695552802408,
        1.979602944867337,
        1.934192661306607,
        1.9764684683156284,
        1.9233749110975555,
        1.9033391666275699,
        1.909863153225949,
        1.9035140800274633,
        1.8807955694850897,
        1.8481426236002463,
        1.8612237266454295,
        1.8850418673723508,
        1.8573826938407576,
        1.8390618430880117,
        1.8520005804824307,
        1.8503955161033692,
        1.839802263791679,
        1.8597386082278018,
        1.8535312631529397,
        1.856609403176175,
        1.9526156069313287,
        1.8588257588854216,
        1.8122680215588811,
        1.8023211848670864,
        1.7812692445718517,
        1.7671448163384789,
        1.8001456944392311,
        1.773631927013922,
        1.7671343578310161,
        1.7320424775722194,
        1.7492492732296636,
        1.7862409044573913,
        1.7514685204211364,
        1.751566324738326,
        1.7472715773150602,
        1.770340145217756,
        1.7145202622538225,
        1.7312703074235127,
        1.724744314094677,
        1.7409613167570845,
        1.9077836855854629,
        1.8943548587459063,
        1.8102004052921388,
        1.802998386362277,
        1.7819196974746345,
        1.8045570631328156,
        1.791868941873646,
        1.7836113031557275,
        1.8006912878827348,
        1.7374718025050198,
        1.7929261215750407,
        1.7614928608684202,
        1.7618676485243343,
        1.7357562759589074,
        1.6991401548704812,
        1.7146560933271335,
        1.6967468118210431,
        1.7056933310010505,
        1.6840214926395802,
        1.7165958175643186,
        1.8895719811582035,
        1.7419614909823498,
        1.7312315679484787,
        1.7278878291772206,
        1.766813239521781,
        1.741386596974857,
        1.742074687918882,
        1.7257957721580002,
        1.7504000627420462,
        1.7031354404187882,
        1.6818384102500425,
        1.7111132547871981,
        1.6924347378704536,
        1.6770932282428292,
        1.7167127532322786,
        1.6923280958240063,
        1.702922798332798,
        1.686808115129489,
        1.735832339566504,
        1.7203638083401582,
        1.852281680705611,
        1.8038514601936364,
        1.7945119200546,
        1.723233034468931,
        1.750380761438829,
        1.742327305766884,
        1.7659875861751873,
        1.786381350363568,
        1.7507630190547316,
        1.7061953885439782,
        1.7167743555910653,
        1.7370911958577746,
        1.7200614791556035,
        1.6885688043011382,
        1.7293818799514078,
        1.6920720087020897,
        1.6947954421287101,
        1.7102210647068559,
        1.6858927093920386,
        1.6837616543377152,
        1.8611020921330514,
        1.795600520826115,
        1.7762984429326634,
        1.7914095754075527,
        1.7288102877750147,
        1.754205956147676,
        1.7641517394362427,
        1.7369714767707054,
        1.70472822751294,
        1.7158659554028535,
        1.7079413065568547,
        1.740488245913382,
        1.7056227914645214,
        1.7322736898863993,
        1.6824781091235967,
        1.6695271111445833,
        1.6628736077948583,
        1.6941543433901163,
        1.6722289742233392,
        1.6874858966943633,
        1.7979861897077831,
        1.7443189878183836,
        1.6903784649015308,
        1.6851626720681712,
        1.7069368771152968,
        1.702088861997571,
        1.7037843984847825,
        1.6951106264857492,
        1.6826287430591256,
        1.7192146546551992,
        1.6681948112528089,
        1.694389459840048,
        1.6999929927506392,
        1.7140873124133618,
        1.7117542311153229,
        1.709012248039432,
        1.726493968657412,
        1.747417181744784,
        1.7032410608373263,
        1.6501396425712642,
        1.8164265963428539,
        1.7180456636574493,
        1.7204423894607548,
        1.7325238113227497,
        1.718060236204078,
        1.6773553909168761,
        1.6837955680346188,
        1.6454766331561614,
        1.6532579229213558,
        1.6653805489403395,
        1.648019913111609,
        1.6519851373420404,
        1.6742693898422898,
        1.6679213939692317,
        1.626082833033286,
        1.6964568730098397,
        1.6387025734112448,
        1.6381584163727656,
        1.6299238954054385,
        1.636805139849023
    ],
    "min loss": 1.626082833033286,
    "training steps": 10000,
    "batch size": 256,
    "history size": 1000,
    "dataset": "enwik8",
    "end time": 1730477686.855514
}