{
    "start time": 1730482353.7800071,
    "use_input_gate": false,
    "use_forget_gate": true,
    "use_output_gate": true,
    "use_state_gate": true,
    "use_new_state": false,
    "use_old_state": true,
    "use_residual": false,
    "n_layers": 1,
    "state_size": 256,
    "id": "a6b20c2dd5596a830ad0b27555d8835cd14c489681223f200446f3eb2be24ac0",
    "loss": [
        4.2236896937745865,
        3.5646117163350843,
        3.4980917867053254,
        3.5017090544337157,
        3.47896085973712,
        3.449403530232042,
        3.4503027803899746,
        3.504765346899019,
        3.477804572964224,
        3.4487138367383623,
        3.481919489365062,
        3.445128147009872,
        3.4258791167289493,
        3.3947336614554375,
        3.393753234202711,
        3.4043462885877074,
        3.399002577442552,
        3.436521562759619,
        3.383284653985724,
        3.401676827258503,
        3.4048438923618347,
        3.4136482677503173,
        3.419939206762065,
        3.3416124200857946,
        3.3819597807992823,
        3.377106046591472,
        3.3763546675448333,
        3.3413192711210224,
        3.320918599237592,
        3.309139509172942,
        3.321863752639727,
        3.3157964126948345,
        3.3609571186522555,
        3.3136838622213203,
        3.3296194462973023,
        3.3128813355255082,
        3.2541567114235015,
        3.2723507374710765,
        3.275534588575197,
        3.324906406124694,
        3.315819379436865,
        3.2954094175970723,
        3.293080298730493,
        3.304880115570716,
        3.290055021953583,
        3.246489710453311,
        3.223234835711316,
        3.2698289065438857,
        3.272706110529769,
        3.280137142608103,
        3.249252806186326,
        3.2650568547879892,
        3.2398929146090816,
        3.2551999440127797,
        3.2727055956449504,
        3.258722049721331,
        3.243319719451298,
        3.2242527876890383,
        3.248590501504698,
        3.276595577438354,
        3.2291087246064873,
        3.2487967515624523,
        3.242892673134931,
        3.219578525115933,
        3.2006607480770777,
        3.2398124448982655,
        3.25518910511558,
        3.246204450176532,
        3.239452382451865,
        3.2292637532534303,
        3.253663255938802,
        3.2310959399277954,
        3.2476097051709014,
        3.2530451547295947,
        3.215758896022576,
        3.2342559550329395,
        3.245462939673232,
        3.224091363305142,
        3.201087315134538,
        3.2564394178887093,
        3.256844214974578,
        3.1838800719894795,
        3.2082026395532073,
        3.188851893317086,
        3.1889518972878794,
        3.1910403511193417,
        3.1945500233339503,
        3.2196480155983673,
        3.1869618131785824,
        3.1813346042927186,
        3.1924352293087943,
        3.214488943625278,
        3.228413052715407,
        3.20333778011046,
        3.181987756055806,
        3.170687781171937,
        3.168366427062918,
        3.1985286198575746,
        3.175358964851303,
        3.2213335909535417,
        3.182045472274027,
        3.1650109348281976,
        3.229292860287553,
        3.2114279284082676,
        3.1831131469272465,
        3.212313848028715,
        3.1735621531561335,
        3.1815877053814763,
        3.1869625021316894,
        3.2085683344572953,
        3.185526500017461,
        3.1642874611601646,
        3.156777827512382,
        3.1750036180565284,
        3.1817686229336792,
        3.1401229328891103,
        3.1430685312394053,
        3.14874164642167,
        3.154655449415433,
        3.1440975226281034,
        3.1527229950500346,
        3.162476975687554,
        3.133562779378032,
        3.1033883176677497,
        3.130126317087743,
        3.1448129724194245,
        3.1378868132724405,
        3.146563277348012,
        3.135845546139538,
        3.117797046552222,
        3.1677765285652817,
        3.1835187846088067,
        3.150366104350902,
        3.151813398041396,
        3.132313285141644,
        3.1150464621305693,
        3.1154261694512884,
        3.110727897573147,
        3.1094886033600644,
        3.1633633911108414,
        3.1062052746925564,
        3.147367791996475,
        3.1550671612824526,
        3.154887517086562,
        3.161881827889987,
        3.1149540240003235,
        3.1345355782168314,
        3.165753220156844,
        3.1406227397411937,
        3.131627410917706,
        3.146039255860432,
        3.154003224058307,
        3.1365151812757768,
        3.1438098722959866,
        3.1725884560378974,
        3.1711556980996027,
        3.1314383644349753,
        3.103988393561941,
        3.1207367384810323,
        3.153795972303069,
        3.130008942642597,
        3.1287569802867816,
        3.1430822499928177,
        3.1346577156915285,
        3.1326128019335124,
        3.0874916342560446,
        3.0860440996534897,
        3.0756563992365025,
        3.106031980463327,
        3.1051327091169703,
        3.113537473397747,
        3.0823384432294345,
        3.1504079817465986,
        3.0892651692452358,
        3.06989657540647,
        3.0965374727899437,
        3.086165590513806,
        3.0929454690181926,
        3.08430466984646,
        3.095472375924881,
        3.1204824958552737,
        3.0894890656341882,
        3.076321125272127,
        3.097242272537502,
        3.1296463832445505,
        3.1053095394727412,
        3.101902967677577,
        3.0730472421811785,
        3.1301566276204134,
        3.0684483637398086,
        3.0150247347098973,
        3.044065994609056,
        3.046569092109398,
        3.0724041464734264,
        3.084063387059593,
        3.0907865496432594,
        3.045844022946923,
        3.043446974860307,
        3.0589981065499927,
        3.0505031142201315,
        3.0631088347426534,
        3.0694319034930975,
        3.091720160228224,
        3.0980504857374203,
        3.0642805767974823,
        3.1226538059826936,
        3.0901277788537005,
        3.088687395651565,
        3.0984279283278218,
        3.0566378445716156,
        3.0282343697785126,
        3.086426681504041,
        3.052584940040051,
        3.0586682806919177,
        3.023673829889556,
        3.0223761097939486,
        3.0766610275451476,
        3.057653204484937,
        3.0487689495247503
    ],
    "min loss": 3.0150247347098973,
    "training steps": 10000,
    "batch size": 256,
    "history size": 1000,
    "dataset": "enwik8",
    "end time": 1730482368.985061
}