{
    "start time": 1730480613.1776345,
    "use_input_gate": true,
    "use_forget_gate": true,
    "use_output_gate": false,
    "use_state_gate": true,
    "use_new_state": true,
    "use_old_state": false,
    "use_residual": true,
    "n_layers": 3,
    "state_size": 256,
    "id": "a6fffa78d085fe9ff33cfbd6e369cd5065674420857edc9078f511a796bf3ee9",
    "loss": [
        3.785311685303643,
        3.5160151938101216,
        3.416283480027798,
        3.281669879570412,
        3.213954278603669,
        3.071295192818664,
        3.019534096848331,
        2.9363027754203657,
        2.79180967336896,
        2.720595941186957,
        2.6115588669311256,
        2.602277781438182,
        2.5702290509498527,
        2.5300231839798806,
        2.4759635775471245,
        2.4724806806681574,
        2.4581650267446697,
        2.455134158781215,
        2.337574821159099,
        2.3946272277846794,
        2.4016719655778043,
        2.2977443314802217,
        2.291934798894294,
        2.250143705594694,
        2.225893094482088,
        2.2102695346077765,
        2.211050733350632,
        2.1872466234304957,
        2.1378812432135876,
        2.1554898039725443,
        2.164231287822212,
        2.110322184098448,
        2.172075088617155,
        2.1263987625705867,
        2.087283866706266,
        2.0710547417392724,
        2.067779101532139,
        2.054460578851765,
        2.0545169862326045,
        2.1592538560326435,
        2.0786372253943473,
        2.0617425882420846,
        2.036558556248416,
        2.008262299862903,
        2.009761948679525,
        1.9983044293662886,
        1.9743155144479876,
        2.004694802942238,
        2.016474467995519,
        1.9399873879145457,
        1.9784215545247485,
        1.9775534933730647,
        1.9530336316775876,
        1.9872186787668291,
        1.9382576387610768,
        1.9155852582655555,
        1.9541646784625484,
        1.9783425730290523,
        1.97936575071853,
        2.0610483173918532,
        2.0081664625342386,
        1.9965929988419284,
        1.9420570883521426,
        1.9655778053659634,
        1.9630353165054437,
        1.9142038108447146,
        1.9283684389942384,
        1.9309902792486222,
        1.9366126552351535,
        1.8704331696907914,
        1.8705505476475899,
        1.8854990374971665,
        1.8987979505678436,
        1.8523506078940921,
        1.86469126599785,
        1.9100560233262955,
        1.8960159424262901,
        1.865550285413694,
        1.9148614473662062,
        1.9867804462412268,
        1.9147264783817541,
        1.885882995678522,
        1.8601724853750716,
        1.8635404654740864,
        1.833853699587296,
        1.8567102371258477,
        1.8646341859444393,
        1.8035872478087596,
        1.8131328641061333,
        1.8115785353534808,
        1.8419627449578841,
        1.8543466445292607,
        1.858769341259813,
        1.9143344472580557,
        1.8420623854396312,
        1.8452904878318486,
        1.8684893159540445,
        1.8442707401344236,
        1.8379071927301762,
        1.9417174015277556,
        1.925299826139045,
        1.8294188089152912,
        1.8439894315531131,
        1.8227937039081796,
        1.8636512964452183,
        1.7998266238218135,
        1.7944847159047526,
        1.803950899096412,
        1.7938285357478514,
        1.8237854167437624,
        1.8230330956251621,
        1.7944011354572158,
        1.8161386471526533,
        1.7794406169556465,
        1.8393049101934549,
        1.8117132586328377,
        1.729118875509618,
        1.790746339348973,
        1.815957982020747,
        1.9251663373103065,
        1.8822974814989608,
        1.8435595790678638,
        1.8598539336582565,
        1.8517893590859988,
        1.8657426948928195,
        1.8616725685266613,
        1.7980061655737953,
        1.8296477835896745,
        1.8279189280150632,
        1.829134890920843,
        1.7714600071531272,
        1.7966045267291912,
        1.7852764206036598,
        1.7407558763621112,
        1.7552204230973598,
        1.7679535054895783,
        1.763475383939665,
        1.8008746149154848,
        1.8097877841388268,
        1.9495676934608897,
        1.8421260601878469,
        1.825239613296183,
        1.7922910516520834,
        1.800275509157463,
        1.7833018362835136,
        1.8008710145648448,
        1.7315561775380928,
        1.7509283905913848,
        1.7720181718628831,
        1.7668663032249114,
        1.7651215585316462,
        1.6955481790531606,
        1.7548798972585715,
        1.7465585648119437,
        1.7438978083553198,
        1.7345241832089182,
        1.764604522045214,
        1.7051034605263569,
        1.700920758120619,
        1.8600326719082616,
        1.767973915126087,
        1.7777308731519992,
        1.7487415826221178,
        1.7365599094551178,
        1.713405745161234,
        1.6994062570899888,
        1.7402405453158982,
        1.715116583360945,
        1.6928156373116099,
        1.7503461509083431,
        1.7401030841978247,
        1.727440757006384,
        1.7269723334125995,
        1.7550148556290022,
        1.7430874737656816,
        1.727081938480405,
        1.6935372531414563,
        1.6893835707107991,
        1.6868221676814599,
        1.86593542721286,
        1.7929351424296363,
        1.761932637132227,
        1.7294900025472346,
        1.7217047661648275,
        1.7113400984621603,
        1.727959970199608,
        1.6549426703764831,
        1.6867222034863374,
        1.7036892985511516,
        1.7297530087229307,
        1.7187150128772046,
        1.6590743355572763,
        1.67330573635091,
        1.7170673736850803,
        1.6723367689921675,
        1.7580204345516945,
        1.7404212220748805,
        1.7459452595510876,
        1.7566122710068466,
        1.8317675429841944,
        1.7961671646632633,
        1.7297614119239615,
        1.7275863017797595,
        1.7322271994515597,
        1.7196158097279766,
        1.7047279357634189,
        1.6804858499678905,
        1.7223605236244237,
        1.7200962608093118,
        1.705733146580269,
        1.6416464434558968,
        1.6361491732157993,
        1.702530694637451,
        1.6459533113512992,
        1.7094181253623004,
        1.6886860845738663,
        1.6588135083388074,
        1.68187816608404,
        1.6803549250782512
    ],
    "min loss": 1.6361491732157993,
    "training steps": 10000,
    "batch size": 256,
    "history size": 1000,
    "dataset": "enwik8",
    "end time": 1730480690.7437954
}