{
    "start time": 1730481509.4777532,
    "use_input_gate": false,
    "use_forget_gate": true,
    "use_output_gate": false,
    "use_state_gate": true,
    "use_new_state": false,
    "use_old_state": true,
    "use_residual": true,
    "n_layers": 1,
    "state_size": 32,
    "id": "a80297e7a197e3ea66be67621a99f7d8653c89e103f66a88d287ad3c1df85d73",
    "loss": [
        5.15436691837629,
        3.956716136072651,
        3.4899313590547414,
        3.4684785894444667,
        3.3983868858463007,
        3.386982739173103,
        3.4019225022823947,
        3.3501552867195956,
        3.2707359255561395,
        3.2716473830740584,
        3.165701964862482,
        3.1272787167883243,
        3.0923016545235047,
        3.096519260720603,
        3.026315320112561,
        3.008303415528594,
        2.9792838829779176,
        2.9533974098720424,
        2.9238121441966713,
        2.937422753566701,
        2.9161325049554256,
        2.9586344498435735,
        2.9366081893641893,
        2.945421326740393,
        2.8877352587698883,
        2.89541562891111,
        2.8892683807507376,
        2.855406365210834,
        2.854610332709052,
        2.8491997031036216,
        2.834819112447407,
        2.8112566790457754,
        2.8012520945205996,
        2.7853863170372946,
        2.8095061018784064,
        2.801039408685987,
        2.809728052696884,
        2.785566826746061,
        2.7906061037785004,
        2.7820140059142897,
        2.8106669502699355,
        2.802152141862439,
        2.844326359027279,
        2.8254196551108777,
        2.767307736100215,
        2.765860797710845,
        2.7493418925922413,
        2.763797451538913,
        2.7259405943771013,
        2.7539540489331737,
        2.775648852016689,
        2.785709007372421,
        2.7410778404885336,
        2.7230886956352927,
        2.7526941873226516,
        2.7305413008057937,
        2.7163885570456356,
        2.730467509175068,
        2.7506506898725163,
        2.7288611901523385,
        2.711101096312412,
        2.7255634308043186,
        2.6799942074956915,
        2.6835628277216665,
        2.691143323818086,
        2.6826043583693537,
        2.68024224741793,
        2.68583301844429,
        2.6674239003383695,
        2.6531818823475004,
        2.664095458606661,
        2.6552766145469415,
        2.6798241229611395,
        2.6403570444677986,
        2.6804757874834113,
        2.6612282204672395,
        2.6390749807874765,
        2.6672470823074685,
        2.652948610575281,
        2.6936174233850667,
        2.7034680255655883,
        2.680761884620171,
        2.695805240925987,
        2.62795385682487,
        2.6026236608304822,
        2.6436326886603485,
        2.6571805864055515,
        2.6551618522173603,
        2.6511911338947325,
        2.695516235483261,
        2.6505519155521595,
        2.6359256389700727,
        2.634362144360926,
        2.629482990340711,
        2.6261788679635605,
        2.6204172869856865,
        2.615662769729135,
        2.6056463838600554,
        2.6108916706340017,
        2.6617034244472157,
        2.645618825690662,
        2.6118279508853055,
        2.6228600296220397,
        2.643123808318032,
        2.6319300164633685,
        2.598412879563098,
        2.614102745325374,
        2.5948861283240467,
        2.590160664733951,
        2.5910181882392522,
        2.611576291023556,
        2.6014006618659526,
        2.583954350481047,
        2.6218181531841704,
        2.592565662707291,
        2.596494662248277,
        2.612749772886977,
        2.595772717579045,
        2.6399045667374144,
        2.610345175760226,
        2.587842094629197,
        2.5977237924950205,
        2.5805812622124518,
        2.6111740906082264,
        2.61621202903072,
        2.613009026807166,
        2.602864708787919,
        2.577167697271756,
        2.5739733085420875,
        2.601330515985712,
        2.5794023713072787,
        2.555476035320782,
        2.5737070229180463,
        2.553167335688685,
        2.5854507110865717,
        2.582657926695311,
        2.567982039207959,
        2.575708420113866,
        2.5529883993756872,
        2.5972594816763372,
        2.5268375715296103,
        2.55414940544859,
        2.5712012867712972,
        2.5345633338643876,
        2.540940578441153,
        2.5732912532116337,
        2.5638398856538864,
        2.597050775939307,
        2.5488983121102415,
        2.546291560346776,
        2.5401371830189374,
        2.5457245491073053,
        2.5273407709918456,
        2.553149891902942,
        2.5633062277761427,
        2.5200986867935575,
        2.5422798303398095,
        2.5241565706057827,
        2.5517734767861344,
        2.5740986340187484,
        2.5651034501317334,
        2.552619609083743,
        2.5766394800789265,
        2.5414633106277362,
        2.53159958684369,
        2.531756405278194,
        2.534659056222167,
        2.5188391678344053,
        2.55410465847712,
        2.541978041328123,
        2.5757188460563207,
        2.524454032131518,
        2.534253487910291,
        2.5282842718807945,
        2.528621142468967,
        2.501460408097188,
        2.5127627563290145,
        2.5145535835607475,
        2.520379659043304,
        2.5604373152378535,
        2.5322026299001847,
        2.5240357945047296,
        2.5268688733212628,
        2.5268399183773353,
        2.5375558952935586,
        2.5013728230364527,
        2.5131868062536578,
        2.512305411023574,
        2.4883236371892763,
        2.5515641309391723,
        2.481472530140186,
        2.5078832997192526,
        2.5297614543937716,
        2.5125526338900994,
        2.5203638853039645,
        2.4984854183216982,
        2.5349906816492696,
        2.5203404322309617,
        2.512912176460132,
        2.4860891092878923,
        2.545410590816475,
        2.537355819183664,
        2.5009518018308468,
        2.5163133827979918,
        2.5130332906413972,
        2.534727373829575,
        2.5118972805529918,
        2.5153723829663797,
        2.497338548656443,
        2.4924113140350745,
        2.5020300007627605,
        2.501104467354549,
        2.4998997336301483,
        2.48097279602165,
        2.496813070931875,
        2.5037513908785543,
        2.467664033939415,
        2.4979517287622506,
        2.475574939133686
    ],
    "min loss": 2.467664033939415,
    "training steps": 10000,
    "batch size": 256,
    "history size": 1000,
    "dataset": "enwik8",
    "end time": 1730481525.344729
}