{
    "start time": 1730481209.808662,
    "use_input_gate": true,
    "use_forget_gate": false,
    "use_output_gate": false,
    "use_state_gate": false,
    "use_new_state": true,
    "use_old_state": false,
    "use_residual": false,
    "n_layers": 2,
    "state_size": 256,
    "id": "a9605e92ed9474bd3043cf70ee2d56b56867f32c99f57da9acbc8d1a8d539fff",
    "loss": [
        3.584054183716225,
        3.4904457563951667,
        3.337850326760936,
        3.153029322373352,
        3.0447572742304554,
        2.959149738967659,
        2.9067866246347527,
        2.823384914712226,
        2.781082255191768,
        2.7074639898348734,
        2.645701866695847,
        2.5980033764380175,
        2.5533583714161674,
        2.525489957748531,
        2.471775012541562,
        2.4934857113931566,
        2.4478397641584784,
        2.4122688129062557,
        2.3696011320342474,
        2.4734337641037567,
        2.478444984592682,
        2.425931451444785,
        2.3152041750852077,
        2.34747646925222,
        2.3098967320205985,
        2.3536276808582945,
        2.3469707358083127,
        2.319569845565245,
        2.32560690155178,
        2.2947164648792717,
        2.2431093264940776,
        2.2440339644533047,
        2.2437142980621285,
        2.2547046317150263,
        2.249993213175537,
        2.2637242559227335,
        2.239271087108694,
        2.208006985124921,
        2.1863828388326527,
        2.3015858513112675,
        2.229293792770682,
        2.1892928657480346,
        2.1558760485492554,
        2.1524667343985473,
        2.157399025095146,
        2.153841834339635,
        2.151511667617629,
        2.1219518235224326,
        2.1517065961298725,
        2.1311429980487513,
        2.1605363985615114,
        2.148379370209253,
        2.092263001215856,
        2.125511054200746,
        2.1327537606930207,
        2.1107384230451425,
        2.0989124508507078,
        2.08580719678512,
        2.0812337079071557,
        2.2230616358120425,
        2.1138639525210468,
        2.077646406487349,
        2.0904276543373426,
        2.027292710673709,
        2.0483998395858234,
        2.015558496958367,
        2.0475777743881274,
        2.0626316578959965,
        2.018083782983545,
        2.0061163422056523,
        2.0010109628599047,
        2.0100365313022577,
        1.9862070157206027,
        2.0010091524043423,
        2.023238694795438,
        2.03050050579162,
        1.9509365762122446,
        2.0054180643666912,
        1.9452332270180954,
        2.1007943271665717,
        2.050411670957568,
        2.036048363496615,
        2.0492035837708316,
        2.021203094423611,
        1.984101086432106,
        1.9922178234710433,
        2.006683700372831,
        2.0317893760090495,
        2.0161117792484275,
        1.912459568663704,
        1.9510118931389666,
        1.9694136189841034,
        1.991355206451128,
        1.9851852904343346,
        1.9650428702794946,
        1.9539145186798619,
        1.9490162964153062,
        1.9501173865703285,
        1.9732910070241292,
        2.1153348796533886,
        1.9682421302512734,
        1.9507880996528635,
        1.9461676582844754,
        1.9443347231509696,
        1.940895904307396,
        1.96667112830799,
        1.9580766678004187,
        1.8870792691347138,
        1.9238250587826895,
        1.8988902091852844,
        1.9121853587282756,
        1.8887275354156883,
        1.91083806729401,
        1.9118553030222654,
        1.8998233387294594,
        1.9168845569533493,
        1.890840524543597,
        1.904610205371967,
        1.9591268637960506,
        2.0162418432378244,
        1.9348471257101632,
        1.9166658385991604,
        1.96751762293315,
        1.9362342018355638,
        1.925957840942454,
        1.9242809503060485,
        1.9350579026059866,
        1.9099522896750338,
        1.9103683438986578,
        1.877756576576878,
        1.8666107754542496,
        1.8876588668284797,
        1.9080834664682194,
        1.8933382106166783,
        1.8782576808837363,
        1.890547546921672,
        1.848663859549814,
        1.8560909257867548,
        1.885615545472267,
        1.983059894374146,
        1.9024242746466113,
        1.9402836911052046,
        1.8665842084800495,
        1.9053747086816122,
        1.9619015048216903,
        1.9031947901663537,
        1.8579777314220294,
        1.8944337781969882,
        1.9177039001991185,
        1.9078405152444715,
        1.8716511716521622,
        1.8796375088583341,
        1.8887686048132912,
        1.917253178804224,
        1.8752380784703728,
        1.8944523502769612,
        1.8812440489293596,
        1.8804715444812754,
        1.8933390262064265,
        1.946672781473245,
        1.8493527159618621,
        1.8388087488948948,
        1.8745057101828981,
        1.9007320827715521,
        1.9186564282135266,
        1.8553672192909212,
        1.8235371990217624,
        1.8758369862131077,
        1.8272313515740977,
        1.8145907900387659,
        1.8705915879938342,
        1.831948646242023,
        1.8919527390342838,
        1.867024150643286,
        1.874416371963173,
        1.8637224806654353,
        1.8365817225841554,
        1.8981590428983788,
        1.8712731528359416,
        1.981651290186176,
        1.8695407511559403,
        1.834003258780423,
        1.81574395277591,
        1.8316113772855749,
        1.833349159560915,
        1.8347366310050757,
        1.8656114133457313,
        1.8475202158320874,
        1.8422744990158992,
        1.8165743895075865,
        1.8265139860558144,
        1.7947950192037492,
        1.8186753585103683,
        1.7740411128516225,
        1.7889497757486101,
        1.8105543953791174,
        1.8309299630001323,
        1.813523848067235,
        1.8099431075465027,
        1.9460100851011444,
        1.8029782815000497,
        1.7893247688221428,
        1.8290922868292827,
        1.8287769323233176,
        1.7556198134717511,
        1.7985500682059719,
        1.8077467811141084,
        1.7667035738074757,
        1.8256113900177373,
        1.843251357945223,
        1.796548368188037,
        1.8107663354813686,
        1.8224701739559424,
        1.8551913729272747,
        1.8016524353854846,
        1.8311367308892115,
        1.8182986395853944,
        1.8056869373798146,
        1.7746564871181385
    ],
    "min loss": 1.7556198134717511,
    "training steps": 10000,
    "batch size": 256,
    "history size": 1000,
    "dataset": "enwik8",
    "end time": 1730481246.6209626
}