{
    "start time": 1730477819.6676464,
    "use_input_gate": true,
    "use_forget_gate": false,
    "use_output_gate": true,
    "use_state_gate": true,
    "use_new_state": false,
    "use_old_state": true,
    "use_residual": true,
    "n_layers": 2,
    "state_size": 32,
    "id": "aab6559560f543667915a720127eb2aa276277447d9747745ed601d1deb2e7e2",
    "loss": [
        4.841437961515505,
        3.645057072603366,
        3.459597744004118,
        3.4525138549230006,
        3.4054636001851137,
        3.3565750932944796,
        3.391882811023761,
        3.2931856867373552,
        3.270063605559387,
        3.173281080892743,
        3.124406909841992,
        3.0653673087663997,
        3.0477068296523027,
        3.002272925253563,
        3.022332244863274,
        3.0182772159055244,
        2.9825348182293148,
        2.928205491861736,
        2.952179499089105,
        2.9611722677191836,
        2.911333479432567,
        2.905625506637671,
        2.911179718857565,
        2.838551328179367,
        2.8808794521154204,
        2.8760589551367577,
        2.8143704686401474,
        2.8348153976615986,
        2.8543092043216047,
        2.805965016564789,
        2.8076132971595316,
        2.8021024455844805,
        2.767775250072448,
        2.802444933832092,
        2.825082905645238,
        2.7531900293602116,
        2.7739943643579736,
        2.742016714292748,
        2.7399251318650366,
        2.7244815763994583,
        2.7644409758892823,
        2.7082368558852905,
        2.7150278540237562,
        2.6930191347493917,
        2.68405429696516,
        2.703771274734518,
        2.6930681303039194,
        2.7188493118484955,
        2.685261006565756,
        2.667013406525506,
        2.678725774172088,
        2.6748672363305195,
        2.658902981631876,
        2.7040702139468618,
        2.6608101515481195,
        2.6487043862973425,
        2.616474834855514,
        2.612741456694767,
        2.6475923647601514,
        2.65584241145644,
        2.664453557847674,
        2.7000694958517255,
        2.6689238717743,
        2.6600711547675635,
        2.626914755900858,
        2.635588905213249,
        2.614935806150572,
        2.6050383425865054,
        2.6173837916926974,
        2.589142789543771,
        2.5739292228536614,
        2.5602017003452664,
        2.570623860502068,
        2.57915231438045,
        2.613776968688246,
        2.5831224698373214,
        2.609446936286245,
        2.608226639928903,
        2.6352368913329203,
        2.602882821918648,
        2.56861873223483,
        2.5682536033546337,
        2.55853007333119,
        2.5344390116759845,
        2.547783509627552,
        2.511613319932017,
        2.5396982658803404,
        2.512714495129254,
        2.5376767748864997,
        2.598915224349623,
        2.564617405299164,
        2.5571000329250775,
        2.5130207362513857,
        2.565628556088339,
        2.5002359208246894,
        2.5133593242255174,
        2.536334250185529,
        2.537392507806393,
        2.515919170196042,
        2.549639910270828,
        2.531787336532248,
        2.5537767210925546,
        2.539720271295259,
        2.5403497456605866,
        2.515236120336628,
        2.533176992571755,
        2.4804176823259962,
        2.4827229843959637,
        2.530785251270221,
        2.5514736267602625,
        2.5048086493371713,
        2.5043871529785826,
        2.489537040631386,
        2.52673231583838,
        2.5043003544901796,
        2.4812946060942425,
        2.5125290504468993,
        2.5192097936885487,
        2.4567750633729157,
        2.538611052472736,
        2.527183873367741,
        2.5309078254302606,
        2.529079049574367,
        2.491310112248817,
        2.4649513054098553,
        2.4880785822231006,
        2.4913544402242387,
        2.497250365497459,
        2.4998256086311095,
        2.5065872959110433,
        2.5232033679641233,
        2.4951691123254323,
        2.4807121568517645,
        2.494431517220105,
        2.4801406457202617,
        2.479748423375251,
        2.473855291607,
        2.4680464908228186,
        2.472806076338842,
        2.559133342109456,
        2.556566745756214,
        2.4936995568195286,
        2.4882550790619513,
        2.450892706891546,
        2.4839789909959036,
        2.463081660827691,
        2.444069819403097,
        2.4838838513009898,
        2.474486804460714,
        2.4240137882233834,
        2.457022172404029,
        2.4371554029822557,
        2.4397749794149592,
        2.457715243364181,
        2.4572459820104933,
        2.46524936003361,
        2.4818313715244837,
        2.464923075726462,
        2.42807736594419,
        2.5051646101974683,
        2.4671121731717482,
        2.4127422379348937,
        2.426539935589738,
        2.466055472470572,
        2.3846522466048206,
        2.4211972677122175,
        2.4472537216680474,
        2.4355122525871638,
        2.4079639641630974,
        2.4239067791825843,
        2.42728315477156,
        2.441624308193102,
        2.467820209948162,
        2.423132701958546,
        2.4408471028959866,
        2.4157190753431417,
        2.4789053607687617,
        2.4527121056457637,
        2.4346890616404044,
        2.458831813462757,
        2.4704761842426,
        2.4539790363552147,
        2.4689262909268854,
        2.4631345369245916,
        2.463787642767974,
        2.485632228937364,
        2.476639347043137,
        2.4366949175202377,
        2.4014976756970787,
        2.440471552902849,
        2.4299478080430266,
        2.4600361875380745,
        2.4630196604811805,
        2.444435219853731,
        2.4390277423166564,
        2.4328198227613016,
        2.4157045873128262,
        2.408289161819459,
        2.434329451477218,
        2.48179622240598,
        2.4270098780911002,
        2.4447344752749864,
        2.414826362018356,
        2.4538151349956365,
        2.44545895372061,
        2.436915106352708,
        2.429055761491419,
        2.4795630105648585,
        2.423703658036786,
        2.4221946970182695,
        2.3777076754586353,
        2.437591394467789,
        2.4123008655972473,
        2.4137141517549607,
        2.4026630123498105,
        2.409792729023763,
        2.411751289885842,
        2.418445256229264,
        2.406858553646649
    ],
    "min loss": 2.3777076754586353,
    "training steps": 10000,
    "batch size": 256,
    "history size": 1000,
    "dataset": "enwik8",
    "end time": 1730477855.1664035
}