{
    "start time": 1730476518.1567156,
    "use_input_gate": true,
    "use_forget_gate": false,
    "use_output_gate": false,
    "use_state_gate": false,
    "use_new_state": true,
    "use_old_state": false,
    "use_residual": true,
    "n_layers": 1,
    "state_size": 32,
    "id": "abe83fd3a0fcfe4d16a2ae661f0bb9d49e4ff163fde75a8025694eb8eb2682e5",
    "loss": [
        4.633200126819906,
        3.599500657228778,
        3.4431473382798927,
        3.4091637382978424,
        3.349096206325963,
        3.273091923649172,
        3.237318195943644,
        3.222242863508224,
        3.100799818872922,
        3.072751760886418,
        2.9763979222942503,
        2.953731579800436,
        2.9283624065845992,
        2.9443653305491897,
        2.869521983723772,
        2.855091690981694,
        2.866515350532829,
        2.842936505674278,
        2.7576835750230995,
        2.7889084558887087,
        2.772531345972218,
        2.754735113002491,
        2.8201120186227584,
        2.7813787145418116,
        2.7490202152244767,
        2.753770565464369,
        2.7130937590607638,
        2.693421337297328,
        2.7091743888788695,
        2.7286458492827936,
        2.7063615584612313,
        2.6668235048121285,
        2.6798546283495503,
        2.6516905320098694,
        2.675629810100612,
        2.6403057343073297,
        2.6391124645803465,
        2.6506487121256868,
        2.625647007308263,
        2.642426121499207,
        2.6341788495373915,
        2.645560443330632,
        2.633383566403818,
        2.6105690414954226,
        2.620999543387946,
        2.6261427757024602,
        2.5694929127769406,
        2.5930194277945136,
        2.552320513610883,
        2.5252300175929085,
        2.5381357233089403,
        2.5417654232407383,
        2.5439245794362586,
        2.5081700523410175,
        2.5039526523765527,
        2.5262928259187576,
        2.512876008579994,
        2.524332268593238,
        2.551097393087785,
        2.590508166238407,
        2.5266994394061473,
        2.5099180147158027,
        2.503503897724061,
        2.5246812976814286,
        2.523980656650528,
        2.523390403629522,
        2.468199744672904,
        2.497981216178615,
        2.4999125014762855,
        2.5061774556360232,
        2.473880968419782,
        2.4969018886947296,
        2.4646675977284604,
        2.4727266192902513,
        2.44659195880709,
        2.485721019320596,
        2.4624404325724107,
        2.4644098792121434,
        2.462679810879117,
        2.5001246298316713,
        2.438710562520532,
        2.464648931185631,
        2.459194991485688,
        2.4482108352919068,
        2.449189096154584,
        2.47793104245979,
        2.448528980136103,
        2.5061196626856193,
        2.4641078971925205,
        2.4295891662199125,
        2.4212888621730304,
        2.4113765680796204,
        2.4032077196597683,
        2.4354670159241647,
        2.433765759143896,
        2.425525740079461,
        2.4415094299382205,
        2.422569034303607,
        2.389018245508148,
        2.475912463225141,
        2.416092756309914,
        2.394921358405742,
        2.4495068161506954,
        2.4073416007527118,
        2.438418665620429,
        2.417224464951532,
        2.4052874707330836,
        2.3983911197697356,
        2.391324286712737,
        2.423913542873883,
        2.3929023377837364,
        2.4156644843568142,
        2.421965555116941,
        2.418523554979,
        2.395514124402314,
        2.381189151565101,
        2.382569873456516,
        2.4103815877380375,
        2.3779082172440487,
        2.4026190514959156,
        2.4228838012407747,
        2.394991386556993,
        2.388401670449547,
        2.370725700649092,
        2.3667708316380205,
        2.360736015789585,
        2.3783952480124855,
        2.368447422779907,
        2.3351914410209997,
        2.355532000588328,
        2.3378470972062257,
        2.3398324711494936,
        2.32847782263886,
        2.3247514328986374,
        2.3216495123013425,
        2.305929761563413,
        2.324501368323226,
        2.3323973017075645,
        2.3489937604238826,
        2.3872591627740807,
        2.37072369840057,
        2.3648894714000313,
        2.362266294491686,
        2.348034601004073,
        2.3259842746743637,
        2.305776532622179,
        2.328560439815941,
        2.286135838911548,
        2.3144382797855507,
        2.283783789950562,
        2.326254866163385,
        2.3184596820351264,
        2.3385243647268252,
        2.342031268713851,
        2.2970863705843048,
        2.306939306786704,
        2.357677053711021,
        2.3157747150881707,
        2.3457236228054,
        2.4303199299495395,
        2.3715497679793254,
        2.336917701267357,
        2.3197176706863614,
        2.349533732859253,
        2.355290070574904,
        2.363873097767071,
        2.3296810317304963,
        2.3127522116735273,
        2.3131811810503393,
        2.3121183114169614,
        2.3344861146169977,
        2.3181131302411124,
        2.334718139148122,
        2.3841780532147205,
        2.327937991010101,
        2.2972009477982924,
        2.289946109082629,
        2.3312182767976872,
        2.2999164269742125,
        2.4148992377038856,
        2.3206064205204946,
        2.3202214430432706,
        2.337804394197001,
        2.329727741880705,
        2.3120789222799507,
        2.3183179266160283,
        2.319410572296459,
        2.2686232001516293,
        2.323195351240118,
        2.3016561368710495,
        2.3102969191257414,
        2.3012145238038637,
        2.2908295296741485,
        2.2780390738892202,
        2.3241640019846534,
        2.285810518480367,
        2.276386784790822,
        2.3391908877034298,
        2.276286278769145,
        2.347454076502223,
        2.2895583479255803,
        2.3441404365876686,
        2.262540725633762,
        2.3208067970533226,
        2.269095373570337,
        2.2829046580820904,
        2.288312439452212,
        2.2743683579084784,
        2.2965426548156236,
        2.2536616080402156,
        2.2759871891751615,
        2.3003824480910198,
        2.251984999812439,
        2.272905226415975,
        2.307773398340998,
        2.3172026820029807,
        2.274551163108503,
        2.2890220866885915,
        2.2669865242849228
    ],
    "min loss": 2.251984999812439,
    "training steps": 10000,
    "batch size": 256,
    "history size": 1000,
    "dataset": "enwik8",
    "end time": 1730476542.6006103
}