{
    "start time": 1730478894.2210379,
    "use_input_gate": true,
    "use_forget_gate": true,
    "use_output_gate": true,
    "use_state_gate": true,
    "use_new_state": true,
    "use_old_state": false,
    "use_residual": true,
    "n_layers": 1,
    "state_size": 32,
    "id": "ac4b6465d0017e65f1db6b0b685a14c67fe926256469ddd46556d00a8eee4ca6",
    "loss": [
        4.841708943268763,
        3.6517371774320715,
        3.4336737566476314,
        3.391468334482622,
        3.317238563461852,
        3.2733279287448505,
        3.2044412253916437,
        3.1656404005680963,
        3.1000119884575716,
        3.0609427661958772,
        3.048445988100415,
        3.001213350276708,
        2.985942287900239,
        2.9291826712160662,
        2.8881540898036504,
        2.868914244746207,
        2.849140385777397,
        2.851737136774614,
        2.857807882568072,
        2.843965614788266,
        2.768713793357554,
        2.748162814787047,
        2.7585528949222335,
        2.7339416920361774,
        2.7195952698705037,
        2.6846676135364023,
        2.7230912430766057,
        2.726713831925675,
        2.6796207020364884,
        2.658667934861701,
        2.6445659889607316,
        2.63123032490544,
        2.6415101640465743,
        2.6307780834081043,
        2.6379436493498325,
        2.6339323748362,
        2.5742394392646037,
        2.5907841711814537,
        2.5873398489314994,
        2.6020365390869964,
        2.629110860528816,
        2.6048323414362,
        2.5850688025722457,
        2.5643959824438927,
        2.602459036653041,
        2.554411302706596,
        2.4765262419724374,
        2.5106297122170576,
        2.5232922395078092,
        2.538694934856579,
        2.5394768710782407,
        2.5437181321134767,
        2.5309754063115157,
        2.484346041932714,
        2.5231600695102707,
        2.4894323444627258,
        2.5321062439728372,
        2.529007217312023,
        2.488954329988728,
        2.510055949816347,
        2.5155658754072414,
        2.512522007174838,
        2.491401210447812,
        2.5066242337472233,
        2.500244914678338,
        2.5083269439043074,
        2.4788529413223612,
        2.4603133692489094,
        2.4894038074653215,
        2.451234215787478,
        2.4633255117498547,
        2.4678544103543962,
        2.4664286138879516,
        2.463587587323323,
        2.4393264594860966,
        2.4186165825829007,
        2.470049188267221,
        2.4580924111764877,
        2.433544392095285,
        2.4903517203548025,
        2.4385003746198417,
        2.44138219661479,
        2.406693520570307,
        2.4551250937526534,
        2.4617137129064455,
        2.425112859802119,
        2.3821045751960264,
        2.389018942927582,
        2.40760276854742,
        2.403175055704256,
        2.3958866111586925,
        2.4152701591070973,
        2.4405720773992994,
        2.4294218041967666,
        2.393280802919226,
        2.4132294101371348,
        2.4171835802031336,
        2.4108582422818037,
        2.3713132909571306,
        2.4398174360338554,
        2.3975593832214765,
        2.397384713881193,
        2.402597479167522,
        2.37521868922955,
        2.3820379628777153,
        2.3303260155714507,
        2.3444311580407113,
        2.3511205814163367,
        2.340377084978706,
        2.349054464203598,
        2.3590351461389143,
        2.376168523520858,
        2.328596576449978,
        2.307957790492928,
        2.348722781337398,
        2.325431171709513,
        2.335949590523534,
        2.3303307997675233,
        2.350405073243517,
        2.419510012486525,
        2.3520456281790536,
        2.3443471123486943,
        2.352231158543143,
        2.3059205959329123,
        2.319965487505578,
        2.3254321465544305,
        2.3764990573090166,
        2.3578060224888926,
        2.3140955941422234,
        2.2962635248730465,
        2.3058866397140143,
        2.319967808905087,
        2.3223943999039802,
        2.2980206346829584,
        2.3131756104979377,
        2.297693113765479,
        2.2997150504656334,
        2.3558482611773854,
        2.3110118104365815,
        2.391416011711485,
        2.3549129340064656,
        2.344166272935941,
        2.355536430186244,
        2.3178818323177475,
        2.3172149938817763,
        2.352228553502517,
        2.3138681037264597,
        2.3027220211496364,
        2.3489761594788994,
        2.2988355562177745,
        2.3257356521516703,
        2.3155856508220687,
        2.311576313909095,
        2.257209668654671,
        2.254075892711065,
        2.2829831584016773,
        2.2680641371432886,
        2.254216515844761,
        2.2925318996581194,
        2.3494227242298393,
        2.296210771605068,
        2.2834573365149917,
        2.276486739528992,
        2.3090796945836494,
        2.269744338993441,
        2.309712092352927,
        2.2922592151438694,
        2.2538097190619966,
        2.233765839029666,
        2.267734888551835,
        2.244047608238201,
        2.2690398937620606,
        2.278732559886928,
        2.283386619848267,
        2.2775680682902024,
        2.2840249734616043,
        2.2668534962069344,
        2.2597036524159226,
        2.293606300562564,
        2.340110435970892,
        2.3430143269731225,
        2.2572659599469342,
        2.2812318479407327,
        2.2831959460799816,
        2.2712682076183417,
        2.2795125312191136,
        2.2620533096514808,
        2.281314931036463,
        2.276578776151239,
        2.265246588646439,
        2.285243302484675,
        2.273843297582646,
        2.26412249582449,
        2.242858838150886,
        2.2410045047663174,
        2.2320898921538865,
        2.1854555022680735,
        2.225013728479971,
        2.1960067952051383,
        2.278109971648996,
        2.233960902298298,
        2.191665203883986,
        2.201857075094327,
        2.2442236026278737,
        2.2185918868534285,
        2.2354298397032246,
        2.2144871312627146,
        2.1925153885812145,
        2.2314009190779367,
        2.2052462912446495,
        2.217179469966827,
        2.2317226713988445,
        2.209896856056866,
        2.2346583786346153,
        2.2532239001514243,
        2.1847644898104,
        2.2356303145059915,
        2.207583960657232,
        2.2301496083640595
    ],
    "min loss": 2.1847644898104,
    "training steps": 10000,
    "batch size": 256,
    "history size": 1000,
    "dataset": "enwik8",
    "end time": 1730478932.1202323
}