{
    "start time": 1730483546.9243774,
    "use_input_gate": false,
    "use_forget_gate": true,
    "use_output_gate": false,
    "use_state_gate": true,
    "use_new_state": true,
    "use_old_state": true,
    "use_residual": true,
    "n_layers": 3,
    "state_size": 32,
    "id": "ac8510ed44196ca9370466e0a288a6a048513b4086aea5f9bf102566ad6ec032",
    "loss": [
        4.421653568147391,
        3.6309165182209058,
        3.449475511376097,
        3.3593739460726817,
        3.335776371694078,
        3.2299863677653815,
        3.1569390379899116,
        3.1079852851842156,
        3.1239425577559543,
        3.105624604247395,
        3.043288031557876,
        3.02004810987002,
        3.0025760350380635,
        2.9617804703763,
        2.9343144613649823,
        2.9317741039497243,
        2.894470368088386,
        2.8873911652241695,
        2.825298850399474,
        2.899756403358378,
        2.827413838687962,
        2.8764727307230116,
        2.859503664487193,
        2.7992123572472756,
        2.7773050741896435,
        2.794850071106253,
        2.766372857328007,
        2.8347066177610736,
        2.7959379893710405,
        2.7768064191127304,
        2.7173094813377685,
        2.7005004654894904,
        2.6923085471724226,
        2.6878749948800595,
        2.685790607725956,
        2.6831180703336397,
        2.7037288647857665,
        2.6659590812857483,
        2.6407033420265913,
        2.7391798852085785,
        2.714243081520497,
        2.655703761553206,
        2.6493604495678196,
        2.65389217706767,
        2.6960104421387676,
        2.652831031073278,
        2.646299103813118,
        2.662607636062986,
        2.6496036954758155,
        2.628457089814807,
        2.6299107210186197,
        2.5958502128078553,
        2.5916499617060027,
        2.587052840783965,
        2.6086071680421594,
        2.662613810856023,
        2.659434790200626,
        2.6117357932532395,
        2.621127752198495,
        2.6507728048119725,
        2.6008683468051577,
        2.568324016379879,
        2.5564164869205683,
        2.5674547789804225,
        2.5441710727310927,
        2.5624503717935445,
        2.5761884217254583,
        2.569014864593671,
        2.5748390721160663,
        2.5343922192819783,
        2.5749239020694814,
        2.5785404762422903,
        2.559777602324376,
        2.5459716336447933,
        2.5137641315384887,
        2.5203062278973163,
        2.556397562235915,
        2.5478030053069447,
        2.5093241639839836,
        2.5444091000347493,
        2.5527100046042324,
        2.540388211441515,
        2.4912815094420058,
        2.5002133022198754,
        2.5047931600691746,
        2.4913059910764046,
        2.4712515804387705,
        2.5312444754739354,
        2.5205890572361787,
        2.5397277542689523,
        2.5247967121639086,
        2.4781503809988914,
        2.5390658007583538,
        2.4708611015434756,
        2.5125904328411575,
        2.4931162087352887,
        2.4732028869146245,
        2.500335513596302,
        2.4755475201273347,
        2.517243744779348,
        2.491336600665648,
        2.413597241293807,
        2.386158305274115,
        2.432173522424958,
        2.429813111382047,
        2.423981777384027,
        2.371505229157387,
        2.413787886210955,
        2.393804282453461,
        2.4189920568500827,
        2.430116086841023,
        2.395455940676327,
        2.364830691778683,
        2.4040037451025906,
        2.376969387369215,
        2.4046394723840647,
        2.3944432320718243,
        2.4036123189512217,
        2.4212654417709083,
        2.508373166387454,
        2.4396123049059946,
        2.4337429619493705,
        2.414926028786331,
        2.4094102046893715,
        2.423928737095945,
        2.398155026233977,
        2.383086985968057,
        2.3882919881565536,
        2.397612894204295,
        2.4171555720092135,
        2.4044914136362503,
        2.406385469383815,
        2.4295034159027495,
        2.4327945393234014,
        2.431921374702819,
        2.413383886029703,
        2.4282826251887544,
        2.4008405630895364,
        2.3781756601321296,
        2.4469119613899513,
        2.3484638409698144,
        2.4012090199075984,
        2.400241326136861,
        2.3866252577350577,
        2.3853457184924034,
        2.3468992275519756,
        2.35117595669265,
        2.3462094645160745,
        2.332603882709927,
        2.32299592124661,
        2.335355944320094,
        2.3317804023096897,
        2.3324550469056766,
        2.3190341012972295,
        2.3304998514375246,
        2.3032531271901324,
        2.34692602773002,
        2.3367871124921313,
        2.3221617888946784,
        2.414073692068482,
        2.3432607143104502,
        2.3281359887001094,
        2.386928822593793,
        2.303041937210875,
        2.360762667456349,
        2.3169452961590795,
        2.3249304096307704,
        2.3483123814732485,
        2.371511744543187,
        2.368734521437016,
        2.368333896006958,
        2.3446186035847383,
        2.3611176665205624,
        2.337606791634553,
        2.380223636959933,
        2.342674999572672,
        2.3353547982222933,
        2.3495534462769343,
        2.3228392824164272,
        2.3973608704188236,
        2.3777003905625045,
        2.3403888388202887,
        2.3435439394028355,
        2.3089630509298606,
        2.322634948197664,
        2.322631976809418,
        2.3176482782317342,
        2.2762059943342448,
        2.3041870479516864,
        2.3080004443380733,
        2.2970800387993204,
        2.2811717347539924,
        2.3228443872535425,
        2.251955410095684,
        2.2402913225822836,
        2.3203706365843524,
        2.259960506417954,
        2.267523403210812,
        2.286564302772871,
        2.326070223562892,
        2.321263719150412,
        2.2991428189419425,
        2.326010051077639,
        2.2924049989583826,
        2.3058789280791037,
        2.3047592691819543,
        2.243086458454905,
        2.306024892450529,
        2.328729258835144,
        2.3467615349665047,
        2.284041984863355,
        2.290055875038592,
        2.256212592193963,
        2.284788502466278,
        2.2863786714207976,
        2.296990876743037,
        2.323080008717701,
        2.3238817782487566,
        2.319420211993835
    ],
    "min loss": 2.2402913225822836,
    "training steps": 10000,
    "batch size": 256,
    "history size": 1000,
    "dataset": "enwik8",
    "end time": 1730483603.8621843
}