{
    "start time": 1730482535.6261928,
    "use_input_gate": false,
    "use_forget_gate": false,
    "use_output_gate": false,
    "use_state_gate": false,
    "use_new_state": false,
    "use_old_state": true,
    "use_residual": false,
    "n_layers": 1,
    "state_size": 256,
    "id": "b06564bde352c72dfc0532748b73851fdee97b8aa0c94030d8bf0fd031adcbfa",
    "loss": [
        4.081809333728106,
        3.561168772922995,
        3.512508052535601,
        3.5136533537168546,
        3.522915537286016,
        3.48039910501026,
        3.4626549521995393,
        3.4864931240902863,
        3.4598454052664835,
        3.4688707641605676,
        3.457107935912575,
        3.4071704927614683,
        3.4330094653133267,
        3.3915322113363215,
        3.3935874918978595,
        3.3774125769945873,
        3.3912056215857427,
        3.376657631274042,
        3.359660035145767,
        3.423333902808454,
        3.31491210411043,
        3.2753550626191505,
        3.31272705382679,
        3.2579986595032255,
        3.257486674207673,
        3.2732299394827797,
        3.266787965858269,
        3.276447604761367,
        3.268584462619008,
        3.261018819676513,
        3.277013014279416,
        3.2404996399840855,
        3.226136019412302,
        3.275622279428984,
        3.2061700220073965,
        3.237600711958794,
        3.236284581602759,
        3.235352496254402,
        3.1904763915509027,
        3.30057312417903,
        3.213575423286104,
        3.2027733771123783,
        3.190187169112766,
        3.232861223800224,
        3.2139364032445794,
        3.195815283347336,
        3.2099747890539785,
        3.2281461552936905,
        3.1923722706710658,
        3.18597235824581,
        3.2173731133626395,
        3.179192322695816,
        3.1997901074066757,
        3.1449940316547105,
        3.1614129620309557,
        3.1859958164118467,
        3.2220749989864377,
        3.1590626053814517,
        3.17105339923112,
        3.267120447177981,
        3.1800763124439926,
        3.1196525516529676,
        3.1398083884233405,
        3.1852410774421647,
        3.154959791780704,
        3.129370348968993,
        3.1524346387421494,
        3.1598410635391216,
        3.1188146584818375,
        3.1444781664594714,
        3.1682578379787563,
        3.184431245915877,
        3.145725081222497,
        3.153933957320684,
        3.162742009587362,
        3.1176723399836073,
        3.0968177304397604,
        3.1496227639007195,
        3.1589314653869804,
        3.200342362796764,
        3.1541104904116013,
        3.19080716098098,
        3.227215694843211,
        3.194578688704517,
        3.1650706402982562,
        3.149876060710918,
        3.1380495251703104,
        3.139624602394969,
        3.1633294964860834,
        3.1172154539838863,
        3.1290872280954978,
        3.1703074884789113,
        3.151305922552915,
        3.184191897631625,
        3.166766801074737,
        3.137773160105079,
        3.159340884084257,
        3.17744987328435,
        3.1431395011049648,
        3.218140228260749,
        3.114287231999983,
        3.1404775665010214,
        3.1149744456241555,
        3.1455715494491243,
        3.127738509371166,
        3.0744661351395783,
        3.126904721225641,
        3.1403339073990297,
        3.117307845829033,
        3.112899195510061,
        3.1200203136154463,
        3.1288536521411454,
        3.123017643314607,
        3.1185920325737535,
        3.1049462362632783,
        3.1354963466013204,
        3.142310796608204,
        3.109944830392359,
        3.138749978544792,
        3.1769059361603977,
        3.0741324542765636,
        3.085339354536679,
        3.0998253342759337,
        3.108000724194152,
        3.114441112444389,
        3.0562353222310166,
        3.0571591555615174,
        3.0768200936475214,
        3.1227798760932166,
        3.090167466750846,
        3.0824293532910914,
        3.046593863958708,
        3.093584482194068,
        3.0668886127143087,
        3.0774034339018193,
        3.0795298645447837,
        3.0724236522835677,
        3.0455547192103394,
        3.098934434405247,
        3.115730867583126,
        3.0856816568757983,
        3.0823002204581407,
        3.085094307218875,
        3.1094994313486617,
        3.102603111367358,
        3.0716383147028363,
        3.0839384129151988,
        3.0699751785003415,
        3.0836055447330537,
        3.061522193644887,
        3.0531874944231476,
        3.038239160553157,
        3.0582426670641194,
        3.03120751862791,
        3.0392567763295326,
        3.091135100321825,
        3.047785026563155,
        3.0434449105661665,
        3.0415793676888683,
        3.1150003395881796,
        3.0924945076339068,
        3.066333740635206,
        3.0863656949414757,
        3.093969862431162,
        3.0316842048651975,
        3.047500577498375,
        3.0744819865867687,
        3.0516752134452205,
        3.03709607685613,
        3.02753274450926,
        3.0567214112953915,
        3.0521273608043193,
        3.0326340391467785,
        3.0477525645327317,
        3.0257167779575016,
        3.04678223793134,
        3.0387230286291866,
        3.072145687147514,
        3.0384703952025305,
        3.066854994634476,
        3.0835159983726275,
        3.0598303879247064,
        3.081740977263545,
        3.0729501852612704,
        3.0626735934129585,
        3.0346469485192995,
        3.0397775168207795,
        3.067458001443465,
        3.0402085957006615,
        3.039529235500784,
        3.0675331906583385,
        3.015279725959163,
        3.02104084780873,
        3.0753543742924383,
        3.045641881685258,
        3.057901896016929,
        3.048373609367522,
        3.0551598335165933,
        3.055661799275208,
        3.097898000366295,
        3.0617164659944356,
        3.1029990252967923,
        3.067968989079415,
        3.074261162186535,
        3.0636941460291207,
        3.077350863922169,
        3.0566456466965417,
        3.0528519372499465,
        3.0875592485654315,
        3.0728072683664385,
        3.0339657034050904,
        3.0804096055085566,
        3.03699472182773,
        3.0270666769072005,
        3.059878995405434,
        3.0608528788017035,
        3.0725835663421024,
        3.0511011376357127,
        3.0175499381194917
    ],
    "min loss": 3.015279725959163,
    "training steps": 10000,
    "batch size": 256,
    "history size": 1000,
    "dataset": "enwik8",
    "end time": 1730482547.462059
}