{
    "start time": 1730482368.985814,
    "use_input_gate": false,
    "use_forget_gate": true,
    "use_output_gate": true,
    "use_state_gate": true,
    "use_new_state": true,
    "use_old_state": false,
    "use_residual": false,
    "n_layers": 2,
    "state_size": 256,
    "id": "b0894d8bab019fb5b9bb4fa88fb6f4a0b558260771237f07361cf4e70a8d478f",
    "loss": [
        3.7052241484530692,
        3.4957555606608315,
        3.328337862762926,
        3.190770113845458,
        3.1006130102379705,
        3.0143512741713177,
        2.9459876580203876,
        2.9152423593603345,
        2.8660607448660387,
        2.8501172852931544,
        2.803968313192411,
        2.769226262350213,
        2.7678443398937436,
        2.703554539010346,
        2.64097718429183,
        2.6264999051515114,
        2.6100985122089644,
        2.5415227492195083,
        2.5301832370755575,
        2.548057036610542,
        2.537729910355307,
        2.5172229768648577,
        2.4572718091607855,
        2.409175886974843,
        2.3977243739618035,
        2.3696787304019935,
        2.3563214230622873,
        2.33951391587448,
        2.3392890277789165,
        2.302792071259357,
        2.290831408230894,
        2.2736908874462154,
        2.321848509396593,
        2.3037015843009683,
        2.2651600703158783,
        2.26175656398247,
        2.2370935316733673,
        2.1904423451270927,
        2.1815545255790365,
        2.288602642895828,
        2.177038995211563,
        2.1688344348534603,
        2.113114384064776,
        2.1039640917654188,
        2.169870471897945,
        2.116936549679941,
        2.129056809511156,
        2.1389690969391815,
        2.1660714489425983,
        2.1435317372886677,
        2.1160083448985603,
        2.1259602960111708,
        2.1342259577292886,
        2.1016387512698507,
        2.1218470357123755,
        2.10995916893141,
        2.1011709173424813,
        2.0719022251683272,
        2.067877311366492,
        2.164660036072754,
        2.1122901952038093,
        2.073287766159841,
        2.0585689754189396,
        2.0254027531870498,
        2.0259617670791106,
        2.0015046707680764,
        2.037196520567411,
        1.991751373123238,
        1.992464371635061,
        2.0085164088249647,
        2.011658110741864,
        1.9725186594316757,
        1.9713899627464235,
        1.9370374195333697,
        1.9888628764088896,
        1.9439576694103198,
        1.9626033853792475,
        1.9726304341870342,
        1.9540928641573863,
        2.0440040435303883,
        2.044677348201859,
        1.9829269414034993,
        1.988533063989014,
        1.9347446516854783,
        1.9647371252093462,
        1.9057568752722267,
        1.9031522510689791,
        1.9369464391648485,
        1.9219658205191694,
        1.8805594670271482,
        1.9202188417131227,
        1.9208269829499338,
        1.9175629871075714,
        1.8839318416185,
        1.8998311962987793,
        1.9117516763450133,
        1.8846046604805324,
        1.8695477776850506,
        1.910943457410038,
        2.0423036522798905,
        1.9563532310710035,
        1.9047482686010815,
        1.8871055300464552,
        1.906006840268307,
        1.901670041153763,
        1.8950392928886806,
        1.874444767738524,
        1.8839344708261148,
        1.8474820886256489,
        1.8501849485412236,
        1.816303932927075,
        1.8363278599230701,
        1.8056845859298172,
        1.8614004764392145,
        1.8074979974294223,
        1.7983705789643376,
        1.8107365848211674,
        1.8480114989577745,
        1.8416322515642132,
        1.965819913536403,
        1.8742213193467505,
        1.860971514679275,
        1.8936894461072467,
        1.8476425081203298,
        1.8412592172633544,
        1.8131825778209325,
        1.879824066147183,
        1.8346600779939912,
        1.8050000458275588,
        1.8750725740834528,
        1.8406153395284228,
        1.830151204064784,
        1.7893393437482472,
        1.7503464467805194,
        1.8021464821622166,
        1.7708484789618675,
        1.778584040491185,
        1.759826523309362,
        1.7413048493483352,
        1.9006489674381415,
        1.825160697610532,
        1.7634147340870336,
        1.758818277838584,
        1.787109517147359,
        1.7774730666433656,
        1.7427228454287922,
        1.7811020341186075,
        1.772334855127944,
        1.7721352869137847,
        1.7842175696532196,
        1.7509683974791281,
        1.760209732275238,
        1.7602766524038567,
        1.7267032797592794,
        1.7370271463143507,
        1.7313912611116007,
        1.7237520994923285,
        1.7292343701390387,
        1.6934727399785576,
        1.893131653336751,
        1.8027493480402643,
        1.8188656643533487,
        1.769096525417915,
        1.7588306560674134,
        1.7542315584579704,
        1.773070182047642,
        1.7571329414414065,
        1.793728770138717,
        1.7576277609810327,
        1.7543899634171816,
        1.746603881074106,
        1.7225330896672981,
        1.7496919090341934,
        1.7461762463947235,
        1.7198515384308026,
        1.7058602793022501,
        1.7037225851784898,
        1.7090650581104236,
        1.7237013601804394,
        1.8537763562001257,
        1.8350937761267159,
        1.7647927876218061,
        1.7541440996974358,
        1.7456078675573354,
        1.7400181248717623,
        1.7392369932241014,
        1.7545696559126842,
        1.7361674239661995,
        1.7195862433016205,
        1.7123064142177862,
        1.7410610619605924,
        1.7241015486091145,
        1.6577582111107623,
        1.6770823040733978,
        1.7198931910162394,
        1.7198330443992995,
        1.711210167572506,
        1.7162367948677997,
        1.7287661840818747,
        1.8456702287068507,
        1.7568715124786507,
        1.7451840286756242,
        1.7212623054638987,
        1.709332366097427,
        1.7206765392984404,
        1.730121755254442,
        1.7495336947582865,
        1.6908542890545213,
        1.693667668956116,
        1.6716413180824303,
        1.6872284543681364,
        1.700694800042607,
        1.720815247001082,
        1.7320147306604587,
        1.6604266373505443,
        1.6913648002069028,
        1.7096376211090973,
        1.7063474621009576,
        1.6850846493219003
    ],
    "min loss": 1.6577582111107623,
    "training steps": 10000,
    "batch size": 256,
    "history size": 1000,
    "dataset": "enwik8",
    "end time": 1730482412.4417844
}