{
    "start time": 1730476467.5898523,
    "use_input_gate": false,
    "use_forget_gate": true,
    "use_output_gate": false,
    "use_state_gate": true,
    "use_new_state": true,
    "use_old_state": true,
    "use_residual": true,
    "n_layers": 1,
    "state_size": 256,
    "id": "b2ef0d9c20df88be2a17549874b84be54efb383cbdc44b80e99e7fb49dbce9fe",
    "loss": [
        3.731900831688888,
        3.3693456384278084,
        3.0517045266021343,
        2.9610346393820026,
        2.817663725740381,
        2.742290489845953,
        2.671510801094353,
        2.638373661544582,
        2.617593167047686,
        2.5270874812164243,
        2.5021786241191997,
        2.4822848407142364,
        2.4400746871432992,
        2.386539364839825,
        2.369656255803133,
        2.327162864636437,
        2.2906478623645334,
        2.2370890155905205,
        2.2913623376032035,
        2.3068956774464726,
        2.2566444554523746,
        2.228108469337788,
        2.252942297212723,
        2.2194792579808813,
        2.139213511339172,
        2.129034256381017,
        2.083211556641313,
        2.089252401071306,
        2.1171577747397063,
        2.0736959388606238,
        2.1278965592006855,
        2.0901600586956937,
        2.028180417928713,
        2.0253409588032016,
        2.0297414145728427,
        2.045646817471632,
        2.02289214449152,
        1.9786183271405764,
        2.0240597103667572,
        2.0797641451719255,
        2.0437744888032956,
        2.0572995085472328,
        2.0182780502470075,
        1.9656083332856311,
        1.9355119778145227,
        1.9334352380988316,
        1.9639831331707753,
        1.9148740705248763,
        1.9254170567254678,
        1.8844463569166157,
        1.8953331814834367,
        1.8464123681785007,
        1.9075965145940674,
        1.9079611792726296,
        1.9465420107002214,
        1.91848542344701,
        1.8606620566790666,
        1.8828680084303442,
        1.8443954371494409,
        1.938530746302301,
        1.9008230307462517,
        1.8862393647383737,
        1.8791550435522995,
        1.8366734548273338,
        1.8697760852520056,
        1.7918890188203385,
        1.7933283159472255,
        1.7650029381188694,
        1.8020683623204874,
        1.820443328549342,
        1.839643645972982,
        1.8130175906740238,
        1.8262039460400985,
        1.8486543106072935,
        1.8343602053626156,
        1.8293384907663142,
        1.8008437286245906,
        1.7919168959400915,
        1.8018063900210495,
        1.885695395390807,
        1.886594832709972,
        1.8445992901819597,
        1.813231686036911,
        1.834994171542169,
        1.8419627450981415,
        1.7783167756331004,
        1.781034256455691,
        1.7645480847425843,
        1.8162956588966424,
        1.7390629782044515,
        1.7365876902066621,
        1.7306234599651216,
        1.7668199685361605,
        1.800682469271013,
        1.793244638462725,
        1.7511525198206885,
        1.7583287798741571,
        1.765217791406658,
        1.7400756443225096,
        1.9026538610787673,
        1.887697533017743,
        1.8549155797823296,
        1.8160252904571381,
        1.8134748579750548,
        1.777090850638989,
        1.8207692653685335,
        1.729558359411749,
        1.7590771689447853,
        1.7694119105205526,
        1.7746300202748528,
        1.7541601306791157,
        1.768977354828164,
        1.7808651785543832,
        1.8257131812926766,
        1.780460944606377,
        1.7565420147716821,
        1.7199967490383157,
        1.761159479366609,
        1.75484453815632,
        1.8970773259939653,
        1.8216806465361215,
        1.8058029068752162,
        1.7880208595491065,
        1.8119059746346722,
        1.8029663563652536,
        1.7576093121574627,
        1.8007541854856655,
        1.7903456915556302,
        1.7782021734168412,
        1.7781411639529465,
        1.7804185052622556,
        1.8057250891525614,
        1.776015359593792,
        1.7812728260585624,
        1.7768195456399345,
        1.751816020553735,
        1.7347928726851833,
        1.7168951190866664,
        1.7324134119741135,
        1.8750813620852005,
        1.84227334675303,
        1.7972669665952534,
        1.7681224332148375,
        1.7953370866732437,
        1.7905611604532197,
        1.7576409703129234,
        1.7259762662477183,
        1.7136176793487743,
        1.7196306328744564,
        1.700166804170304,
        1.7326312099673986,
        1.7643671433041028,
        1.7103136505289414,
        1.7674110257762936,
        1.7604887325706542,
        1.7443007578624616,
        1.736075703087274,
        1.766532998507151,
        1.7374001538227242,
        1.8287798716671864,
        1.7707967415933756,
        1.7405363331739552,
        1.6748283043564312,
        1.657842719441458,
        1.710519776751941,
        1.6790796824300431,
        1.7252899022360395,
        1.724145649964391,
        1.7096450388847384,
        1.6622556334774352,
        1.6621789071914026,
        1.6415997441441303,
        1.6918136770967223,
        1.672884645189995,
        1.6454492160553724,
        1.663825839875602,
        1.7036988523371859,
        1.6733463378285174,
        1.6661261670104694,
        1.829801669649514,
        1.7812823923065861,
        1.7689375069461342,
        1.703057745192059,
        1.695443801225384,
        1.7318887357880957,
        1.7130609037110762,
        1.7427673656437703,
        1.7258961373552153,
        1.7499772573314982,
        1.6934953990947121,
        1.701051581117507,
        1.715781246313088,
        1.684037873854331,
        1.709039082201755,
        1.704677643794143,
        1.700005959605147,
        1.7368144060693773,
        1.7104147752474301,
        1.7027618713926385,
        1.844325009532504,
        1.7368302826355426,
        1.7207548424911892,
        1.7535049626379957,
        1.698731505276375,
        1.7385674300872498,
        1.7252612624955224,
        1.7383136464217208,
        1.7114196352312097,
        1.7751930319221494,
        1.7120012485017229,
        1.7365005283111852,
        1.6933049030068614,
        1.6691552649301176,
        1.7288374466251994,
        1.7596917229136695,
        1.6910269651782284,
        1.682262075924557,
        1.7323366050580622,
        1.7130558147857051
    ],
    "min loss": 1.6415997441441303,
    "training steps": 10000,
    "batch size": 256,
    "history size": 1000,
    "dataset": "enwik8",
    "end time": 1730476495.5301669
}