{
    "start time": 1730481641.2733629,
    "use_input_gate": true,
    "use_forget_gate": false,
    "use_output_gate": true,
    "use_state_gate": true,
    "use_new_state": false,
    "use_old_state": true,
    "use_residual": true,
    "n_layers": 1,
    "state_size": 256,
    "id": "b595ac79d06c9e9d1de3557770a24c9b8611ca04f2f06dfb0cd0801ea639f379",
    "loss": [
        3.664740922525946,
        3.300016811510918,
        3.065478651327747,
        2.938646241170125,
        2.887180104118763,
        2.861890299928066,
        2.8296343913721462,
        2.7860950513889664,
        2.737930380444271,
        2.7352405062300686,
        2.757856533404029,
        2.7381897253895793,
        2.7231964025274165,
        2.685089279924685,
        2.69915197570386,
        2.646262845472623,
        2.659345057788923,
        2.639493128733317,
        2.654884216448808,
        2.6066882637400903,
        2.632977180422625,
        2.5990337275415314,
        2.589497085912825,
        2.566924468719511,
        2.5474387400570233,
        2.55278925338105,
        2.543729421117768,
        2.48878828379387,
        2.541090429374861,
        2.5182047167243495,
        2.4833904744570567,
        2.481083339664006,
        2.4886331659013754,
        2.5009256783598426,
        2.479935083619268,
        2.4603136032978963,
        2.461815234004532,
        2.4399779219987625,
        2.4709764442316504,
        2.4884098780698714,
        2.456643757736906,
        2.4523907199964396,
        2.457148774000748,
        2.432261227021623,
        2.4104160074861,
        2.3766042672899736,
        2.4223614046450597,
        2.4168295107102713,
        2.387761377697923,
        2.3787922642306722,
        2.3885435897474037,
        2.3610427618079006,
        2.343622125394475,
        2.3134568894913206,
        2.37965604963203,
        2.3454785123443775,
        2.38457594444838,
        2.2912703364579436,
        2.2641337520237403,
        2.3630778080411896,
        2.373915585347081,
        2.401888772320208,
        2.3927374345686325,
        2.3853190701541656,
        2.374922790963722,
        2.3654440197581157,
        2.3376300099217664,
        2.3456078540528,
        2.3537112613235576,
        2.326307550387429,
        2.3143471750532716,
        2.3153515311156068,
        2.3452038340623154,
        2.2885127906341918,
        2.2970892908926195,
        2.2845815069984625,
        2.2900815760111164,
        2.2816684863722383,
        2.246178240402469,
        2.3279030025895633,
        2.2984699410945697,
        2.2304748633713407,
        2.2423944536241254,
        2.2251510107554644,
        2.200117052825109,
        2.191627861189416,
        2.2349025705765113,
        2.2656331370179243,
        2.222755924224027,
        2.235332964633591,
        2.224001993442986,
        2.2093543467319385,
        2.204625972495543,
        2.2633276095211383,
        2.250742684454086,
        2.243076229595884,
        2.2507515433292986,
        2.2366529317559367,
        2.2298247025744695,
        2.270147390400983,
        2.240345373743589,
        2.2359156432682776,
        2.200710126999002,
        2.1934408579277394,
        2.2114589716581787,
        2.2641175454156137,
        2.2277321171155138,
        2.2007313651622717,
        2.2155873296779105,
        2.1942302261539655,
        2.174486228268908,
        2.1866954963888063,
        2.1716533330738703,
        2.16264679827221,
        2.2057193096621086,
        2.171435903932782,
        2.1470994621882102,
        2.133801961261606,
        2.15505986433546,
        2.2018748239263695,
        2.153481043690967,
        2.1836241959870244,
        2.1748349930881883,
        2.151392543589774,
        2.155541288858336,
        2.1387770950191216,
        2.101830423168891,
        2.1177145594907527,
        2.138866844946881,
        2.1220334733403607,
        2.156821697407623,
        2.151418273880911,
        2.1399363477490807,
        2.133494140738381,
        2.1230839914647146,
        2.1425784702062614,
        2.1601647638192487,
        2.121700896671364,
        2.1147406676120815,
        2.2195077050128833,
        2.1713009323427452,
        2.133880644972972,
        2.1071426301770053,
        2.1166429970708305,
        2.1551436618970485,
        2.1325066253289027,
        2.121319247626803,
        2.112004314426558,
        2.127328318624931,
        2.1326492370447068,
        2.097845552578519,
        2.0760402881698763,
        2.0819731323241086,
        2.122129336117522,
        2.1087290543005435,
        2.13021303428691,
        2.0853483143803793,
        2.092776173583228,
        2.0834639348190067,
        2.159280265885658,
        2.0867823684316367,
        2.1048186816496472,
        2.0847802997498657,
        2.092066778817592,
        2.107740133985991,
        2.1031482758986533,
        2.1013789307611748,
        2.1302707556185165,
        2.1539204460670356,
        2.129318601796265,
        2.086839812236262,
        2.0605503827422536,
        2.072083385974456,
        2.086086968181168,
        2.078452300278233,
        2.049386566230898,
        2.10975988802356,
        2.0466643812270147,
        2.089743232928721,
        2.1356778376805763,
        2.1109669264796227,
        2.15481557630498,
        2.1705805903961055,
        2.154137224605592,
        2.115562067015835,
        2.1372271615973326,
        2.152320822728468,
        2.0929426032244702,
        2.11893063034287,
        2.07734017029123,
        2.093129465872458,
        2.096119613073616,
        2.142107456539966,
        2.0961527515022658,
        2.09533653372854,
        2.1102214962181014,
        2.0794189553094187,
        2.0861044451649087,
        2.0620013893705282,
        2.1434135524185414,
        2.0628671095220237,
        2.072009150050469,
        2.051416357622866,
        2.0811661951825355,
        2.059402426968144,
        2.0083853123599136,
        2.051947121527428,
        2.020440489550709,
        2.0273661247216417,
        2.043638908691834,
        2.0451711246726263,
        2.0293554757660885,
        2.0237115328220354,
        2.0389625429530396,
        1.9999032846561682,
        2.040041351148437,
        2.0609082416532916,
        2.033555511594713,
        2.0219465734851987
    ],
    "min loss": 1.9999032846561682,
    "training steps": 10000,
    "batch size": 256,
    "history size": 1000,
    "dataset": "enwik8",
    "end time": 1730481663.174076
}