{
    "start time": 1730481729.4305794,
    "use_input_gate": false,
    "use_forget_gate": false,
    "use_output_gate": true,
    "use_state_gate": false,
    "use_new_state": true,
    "use_old_state": true,
    "use_residual": false,
    "n_layers": 2,
    "state_size": 256,
    "id": "b7bd8800aac8c6241a29f2f28fffb0026a97d3634672eb4717b58e979f443074",
    "loss": [
        3.7309412172414578,
        3.498596675032584,
        3.287399926982177,
        3.1205176903153573,
        3.006205124008612,
        2.890344170263771,
        2.7861484228956135,
        2.7482734195175564,
        2.6667679817366685,
        2.6394233221003667,
        2.6142268088958676,
        2.537621645812455,
        2.527896349363499,
        2.4449600613785187,
        2.453197956553119,
        2.4294630241468576,
        2.3589430069546213,
        2.362211990396754,
        2.3270535465925266,
        2.379402974373501,
        2.364065470890501,
        2.299957580652236,
        2.2955606100273678,
        2.281878933173145,
        2.3191892427669414,
        2.263804570535917,
        2.2152185332401406,
        2.1802740035533703,
        2.2511005856807813,
        2.2153179242655696,
        2.238428276027068,
        2.2003330049988192,
        2.214758335393624,
        2.1657365348100526,
        2.166570004794916,
        2.135121383192503,
        2.1614258155529185,
        2.1334076669352493,
        2.158716485485416,
        2.2185528804860093,
        2.2086918034063863,
        2.134054165602211,
        2.1306401344588726,
        2.0934281094786327,
        2.107580039004294,
        2.1003628833327834,
        2.0907702853823515,
        2.0995097731169716,
        2.094323442206438,
        2.081506653404752,
        2.088599575004119,
        2.0661812017315104,
        2.0512670361218395,
        2.0584745918531824,
        2.056824618275564,
        2.01811305934913,
        2.050035183269064,
        2.0959801238745697,
        2.0403654836280474,
        2.1488193935868978,
        2.115998654781748,
        2.0622986827308503,
        2.091633786971321,
        2.0371519703647367,
        2.041260636575938,
        2.0409876699207317,
        2.0199693354102854,
        2.055318876895364,
        2.036750754568505,
        2.058785705874426,
        2.0332437629144655,
        2.0654935745653864,
        2.02406714836065,
        2.00420581716041,
        2.0436683484728264,
        2.0834493369010962,
        2.0104523035224005,
        2.008486756156792,
        2.009654297329935,
        2.132200630439186,
        2.0659375965916715,
        2.1019641912403286,
        2.0763279377375676,
        2.0407757088313283,
        2.0585132451802624,
        2.063810337849939,
        2.0519998734119786,
        2.0178875798890297,
        2.0358183348513594,
        2.051475748394906,
        2.026191563806931,
        2.012228987480682,
        2.0264921811027277,
        2.0093788636089727,
        2.01893202542954,
        2.059374018703659,
        2.0387174890404642,
        2.046468229633565,
        2.0193532275519,
        2.1367749456396172,
        2.042301136748284,
        2.0512637634937385,
        2.005395336876708,
        2.001132632774214,
        1.9983693574077392,
        2.0106052546684157,
        2.0134633996155373,
        1.9853339830224261,
        2.016433844980246,
        2.00179086444122,
        1.9787715594195807,
        1.9736216728592575,
        1.9760502564691047,
        1.977764784197216,
        1.997017970606047,
        1.9909701878437331,
        1.9881761549053598,
        1.97408294455709,
        1.9720408007949601,
        2.1166016687032725,
        2.056549185912887,
        2.0308405264906813,
        2.0323076053001228,
        2.0119696349902334,
        1.991305406689216,
        1.9801301148219037,
        1.9787209377675599,
        1.9614662997394912,
        2.0105521428212216,
        1.9697344992923211,
        1.9804722021082815,
        1.9941122940657312,
        1.9833848940609506,
        2.0074424524561656,
        1.9944855053327533,
        2.0035273711912978,
        1.9903017492790815,
        1.991660357135709,
        1.94326160785111,
        2.054705801252906,
        2.0274825187881405,
        1.9394911121132625,
        1.9141983145351973,
        1.9507663275207143,
        1.952761264404271,
        1.9319891126294082,
        1.9349281698074328,
        1.9088186743342648,
        1.9584094911076901,
        1.9162782155964906,
        1.919051671223364,
        1.948000844643004,
        1.9699627114085287,
        1.9973752630912112,
        1.9516034643490228,
        1.9666176476291692,
        1.9413818109203171,
        1.9097515663460585,
        1.9565547103087177,
        2.1048950139909626,
        1.9984878857619806,
        1.9849212838254036,
        1.9824814707326812,
        1.9687413862804475,
        1.9663727694636874,
        1.9618425795098549,
        1.9707225349449804,
        1.9795281767826485,
        1.9975595888662314,
        1.9781683688961382,
        1.9943743289080826,
        1.9661641947229251,
        1.9573513645966478,
        1.9519508076036791,
        1.9514028416500808,
        1.9791584801243687,
        1.9173743950782485,
        1.9401811500654629,
        1.9731094672926794,
        2.028585783257406,
        1.9614621201830054,
        1.9434666938222949,
        1.9515619527555728,
        1.9320287664863198,
        1.9423102530470953,
        1.933553218506617,
        1.9253442337796822,
        1.9644399744117516,
        1.9357775057209279,
        1.908025078704517,
        1.9244575994211637,
        1.910972702417092,
        1.8766247364686395,
        1.9032775093974486,
        1.9014884452415646,
        1.9562018192549078,
        1.9704183062861251,
        1.9632672935020992,
        1.9193310095183367,
        2.0772592942945405,
        1.9916919889269333,
        1.9424360005834473,
        1.9679375903579166,
        1.9876322798378152,
        1.9632384286081663,
        1.954221427075795,
        1.9390748759921594,
        1.8908435827818009,
        1.9172510101457727,
        1.9482953636973872,
        1.950723224712841,
        1.9343729973883008,
        1.9569627638439322,
        1.94903918212625,
        1.9153082715996337,
        1.9338466183096479,
        1.9445224104535792,
        1.911316360306497,
        1.9309829509935832
    ],
    "min loss": 1.8766247364686395,
    "training steps": 10000,
    "batch size": 256,
    "history size": 1000,
    "dataset": "enwik8",
    "end time": 1730481759.3716278
}