{
    "start time": 1730482929.780238,
    "use_input_gate": false,
    "use_forget_gate": false,
    "use_output_gate": true,
    "use_state_gate": true,
    "use_new_state": true,
    "use_old_state": false,
    "use_residual": false,
    "n_layers": 2,
    "state_size": 256,
    "id": "b81fc26e2595386b82ddefa3e21226f46429b563be64e8c53b91ea7e52663630",
    "loss": [
        3.6011708838666587,
        3.53892109066034,
        3.537346057506517,
        3.3489806746653628,
        3.1900516748691734,
        3.0406761291126196,
        2.974444797222744,
        2.8021936722280905,
        2.7414732213996906,
        2.6598139867335444,
        2.6166501055897586,
        2.550032233879708,
        2.5168833882179427,
        2.482399716148677,
        2.448304906444479,
        2.466435910239812,
        2.428356328391339,
        2.424520971635066,
        2.3888582982763604,
        2.5014458197905203,
        2.4130934321011908,
        2.3724092788337603,
        2.299968928856424,
        2.292053946799052,
        2.30420699125701,
        2.2797561316820216,
        2.2851328361711745,
        2.2592053643044774,
        2.2879832200425647,
        2.2193897147780763,
        2.2492895017897605,
        2.2436158899682925,
        2.1871049896321444,
        2.218971305662343,
        2.1768647256194784,
        2.186222307779131,
        2.1062819542534252,
        2.120254393791302,
        2.0919424248424114,
        2.191027001771354,
        2.2728983928255584,
        2.20867621439673,
        2.2253433945029384,
        2.164503759727099,
        2.1849481410040483,
        2.1593929829449414,
        2.13131265672797,
        2.1356267947758014,
        2.125021401454167,
        2.0838478313816564,
        2.107504865011053,
        2.116806484675426,
        2.059388795190732,
        2.0120915948223606,
        2.095547112587965,
        2.073352297019912,
        2.0865370283086757,
        2.0824803615327907,
        2.0155524560039004,
        2.1712540149856037,
        2.154607452345339,
        2.1094006380665307,
        2.034617634749936,
        2.0554652403375853,
        2.0841574860363052,
        2.029649537321173,
        2.000707699107097,
        2.0369897951925884,
        2.0474776889175956,
        2.020205621141154,
        2.0263065369143964,
        2.008928642574563,
        2.0301423774811376,
        2.0135409229925023,
        1.9869839721270859,
        1.9589271578620564,
        2.0085777971363066,
        2.00325707809862,
        1.9865479137112663,
        2.132339253725296,
        2.0635044415510926,
        2.019358119654576,
        2.0095422421018196,
        1.9881187965950973,
        1.9686629434103196,
        1.9444511667465354,
        1.9534777961068681,
        1.971308725442125,
        1.9555266976584569,
        1.9403186234760905,
        1.926250696920163,
        1.9554453333325068,
        1.8952106651442315,
        1.9551746032643544,
        1.9458562059598576,
        1.932423560089576,
        1.983337582925924,
        1.9499270700138762,
        1.9309016099604486,
        2.072504110367909,
        1.981369049133358,
        1.9457716832562297,
        1.9445482507169105,
        1.9432464244321246,
        1.9181254957210523,
        1.9411891559136731,
        1.9074630532271442,
        1.8661403299252652,
        1.913225573956914,
        1.9107366472005687,
        1.8668157536567789,
        1.8849530110419515,
        1.9340143344461793,
        1.913839777308851,
        1.8638357788099915,
        1.9007519904081203,
        1.9232237322698171,
        1.8676359666741338,
        1.9330655038690299,
        2.0437096150640253,
        1.9657972991994657,
        1.9189879779357255,
        1.8778340174091033,
        1.893458320404399,
        1.911627722553777,
        1.8688400430365293,
        1.884805204069676,
        1.8380909950874689,
        1.8829565837673203,
        1.876391635330341,
        1.8854293897784584,
        1.8479766436843352,
        1.8188513903266788,
        1.8228529346602467,
        1.8537169064892394,
        1.834929832611156,
        1.8280719328622517,
        1.836527569841897,
        1.833135328364309,
        2.00274364550594,
        1.9526850564272287,
        1.9044102516679178,
        1.8585372575888865,
        1.8561325979738905,
        1.8537307631078959,
        1.8697754317908148,
        1.8287747713761588,
        1.8164492674012587,
        1.8415051385509884,
        1.8346220128648858,
        1.8387874697460227,
        1.8939329355303636,
        1.8660907247639107,
        1.9318940636054551,
        1.9047097145744019,
        1.8527545399390208,
        1.830078171996943,
        1.8344839775289858,
        1.784326588982497,
        1.9573613549136952,
        1.9001692699883543,
        1.8761614509698663,
        1.8421212389417243,
        1.8289696514450025,
        1.8322479046793034,
        1.8447611531507033,
        1.839980240008723,
        1.8479878750775873,
        1.889190594968613,
        1.8704668525791608,
        1.8369026127985482,
        1.84986462778782,
        1.8331927123924854,
        1.843747840784182,
        1.8520823536294968,
        1.8255970481954158,
        1.8476310317956668,
        1.8698780716199637,
        1.8385189955412355,
        1.9564790838171957,
        1.8629493580353726,
        1.8501441628099402,
        1.8040814476853255,
        1.8048168450616258,
        1.7803689659992687,
        1.8245179755083303,
        1.8034982877445305,
        1.8353109741219091,
        1.8032474291870568,
        1.7660863098982755,
        1.758389218924579,
        1.7991711865154465,
        1.8000932984582256,
        1.793214779221504,
        1.8102748775875586,
        1.7876269316702917,
        1.808025282585869,
        1.7975225802238335,
        1.8089459161076022,
        1.9497578617593068,
        1.875140474788061,
        1.8039917599684923,
        1.8137800134211801,
        1.8175047655714343,
        1.8367251775777096,
        1.8100309310055556,
        1.8049368829065813,
        1.8327623317354107,
        1.7979863541479142,
        1.806793127396112,
        1.832415890360826,
        1.7985168627709534,
        1.7896708290520025,
        1.7715424331626404,
        1.8476264664795754,
        1.7891463781847052,
        1.768820126083716,
        1.7768681415589296,
        1.7896147709191186
    ],
    "min loss": 1.758389218924579,
    "training steps": 10000,
    "batch size": 256,
    "history size": 1000,
    "dataset": "enwik8",
    "end time": 1730482967.247533
}