{
    "start time": 1730480594.58988,
    "use_input_gate": true,
    "use_forget_gate": true,
    "use_output_gate": true,
    "use_state_gate": true,
    "use_new_state": true,
    "use_old_state": true,
    "use_residual": true,
    "n_layers": 2,
    "state_size": 32,
    "id": "bd1e95ed8e3ee6d82eb8a81c845c6b2e8ae4726d4eaa312add2a93115755f8f9",
    "loss": [
        4.573658155680846,
        3.606461249915063,
        3.450502304194636,
        3.4262506604815415,
        3.385406876450447,
        3.3695569522587174,
        3.3379278348383385,
        3.3000597011383013,
        3.3003406607180046,
        3.252872327830726,
        3.168733641880101,
        3.1413090535898185,
        3.0510755669331115,
        2.9989589937182433,
        2.9778039620762935,
        2.929815079791992,
        2.9105811049160946,
        2.9385669887184687,
        2.913307032121799,
        2.9181428006025216,
        2.8706780439359227,
        2.822044808738743,
        2.837862720667233,
        2.7958062163585637,
        2.7843475635983173,
        2.773811400733529,
        2.7473236891281636,
        2.7234702460999674,
        2.786771223650893,
        2.7038323548517473,
        2.6884775304912294,
        2.6809794160552674,
        2.734036513896033,
        2.727091427665694,
        2.696698689478962,
        2.6649793099151764,
        2.663596946146412,
        2.6933183996602397,
        2.612180785829071,
        2.6704418609504366,
        2.676148996701102,
        2.6707368491851917,
        2.6737793106088685,
        2.6279911740730713,
        2.607871183187424,
        2.6196438025548234,
        2.5996725524179736,
        2.631175833658071,
        2.5909949835389954,
        2.612230185538604,
        2.5862048948850926,
        2.565723767481607,
        2.5766720267254524,
        2.5706391830827684,
        2.543460623510982,
        2.5299204317780295,
        2.5813685634502135,
        2.563911315892139,
        2.549752147801158,
        2.601309795788309,
        2.544011972459407,
        2.475313766259079,
        2.5215630955551216,
        2.504944680143878,
        2.4718228995508627,
        2.4869408531327637,
        2.496051151714263,
        2.4485579818199064,
        2.4783523251919526,
        2.431865746464724,
        2.5070455317641986,
        2.4452300991372824,
        2.431351120610994,
        2.468178268697296,
        2.465415973037754,
        2.4928441563858437,
        2.458760322293045,
        2.4817651367627,
        2.3984588879505573,
        2.5109059872044175,
        2.4763752488661868,
        2.472678162421001,
        2.481625251422132,
        2.4919159979280217,
        2.4798501383725773,
        2.443624516022904,
        2.4220654351341917,
        2.397290358490099,
        2.420579121526198,
        2.4095588722328354,
        2.4285264391152293,
        2.444320970775818,
        2.4091978473231306,
        2.4442261845442825,
        2.4321830932385122,
        2.4007224546676653,
        2.416141634050272,
        2.4025861184255572,
        2.401618439855713,
        2.469890471350457,
        2.4261742703395472,
        2.3913581753201343,
        2.4059442550297097,
        2.3892116198857547,
        2.3740407944517337,
        2.387134427460714,
        2.3791238038276794,
        2.3643086934979545,
        2.372660964423938,
        2.359958897410857,
        2.3656562520327715,
        2.3960584726313696,
        2.3687414750620652,
        2.324416437336668,
        2.339567039767006,
        2.357088071649731,
        2.352295326035745,
        2.350470747319354,
        2.366818030482254,
        2.4276269386774936,
        2.3317448465179913,
        2.3258867189121935,
        2.3062958027380533,
        2.33117065776243,
        2.3528226156212613,
        2.354337055300258,
        2.297765337791528,
        2.3019183664062335,
        2.3051692744759302,
        2.3092919182151035,
        2.310826399953864,
        2.274501202084221,
        2.2672391697006384,
        2.2958263919572826,
        2.2868101119068416,
        2.2997712558241643,
        2.29888257081196,
        2.3030140545841284,
        2.3229887677035417,
        2.3724782259561255,
        2.315101812391952,
        2.309127623831172,
        2.2990421090517255,
        2.2443267494427634,
        2.2705558727280697,
        2.292043255272569,
        2.2981124245579387,
        2.2975933265473616,
        2.276754458985661,
        2.305998742639104,
        2.299083517028473,
        2.2826696698275786,
        2.3082506180279947,
        2.2809708982559136,
        2.2703333572879827,
        2.2682331167703054,
        2.2568076091039004,
        2.2488688587580854,
        2.2617511285393173,
        2.3508431219227113,
        2.3234635158640957,
        2.2792757531907752,
        2.2902323410584167,
        2.33003772627705,
        2.3101295826488575,
        2.27077757001645,
        2.309016706509413,
        2.293644933646378,
        2.3024943686246453,
        2.257140305850938,
        2.276056887511611,
        2.268596490642715,
        2.2474808147199243,
        2.2574738859463865,
        2.2671000583343712,
        2.247732335163829,
        2.2716875534869896,
        2.3026999852151695,
        2.2650597248993307,
        2.3146623232953054,
        2.2329934089673777,
        2.1852849197720388,
        2.2125357196708646,
        2.20197784496939,
        2.2088474300376704,
        2.1466146262542534,
        2.2134520939244915,
        2.2162540981974126,
        2.228019282409036,
        2.2284352793807423,
        2.1972671286493233,
        2.1949038067221966,
        2.203058195103054,
        2.2154832559868347,
        2.1962335655014322,
        2.156191388918078,
        2.195956819424117,
        2.2033617054475574,
        2.183287834898705,
        2.2647474089105266,
        2.2330450700816566,
        2.2435229869351603,
        2.2019827939483854,
        2.2097388041948274,
        2.2420413389858753,
        2.2170122149540656,
        2.222901212712516,
        2.1945459555312246,
        2.2445227807302084,
        2.2282993075423585,
        2.2384895201800408,
        2.227324405405359,
        2.227018264671463,
        2.22075616735661,
        2.216114784066681,
        2.2094937667130212,
        2.2192928040483335,
        2.2566762139154,
        2.194674920838612
    ],
    "min loss": 2.1466146262542534,
    "training steps": 10000,
    "batch size": 256,
    "history size": 1000,
    "dataset": "enwik8",
    "end time": 1730480654.6536403
}