{
    "start time": 1730480114.7406554,
    "use_input_gate": false,
    "use_forget_gate": true,
    "use_output_gate": false,
    "use_state_gate": true,
    "use_new_state": true,
    "use_old_state": false,
    "use_residual": false,
    "n_layers": 3,
    "state_size": 256,
    "id": "bdd195003d1fd3b0bf9c01d9d0874ccd6c23e4f0b4b79571ef54c23fb8878632",
    "loss": [
        3.636884166436497,
        3.5008390779376404,
        3.520190378936533,
        3.4956624413632644,
        3.5104609198714303,
        3.4935141824700615,
        3.510858552169698,
        3.4508067245835834,
        3.4625948348877693,
        3.4430261240250806,
        3.3305412074530234,
        3.166794927774558,
        3.0397197232987168,
        2.9466390327927576,
        2.9061918631474186,
        2.8297760560059295,
        2.8153831597555983,
        2.7572397048323114,
        2.764376945149614,
        2.7539096311479545,
        2.745948225389948,
        2.7267260040193637,
        2.6842913835341204,
        2.657286812298605,
        2.5862658288767983,
        2.554789653253668,
        2.5237107184009115,
        2.5286403938024886,
        2.5375422676729467,
        2.4600190740780983,
        2.5023141571639638,
        2.4620014126555425,
        2.4603615183814425,
        2.465482055943288,
        2.4452912595174467,
        2.4671390270676365,
        2.434945740182797,
        2.3782290161649025,
        2.381965497173006,
        2.464299388238285,
        2.466298466372343,
        2.417393365859323,
        2.3653780580874555,
        2.326658601898578,
        2.3351215874589935,
        2.2946795137470657,
        2.2755477592484437,
        2.2714597559629297,
        2.325812242804,
        2.2859584445018517,
        2.261655441689855,
        2.231066701833262,
        2.2506767263231686,
        2.265217530258721,
        2.240960625761555,
        2.220978196493826,
        2.2225742098409698,
        2.228461206791482,
        2.2489967922427416,
        2.313399850123245,
        2.295193017103198,
        2.238888716524152,
        2.2229839786046353,
        2.1919509122557708,
        2.197977558113879,
        2.192740297355314,
        2.1971356238833804,
        2.1947838493215617,
        2.2337869722433354,
        2.2062543709072715,
        2.163906805761559,
        2.14779026007696,
        2.117090336093237,
        2.157509619267074,
        2.1432838433865635,
        2.133055227548958,
        2.152725455723362,
        2.112110087959163,
        2.092695818200826,
        2.202369992897043,
        2.1684421710651933,
        2.1545877161671165,
        2.1452497169929896,
        2.132778927761936,
        2.1246143297764646,
        2.1578772639439836,
        2.0912435299867047,
        2.089076898194809,
        2.086936728608,
        2.0816324614922617,
        2.0801879454031718,
        2.090790255828174,
        2.1316685900308165,
        2.077114718961429,
        2.0854575186255695,
        2.103374321086442,
        2.083879798435974,
        2.120053575703345,
        2.107094454287994,
        2.1959534807610313,
        2.064675888064986,
        2.0565386146650244,
        2.0479865306968255,
        2.031508667187524,
        2.005528380418814,
        1.9944694185957788,
        1.9704722675584136,
        2.0411258251993916,
        1.991336564333823,
        1.9862200807796262,
        2.035243895009301,
        1.9986458378644392,
        2.0071858251048913,
        2.0020566074424817,
        1.9580581822066703,
        1.984618712914941,
        1.9714358199554458,
        1.9880564742043205,
        1.9991266647656656,
        2.1178554329520893,
        2.065710106471654,
        2.0532862354853196,
        2.014141209289665,
        1.9898059144603772,
        2.0224174907848145,
        1.9772471516793768,
        2.0047656573613453,
        1.9601372064435176,
        2.0096247498706665,
        1.952527500701911,
        1.9663397561493672,
        1.9926845110717668,
        1.990110592388675,
        1.9629665426116378,
        1.9521915844852284,
        1.9998931392389336,
        1.9755859500707043,
        1.9857059109704958,
        1.9643305180101451,
        2.0818764893761768,
        2.0274824200823107,
        1.9905124152339073,
        2.0007683800482727,
        1.970911829294878,
        1.969146046580868,
        1.9498830323787626,
        1.9535702660742116,
        1.9577150964239536,
        1.9606224909857257,
        1.9264962995773844,
        1.9128695359051366,
        1.9280589648339652,
        1.9578284356632691,
        2.0029101801794424,
        1.954279692807455,
        1.9801484413438868,
        1.9272991332279397,
        1.9207208951976649,
        1.9358398647667687,
        2.0720446779150694,
        1.945066200115761,
        1.9407946572036117,
        1.9026615656409895,
        1.9191042003784915,
        1.88593740186376,
        1.937727141967243,
        1.9407029573091334,
        1.8957178170843676,
        1.9206421153404052,
        1.9220439981173327,
        1.9130498065030466,
        1.9581767152240195,
        1.926787594195712,
        1.9502684908607668,
        1.888240100412119,
        1.8755918767104647,
        1.853392325895019,
        1.8738332797021804,
        1.863632992263331,
        2.0113052122529242,
        1.9152945206217462,
        1.8734316405774276,
        1.8702619525154245,
        1.921853858798236,
        1.8904278050918997,
        1.8482292490015484,
        1.861372905995555,
        1.8492881924812077,
        1.8718268134325953,
        1.8542593529336018,
        1.8823967970667097,
        1.9029547127119963,
        1.860666397519572,
        1.8711480951481108,
        1.8220815889630788,
        1.8281863564345964,
        1.8367425575290526,
        1.8092562677896926,
        1.872102339597864,
        2.0033757189737678,
        1.9172800237734597,
        1.9049453116716575,
        1.8800648632944639,
        1.8487730954445933,
        1.8625608172721777,
        1.823240771133301,
        1.8339110694530987,
        1.8424997066101294,
        1.8245293188622649,
        1.841261157713796,
        1.7864258973436307,
        1.798544018356986,
        1.818710554694609,
        1.8185641512147148,
        1.8483744364567605,
        1.8434011694587507,
        1.8408592307902538,
        1.8629175202442174,
        1.8405589098437918
    ],
    "min loss": 1.7864258973436307,
    "training steps": 10000,
    "batch size": 256,
    "history size": 1000,
    "dataset": "enwik8",
    "end time": 1730480170.9881492
}