{
    "start time": 1730481759.3728995,
    "use_input_gate": true,
    "use_forget_gate": true,
    "use_output_gate": true,
    "use_state_gate": false,
    "use_new_state": true,
    "use_old_state": true,
    "use_residual": true,
    "n_layers": 2,
    "state_size": 256,
    "id": "bed32ca8655f0d5c0d9c898527544e1ec88cebbfc2af37f096d405520fa398e6",
    "loss": [
        3.780763349441911,
        3.4096947504834696,
        3.2466273014357685,
        3.0537647867988906,
        2.9436698848602325,
        2.8631637469363533,
        2.7459095321693625,
        2.7224539332542257,
        2.6862051189935165,
        2.64503098694721,
        2.624106565840189,
        2.549143941990114,
        2.5257111562882226,
        2.508484796022603,
        2.515632586025968,
        2.4706626786749477,
        2.436323800272037,
        2.377290116706291,
        2.39718362862853,
        2.419838599960866,
        2.369184697375475,
        2.382851683907209,
        2.3425039856632823,
        2.3018889025351337,
        2.3257262410492334,
        2.305800389357365,
        2.271934039592862,
        2.3086401996426034,
        2.294701260652969,
        2.2751677262260266,
        2.265506463587875,
        2.1806413615840157,
        2.2006930742476043,
        2.1759264761106265,
        2.2149194446113505,
        2.237209720466226,
        2.1610244229267,
        2.1871479809482577,
        2.167277246394845,
        2.2386172783661147,
        2.1603813336921682,
        2.0933010365405034,
        2.1052449925065506,
        2.1129944630384,
        2.0620681770295235,
        2.0782367226719027,
        2.057095265296575,
        2.068464391464342,
        2.084421656518694,
        2.0470091169294795,
        2.05269720820044,
        2.061108368829888,
        2.014509638476084,
        1.9927702058197367,
        1.9774257201881376,
        1.93534309589362,
        1.9970505035241015,
        1.9660223618491468,
        1.9829873720022289,
        2.11359494601808,
        2.0411798404338306,
        1.9872507816205243,
        2.0169053464286155,
        1.9471316483239645,
        1.9499525737409946,
        1.9791634310606487,
        1.9616819346030911,
        1.9802832376416357,
        1.9400400358849448,
        1.9751866442887318,
        1.9382529959981896,
        1.944784071567386,
        1.9419011649135767,
        1.9240954608925998,
        1.9483433857648103,
        1.9131619540315574,
        1.9015445103080504,
        1.8487789591621842,
        1.8627617333853628,
        2.0041648080247936,
        1.9349369801936493,
        1.9028050273453092,
        1.889205259269631,
        1.8789646158241773,
        1.8500588825850341,
        1.8423684429607823,
        1.9154548547390144,
        1.8351634465797309,
        1.8283983661337815,
        1.888790278477097,
        1.8372455526501597,
        1.8719780342697743,
        1.876979978486082,
        1.8267279638466214,
        1.7876362999485726,
        1.8543777859395412,
        1.8418402439576125,
        1.8374594445988268,
        1.8054057024841395,
        1.9512392697706884,
        1.8894040858912982,
        1.8771009612109963,
        1.8224847885618833,
        1.8421076384044064,
        1.79609144143835,
        1.8337569126883813,
        1.8443149301648187,
        1.8007361455194206,
        1.8080457320703442,
        1.7820927849584778,
        1.7853539007786565,
        1.7982397530686738,
        1.772111097299603,
        1.790684105843153,
        1.8208589205860657,
        1.8320528442406505,
        1.8637270689075203,
        1.8394649667069978,
        1.8217992363251017,
        1.945606100737723,
        1.9184191861078126,
        1.8491825530228532,
        1.8516547074818979,
        1.8076462197397458,
        1.7990932408374878,
        1.794380565500556,
        1.825934004769263,
        1.8099635672778573,
        1.7952691239922431,
        1.7841761311982611,
        1.7812665567268449,
        1.8132663613257152,
        1.7603019059223446,
        1.7586882859162885,
        1.7975307901147253,
        1.809126104170267,
        1.8161278538803591,
        1.807398365078166,
        1.8195172752529105,
        1.914107231214243,
        1.8234420800537463,
        1.823488729098621,
        1.7947312747459288,
        1.7950854886563752,
        1.8080995128048258,
        1.774691054210615,
        1.7854142485993407,
        1.7872155906384914,
        1.722512999996387,
        1.7319320563570262,
        1.779494683147738,
        1.7399618083278803,
        1.7472431055220057,
        1.7186054866546112,
        1.763270628414594,
        1.7059581222167783,
        1.7717287899695682,
        1.7179028948420196,
        1.7247303693102216,
        1.888050810691768,
        1.7855291249647218,
        1.8128702617384416,
        1.8117320287645484,
        1.7977850008501781,
        1.7728522629137318,
        1.7520104307882585,
        1.7718140041230515,
        1.778990744270293,
        1.7579383422849622,
        1.7478768667045164,
        1.7311367639125588,
        1.7297120721473491,
        1.7588036282615258,
        1.7067733215184127,
        1.7252245820379346,
        1.7064403080198522,
        1.74246345513013,
        1.7475359658987686,
        1.7551467317380287,
        1.8830031663275486,
        1.8115357176382914,
        1.775398830050861,
        1.7582696264847455,
        1.7609145761856384,
        1.7458907268939292,
        1.7533723392595906,
        1.8066992757903608,
        1.7655290705338509,
        1.779626097821084,
        1.7397863509393454,
        1.7481952082230336,
        1.7824970913995655,
        1.7002633400015004,
        1.772888992678638,
        1.7657103498887992,
        1.699439587894518,
        1.6803242451853684,
        1.7436766734768343,
        1.69631852326048,
        1.848121702985763,
        1.830704674874938,
        1.838503753852031,
        1.7825478023386152,
        1.772105606051101,
        1.7487126347625903,
        1.7632307500335231,
        1.7182219650329595,
        1.7450680593482424,
        1.705831595385872,
        1.7371406835286987,
        1.733147106129821,
        1.7153631141615995,
        1.7455878863635066,
        1.7733701641207107,
        1.766908347866088,
        1.7223328292892608,
        1.7268322701564949,
        1.7629389949576064,
        1.7405589501776788
    ],
    "min loss": 1.6803242451853684,
    "training steps": 10000,
    "batch size": 256,
    "history size": 1000,
    "dataset": "enwik8",
    "end time": 1730481811.5481648
}