{
    "start time": 1730481689.5522435,
    "use_input_gate": false,
    "use_forget_gate": true,
    "use_output_gate": false,
    "use_state_gate": true,
    "use_new_state": true,
    "use_old_state": false,
    "use_residual": false,
    "n_layers": 2,
    "state_size": 256,
    "id": "bf9cdf24f8d8e24e4a3187f9d0265ebd9a9895fe7fd398d180e3fc1d03bc575e",
    "loss": [
        3.64915140994686,
        3.5047843254986306,
        3.440322414942493,
        3.229887922295807,
        3.1211221980403194,
        3.0336013946217895,
        2.9601665310014282,
        2.8959688780205255,
        2.8380284746355615,
        2.7840861036739897,
        2.7826550483188814,
        2.723777559665912,
        2.6581710034172454,
        2.689750965273126,
        2.6219099352962383,
        2.5839958498812945,
        2.5816017429465874,
        2.5970532212594204,
        2.522037073539097,
        2.5489380771567642,
        2.5363748657917924,
        2.5360219416809997,
        2.492848996273977,
        2.468818640973685,
        2.4265686081481546,
        2.3714044523320466,
        2.4094158602932327,
        2.384217706555481,
        2.3831041815336103,
        2.3665925873928337,
        2.346540171462906,
        2.267414188399103,
        2.2803502473767834,
        2.288895483587513,
        2.2677884380895117,
        2.256575515705322,
        2.207057529140588,
        2.2047455049492157,
        2.1893473162814336,
        2.289567545397804,
        2.228814873400781,
        2.2179745101166133,
        2.1824625214486417,
        2.21838230833809,
        2.182985383801375,
        2.1642773777370468,
        2.1303417646236755,
        2.176227720926318,
        2.1287489814948266,
        2.121054446239164,
        2.079456126032251,
        2.0639265372147984,
        2.086513150430209,
        2.0839842035875313,
        2.0672590086163805,
        2.084407248457832,
        2.105561600668395,
        2.082806643016151,
        2.074872777688209,
        2.1859087183961923,
        2.1307135849907883,
        2.0665217166629803,
        2.0595885222629775,
        2.054227439727126,
        2.0155891011997142,
        1.9849398653255794,
        2.0235269052209937,
        1.9695782255385073,
        1.9919804087530768,
        1.988120003954758,
        1.9993851329212795,
        1.998453701918012,
        1.9858170487221558,
        1.9659816290477186,
        1.9670024667186126,
        1.9670842348361934,
        1.9021739512036626,
        1.9251845993579144,
        1.9435295716251533,
        2.0830454663043754,
        1.9698551439733123,
        1.9619914343745828,
        2.0295237607126326,
        1.9824483235005759,
        1.9265533228867577,
        1.9420846869217896,
        1.9595132034483718,
        1.9169373449197316,
        1.8833511868603683,
        1.8328715661067387,
        1.8056631706341104,
        1.8745031435791557,
        1.8514070701339391,
        1.842165049719172,
        1.8662976657991988,
        1.845818478463307,
        1.8584814674427286,
        1.8457166250698749,
        1.8747576722244323,
        2.0232965379750203,
        1.9416957560947499,
        1.9634450968643067,
        1.9216342574886456,
        1.9130637190417792,
        1.8722828696738345,
        1.8489544944954945,
        1.8660497369899187,
        1.8498684997953767,
        1.877179899216801,
        1.8588103552357724,
        1.88306110354422,
        1.8920560327576528,
        1.8322713119145975,
        1.8583467853649853,
        1.8580238123328114,
        1.8328743099953733,
        1.855373548571461,
        1.8561308802254115,
        1.8466474317837294,
        1.9504088844153786,
        1.849924470815949,
        1.8273745761726368,
        1.8224395709859291,
        1.8503734315204836,
        1.8197964332446477,
        1.8421150313099797,
        1.8032787128950778,
        1.8072136552802558,
        1.8349915257345453,
        1.8320329785870195,
        1.8051655464696978,
        1.8151709136391052,
        1.8034687611434534,
        1.7946890168984242,
        1.803975496842455,
        1.7819838972396955,
        1.7916968442284806,
        1.782382115819882,
        1.7201961372994616,
        1.9319914447847508,
        1.8463338292528526,
        1.8472729231646725,
        1.8019371603532515,
        1.7874780056276478,
        1.78989048318868,
        1.8041655032525554,
        1.7851831768817394,
        1.7503376903791423,
        1.753573728096232,
        1.7775197515265895,
        1.7287763970806307,
        1.784582267603503,
        1.745140473868375,
        1.7775243860363923,
        1.7549195305360252,
        1.7647700258350099,
        1.7872016011016831,
        1.7932631316461969,
        1.800088734050705,
        1.907471642216294,
        1.811046887264862,
        1.8186501017295875,
        1.7976046363701277,
        1.7729955838235858,
        1.7750918233950017,
        1.7704422618115097,
        1.7917013111779132,
        1.7460033301160613,
        1.7442254755264428,
        1.7186005187336393,
        1.7355373941988408,
        1.7220766784116535,
        1.7488638824518927,
        1.7621868279221216,
        1.7316214379487367,
        1.8020538180599277,
        1.721442881474748,
        1.7368371010818306,
        1.68093660820094,
        1.8507757307257047,
        1.802079024156827,
        1.7645703330503033,
        1.6706628231870784,
        1.7412827772269597,
        1.7360717437206854,
        1.749200204200817,
        1.7662151617128101,
        1.7286528999816575,
        1.7204240743440669,
        1.6879328362841193,
        1.6994335201815285,
        1.6897801017041074,
        1.6843998559975535,
        1.6485769747894106,
        1.7124979875814523,
        1.7060440024249206,
        1.7226470952877284,
        1.705926183560712,
        1.7383644787817987,
        1.8088931039659564,
        1.7468546256444488,
        1.7721628022205622,
        1.7634811204512055,
        1.7841020066344402,
        1.732792751489564,
        1.7491428412015964,
        1.7275282133752585,
        1.733021217520617,
        1.7345939071373166,
        1.7126241558356725,
        1.7018908699266027,
        1.7607502434234805,
        1.7347032575269428,
        1.711759167696425,
        1.7194302710003788,
        1.781511322783071,
        1.745703305115315,
        1.6496476897516101,
        1.688299520010396
    ],
    "min loss": 1.6485769747894106,
    "training steps": 10000,
    "batch size": 256,
    "history size": 1000,
    "dataset": "enwik8",
    "end time": 1730481733.7280693
}