{
    "start time": 1730481980.8550215,
    "use_input_gate": true,
    "use_forget_gate": false,
    "use_output_gate": false,
    "use_state_gate": true,
    "use_new_state": true,
    "use_old_state": false,
    "use_residual": true,
    "n_layers": 3,
    "state_size": 32,
    "id": "bffd6e08d200de157a4ea69524ef7ee91e5633a377fdfa62d1ca300bcdf000a4",
    "loss": [
        4.5573306583793745,
        3.680954293056816,
        3.521399664506032,
        3.450878117137862,
        3.4288003232782343,
        3.384873147414172,
        3.3378545591151623,
        3.310148705299934,
        3.2110090957904123,
        3.200687424307643,
        3.1434575267409444,
        3.0913442602555357,
        3.04111545463165,
        3.0233273415341073,
        2.982879183078195,
        2.9845489463780566,
        2.885329641560341,
        2.8309813236210832,
        2.8236222847087102,
        2.800275363548435,
        2.788942828980486,
        2.726266866364659,
        2.731807590212081,
        2.7085989112932265,
        2.703321071613799,
        2.71210051574359,
        2.7128555106322496,
        2.7020873732062394,
        2.703986917853247,
        2.652830690756282,
        2.6801436667767877,
        2.6643398722876843,
        2.6444624483237407,
        2.6782283259266095,
        2.634917533247265,
        2.6487712110072117,
        2.64437410929115,
        2.621025668197361,
        2.5882572676143853,
        2.6397158044435365,
        2.632859317940441,
        2.5905240355588406,
        2.6119160819217964,
        2.585369362436039,
        2.594928848443171,
        2.5738650234478166,
        2.575210832886768,
        2.595935557060872,
        2.5477193573712515,
        2.5147873411521537,
        2.5466220811375586,
        2.5047032104236284,
        2.5196419225895332,
        2.51353145237137,
        2.505188289618379,
        2.5239282592466856,
        2.4695759259785737,
        2.464313581025473,
        2.4840916601728247,
        2.5333653108490086,
        2.4784933561818003,
        2.5003229263468505,
        2.4653032138024864,
        2.4832524689916733,
        2.4817980798182573,
        2.482345849923907,
        2.469801031623536,
        2.4569577547873425,
        2.4436740018547014,
        2.450004769865736,
        2.4447257071180784,
        2.4131685571321264,
        2.436243611479051,
        2.4302525787373597,
        2.4180157833327782,
        2.410992196342688,
        2.3986670421457097,
        2.413757957959475,
        2.415752803817922,
        2.498133365509888,
        2.411373913249948,
        2.3867601607289766,
        2.364692047458258,
        2.367975192588525,
        2.3554766320040756,
        2.3797393962857685,
        2.353544339824631,
        2.3847236671138106,
        2.4121492630020587,
        2.3601159558216303,
        2.3508844049984803,
        2.341373929277562,
        2.3354537638251927,
        2.3616270387789404,
        2.3767758319491756,
        2.3462249070616554,
        2.3307373571584202,
        2.3498069859330846,
        2.3562265704001777,
        2.4247219562342863,
        2.3721175159213996,
        2.390807714983563,
        2.3535171909959933,
        2.337388192327096,
        2.3786509687175874,
        2.350825736586478,
        2.3930140534555866,
        2.3512726228048337,
        2.356396256474554,
        2.3882765308641343,
        2.3219562428706766,
        2.347186299429193,
        2.3541642026125325,
        2.3296798553616362,
        2.375485035030024,
        2.354813746143555,
        2.288746564638316,
        2.3295257772333295,
        2.3208828835571076,
        2.43447875958548,
        2.314214224903287,
        2.3201720787946782,
        2.3108808854353824,
        2.317173009792401,
        2.3040309771634204,
        2.304060581967943,
        2.3101405536419954,
        2.309946316753578,
        2.341552147887305,
        2.2861902648758488,
        2.300231477845056,
        2.3506011374711373,
        2.3431765237641793,
        2.309197256147945,
        2.3168952686954896,
        2.2809139542281964,
        2.291490831624366,
        2.2946395862986013,
        2.300832568979817,
        2.392007100143086,
        2.3102350843488706,
        2.267770545927061,
        2.2814573845426906,
        2.290279059723021,
        2.2689661581505782,
        2.278982684587476,
        2.2770901750789556,
        2.264043276064217,
        2.2800698152080776,
        2.3303620818502893,
        2.331489575923582,
        2.3126080211526263,
        2.297893269486061,
        2.28723711373451,
        2.242498506107364,
        2.2569433514730473,
        2.2544959024610667,
        2.2888539894770488,
        2.288023026609036,
        2.340224088123891,
        2.278073149397532,
        2.3016690410727425,
        2.2950907028567396,
        2.276819162945176,
        2.2920983336828114,
        2.296176099536414,
        2.2773150092700454,
        2.2713625809944493,
        2.3026638717829657,
        2.2754952703363966,
        2.2647525067901384,
        2.2605742576436874,
        2.265615972887503,
        2.2407107217743403,
        2.243550122676325,
        2.2712172528395413,
        2.2675702350793125,
        2.291199270388566,
        2.264803857106258,
        2.373822848133278,
        2.265258450881298,
        2.2148866611317906,
        2.2344698935352305,
        2.2329065618889987,
        2.2716744198193597,
        2.256467847757065,
        2.240607320331054,
        2.247695284947414,
        2.2227647622385023,
        2.181616459255611,
        2.2196719490977035,
        2.2477838163829325,
        2.1937691827478387,
        2.213127538678582,
        2.2009147636816375,
        2.1859123118814803,
        2.188202805775712,
        2.2334823322376907,
        2.2284474862256167,
        2.2834844509760575,
        2.2661614893502757,
        2.2098482332402045,
        2.2272048900242694,
        2.220770645401736,
        2.2239820852352916,
        2.2086185932478952,
        2.192630157582487,
        2.2352845001160877,
        2.190136960844393,
        2.2035653346434425,
        2.189496548615836,
        2.178085275949841,
        2.1852487561358696,
        2.1980768785352756,
        2.197222238021763,
        2.210328144895841,
        2.2007123966857987,
        2.1899481157521596,
        2.2114017436537443
    ],
    "min loss": 2.178085275949841,
    "training steps": 10000,
    "batch size": 256,
    "history size": 1000,
    "dataset": "enwik8",
    "end time": 1730482047.755641
}