{
    "start time": 1730476072.9853728,
    "use_input_gate": false,
    "use_forget_gate": true,
    "use_output_gate": false,
    "use_state_gate": false,
    "use_new_state": true,
    "use_old_state": false,
    "use_residual": false,
    "n_layers": 2,
    "state_size": 256,
    "id": "c05096d7edf89dcceaf24309f83fb3ac67c01e6995d962765a2b2cb5ee5c50ac",
    "loss": [
        3.638103215117905,
        3.600322646281385,
        3.562634463816398,
        3.5783618793014553,
        3.566936291424085,
        3.5526672275097084,
        3.5540352774691777,
        3.5100300643374234,
        3.5108123678088092,
        3.3883726163344505,
        3.1880233496237937,
        3.0327235773397576,
        2.916062666838355,
        2.858554269202621,
        2.811650257052385,
        2.7467142555599646,
        2.7135878761903047,
        2.6462839889551075,
        2.5902979385516214,
        2.690278085116743,
        2.6146002993383184,
        2.52704812440654,
        2.5316649898985273,
        2.465728685851926,
        2.4808709199774253,
        2.4464103665939683,
        2.4501596762786018,
        2.4638721918966398,
        2.4220979704913845,
        2.425514615723974,
        2.392307604794527,
        2.3713479421410386,
        2.3890617700675034,
        2.3285354277810493,
        2.3362068695667992,
        2.3243769300944135,
        2.359540111387928,
        2.293286589172725,
        2.266403636218356,
        2.377934439750399,
        2.3122590066492146,
        2.329544953288916,
        2.2923856668912235,
        2.239665747218386,
        2.286622056290354,
        2.2623748868647318,
        2.270091923132462,
        2.288590398315169,
        2.231978400955181,
        2.2393607329024343,
        2.229316685488082,
        2.196570865592062,
        2.213351389343144,
        2.1714348658839158,
        2.1949321086250837,
        2.207479074508317,
        2.184573440415415,
        2.160863112055681,
        2.1494582959673547,
        2.2387864430509192,
        2.1788916636538653,
        2.1369344271056945,
        2.130523174640509,
        2.13428413663907,
        2.139577043432436,
        2.16526943014134,
        2.1132925779799847,
        2.085913258568061,
        2.0950075672159403,
        2.084460170554445,
        2.1057781020982045,
        2.0739852143064623,
        2.1130984977660576,
        2.0762249100074657,
        2.075506958942577,
        2.0377829861218175,
        2.0535597389572384,
        2.0838248965464703,
        2.0945951571631296,
        2.1888147023692417,
        2.088377522703845,
        2.137477268695323,
        2.0838886361742226,
        2.089966097350537,
        2.042823006127719,
        2.083681540524625,
        2.0573588174127284,
        2.0526769822919713,
        2.0772118046656485,
        2.048811933705651,
        1.993372990936086,
        1.9967604330434723,
        2.032262108936764,
        2.0278466815076155,
        2.032285424811242,
        1.9765835816658777,
        1.9416099102288016,
        1.974960750343422,
        1.9814764289412787,
        2.0861717823367383,
        1.989732547820086,
        2.003329619048549,
        2.0134769447045002,
        2.0161472041874906,
        2.0193404550436584,
        1.9950948409858522,
        2.0174966355555597,
        1.9771502751013712,
        1.9578219818226852,
        1.9551776145424808,
        1.9625276269354877,
        1.9415323901282757,
        1.9245985655997329,
        1.9122318119058854,
        1.9257071777787647,
        1.956125628874098,
        1.907210621858594,
        1.9276545214501872,
        1.9440148831887065,
        2.0738793165075116,
        1.932749985966386,
        1.8879947190006172,
        1.8349596455984358,
        1.8104820683213783,
        1.864199874919498,
        1.8738073662994832,
        1.881333281223564,
        1.9053851389462115,
        1.8530226337014946,
        1.8727819341082517,
        1.8577714624953734,
        1.8665495778554027,
        1.890206684496471,
        1.884893613029625,
        1.8791150659123956,
        1.8791317549922282,
        1.8909688150162276,
        1.8808024885353343,
        1.9452207292091936,
        2.0480097434864075,
        1.960575461450373,
        1.9702911704163444,
        1.9793383726477194,
        1.9872109328090999,
        1.9113971055009382,
        1.8799068226145605,
        1.8648360222565659,
        1.9186794507249982,
        1.9086661203654431,
        1.8815340119329838,
        1.9105000843384419,
        1.9070660526251217,
        1.9589833590283086,
        1.9145685029307242,
        1.9463790739322913,
        1.896970441250051,
        1.8678294305840257,
        1.8744323686716409,
        1.8648871297447989,
        1.98804573740202,
        1.9017792030356828,
        1.9084892641720064,
        1.8512739822618118,
        1.8912863626778937,
        1.8797948028258404,
        1.8644848827080742,
        1.899151685791698,
        1.8386403766204795,
        1.8687834889650625,
        1.8417491409073343,
        1.8186619417289311,
        1.7866379463255415,
        1.8340436992857747,
        1.8196369403401549,
        1.8161794045811144,
        1.8201235796657624,
        1.80267226039907,
        1.8432810655338936,
        1.8400174473998576,
        1.9367965397628684,
        1.876428007113811,
        1.8530088108379097,
        1.8422794909331226,
        1.7995677616022454,
        1.8401628908699084,
        1.795606349844702,
        1.8127036488628732,
        1.8342526149026213,
        1.7739089099314183,
        1.8338291718770905,
        1.830361646633774,
        1.8580078630441068,
        1.7704074291882976,
        1.8401062392757006,
        1.8284085039573945,
        1.8569073763593367,
        1.828337487731645,
        1.8437855652746142,
        1.8209006520982878,
        1.9392876951404965,
        1.8750379828599535,
        1.8368041149706071,
        1.8323948088293347,
        1.8222999752250542,
        1.8701188957275268,
        1.8080667157348793,
        1.801257675600107,
        1.810570776760656,
        1.7746703777176958,
        1.8063052972886486,
        1.7690536774870258,
        1.81319734965596,
        1.7960053093361519,
        1.8009798429221135,
        1.7843348691756167,
        1.7706333904682978,
        1.7768957542594879,
        1.7910457233525967,
        1.7953232041830718
    ],
    "min loss": 1.7690536774870258,
    "training steps": 10000,
    "batch size": 256,
    "history size": 1000,
    "dataset": "enwik8",
    "end time": 1730476103.5664995
}