{
    "start time": 1730483318.0230541,
    "use_input_gate": false,
    "use_forget_gate": false,
    "use_output_gate": false,
    "use_state_gate": true,
    "use_new_state": false,
    "use_old_state": true,
    "use_residual": false,
    "n_layers": 3,
    "state_size": 256,
    "id": "c0a0b8e5fa76342e76955dd2861ca22cec9be71630eb733762039f3879f20395",
    "loss": [
        4.095986817948422,
        3.566890073987748,
        3.5353021191868748,
        3.5400723976258814,
        3.5253293282520266,
        3.5448813657926697,
        3.5096844773524856,
        3.5015398262829485,
        3.461200392642887,
        3.508747693880911,
        3.4798168635070392,
        3.53345614891663,
        3.4968259030858815,
        3.52485736351818,
        3.5167286782192178,
        3.5160686913370394,
        3.520126975563355,
        3.5323715949157473,
        3.5176443437023632,
        3.5697147260513113,
        3.4970159461604786,
        3.5107061947833715,
        3.532142171405461,
        3.491566560244474,
        3.5157577271799525,
        3.5188625336787496,
        3.4994853923688605,
        3.5193747956997155,
        3.505432375283454,
        3.4950995302587233,
        3.4898190566014997,
        3.5095266161137735,
        3.511197342765861,
        3.4911605036819022,
        3.497087017954124,
        3.5292310597251637,
        3.4712635930257747,
        3.4699899976803774,
        3.48560938679573,
        3.538422880341296,
        3.500155807527669,
        3.566734957071144,
        3.530557075325898,
        3.5231875269433686,
        3.49052282947215,
        3.519813795866469,
        3.547094633407054,
        3.5082704861445206,
        3.5229454197896475,
        3.496381461057245,
        3.5104634295044304,
        3.516573504525842,
        3.498225484423502,
        3.467151736433119,
        3.4827550358210773,
        3.4786763171719386,
        3.51598734360089,
        3.5259651879496072,
        3.4576999161394593,
        3.538724927658759,
        3.5262889132065998,
        3.5278575779702064,
        3.4693544294918,
        3.501938000304378,
        3.501703000526466,
        3.4990844736821063,
        3.5164861775964,
        3.511841223985014,
        3.460339030158446,
        3.525446279055323,
        3.5257985754111454,
        3.5174579824804817,
        3.505550895254043,
        3.465745390957526,
        3.4653236663462055,
        3.524512671097916,
        3.5013920979476336,
        3.5175982068350518,
        3.4869549479034476,
        3.52786225000021,
        3.470234174487201,
        3.553321089051211,
        3.526186274777343,
        3.5027368143191784,
        3.4551125172508015,
        3.4984386787359316,
        3.5048981670492125,
        3.5138542293432624,
        3.5169125741293787,
        3.5240746034988097,
        3.5230916399396515,
        3.494735093255428,
        3.490810108903987,
        3.481744734484682,
        3.475724246830726,
        3.4736904844585115,
        3.4819356289409793,
        3.4745283470231456,
        3.473398414370979,
        3.4880093959563103,
        3.515442861740616,
        3.5104982148976815,
        3.5129569803012943,
        3.5267781807036696,
        3.5254642010457617,
        3.546298845933365,
        3.5557753031563064,
        3.482196555931414,
        3.540691241607721,
        3.513569338811201,
        3.5448181850499347,
        3.542066959768314,
        3.546439535726831,
        3.515148057642157,
        3.508966512039659,
        3.541071038609725,
        3.538919155613888,
        3.556761691284408,
        3.5307094877872855,
        3.535510364731147,
        3.5655546124175626,
        3.5397378346311963,
        3.6178398631593915,
        3.545776030156435,
        3.5654047943928826,
        3.518314695118161,
        3.537584143829626,
        3.5611278915741766,
        3.52753605237221,
        3.5044176393596174,
        3.5528153122243515,
        3.5210641583103985,
        3.5595478124080975,
        3.5043940734854995,
        3.499261620582279,
        3.5501148897942696,
        3.5452626638675997,
        3.5302812158559584,
        3.5480488676528177,
        3.5132255886308985,
        3.482975898552781,
        3.4956632255784434,
        3.489693587396524,
        3.4796786990198196,
        3.474666407505913,
        3.4538550578538874,
        3.443481812778771,
        3.4761519161730363,
        3.4656628121817725,
        3.4383703056922172,
        3.4481582152426706,
        3.466156144605112,
        3.4533901926525195,
        3.524554447710383,
        3.457408832081514,
        3.443070856792721,
        3.4996521653104566,
        3.5067562397799175,
        3.4695575770348133,
        3.4805659460451723,
        3.475066229091715,
        3.464946001592099,
        3.4924663679866317,
        3.493859082496143,
        3.466769655635442,
        3.43343139231732,
        3.4359697778334204,
        3.4514168469301394,
        3.4530249793789394,
        3.457358239758506,
        3.4721514714600845,
        3.483141028946239,
        3.5060461989550302,
        3.4966785974928576,
        3.488574905059915,
        3.4726870910251466,
        3.469853771504165,
        3.4763860133564477,
        3.509451326444481,
        3.4934549392994816,
        3.4992949490394563,
        3.442320886648296,
        3.4944971206251307,
        3.480122499153327,
        3.5036527038232417,
        3.4889242573261345,
        3.5035813073741013,
        3.4449697780738155,
        3.5135414438345673,
        3.4815625320652765,
        3.5192827312832673,
        3.539418155606341,
        3.529359797864333,
        3.5201649967818383,
        3.531734019729453,
        3.526557813728833,
        3.5174807249900937,
        3.475364255476303,
        3.41810539650215,
        3.4841708743567943,
        3.4752937670388544,
        3.4628649338944917,
        3.4635708831383996,
        3.4844313623153327,
        3.489657103951522,
        3.438493169600634,
        3.4808098122112763,
        3.48634885850705,
        3.5071089178294215,
        3.470604435496651,
        3.4588410381435177,
        3.5011887257060614,
        3.4602736908534353,
        3.4861410302026044,
        3.47055959192943,
        3.5160637389312672,
        3.46605603780325,
        3.442169757622343,
        3.460243458948574
    ],
    "min loss": 3.41810539650215,
    "training steps": 10000,
    "batch size": 256,
    "history size": 1000,
    "dataset": "enwik8",
    "end time": 1730483336.0472555
}