{
    "start time": 1730476542.6014326,
    "use_input_gate": false,
    "use_forget_gate": true,
    "use_output_gate": true,
    "use_state_gate": true,
    "use_new_state": true,
    "use_old_state": false,
    "use_residual": true,
    "n_layers": 3,
    "state_size": 256,
    "id": "c110ed0f8ff9b59e3160df8e0de31dd85575bdbe56b182d4e74851ec8caaeaa0",
    "loss": [
        4.2365140895924425,
        3.561589656026734,
        3.415220420721952,
        3.3462229445056564,
        3.2307328670817164,
        3.1056837873235024,
        3.0366929266541285,
        2.9721013915338634,
        2.838900882829201,
        2.8272505501070393,
        2.749830584317161,
        2.681795814178737,
        2.630458555765709,
        2.603170013774737,
        2.544176543144744,
        2.5052273519493795,
        2.517224003103542,
        2.4588412852892425,
        2.393713742057121,
        2.414534806812634,
        2.426273191352351,
        2.385273127381517,
        2.393175953229981,
        2.385931380050442,
        2.309001373327815,
        2.2707629872733133,
        2.2691808105459517,
        2.2710940749157023,
        2.2471965551879065,
        2.2151087403227745,
        2.2284024179430264,
        2.204622907909213,
        2.1979647460141645,
        2.201117637923068,
        2.220140586200417,
        2.1452835533516423,
        2.1170836478462705,
        2.12089510140059,
        2.1194726061413354,
        2.159384789888381,
        2.1690362241879138,
        2.1328980899401087,
        2.1185495886900627,
        2.1023021185392787,
        2.076804770546385,
        2.0657081427885133,
        2.098431227855172,
        2.111692723779062,
        2.0192514897616434,
        2.0878632006778464,
        2.0321523059571307,
        2.0282594323507386,
        1.9742435249049042,
        1.9712001384713735,
        1.9778815225025594,
        1.9390929833923514,
        1.9741522212329745,
        1.9284482564296217,
        1.9580074500328337,
        2.10872604968143,
        2.016158312309532,
        1.9538606079836562,
        1.9333988958379196,
        1.8995400951633492,
        1.902721364336572,
        1.9179031553806514,
        1.9301929748682463,
        1.918571380261339,
        1.9741801794228766,
        1.9267856170446558,
        1.9566615046014757,
        1.949339517672964,
        1.8999918868278263,
        1.8831071895380664,
        1.8727399596400043,
        1.8641109141117038,
        1.877860536331966,
        1.8812841607446806,
        1.8812068535954285,
        1.9818215360571516,
        1.918262395314593,
        1.8828708224383424,
        1.8129284755184274,
        1.8389109503092216,
        1.8648090769812542,
        1.8749917889982741,
        1.8853827289246514,
        1.8484869178366368,
        1.8230917156598476,
        1.8494454101790767,
        1.8580707902830536,
        1.8144331596228056,
        1.840853038816319,
        1.8429662687864659,
        1.806885508722052,
        1.7827563432597682,
        1.7912788407142135,
        1.7955455746366151,
        1.832283842871839,
        1.9070700616646927,
        1.8928454053469788,
        1.8706904180395068,
        1.8349270054645623,
        1.7963357373011384,
        1.8292848120121228,
        1.8369508776606507,
        1.8131778088437627,
        1.802473427826187,
        1.750700459311566,
        1.809556194759214,
        1.7661751700633728,
        1.7427797160925251,
        1.8041160036741228,
        1.7522811051192944,
        1.8072455230713047,
        1.7912303282908881,
        1.8084902053804637,
        1.7879394167078102,
        1.8619931800096303,
        1.9419852424242616,
        1.8484073361423312,
        1.8607761429025877,
        1.8398248532494137,
        1.8408026094043881,
        1.8585522180302778,
        1.814844179117946,
        1.8539486668085348,
        1.781039967624586,
        1.8308330162799709,
        1.8212987175455402,
        1.8143817733658036,
        1.8060294042597564,
        1.7755248052841128,
        1.7424704930012869,
        1.7726724253158586,
        1.785272970809177,
        1.7526233452908575,
        1.7809959993853868,
        1.7285847389952866,
        1.8709123593214403,
        1.8114211575933503,
        1.788785377402926,
        1.7746693769328368,
        1.7837387137469354,
        1.769568761263708,
        1.773640965008972,
        1.7946032602951887,
        1.7375166730834057,
        1.7822075980101244,
        1.7598012425402523,
        1.748355545190615,
        1.79553911899157,
        1.798178079706417,
        1.779704076762638,
        1.7926270620584748,
        1.7595499558896919,
        1.712296731544918,
        1.7161574048307047,
        1.7006398899057427,
        1.8878064913660635,
        1.8272204798740606,
        1.8214014544918375,
        1.7273374330821478,
        1.7568254716465148,
        1.7610178564780536,
        1.7719792338905058,
        1.7509989953946046,
        1.7589040116443997,
        1.7196129797239597,
        1.7140532264710537,
        1.7135900805557573,
        1.712340783282041,
        1.7292902455475958,
        1.7063598619632079,
        1.7335986366309175,
        1.7235026608731567,
        1.7426319640042343,
        1.7451719517357638,
        1.7871911476677151,
        1.9115520287313617,
        1.800447433371624,
        1.8026420576418787,
        1.780655547044516,
        1.7735709194001181,
        1.7670933601122518,
        1.7434861922302938,
        1.7388369743510843,
        1.7295692210765385,
        1.7299125591098552,
        1.722416659435147,
        1.7091231116542196,
        1.7800796461498143,
        1.7471060628441564,
        1.7492514178186087,
        1.7825872105642953,
        1.7404417262710212,
        1.7137498729105547,
        1.679683635609437,
        1.7145565828804066,
        1.8465164475451785,
        1.7984728085648065,
        1.76062522428462,
        1.7460293134253912,
        1.6898206524516528,
        1.7105625366006982,
        1.7350154819976598,
        1.737331388662193,
        1.7283643226733107,
        1.7023790528073595,
        1.6947878762525772,
        1.6782926862038823,
        1.66903012816881,
        1.6929890172851352,
        1.7103769660049204,
        1.6439583348100735,
        1.6402361573053048,
        1.7058194290320203,
        1.6857797785436504,
        1.6741324010274743
    ],
    "min loss": 1.6402361573053048,
    "training steps": 10000,
    "batch size": 256,
    "history size": 1000,
    "dataset": "enwik8",
    "end time": 1730476606.5663447
}