{
    "start time": 1730483083.7264497,
    "use_input_gate": true,
    "use_forget_gate": true,
    "use_output_gate": false,
    "use_state_gate": false,
    "use_new_state": true,
    "use_old_state": false,
    "use_residual": false,
    "n_layers": 2,
    "state_size": 256,
    "id": "c1687ffe1b68ec761c1ba5b5abe5fb398611a62dd649eab75448e15780be64ef",
    "loss": [
        3.697660363381484,
        3.582901496622527,
        3.5699972562774223,
        3.389268066770133,
        3.2648631711322667,
        3.117553322482041,
        3.047445501334442,
        2.9876895752671433,
        2.9450989373895204,
        2.8555483703874924,
        2.8109035926159898,
        2.7386698698625986,
        2.751983421769291,
        2.7300008204234505,
        2.739472468880326,
        2.6974173622884106,
        2.7166469929898316,
        2.69236040679537,
        2.6765884248961123,
        2.715789309406988,
        2.7261528864525024,
        2.7000282195289143,
        2.693960934860397,
        2.7208804037448884,
        2.644991635559038,
        2.6396452723671406,
        2.6348821723300806,
        2.6471705980798377,
        2.6438905093429717,
        2.6454665429293946,
        2.572824871274495,
        2.611259242142005,
        2.5565989886243687,
        2.5616047029441833,
        2.537266040005725,
        2.57868387205781,
        2.540251133508533,
        2.559251771959239,
        2.4898643276719223,
        2.5831069336170187,
        2.5324958890676657,
        2.4776331833765504,
        2.4613446752651518,
        2.4526498956303193,
        2.425326968588333,
        2.4061997697259376,
        2.4186062369396875,
        2.4139657776071157,
        2.3747970620985437,
        2.4202468836045266,
        2.4035034966346176,
        2.411119076626577,
        2.4281639747246606,
        2.354948186803538,
        2.3867455263787045,
        2.3872426621327367,
        2.320191080958545,
        2.3808756847846566,
        2.323285956552218,
        2.4061320808738085,
        2.3780289573329094,
        2.3405119410636264,
        2.317189453455672,
        2.2857939982595745,
        2.347769099320179,
        2.279715054293581,
        2.275237328545453,
        2.2741532449788266,
        2.278212968630447,
        2.2975235768322317,
        2.2951156934129235,
        2.2765232648167584,
        2.278163057340424,
        2.2475897031519296,
        2.291986073146712,
        2.2803543319011097,
        2.230683918386453,
        2.2357472125278717,
        2.200423031259872,
        2.2904251207763235,
        2.288170942732468,
        2.2694225494997595,
        2.2706106620984436,
        2.2243431566371497,
        2.236097741665311,
        2.222625061345332,
        2.2170744510461193,
        2.2018499452932394,
        2.2364682346637736,
        2.2199578202648453,
        2.2468144948676954,
        2.202563745805216,
        2.184836946076831,
        2.243149940912125,
        2.1806727657221057,
        2.174021978884595,
        2.2049828736590387,
        2.1118121100958547,
        2.1746198817935305,
        2.236137419958384,
        2.1832176619790418,
        2.1256118709722296,
        2.1589413175694805,
        2.143385261665512,
        2.160874388544681,
        2.1913399571454364,
        2.155925618346634,
        2.1256787871245164,
        2.1541966509553543,
        2.1261034942631407,
        2.132126621896647,
        2.144347105232775,
        2.1564198108422423,
        2.113906891650771,
        2.106741207757965,
        2.1123648993190955,
        2.0994112600216788,
        2.1071916679238316,
        2.0882916583731306,
        2.2224534654175545,
        2.145896038647564,
        2.1328237564553314,
        2.1486343160965165,
        2.1144644609709258,
        2.120002601219906,
        2.1207392310180406,
        2.112777943214765,
        2.1054870035877777,
        2.0725012127659497,
        2.086603312900977,
        2.1021594700355286,
        2.084412413298778,
        2.072249446387559,
        2.092663662906403,
        2.0353819397412725,
        2.0770868526105533,
        2.07784016484086,
        2.0852751804111094,
        2.078081243796364,
        2.146893661135947,
        2.087242788225501,
        2.1026728194396824,
        2.0528881133775148,
        2.047939579177925,
        2.067523422550606,
        2.0452764707956064,
        2.0483141844719386,
        2.028900957790857,
        2.0371152090575633,
        2.0283468821801804,
        2.026282085287772,
        2.0382610804754346,
        2.0300971891138206,
        2.028750049385976,
        1.9871347015442404,
        2.0568895623666106,
        1.9677346744993112,
        1.9921110018252401,
        1.945057607569618,
        2.0951381094744814,
        2.0913639558146095,
        2.08833024377908,
        2.0531946387539133,
        2.0163814229981116,
        2.062787669184318,
        2.040329443631326,
        2.020537361533034,
        2.0639575132660037,
        2.0446861171533635,
        2.0157087933545084,
        2.009525888486542,
        2.0359251256154125,
        2.0438626624302803,
        2.0124410465657876,
        2.000735143677776,
        1.9880919543909767,
        1.9981639010181391,
        1.9677720606886475,
        1.9412343036933584,
        2.087402184616219,
        2.0292572606700356,
        2.0214500457791793,
        2.035614221234041,
        1.9757865051731263,
        1.9824513640153316,
        1.9710587264608967,
        1.998997111354176,
        2.0001663374673844,
        1.990377676141474,
        1.9919184598448436,
        1.994565256858985,
        1.9837659583957228,
        2.0302208121004086,
        1.9999333162373418,
        1.9690029831586504,
        1.9337442318231297,
        1.9541100310059911,
        1.9574339753895298,
        1.982481688008524,
        2.06515400841401,
        1.9739075516126878,
        2.0020352553855467,
        1.9749174229726312,
        1.9530804470207277,
        1.948833886853388,
        1.9517427714073603,
        1.9415845086973356,
        1.9112615293644635,
        1.947958658801412,
        1.9371394753305022,
        1.9483462934215123,
        1.8962778157689781,
        1.9394155899493464,
        1.979606833926361,
        1.9389114584298641,
        1.9058312711273202,
        1.9064279451462938,
        1.9242443088413013,
        1.9125188531566848
    ],
    "min loss": 1.8962778157689781,
    "training steps": 10000,
    "batch size": 256,
    "history size": 1000,
    "dataset": "enwik8",
    "end time": 1730483128.6335688
}