{
    "start time": 1730477454.137251,
    "use_input_gate": false,
    "use_forget_gate": true,
    "use_output_gate": true,
    "use_state_gate": true,
    "use_new_state": false,
    "use_old_state": true,
    "use_residual": false,
    "n_layers": 3,
    "state_size": 256,
    "id": "c293bf29015bc967408dcfc3e27f1e7b06368930e91f4658674cff76b2b44324",
    "loss": [
        4.277573292228985,
        3.640865299873691,
        3.538619953209591,
        3.508266071813212,
        3.552240809794824,
        3.4967699834100157,
        3.529042859643607,
        3.5419852013799313,
        3.516110007116869,
        3.5436790155208504,
        3.5178356712026595,
        3.5344020846062025,
        3.550230655110278,
        3.5289590280782983,
        3.5224512334669287,
        3.493740063300044,
        3.4862659136076384,
        3.522081170467327,
        3.5535971284302885,
        3.5552999989134806,
        3.5240789778802415,
        3.510672115893288,
        3.5148869520696415,
        3.479099220895903,
        3.5114858286947865,
        3.520715347797369,
        3.5130333441259642,
        3.4907253002238257,
        3.51172371898549,
        3.4856576025706643,
        3.4338492578570747,
        3.4849598862764477,
        3.491561709031522,
        3.4920244954716373,
        3.4741843032941158,
        3.462001437509058,
        3.5053579346402026,
        3.495839272317558,
        3.5171228645777965,
        3.4902311553844085,
        3.5254169507876463,
        3.538761612782264,
        3.544398858756215,
        3.5727279268826853,
        3.578615307623151,
        3.589073594111421,
        3.595505822878715,
        3.5215055019346835,
        3.492068165735091,
        3.483302096758102,
        3.51225252772624,
        3.5317167704556445,
        3.5464448109709146,
        3.5589510858642015,
        3.544879083969604,
        3.5677223720760742,
        3.5786261456963038,
        3.548814862315147,
        3.485188488063541,
        3.525685487148954,
        3.5210928053083985,
        3.4694438334735125,
        3.4975861316970374,
        3.500941471300198,
        3.49189582061089,
        3.529988389256541,
        3.5101682475432097,
        3.4991835684509427,
        3.4809416920324776,
        3.4532307777329403,
        3.4964846401737293,
        3.48075024238837,
        3.5069615339764977,
        3.537594883119869,
        3.469608692276251,
        3.47519983890003,
        3.490055136252427,
        3.4751473061108995,
        3.5220924268126312,
        3.5009484283077947,
        3.457984441591247,
        3.4716172231564855,
        3.473369866560387,
        3.4872640737170895,
        3.4629140788571986,
        3.4523922908080302,
        3.502895944467508,
        3.553818903378201,
        3.5341002329305025,
        3.4908777153091735,
        3.491301155352632,
        3.4782438072548807,
        3.475671535361315,
        3.553417143608412,
        3.476502996967821,
        3.5031726027321195,
        3.4814285928057807,
        3.43011826859593,
        3.538394499374258,
        3.5085849352773955,
        3.5036965870643666,
        3.5188761297382865,
        3.5203528953625955,
        3.520211122557592,
        3.5054336713683716,
        3.5203527709102276,
        3.479456916971584,
        3.467843575074309,
        3.468294402319547,
        3.5099060542058007,
        3.4914422132695364,
        3.504533383723536,
        3.4989497463673103,
        3.530163195509943,
        3.5183146808904993,
        3.5119778942599913,
        3.517739017143866,
        3.524207396587774,
        3.5062122457403753,
        3.5046750383156113,
        3.494023731089261,
        3.5204215580403337,
        3.5194868959891368,
        3.524504156187394,
        3.4849814209860264,
        3.5187224960387384,
        3.4985520788016378,
        3.498719527821917,
        3.4899266467927363,
        3.498811988660867,
        3.5142589408436082,
        3.503300513857086,
        3.5271876165586673,
        3.52913536015656,
        3.5158338751177047,
        3.523577434715081,
        3.5135899459020243,
        3.4982208088614715,
        3.512149258080671,
        3.502965969990527,
        3.5041684415731877,
        3.4947341925983304,
        3.4705062009592944,
        3.471607178669271,
        3.475897098698902,
        3.477914306070018,
        3.4396684671656956,
        3.485688737479695,
        3.485949942049901,
        3.5010576968439944,
        3.5023743874596702,
        3.494492478004745,
        3.520377507930753,
        3.513196459487825,
        3.466066016435152,
        3.514833504237667,
        3.466744741600198,
        3.4826075175494715,
        3.4698036728942103,
        3.5031941431823763,
        3.564134215316203,
        3.5183451598629554,
        3.5209078263152493,
        3.513498129474459,
        3.520815170411466,
        3.4995025327910074,
        3.5011697268510047,
        3.5153132874576216,
        3.4541458663796893,
        3.508957633590394,
        3.470143142083001,
        3.479561975161344,
        3.46369826273165,
        3.4508200104788336,
        3.460845460209034,
        3.4726517600069218,
        3.456401343531857,
        3.490262551414677,
        3.483588804138673,
        3.466973733793554,
        3.5180608700827722,
        3.501518402330137,
        3.552973500412671,
        3.4902347021439852,
        3.479059126185083,
        3.502445808012967,
        3.498404539022132,
        3.4952210794264174,
        3.4501330852426055,
        3.491669336283687,
        3.4791277530799607,
        3.4572129225447417,
        3.521055715502833,
        3.5404058295520824,
        3.490014839787673,
        3.4976733839571965,
        3.502558077091051,
        3.5034279991589496,
        3.570291553245302,
        3.539826509506742,
        3.5043018906827665,
        3.5093025124151223,
        3.522515132967167,
        3.524667387951125,
        3.5385698118526725,
        3.4969150852062962,
        3.528077364179407,
        3.534270971041949,
        3.4896863381003946,
        3.511776092831201,
        3.5252439430312803,
        3.511445849489954,
        3.5177104382040647,
        3.511171171756158,
        3.4993147416286567,
        3.5373049824399305,
        3.491837857700889,
        3.4661363584824763,
        3.5086807693861677
    ],
    "min loss": 3.43011826859593,
    "training steps": 10000,
    "batch size": 256,
    "history size": 1000,
    "dataset": "enwik8",
    "end time": 1730477475.7675533
}