{
    "start time": 1730479609.9858606,
    "use_input_gate": true,
    "use_forget_gate": false,
    "use_output_gate": true,
    "use_state_gate": false,
    "use_new_state": true,
    "use_old_state": false,
    "use_residual": true,
    "n_layers": 2,
    "state_size": 32,
    "id": "c49d81bdc574b5bc4ccb6c937aa3801b0e86d70607d054c786d66acc5e4a43f1",
    "loss": [
        4.266428423378697,
        3.565013352555588,
        3.4608901582034,
        3.4353721909782378,
        3.36411855973074,
        3.282605980612381,
        3.1868347517298545,
        3.0934543705319797,
        3.073855840803917,
        3.032765197744543,
        2.968717138928616,
        2.948721825959911,
        2.9148789516657287,
        2.8685719696056076,
        2.82585639636872,
        2.796583180382721,
        2.788469637479231,
        2.747138447280735,
        2.7590367230351323,
        2.8175334218818553,
        2.758662455860252,
        2.7432176048690033,
        2.747443780280863,
        2.749469025726771,
        2.719671035264273,
        2.6684280966881273,
        2.6621819771411963,
        2.6948695300834693,
        2.649807326073974,
        2.616055305454635,
        2.6386421025419233,
        2.6385197297622835,
        2.630973396455526,
        2.615256092494078,
        2.6091391552713583,
        2.6030879593761482,
        2.609487563246802,
        2.581319577608304,
        2.5742904431402076,
        2.575468187085871,
        2.623919260387694,
        2.6334295195566613,
        2.5927497291010675,
        2.61821690889035,
        2.5922082330030976,
        2.567996399760141,
        2.6046367544096767,
        2.5507213176434385,
        2.517334262961545,
        2.5223152740813597,
        2.5629151916062054,
        2.5432051793189423,
        2.4932237723044928,
        2.518117862412462,
        2.5284178179169245,
        2.515065117506374,
        2.487869982456481,
        2.5202119884667593,
        2.4974419290216967,
        2.5740213704863044,
        2.4935931800759668,
        2.4846929926342876,
        2.4748497465396184,
        2.481118655728792,
        2.5028788630254843,
        2.471761433075734,
        2.5189874804359134,
        2.477906190263372,
        2.5146067804833696,
        2.493006271774338,
        2.461224068298349,
        2.490471367109666,
        2.509623272316802,
        2.5123499023533578,
        2.503370618520885,
        2.4939651687639546,
        2.4657498313633153,
        2.4560670636769477,
        2.4270058405758435,
        2.5331988411853237,
        2.505632282703386,
        2.4470597949774513,
        2.477999213698475,
        2.4622712911697264,
        2.4408569608887656,
        2.432861995772075,
        2.430762706676735,
        2.4463001469325323,
        2.430967493960958,
        2.4645329591804117,
        2.4311047216144623,
        2.4267170800280153,
        2.438851018919808,
        2.400749869625249,
        2.425624394104017,
        2.409285231624997,
        2.4345357976400908,
        2.402238239364586,
        2.42180837754099,
        2.489221389291763,
        2.401026564488123,
        2.4042203217919673,
        2.4136722625247997,
        2.4229783683874944,
        2.409800792236746,
        2.384113543822937,
        2.3776651666159174,
        2.3685231063434213,
        2.3705016132605747,
        2.3388242726138633,
        2.3310392156237443,
        2.3389171914364564,
        2.38943204472286,
        2.371806948722803,
        2.409093478291893,
        2.373898881035616,
        2.3504029198753837,
        2.332711294320452,
        2.3508937551353526,
        2.3944076482966272,
        2.3730765294176526,
        2.3267665883742215,
        2.364115826703495,
        2.3262481911752078,
        2.3409913103352644,
        2.306760781859141,
        2.2991819161393683,
        2.351137071690862,
        2.360372725607185,
        2.3274660914475205,
        2.3139045450951525,
        2.322991705033183,
        2.314782664737611,
        2.3186951521851946,
        2.31573350358306,
        2.299259396408376,
        2.2818513281668182,
        2.26534262223275,
        2.3181219169209024,
        2.3348829001766305,
        2.295186874811131,
        2.3143304362669843,
        2.2869186436560196,
        2.29034260020122,
        2.2931268832113463,
        2.331889409000754,
        2.329379618874665,
        2.307935561780434,
        2.315574524573602,
        2.317886411372751,
        2.275663747449166,
        2.2874764715111695,
        2.2550140707936968,
        2.2913489167859273,
        2.2769706724017102,
        2.277037961131556,
        2.2835981007754573,
        2.2889141778867272,
        2.3171710271474835,
        2.3578827696684757,
        2.336800503409745,
        2.320783716823047,
        2.315982492954001,
        2.279835554241836,
        2.2850876036839405,
        2.277711049266419,
        2.3073823081852867,
        2.3079846983662966,
        2.2773589834252967,
        2.297295608040745,
        2.277364118295761,
        2.2967089159480802,
        2.2550874306413102,
        2.2498168681041744,
        2.2221492866104193,
        2.2554063924132377,
        2.251973835312963,
        2.217213340417392,
        2.2382934559074474,
        2.3044679210225314,
        2.2623463570429125,
        2.3016681495324804,
        2.2220817500359424,
        2.208992417548774,
        2.2465697778722387,
        2.2291038439161497,
        2.25179707877732,
        2.3225135013342744,
        2.2676662081481234,
        2.2886309864227705,
        2.2749020123573236,
        2.3165155018171992,
        2.284269206418793,
        2.2702866526224605,
        2.2662402554895835,
        2.3056700786652184,
        2.3006903062526947,
        2.279061180961885,
        2.2495754237466334,
        2.3031673512010813,
        2.2682663831044025,
        2.253018409622272,
        2.2350402833120344,
        2.2876479300307384,
        2.2102338249526574,
        2.2131967104736314,
        2.2542576778014873,
        2.2475321139428663,
        2.2484299250532755,
        2.243175154187547,
        2.2218803818842043,
        2.240055835063298,
        2.2285969450993806,
        2.2095858781948214,
        2.232128747382321,
        2.2258797267547314,
        2.2405686124821265,
        2.228003344676499,
        2.241500623943913
    ],
    "min loss": 2.208992417548774,
    "training steps": 10000,
    "batch size": 256,
    "history size": 1000,
    "dataset": "enwik8",
    "end time": 1730479653.2117252
}