{
    "start time": 1730482956.359042,
    "use_input_gate": true,
    "use_forget_gate": false,
    "use_output_gate": true,
    "use_state_gate": false,
    "use_new_state": true,
    "use_old_state": false,
    "use_residual": true,
    "n_layers": 1,
    "state_size": 256,
    "id": "c5b6f4114b8e97600ce17b1ef6e514f136269aebf42042d0272277aec93315ed",
    "loss": [
        3.64823404560941,
        3.272492876717752,
        2.970024536630046,
        2.8502699985095212,
        2.7779113789976306,
        2.6834862788123024,
        2.6328009385345865,
        2.5769560145682924,
        2.5649951982333516,
        2.5233488705179776,
        2.4985448056740736,
        2.4489500175741745,
        2.4620172983164443,
        2.4497963773287963,
        2.391670886820645,
        2.434076907887195,
        2.371150403503257,
        2.3590809839603524,
        2.3606120028395283,
        2.348197989188871,
        2.3732370499456477,
        2.353917180928353,
        2.340388973400469,
        2.290147658116046,
        2.2942367028693167,
        2.289274319576189,
        2.269966441626067,
        2.23106694824175,
        2.2338744275050137,
        2.2081059059695516,
        2.1554549959759943,
        2.164132901366512,
        2.1639413923363606,
        2.1604808875089514,
        2.1408947557127966,
        2.1239321315449207,
        2.1859803901285377,
        2.1485736908110797,
        2.1448869691346686,
        2.2438988984766577,
        2.212581013934047,
        2.1866705557289574,
        2.1748083021237106,
        2.15768727198041,
        2.1640247125721097,
        2.1192169042841993,
        2.1242261764202643,
        2.1089628561473486,
        2.100719795404417,
        2.0921090803918796,
        2.0871502499395937,
        2.0750595589946212,
        2.092225825707388,
        2.11703961667377,
        2.0395910490461304,
        2.0746172152730944,
        2.042615387663514,
        2.0484916576771575,
        2.0671184514005656,
        2.131125092245506,
        2.0779562788414405,
        2.0702331580841635,
        2.0674800950483774,
        2.020511596078615,
        2.051896614837303,
        2.0069060559714305,
        2.0476893350040903,
        2.0238557082879582,
        2.0370266291199344,
        2.0421473487468225,
        2.0104368481151464,
        2.049020833726158,
        2.0301412926919356,
        1.9952135781207048,
        2.0412228422800163,
        1.9931146154324202,
        1.9709304084986319,
        1.9472450649750939,
        1.9700914680685861,
        2.0725684719487596,
        2.0387045342616945,
        2.0170946700730874,
        2.0340277910884033,
        2.006543742188039,
        2.0199377005698245,
        1.9961528254405072,
        1.947329948499209,
        1.9613760993167215,
        1.9687417950773038,
        1.95391304000645,
        1.9739764273917095,
        2.0138908957805484,
        1.9687587565990452,
        2.002207529466984,
        1.9887452409291535,
        2.0038293376975553,
        1.949917524688467,
        1.9420866574354763,
        1.9504155277261592,
        2.075778212424102,
        2.031097049800862,
        2.018089767049671,
        2.017719292319831,
        2.0265652913059085,
        2.0020099368001922,
        2.004726106055969,
        2.04211530919724,
        2.0194974064600566,
        1.9917012666318235,
        1.9887159939197514,
        1.9336879117910937,
        1.9141495411875638,
        1.9518687209522991,
        1.9793907271297195,
        1.8990589797517496,
        1.9360661122528635,
        1.9627538217935245,
        1.92184691748831,
        1.930153546668017,
        2.0284673429257993,
        1.9585986557565558,
        1.978893250755907,
        1.9426755475747641,
        1.9081709198577155,
        1.9302840404636463,
        1.9297569442247855,
        1.9187335208246872,
        1.9332838739732605,
        1.8998520892087332,
        1.8928861002852182,
        1.9373239451162225,
        1.9300278221831708,
        1.9457916564945463,
        1.9382312767212535,
        1.9202464815944928,
        1.9142276764161748,
        1.8942988340904958,
        1.9312377661090423,
        1.930893440081166,
        2.0417469700264914,
        1.9875329168829565,
        1.9871635119169477,
        1.9013444229858545,
        1.9357074855891665,
        1.9489109761845305,
        1.920118084144477,
        1.9269492071273895,
        1.9531387426187348,
        1.9130569914646165,
        1.88824388919321,
        1.9190372042122787,
        1.9005572937706643,
        1.9131154805217108,
        1.9033014207924954,
        1.9453553318150278,
        1.9362816080872132,
        1.9030772455414287,
        1.877787006885863,
        1.9239156070064847,
        2.0242935675032507,
        1.9434151699438136,
        1.9912974803478751,
        1.9528575661292604,
        1.9640709866705623,
        1.9325707374482126,
        1.9505940089639624,
        1.9577041091987482,
        1.9451735587371326,
        1.9619234343701142,
        1.9466648500523036,
        1.920857061679872,
        1.9359393587940277,
        1.8989856134613683,
        1.9282332517768581,
        1.9342279482486995,
        1.9274817792016745,
        1.9069193860097988,
        1.949768123774437,
        1.9177777462700398,
        2.0131569542794554,
        1.8944158240094016,
        1.91363389404299,
        1.872056338384562,
        1.9064123487189166,
        1.8750785991634185,
        1.845598219311832,
        1.872893550637947,
        1.8437038894047293,
        1.8946357226841761,
        1.8390235841983957,
        1.8655871593571915,
        1.8737332772429278,
        1.8277968901584662,
        1.8491491157206443,
        1.8844798471863198,
        1.8610452893826355,
        1.8727453866936792,
        1.904806604586812,
        1.9071090380690998,
        2.0160611495869896,
        1.8905769642596002,
        1.8853949936176926,
        1.8874297024712192,
        1.9330426835933407,
        1.949675417950069,
        1.940706805617018,
        1.8449143321121446,
        1.8804792997448248,
        1.8697374933592315,
        1.9093894710997152,
        1.9324923148567132,
        1.8809831555302583,
        1.8589809738955896,
        1.8746665616138039,
        1.9029859329839283,
        1.886032901287686,
        1.9051803555096085,
        1.9341962193135216,
        1.8489618102020615
    ],
    "min loss": 1.8277968901584662,
    "training steps": 10000,
    "batch size": 256,
    "history size": 1000,
    "dataset": "enwik8",
    "end time": 1730482985.4045913
}