{
    "start time": 1730479334.4832962,
    "use_input_gate": false,
    "use_forget_gate": false,
    "use_output_gate": false,
    "use_state_gate": false,
    "use_new_state": true,
    "use_old_state": false,
    "use_residual": true,
    "n_layers": 2,
    "state_size": 256,
    "id": "c63919a478b461c0ee5e5de5f65f6b50c4633baf1825cfe14367fdd68dda81f5",
    "loss": [
        3.5482364945641716,
        3.2480192994228454,
        3.0436987085394804,
        2.8565680320869844,
        2.755333564661137,
        2.6594984042408436,
        2.5787961291380497,
        2.577975399554369,
        2.519807442992943,
        2.479773953636344,
        2.469493342121206,
        2.4446303441357413,
        2.3638917886540103,
        2.3422330198792563,
        2.336396984178346,
        2.2967978474929307,
        2.350760582772206,
        2.312648911850027,
        2.305810962010713,
        2.3094953922335675,
        2.275612765180317,
        2.246364961346385,
        2.2412724177793217,
        2.249604972856582,
        2.2367709870617367,
        2.201631497702783,
        2.1519742010410234,
        2.188121573317249,
        2.1299244862868414,
        2.117453750080475,
        2.1191904830039165,
        2.102226738615089,
        2.0915165458385334,
        2.0594625008257306,
        2.021702146208313,
        2.04988860958049,
        2.0451903345850417,
        2.0604135504442933,
        2.050247602191782,
        2.1254771202453133,
        2.0626139477093086,
        2.0178475677249597,
        2.05115798345176,
        2.0246172868858956,
        2.0430821585411905,
        1.9787360140747092,
        2.021707985868086,
        2.003177508973977,
        1.9707822208853556,
        1.963077769965351,
        1.9144270997137622,
        1.9283893579193836,
        1.9482175225287495,
        1.9085972008306227,
        1.950894442670039,
        1.9569167757044006,
        1.9157088102748852,
        1.9144609895016336,
        1.8881789314654094,
        2.0036145104642795,
        1.98825478013724,
        1.9193573969993327,
        1.8892438521371833,
        1.9229536759182106,
        1.8906058281767664,
        1.8560391817696476,
        1.9081436933123914,
        1.877321294927845,
        1.924750002900496,
        1.8680204286356918,
        1.851205620201142,
        1.84784586871424,
        1.8364475760054904,
        1.8310506460901894,
        1.8606557897645484,
        1.8374734445022338,
        1.8390568200907211,
        1.8274258680696123,
        1.8418314737848034,
        1.9949643725090909,
        1.950501046722129,
        1.8615699014710732,
        1.833357929537368,
        1.8637673644872914,
        1.8450666353064418,
        1.8664270425731218,
        1.859398554388006,
        1.8150691716270202,
        1.814642515820175,
        1.8196884841257834,
        1.8367086326535,
        1.8320634609244608,
        1.8590578325863485,
        1.8694723145004637,
        1.8582022443796122,
        1.855082523158957,
        1.8594715483619473,
        1.8697370722730933,
        1.8203020429715677,
        1.9915161356748785,
        1.8787904324801474,
        1.8279104741600076,
        1.8040052213706337,
        1.7428260213834676,
        1.8383688714539432,
        1.8171515573913668,
        1.7821681276745749,
        1.8345731136366017,
        1.8028533500389397,
        1.7910391041458762,
        1.8360507879945422,
        1.8514166713699778,
        1.8173129265095758,
        1.8157296337375906,
        1.8328844020671125,
        1.8296941581679667,
        1.8063967827192708,
        1.7968378023760407,
        1.8096324520009044,
        1.9242501263959992,
        1.8582188754420659,
        1.8685730533012985,
        1.8318521109092047,
        1.802980882769718,
        1.8450465648703591,
        1.8344255377612413,
        1.8068036228406017,
        1.8063329362575409,
        1.789096426322938,
        1.760776815076575,
        1.7871652104606888,
        1.7569024580019543,
        1.7183429351565487,
        1.775229254472291,
        1.766443322084355,
        1.7968559783625193,
        1.7519021910748525,
        1.7667322560912457,
        1.7413886558313008,
        1.892254445308444,
        1.7804232725374127,
        1.8015421051068623,
        1.7685450923580084,
        1.7478680244957527,
        1.7681859748811328,
        1.7228142386079024,
        1.7392627558762688,
        1.7492902500286385,
        1.75098631197987,
        1.7572293389889524,
        1.821222621574852,
        1.7418544817423207,
        1.7842457585139706,
        1.760414027216392,
        1.7308179503138619,
        1.7565524489106024,
        1.7555758051801555,
        1.7888805221881494,
        1.7377794792462524,
        1.8892909242873217,
        1.7726689676147003,
        1.764426041745927,
        1.7853050186481825,
        1.802169685578629,
        1.7574735645778414,
        1.7810136024818022,
        1.7416403041718564,
        1.7192210041179856,
        1.736427515657492,
        1.7073146722341073,
        1.7304404671038276,
        1.7604944750821918,
        1.7077323491572647,
        1.776322308298391,
        1.7263403529429049,
        1.72943600953318,
        1.7207649428701657,
        1.7112707434617853,
        1.7272623029358545,
        1.8740725597120662,
        1.8000291282223535,
        1.7646190899532845,
        1.7580549969806016,
        1.7602254077679165,
        1.7340644317169374,
        1.7402173371629657,
        1.7566422400583372,
        1.7510307986089797,
        1.7285053417702267,
        1.716579642375933,
        1.7005206805692192,
        1.7704629625577142,
        1.7368330165964088,
        1.6631463004389355,
        1.7609875064434226,
        1.6916776419505892,
        1.6985084730179059,
        1.6724741349886465,
        1.710196875648951,
        1.8539248140963265,
        1.765575452157903,
        1.7725160626692436,
        1.7474333678062912,
        1.6924384374299286,
        1.744903505429572,
        1.772661330413515,
        1.7570569087374937,
        1.767196008529991,
        1.7657025567580689,
        1.7048942211899325,
        1.7633231265085794,
        1.7537341252489194,
        1.7254791294819098,
        1.7334622831026762,
        1.710414408628755,
        1.7424009434897612,
        1.7307434978302427,
        1.75586967993814,
        1.815617775277766
    ],
    "min loss": 1.6631463004389355,
    "training steps": 10000,
    "batch size": 256,
    "history size": 1000,
    "dataset": "enwik8",
    "end time": 1730479358.986338
}