{
    "start time": 1730481830.2265944,
    "use_input_gate": false,
    "use_forget_gate": true,
    "use_output_gate": false,
    "use_state_gate": false,
    "use_new_state": false,
    "use_old_state": true,
    "use_residual": true,
    "n_layers": 3,
    "state_size": 256,
    "id": "c78bb3c0209187fbc46564bc832f70e8635f3e3af84b9bb2546f6cc81b5b8700",
    "loss": [
        3.637129318103122,
        3.4574515032526825,
        3.359724761836451,
        3.2504118010666705,
        3.201665484703585,
        3.060891849983758,
        2.9168462486052724,
        2.8513639564111513,
        2.8103527561651727,
        2.763328650949222,
        2.7250626940937623,
        2.7345100565162688,
        2.6732384715921875,
        2.6338815378573575,
        2.6324949608730175,
        2.624950357671818,
        2.623891019193738,
        2.6073245956120017,
        2.5743575339080635,
        2.6419124407051857,
        2.5610461459236844,
        2.5715385263901296,
        2.5158018815071204,
        2.530883549652877,
        2.5070936116691565,
        2.491155051112706,
        2.5067350064556266,
        2.4620954216872186,
        2.4499876169125048,
        2.435001085957881,
        2.4684810548994536,
        2.42798198626743,
        2.4061751902994004,
        2.399495462819479,
        2.45729315617396,
        2.401210928222824,
        2.3795969766221083,
        2.399427813973769,
        2.361393485659006,
        2.449395178619706,
        2.420411151753226,
        2.37858726445557,
        2.3557781605771564,
        2.4050264531769394,
        2.3664986381441286,
        2.358846616883937,
        2.3420193151775908,
        2.3231434702386164,
        2.317657489674918,
        2.3460293375858536,
        2.3137965671827536,
        2.30467242095513,
        2.3294631096972376,
        2.286570756190233,
        2.2814774983261876,
        2.3060414332155306,
        2.309791037445928,
        2.2945799316135562,
        2.297618480482304,
        2.3610798596444624,
        2.2845235487816953,
        2.2922985564222267,
        2.260523484799407,
        2.264529801838797,
        2.2832565825262505,
        2.266185961566375,
        2.2335101816100336,
        2.267313318534782,
        2.2343370349726253,
        2.252349803786824,
        2.2383517738599745,
        2.2388454818167514,
        2.239874506338053,
        2.2292484859880335,
        2.2044599342629407,
        2.2053864950282165,
        2.206481247289973,
        2.194077063421945,
        2.2262821993727937,
        2.272857539780219,
        2.1982709610382387,
        2.2073858612305175,
        2.214922362078224,
        2.197323650449696,
        2.22060412505145,
        2.1677911130858583,
        2.1954008645534997,
        2.1671512894430225,
        2.211682025450472,
        2.212461816571619,
        2.14480054463582,
        2.2087011815013513,
        2.1821866166174773,
        2.204430190804169,
        2.173175370479924,
        2.135804338641898,
        2.151841357215563,
        2.1857153004782517,
        2.1852867613391034,
        2.200898162482062,
        2.1434209385108476,
        2.134038539316853,
        2.134251165913003,
        2.1643234242643206,
        2.1632828445715906,
        2.1080257134256453,
        2.1062857261598857,
        2.1039923760376213,
        2.1127238430493773,
        2.099068000404862,
        2.1211338162270756,
        2.051336279936751,
        2.0626088983723285,
        2.0624531493301794,
        2.0576641756133975,
        2.0782149229306635,
        2.028872527113281,
        2.020567235526974,
        2.06324978766086,
        2.148565575670999,
        2.1519241761942074,
        2.080532195376729,
        2.0978900506485,
        2.137043623342044,
        2.088027054247866,
        2.10931869112188,
        2.122453483812863,
        2.079803091673406,
        2.100776950841535,
        2.0855671571712207,
        2.093072423230395,
        2.0817388183376435,
        2.073260105335957,
        2.022544289304942,
        2.088988524201941,
        2.0437593438270887,
        2.024310515734284,
        2.0440780649425965,
        2.021388358696999,
        2.100648405161842,
        2.0427935459775775,
        2.02786059725176,
        1.9836728720160866,
        2.0025151949007163,
        2.037220494457091,
        2.0322066632043385,
        1.9774363524273582,
        2.013622478203729,
        2.012075971042746,
        2.032168091040284,
        1.9971540375627275,
        2.004674840041076,
        2.0096797020073374,
        1.9934345625383083,
        1.982549489506048,
        1.9996306987398216,
        2.00751615926349,
        2.0242319533911703,
        2.0348449464261655,
        2.0920162209304345,
        1.9999666005063987,
        2.011857511861527,
        2.024242716529892,
        1.9995889327561687,
        1.9896805704734826,
        2.009437741689643,
        1.991093177925171,
        1.9559202124176163,
        1.9533959751299725,
        1.9607170961717875,
        1.9590990109360251,
        1.9292113176830605,
        1.9517550763776463,
        1.9891524145961286,
        1.974047583992725,
        1.9621830025749523,
        1.9682832263920012,
        1.93493971415109,
        1.93810554929217,
        2.073163955633065,
        2.0482354717015037,
        2.013594336830224,
        2.0052830042744296,
        1.9942544884007407,
        2.010617223435646,
        2.004864394354601,
        1.9974296123226412,
        2.0390480537359337,
        1.9708939453141223,
        2.0023921017362087,
        1.9487158143278838,
        1.9845198740129952,
        2.0143784029623797,
        1.9592144963782947,
        1.9593281736840713,
        2.011579685196166,
        1.9835490279051804,
        1.9775308426223444,
        1.9778239567563438,
        2.094978530290425,
        2.024143972512449,
        2.0121736492751032,
        2.025966453855595,
        1.9941277536329594,
        1.988058176446998,
        1.965092545866776,
        1.9579841225777441,
        1.9596595275965207,
        2.017056892813851,
        1.9785837618955073,
        2.0021934445246483,
        1.9993861115794658,
        1.970716060820062,
        1.9688370079800255,
        1.97913773757568,
        2.003992980666231,
        2.0001770664252296,
        1.9877747130519094,
        1.9634534448457195
    ],
    "min loss": 1.9292113176830605,
    "training steps": 10000,
    "batch size": 256,
    "history size": 1000,
    "dataset": "enwik8",
    "end time": 1730481853.2778616
}