{
    "start time": 1730476658.4812315,
    "use_input_gate": true,
    "use_forget_gate": false,
    "use_output_gate": true,
    "use_state_gate": true,
    "use_new_state": true,
    "use_old_state": true,
    "use_residual": true,
    "n_layers": 3,
    "state_size": 32,
    "id": "cb9500e01391780e519f3e2f90274eca84e8a4e7381a48b9246960998299bcfd",
    "loss": [
        4.209044297955394,
        3.573512467253661,
        3.459516573923601,
        3.397803913659114,
        3.3917936262297785,
        3.349669939079489,
        3.2747702325908925,
        3.188277541376624,
        3.150237002221806,
        3.1278481637584576,
        3.0969541567957206,
        3.07143476808189,
        3.025207700267499,
        2.991514668829312,
        3.0273498532054837,
        2.990121040244108,
        2.9679340422035683,
        2.9246100131968467,
        2.8860482699823815,
        2.9182706179406814,
        2.9392565446539565,
        2.9145479245343133,
        2.8663172326227317,
        2.8388986960797546,
        2.844852538470558,
        2.8223614522043325,
        2.8085885101847294,
        2.7703367792598623,
        2.7431550842016583,
        2.720248586192301,
        2.690955511819336,
        2.6902878984685628,
        2.690405532214167,
        2.6474259100551922,
        2.656241774504746,
        2.680531244301901,
        2.6916265266463273,
        2.6727403443332296,
        2.647753067404337,
        2.6971022832484177,
        2.664198305900519,
        2.663136836756839,
        2.6670704348729575,
        2.6180192861263674,
        2.5997708807577293,
        2.6328380255955914,
        2.618505097199921,
        2.5764933630977898,
        2.557885185642015,
        2.538978683800758,
        2.549182662754993,
        2.553973250731647,
        2.5389131503827675,
        2.548067722604106,
        2.540937198805205,
        2.541333251676006,
        2.5771926901901154,
        2.542766861778931,
        2.524486180799176,
        2.591557466333003,
        2.4744142306868646,
        2.5004047984778857,
        2.500962432307631,
        2.474575512425362,
        2.482964248066368,
        2.4258525919681753,
        2.434149226515145,
        2.4287732675455778,
        2.455428605163738,
        2.4717121545630745,
        2.438634502459389,
        2.447115351673172,
        2.458479079750303,
        2.3853160140156766,
        2.406265297395431,
        2.3680782304677575,
        2.4026769237350685,
        2.4044474760568924,
        2.405072888486088,
        2.4926413020714313,
        2.4604953413636403,
        2.450597634796087,
        2.415932101737757,
        2.3945990085902547,
        2.4193598528631277,
        2.4165879670236574,
        2.419522755477773,
        2.417586420233532,
        2.392138417897199,
        2.3919998773844826,
        2.4131227181447894,
        2.4184495816777627,
        2.4067540216134766,
        2.366880623268121,
        2.3719687023252907,
        2.3786771567417957,
        2.3893084293590228,
        2.365912649644733,
        2.366382963284116,
        2.4390964982658825,
        2.324010122440688,
        2.356744022427691,
        2.384424678205328,
        2.3600963411746796,
        2.370293784803855,
        2.332970675915396,
        2.3333786567294936,
        2.3203488582252834,
        2.341196969008852,
        2.335800845255405,
        2.3812919299616526,
        2.3212216540105,
        2.308901031101426,
        2.344450830729766,
        2.3010649134305603,
        2.323141336673758,
        2.310835625864788,
        2.343571081444312,
        2.3684882620027223,
        2.4123988679439057,
        2.3571363804172507,
        2.345767825383338,
        2.3096218678812557,
        2.3117796687207424,
        2.3112348362554296,
        2.3051692078207955,
        2.3033348157194,
        2.2975060034056054,
        2.3257315588110714,
        2.3635194905194687,
        2.3405452154419417,
        2.2957325192735354,
        2.3030800751191998,
        2.3451991639286494,
        2.3169905671536064,
        2.332920861415061,
        2.312779509084984,
        2.302479278239578,
        2.323361612463902,
        2.3857912696060457,
        2.273899560855346,
        2.265608226837116,
        2.2684489211520424,
        2.2715651949669993,
        2.301709255307659,
        2.3002382381507376,
        2.266680900264729,
        2.309553511645139,
        2.270587471847874,
        2.309110500939874,
        2.2645102127256815,
        2.270949082462588,
        2.2828048318666587,
        2.294408193229305,
        2.2982777243354393,
        2.2861164045278537,
        2.279145908373235,
        2.2463594354185354,
        2.2274693287288505,
        2.341293659460857,
        2.301882373197692,
        2.2968930215571985,
        2.2832387327681793,
        2.257560203904816,
        2.2691897299355825,
        2.2348071644403085,
        2.306716082910642,
        2.2291995600799437,
        2.2567427075726036,
        2.2202941277171497,
        2.2834731983697667,
        2.2186341654185293,
        2.1807565636429143,
        2.241181421982173,
        2.213044961287905,
        2.207243992328347,
        2.252686687028988,
        2.2387569073763465,
        2.2362311123396164,
        2.301019572795768,
        2.2496515961633285,
        2.211608250589704,
        2.23042146652978,
        2.185938950478069,
        2.2608797843738673,
        2.2434029987780097,
        2.2181938261177367,
        2.231316954379298,
        2.2749146004576213,
        2.2473613122983003,
        2.2619814459496292,
        2.2430862606432043,
        2.2748826196254854,
        2.2354861466155556,
        2.191438108519377,
        2.2182444505094177,
        2.1901839429273866,
        2.217264935672645,
        2.2086305676552067,
        2.238211105186413,
        2.2155593533819316,
        2.2099181406197697,
        2.205410798587466,
        2.183581884018136,
        2.190193126394059,
        2.1991895142189906,
        2.2688777978676007,
        2.239196848110172,
        2.18069415433824,
        2.208783562918067,
        2.198776588260112,
        2.165697463850146,
        2.2302951810591782,
        2.182045535601997,
        2.1608169250224796,
        2.153816662990639,
        2.1672284053548645,
        2.156561888829678,
        2.192352631937419
    ],
    "min loss": 2.153816662990639,
    "training steps": 10000,
    "batch size": 256,
    "history size": 1000,
    "dataset": "enwik8",
    "end time": 1730476727.1038458
}