{
    "start time": 1730475792.1447368,
    "use_input_gate": false,
    "use_forget_gate": false,
    "use_output_gate": false,
    "use_state_gate": true,
    "use_new_state": true,
    "use_old_state": true,
    "use_residual": true,
    "n_layers": 3,
    "state_size": 32,
    "id": "cd91288210d369157777ce76403f82cae2668d3fbe473774a330769a730053cf",
    "loss": [
        4.318943541079645,
        3.6466218261054717,
        3.466186478710469,
        3.4061022248412733,
        3.296665783128156,
        3.2124469040880195,
        3.1583131252640766,
        3.1184540117690247,
        3.029943269810247,
        3.0366995969713164,
        3.0605802629969348,
        2.9720937740060127,
        2.9900785128432754,
        2.9843313995929517,
        2.893271945725069,
        2.8936559562157425,
        2.897524406748619,
        2.878611865773124,
        2.838956080884561,
        2.893309300577817,
        2.834831299993532,
        2.8434144148023113,
        2.771334647083714,
        2.7968154530079685,
        2.740471556626363,
        2.7443273717670498,
        2.7637845315358276,
        2.7425247669723767,
        2.7162522893002423,
        2.6787251193712,
        2.7184422434246813,
        2.7176479242653437,
        2.6818189528398215,
        2.7057045039312073,
        2.6938790109648014,
        2.654910393054568,
        2.641970779244744,
        2.6136955082555673,
        2.5966784675976973,
        2.661023190438188,
        2.6506236641117016,
        2.583111296636775,
        2.602838636126151,
        2.6158762373342794,
        2.5511170560740393,
        2.5852573759918887,
        2.5885531999905997,
        2.594134971784972,
        2.551621461326285,
        2.590226495084549,
        2.5191328431914757,
        2.5350094984161604,
        2.5364698055330455,
        2.520538189682994,
        2.5011917623305697,
        2.530409774341421,
        2.551082795765964,
        2.505500715810923,
        2.515875613805542,
        2.5417856543389328,
        2.5411686489607366,
        2.4802585922711864,
        2.4990529952042793,
        2.5087589476501035,
        2.4762543613192385,
        2.473883127652905,
        2.4926852749655484,
        2.4743328230933246,
        2.4569256546386256,
        2.4675500741969145,
        2.438164442392427,
        2.4217409571080073,
        2.4238106641125072,
        2.410873873788608,
        2.4516810822079,
        2.4135945447746874,
        2.416253883370378,
        2.424101975038014,
        2.4179061323947613,
        2.4971999320961675,
        2.467743466111905,
        2.4392243651171737,
        2.423127395351715,
        2.4273243935777185,
        2.3960553695573132,
        2.4371852334524617,
        2.4061140095362665,
        2.4179854253275943,
        2.4263759670925187,
        2.3996517488471367,
        2.417786455888159,
        2.401245535257757,
        2.4002119646134332,
        2.4439152436092644,
        2.4261678273852443,
        2.4278984629161893,
        2.415536032685372,
        2.3989492075419303,
        2.4171552421279245,
        2.4606877146937123,
        2.406039741025427,
        2.409461223789379,
        2.4119554064477535,
        2.403725292398619,
        2.453187833409197,
        2.4483271406401554,
        2.418890923922599,
        2.3817276600392003,
        2.3885135157683512,
        2.3814464727380225,
        2.336554876188689,
        2.366913166955131,
        2.3839650511595405,
        2.394013687441129,
        2.3223833208430893,
        2.329681131057846,
        2.330811892768673,
        2.354566159499248,
        2.329116602275996,
        2.428120155291183,
        2.3592147427776182,
        2.3694116938621215,
        2.374973487726649,
        2.347895008794497,
        2.345855725483191,
        2.332126197476791,
        2.3524235864570793,
        2.31625869295315,
        2.3347572764972133,
        2.2978649974106666,
        2.3038639860781016,
        2.3188235921195046,
        2.3372245710286195,
        2.3310752929424394,
        2.3391255414944148,
        2.3292827675918155,
        2.3466151974235605,
        2.318613589442964,
        2.3160839248190612,
        2.380744769069029,
        2.3675434023079114,
        2.393872745958224,
        2.3900108042222947,
        2.3719360598403876,
        2.336738510504852,
        2.301214551229311,
        2.3412502540311,
        2.3156143588791425,
        2.339310634010983,
        2.3262717925134426,
        2.3186309540775456,
        2.3404059161782524,
        2.316033519252409,
        2.301327722513404,
        2.3170572712229105,
        2.329496717909282,
        2.3335365764244407,
        2.3249697225304025,
        2.3316582630317044,
        2.375326670448742,
        2.3191205620633006,
        2.3069888631265907,
        2.3109744321944974,
        2.308471632850801,
        2.303414218451027,
        2.31791488119942,
        2.2912943469360334,
        2.305768199398847,
        2.270237776267035,
        2.3217029785825045,
        2.307329052294306,
        2.307174132707155,
        2.3121933240712775,
        2.2937689368400265,
        2.3508613730193058,
        2.341083600980993,
        2.345454147818406,
        2.3439570332831035,
        2.3145160530157205,
        2.359781531377842,
        2.2687275060640677,
        2.2635523908800987,
        2.252974409834104,
        2.3062123344544028,
        2.322230014955944,
        2.2766050355447147,
        2.3272936153070782,
        2.263333417250893,
        2.2735915358941807,
        2.233594745900155,
        2.281167880839906,
        2.2397563749814426,
        2.23987541871225,
        2.2499330993365243,
        2.279107589936952,
        2.2546325839271444,
        2.2864131978517905,
        2.2951569179676885,
        2.25232069746555,
        2.3161603308358822,
        2.25219748827725,
        2.233551305800515,
        2.2798460493688073,
        2.2683116056116357,
        2.25546255819714,
        2.259002896386473,
        2.2652948135878255,
        2.304610413152196,
        2.264002234315276,
        2.286193560242705,
        2.265448756168665,
        2.2595470892743137,
        2.2871316145246188,
        2.26521947192922,
        2.2599366931913685,
        2.2539388589029743,
        2.260749823165108,
        2.2823658621378775,
        2.2387147475109708
    ],
    "min loss": 2.233551305800515,
    "training steps": 10000,
    "batch size": 256,
    "history size": 1000,
    "dataset": "enwik8",
    "end time": 1730475839.0549893
}