{
    "start time": 1730478300.955494,
    "use_input_gate": false,
    "use_forget_gate": false,
    "use_output_gate": true,
    "use_state_gate": false,
    "use_new_state": true,
    "use_old_state": true,
    "use_residual": true,
    "n_layers": 2,
    "state_size": 256,
    "id": "cddb559c55671eec7d56381bc61db5152ce599333239eec4e39138a8b69f10fe",
    "loss": [
        3.70727232972174,
        3.333454709912351,
        3.056088198163078,
        2.8848624726846994,
        2.734942086787104,
        2.6711203700793074,
        2.622617734336765,
        2.5722119771980894,
        2.5065886006349447,
        2.4666264884967246,
        2.423664681354434,
        2.4078007203973217,
        2.356710138421199,
        2.3210204744633844,
        2.297695872463399,
        2.233361442844903,
        2.2628329368472633,
        2.260793054820848,
        2.211082207561947,
        2.2622173806450143,
        2.188731026573995,
        2.1819117497285294,
        2.1561126849427823,
        2.1151879004172387,
        2.1066006375353736,
        2.0816409024608276,
        2.1044176836574837,
        2.0527721163501353,
        2.110531253162826,
        2.1126144047033057,
        2.1077315616329515,
        1.9856575272439654,
        1.9667005610676649,
        2.0468135949822965,
        1.975666618595024,
        1.989400713028102,
        1.990684608458112,
        1.9677181297580082,
        1.9772149331395499,
        2.089293262317903,
        2.031758153839827,
        2.0230115851988657,
        2.001836177069355,
        1.9780710497754206,
        1.9763725103510623,
        1.955849897640801,
        1.96014632520656,
        1.9741198900971033,
        1.9304483348052848,
        1.9639701373144005,
        1.9285574432423813,
        1.9116679996435246,
        1.8905619363224264,
        1.898144872665047,
        1.9365976885396896,
        1.9229737570262682,
        1.904868872760605,
        1.9158710583735474,
        1.8962048327777303,
        2.0302388962936773,
        1.9934318853196722,
        1.9919304219784963,
        1.907888894702875,
        1.90126094599542,
        1.8983042591166568,
        1.8862039816392786,
        1.9159534060366152,
        1.961756482299683,
        1.8675437944969113,
        1.9198206565649143,
        1.8712170456184367,
        1.908121703397455,
        1.918923785724451,
        1.8955156799143333,
        1.899620008384506,
        1.841618303689386,
        1.8755102013987008,
        1.8900880415156924,
        1.863176614691933,
        1.9929887878123707,
        1.9256854452715677,
        1.8796932119920657,
        1.9074642085835751,
        1.851570894285729,
        1.8339243220800474,
        1.8682827705442546,
        1.8763226324018192,
        1.8496225244405635,
        1.9217303313821803,
        1.8396488794330175,
        1.8587009097258527,
        1.8638835578461705,
        1.8702145543791864,
        1.8854122553598711,
        1.8677082919693022,
        1.8800406593198884,
        1.8677333601705997,
        1.8767484070247287,
        1.8829455026462776,
        2.0113818424940817,
        1.9433480786441633,
        1.8945632789751465,
        1.8932294448985507,
        1.8775203048062687,
        1.8670244361017487,
        1.8310724722862428,
        1.8089412909571692,
        1.7674955441470284,
        1.8113356750908423,
        1.8347436230156922,
        1.8319459892909213,
        1.7837555175875026,
        1.8426020872811235,
        1.813881788971976,
        1.8492915264791645,
        1.8303729020721637,
        1.8230720711443604,
        1.777236204031326,
        1.8337297005072353,
        1.9202043789462495,
        1.9854885770437602,
        1.9402615975123747,
        1.9201068015410456,
        1.9378933213816458,
        1.8664875973700894,
        1.8917637481978462,
        1.8729677390098571,
        1.864075391270568,
        1.8584569926736014,
        1.8520847923932484,
        1.8745642749967284,
        1.8361424512976026,
        1.8411187882357332,
        1.8664575638908991,
        1.8496826495470586,
        1.8829004188692189,
        1.8543988637690039,
        1.8625467863771852,
        1.8717716543068756,
        1.9609966561685004,
        1.900729014848615,
        1.8709190529483324,
        1.837670650573898,
        1.8567957668638568,
        1.8398011884846017,
        1.8062618986992685,
        1.8173560541257057,
        1.7805935166261282,
        1.7994580474807151,
        1.8445175958201572,
        1.844036944596823,
        1.859214491028066,
        1.8624807287387435,
        1.8280932970481114,
        1.8521495545903206,
        1.8305787498371657,
        1.8250606187296319,
        1.8296563460856943,
        1.8310764522078251,
        1.954600200618065,
        1.8009479462422446,
        1.8463320691589349,
        1.821854406562881,
        1.837234645595238,
        1.8496815403445355,
        1.8117452422442026,
        1.7704995330674291,
        1.7844031200960186,
        1.830558806744209,
        1.838451269314621,
        1.8091740510553358,
        1.7978318155747677,
        1.8013053959638199,
        1.8251722098977807,
        1.8670774850199485,
        1.8256712693283694,
        1.8250722560121861,
        1.7894671128405586,
        1.8097044552924877,
        1.949003171223268,
        1.9175039369422198,
        1.8626483077073979,
        1.8429724418007154,
        1.8264873428773667,
        1.8633915051908634,
        1.8365978594570511,
        1.887065134064478,
        1.841214717658391,
        1.8524215795207772,
        1.875611266934082,
        1.8446048165970435,
        1.830394639080318,
        1.7875797376207512,
        1.8198579991318824,
        1.7957448714441318,
        1.791645214156883,
        1.8114954136340968,
        1.8314668408607413,
        1.8384100329251751,
        1.9764430651479528,
        1.9225249282546601,
        1.894964020005449,
        1.8421686324606874,
        1.8050600571484148,
        1.8229717861809214,
        1.8440150083427431,
        1.8384957288809405,
        1.819217079773412,
        1.8196598680343834,
        1.8133916527085132,
        1.7732549014547174,
        1.7951774910778984,
        1.7837914607474306,
        1.7654874114914212,
        1.8024720012671114,
        1.7985232432530316,
        1.8365368625516443,
        1.794573579105926,
        1.790674141998223
    ],
    "min loss": 1.7654874114914212,
    "training steps": 10000,
    "batch size": 256,
    "history size": 1000,
    "dataset": "enwik8",
    "end time": 1730478334.1074743
}