{
    "start time": 1730481246.6221874,
    "use_input_gate": false,
    "use_forget_gate": true,
    "use_output_gate": false,
    "use_state_gate": true,
    "use_new_state": false,
    "use_old_state": true,
    "use_residual": false,
    "n_layers": 1,
    "state_size": 256,
    "id": "ce39f6914aa8e9e67bc44b10072047279c615d5b84f2be280fe784eabbea0cba",
    "loss": [
        4.5075645950641325,
        3.621944591291973,
        3.5492363237489393,
        3.5449170154276337,
        3.519047245223446,
        3.5109634318424785,
        3.501498355322574,
        3.5465268064796875,
        3.542774273043324,
        3.4934858670989373,
        3.5093654750665544,
        3.5246272292044125,
        3.508356439680796,
        3.495465597125679,
        3.4881734591614393,
        3.5076071907575415,
        3.492924839294463,
        3.487542647340199,
        3.522282840493255,
        3.513970676300188,
        3.456404121433388,
        3.448926969954907,
        3.481605128707402,
        3.4724723728071014,
        3.4836752477463104,
        3.4612712430865993,
        3.460741260544126,
        3.4419888103908423,
        3.448297306027836,
        3.3869578386303436,
        3.4520780864774894,
        3.448151866418155,
        3.39188939628054,
        3.3402888553221928,
        3.3754804660529882,
        3.385728821604956,
        3.3403775310227024,
        3.3638214998086013,
        3.3861311242808,
        3.4015107709835184,
        3.3431673957342154,
        3.3626530686453493,
        3.3217645050552713,
        3.2976996273774746,
        3.3394123916881853,
        3.307884596525796,
        3.3256991513927168,
        3.3017413469510797,
        3.328183207072386,
        3.325475310519182,
        3.299232572469112,
        3.315682765595554,
        3.338494952471339,
        3.30225507893022,
        3.298913326896288,
        3.2799095219377605,
        3.2868971442684396,
        3.2695188508948014,
        3.307685728390127,
        3.3193486178177136,
        3.3580039143172393,
        3.33522363577549,
        3.335867284459823,
        3.3125989033164074,
        3.3336192952660335,
        3.3303732118726437,
        3.3184547229861017,
        3.322443353501083,
        3.285532081732197,
        3.3106020552405955,
        3.2897035032094277,
        3.29108273300064,
        3.2715107781827504,
        3.279042105685715,
        3.2680653776223907,
        3.3144779754417155,
        3.2883926861988364,
        3.2747518935311253,
        3.29727446126273,
        3.30119450660868,
        3.283259159969605,
        3.2937130508635173,
        3.2694445639641336,
        3.263627860626112,
        3.293348288905787,
        3.269355568790892,
        3.2820009233908776,
        3.3271663641285802,
        3.2705661853198453,
        3.2628733102038234,
        3.2878894931351788,
        3.2705567222040095,
        3.2663649898342118,
        3.27578909511664,
        3.2499815394425626,
        3.272490888589219,
        3.2227243357911406,
        3.272905367331382,
        3.2308992462563517,
        3.2872804901983868,
        3.2387476272631663,
        3.181313998527546,
        3.2113905292611413,
        3.202365836359588,
        3.2190955934809335,
        3.1796877797137535,
        3.2405538854776696,
        3.2156157111230796,
        3.2382098983402945,
        3.2169688805538605,
        3.240049106803645,
        3.2332577962489535,
        3.225977268451461,
        3.2214054844221076,
        3.213057812332641,
        3.209677432615576,
        3.2165936205138124,
        3.2570103325511015,
        3.2406357201783527,
        3.2594212376460345,
        3.2280154874723666,
        3.218247664719152,
        3.1876020133740384,
        3.2180360323076465,
        3.2407246012110216,
        3.2504929406375016,
        3.24310024828111,
        3.278143733549637,
        3.2352720612792427,
        3.2518405886081694,
        3.218935703287142,
        3.2210530448115495,
        3.183614622168281,
        3.19131092762499,
        3.1739930396973577,
        3.179440556287175,
        3.202266226501885,
        3.2040455848112623,
        3.1567296743544135,
        3.2347970236291514,
        3.2416027710500583,
        3.229071435071508,
        3.2168515715591326,
        3.216247711172036,
        3.2484382471741107,
        3.266319415208032,
        3.220032828633794,
        3.1930528299925034,
        3.214220844328339,
        3.2509185624176182,
        3.222432175852591,
        3.209343268501617,
        3.1955572791169797,
        3.1924608436649358,
        3.2299359665288043,
        3.210066879506266,
        3.2122405024580236,
        3.173495122042265,
        3.1794621802934824,
        3.1799532202752308,
        3.1311425596769658,
        3.1424572816854366,
        3.1292610598765576,
        3.098334668014401,
        3.1517885769660157,
        3.1368833005072565,
        3.144871914901058,
        3.1616486249631532,
        3.1561768664332717,
        3.148650518742253,
        3.15061479307459,
        3.1562681505381227,
        3.140775846713048,
        3.1752237950270183,
        3.1451241390093116,
        3.1468771080757643,
        3.116969030091789,
        3.143864816074309,
        3.1453067023196577,
        3.1652733020710566,
        3.1888201627576613,
        3.2176197797639015,
        3.21075557596459,
        3.1983078616577605,
        3.2185062953242145,
        3.2160204883130796,
        3.2445223000904213,
        3.180774361060917,
        3.18996912547824,
        3.183827084156612,
        3.2171952728083912,
        3.2140951386462424,
        3.2583462163496155,
        3.2137083891705447,
        3.1776069849057382,
        3.2167280871040056,
        3.2052202431883274,
        3.2055507273173984,
        3.194236739662355,
        3.2467227292203846,
        3.207695850289222,
        3.1737221260401824,
        3.1938278371447124,
        3.1881455501089557,
        3.1818346910455424,
        3.1832339753857615,
        3.1680232039961513,
        3.1745013310636128,
        3.1269085544521147,
        3.143728236249337,
        3.1934597993814413,
        3.176514461551048,
        3.1597140938227866,
        3.166554153886327,
        3.1826864699999375,
        3.11416229073491,
        3.1727616950422766,
        3.1930250500469186,
        3.1801705443071118
    ],
    "min loss": 3.098334668014401,
    "training steps": 10000,
    "batch size": 256,
    "history size": 1000,
    "dataset": "enwik8",
    "end time": 1730481261.5768301
}