{
    "start time": 1730476974.6685646,
    "use_input_gate": false,
    "use_forget_gate": false,
    "use_output_gate": false,
    "use_state_gate": true,
    "use_new_state": true,
    "use_old_state": false,
    "use_residual": true,
    "n_layers": 3,
    "state_size": 256,
    "id": "cf37a99008cd498937924aa7b4a6fc4509a86636582363119dd350a6b191da88",
    "loss": [
        3.632018867770861,
        3.3498598543513567,
        3.163547600550917,
        3.043297050134339,
        2.8666680397455293,
        2.7336429479410365,
        2.632710901828063,
        2.6130631921988976,
        2.540552154539223,
        2.4948440549992403,
        2.472648611621672,
        2.4166393726292994,
        2.4206724301860096,
        2.3268008042715507,
        2.3801399317971823,
        2.316785231746196,
        2.2472103156831373,
        2.288483048601966,
        2.266921993668018,
        2.281639026786061,
        2.2489648913259717,
        2.264871462226982,
        2.2029129056162433,
        2.186051327462727,
        2.185471410216275,
        2.1438090140081387,
        2.119227701311282,
        2.0713808085967242,
        2.0923175621745465,
        2.084278615776719,
        2.0807435740271383,
        2.0355042789055124,
        2.0446231981149423,
        2.0519284015074706,
        2.039159288062414,
        1.9913126122094178,
        1.9981493931592398,
        1.980590790484576,
        1.9446140844539743,
        2.1024086433518985,
        2.0704620003245604,
        2.0143880365836466,
        1.9655041348272215,
        1.9673856289821186,
        1.9768724095662886,
        1.9590735158501913,
        1.940817744029047,
        1.958005016354013,
        1.9346879007275757,
        1.9548009954924797,
        1.9530583980578458,
        1.9595649324097182,
        1.9619943859085667,
        1.9098540274555083,
        1.9169273116403476,
        1.9215706523950102,
        1.9069441427623794,
        1.904906444934442,
        1.9373435651502884,
        2.0017097551297955,
        1.9873304732786228,
        1.9934664832094549,
        1.9180260535991274,
        1.9170125078529636,
        1.8682947522723987,
        1.903648126243226,
        1.8451599138484343,
        1.8911888442052112,
        1.8549054501121651,
        1.8966552111430253,
        1.8542671540860747,
        1.853265774264696,
        1.8736284917853403,
        1.8646327070920479,
        1.8326399498226085,
        1.8700845535808557,
        1.864470534150888,
        1.8610967781028391,
        1.8503257593636657,
        1.9952787451524614,
        1.8671257912005323,
        1.8547411249166295,
        1.8146866761265412,
        1.8215780272404407,
        1.837333174099174,
        1.8366674666015124,
        1.87874513584213,
        1.912327652322572,
        1.8898246634553437,
        1.8411590920547272,
        1.7926964866583828,
        1.8269383546242055,
        1.812466725605473,
        1.7855694397411188,
        1.8084266299492264,
        1.7862173045804732,
        1.7821726337056225,
        1.7879622915381854,
        1.8299110577103703,
        1.953127693024819,
        1.84325228481078,
        1.7574713114370824,
        1.8182604431936076,
        1.7858093515145914,
        1.7994789479114868,
        1.8037137413305375,
        1.7672697937133408,
        1.7879830271885981,
        1.7823467496040164,
        1.7905851740446967,
        1.7496999339034345,
        1.7569663500664519,
        1.7870960968844118,
        1.8001663152775416,
        1.788229345732291,
        1.8200234643389188,
        1.7851808764525936,
        1.7730294207270763,
        1.778390303752854,
        1.923673123968056,
        1.872019905941129,
        1.866429391930951,
        1.8309979781723658,
        1.7925429471753989,
        1.7852377529437256,
        1.777217177783995,
        1.7990831653027295,
        1.7601042466828207,
        1.7511169223422691,
        1.8065882255595647,
        1.794598526488834,
        1.785744968632076,
        1.8014713667357714,
        1.8035941155749218,
        1.7891610426670637,
        1.7884283057369263,
        1.7498095991258487,
        1.7589992760306337,
        1.746672457017981,
        1.8810651902743352,
        1.8247298995498593,
        1.8307751607415648,
        1.776951824847537,
        1.7908677219338927,
        1.803768124976788,
        1.774068658172167,
        1.7596796367824752,
        1.7441711388721082,
        1.783434258973199,
        1.7351458748870001,
        1.7257734432128395,
        1.7648594800299435,
        1.7969349590902148,
        1.7131244208386485,
        1.7711480369744677,
        1.7347535921937465,
        1.7455332830938097,
        1.713288260232995,
        1.7584957443236124,
        1.868301508012902,
        1.813024900805208,
        1.7829067518974488,
        1.7169118286188918,
        1.7662383672986945,
        1.7325815784999452,
        1.7743084585547289,
        1.7493758734864746,
        1.7498078967521806,
        1.764093532687988,
        1.7105985880142904,
        1.7127359331459946,
        1.7173926060272142,
        1.6912042163272492,
        1.699234729501803,
        1.700846826045414,
        1.7132981987254001,
        1.666899352416813,
        1.7438501175299663,
        1.7309261640934301,
        1.8605482226737518,
        1.7379308292128461,
        1.7444769017322317,
        1.747332320145143,
        1.6993510266170972,
        1.7104122282270853,
        1.715579953728551,
        1.7039340123853168,
        1.706255321937735,
        1.6932896584381953,
        1.6533599694280687,
        1.7240336828271998,
        1.6652246048097596,
        1.7099303672987027,
        1.7112622364308674,
        1.7041101564411776,
        1.7117313269185055,
        1.7414371622822271,
        1.7187445654965983,
        1.7142526967965914,
        1.8727176953582754,
        1.82374987776585,
        1.7477964429379769,
        1.770223323507825,
        1.7523020179588844,
        1.7430389675292022,
        1.7594289308746085,
        1.7371926761116698,
        1.745527299400217,
        1.7028142124181125,
        1.716354000915152,
        1.7044027520778733,
        1.706199738125534,
        1.713536250724373,
        1.7073299831441555,
        1.7034211173882505,
        1.7631013948026666,
        1.6965267993255018,
        1.661574434549703,
        1.65838774706186
    ],
    "min loss": 1.6533599694280687,
    "training steps": 10000,
    "batch size": 256,
    "history size": 1000,
    "dataset": "enwik8",
    "end time": 1730477018.8471842
}