{
    "start time": 1730482264.364403,
    "use_input_gate": true,
    "use_forget_gate": true,
    "use_output_gate": true,
    "use_state_gate": false,
    "use_new_state": true,
    "use_old_state": true,
    "use_residual": true,
    "n_layers": 3,
    "state_size": 32,
    "id": "d0278c6c38d54e0cc3d2d902fd491f3972aedc0a584c35660ec7b327aa7173ed",
    "loss": [
        4.5494997550759795,
        3.6208482736468612,
        3.4355749264185262,
        3.3986281940961964,
        3.381881506613819,
        3.3072492008465013,
        3.2831256153902326,
        3.266557119557198,
        3.206859347680062,
        3.1533946502961556,
        3.142691640048217,
        3.1312494126284176,
        3.0864232180343327,
        3.061668571013465,
        3.048559216951518,
        3.0154378268841713,
        3.008451240108599,
        2.9577536444408037,
        2.9838141520871475,
        3.0134756592699445,
        2.978655102456455,
        2.9582898463739205,
        2.9244779834262538,
        2.9980557454575147,
        2.9122041573014843,
        2.969041164270825,
        2.9306439860111597,
        2.8989837228329005,
        2.84769459492871,
        2.88534325788239,
        2.8743957611689277,
        2.8665461647720103,
        2.8512470092837123,
        2.8320525120341467,
        2.7808764490806217,
        2.78005324219874,
        2.779151539587301,
        2.7506704163513938,
        2.7261925948455477,
        2.772819892463813,
        2.7490635108293184,
        2.7101520093935276,
        2.6810480059510207,
        2.739097206216461,
        2.697990387139161,
        2.6727825672562444,
        2.7049125959297586,
        2.7279471865378513,
        2.6775125027511,
        2.656175034139637,
        2.661757130379211,
        2.65320679056346,
        2.631912384016584,
        2.626349402724346,
        2.623291803528322,
        2.638057096315596,
        2.5964172987993748,
        2.679345234821117,
        2.6186959411158797,
        2.6940966571235783,
        2.5778588997357224,
        2.5796552407415354,
        2.5716195430731204,
        2.5804504031952025,
        2.619891834013563,
        2.5676018589154395,
        2.59259774881247,
        2.548603097279131,
        2.546767947957684,
        2.508084235869249,
        2.5536792294225266,
        2.571682278782963,
        2.5504382301260624,
        2.5446707524113585,
        2.5489458988856555,
        2.5357577886116593,
        2.529173805349377,
        2.525233880480626,
        2.497296201166388,
        2.599492527716869,
        2.5389649395854903,
        2.5646942872996155,
        2.5132059394560238,
        2.530374907820709,
        2.5031514162704593,
        2.4970661170254047,
        2.4995849889378126,
        2.4987347177272325,
        2.507854567391143,
        2.5184918705609753,
        2.4703131076580487,
        2.495038649591069,
        2.4908287298963723,
        2.4774116921607092,
        2.4662734952215515,
        2.4463464767740253,
        2.447332210333061,
        2.4644271609352457,
        2.4383161435924205,
        2.5296565600606393,
        2.511478306815785,
        2.5049660468628288,
        2.484064366551763,
        2.454789304841467,
        2.4899771103794963,
        2.4640431648176615,
        2.4549616428633625,
        2.429067929891805,
        2.392025813287223,
        2.4414019930597215,
        2.4410138817922435,
        2.463134439215871,
        2.4394950341993265,
        2.4412871073916245,
        2.470685250187672,
        2.4325679701575353,
        2.400949457094129,
        2.389348816332677,
        2.398224649760487,
        2.460371477824804,
        2.4402610149372963,
        2.4287676910423714,
        2.436832356925293,
        2.4163316700462243,
        2.4318910264339317,
        2.3425558215051576,
        2.377587610623619,
        2.3497624321653374,
        2.362774817323991,
        2.4204208559909746,
        2.3741047144230913,
        2.3528740015779492,
        2.402772082738008,
        2.3796431985023343,
        2.4020644202381702,
        2.341857406553991,
        2.368200365510449,
        2.3711335016355206,
        2.427744370309667,
        2.4661074450010356,
        2.3212442597695775,
        2.389626127737017,
        2.382611167996556,
        2.3353548974170684,
        2.327269470208485,
        2.3627492548074907,
        2.3608733780108975,
        2.3436377450640618,
        2.342018980532999,
        2.3825809659164676,
        2.3505978937260434,
        2.387731629619762,
        2.318251790917346,
        2.3735141421669854,
        2.3358095181852976,
        2.353445328285095,
        2.3302743226431755,
        2.3310303401673425,
        2.316475330080482,
        2.415645636516204,
        2.4016341904737937,
        2.353272671097441,
        2.4194524345067707,
        2.3575765388159486,
        2.4002740644658687,
        2.3356855301322623,
        2.3118043065997584,
        2.3421337824771733,
        2.325581976304245,
        2.335933367569324,
        2.3219588403750624,
        2.347939975962617,
        2.328197071599224,
        2.3472384846858474,
        2.348263482017219,
        2.3210958974578806,
        2.323020642170931,
        2.3575583229872836,
        2.3162227268482756,
        2.363193984333051,
        2.326037405177974,
        2.2888698227424507,
        2.2832088985858157,
        2.317379288184953,
        2.3130383424035488,
        2.255364166316148,
        2.25284527555777,
        2.27832544107655,
        2.3389276814195537,
        2.301456100020889,
        2.3045998666385614,
        2.301720643256253,
        2.309929927679971,
        2.2960037926687007,
        2.2740358664166096,
        2.321357512450373,
        2.3087619884316775,
        2.3247054297027483,
        2.306487658621872,
        2.3798954792056404,
        2.319952581304258,
        2.2674144736760113,
        2.295673945425284,
        2.2981948203856435,
        2.298370260176092,
        2.316451851771841,
        2.308061116518787,
        2.2862774079883352,
        2.3236269380070134,
        2.285629339581089,
        2.3125899125200857,
        2.2684029717184537,
        2.297719901843023,
        2.257523430756826,
        2.2538092015408897,
        2.2855273389472854,
        2.3111498873961884,
        2.2698815522757503,
        2.2817392611519494
    ],
    "min loss": 2.25284527555777,
    "training steps": 10000,
    "batch size": 256,
    "history size": 1000,
    "dataset": "enwik8",
    "end time": 1730482337.8582451
}