{
    "start time": 1730478975.841994,
    "use_input_gate": true,
    "use_forget_gate": true,
    "use_output_gate": false,
    "use_state_gate": false,
    "use_new_state": true,
    "use_old_state": true,
    "use_residual": false,
    "n_layers": 3,
    "state_size": 256,
    "id": "d053ec3a8fd229d68bea6a182a3e6f542fbcf94585618f7dcf56ce20137607f3",
    "loss": [
        3.708637977505861,
        3.477578514696762,
        3.257455592436515,
        3.1700055511860437,
        3.0463757113912195,
        2.9598364491596083,
        2.9578846798903573,
        2.8769889735702927,
        2.7993798803268812,
        2.8004872203992663,
        2.766812089412196,
        2.7343171821687724,
        2.688715620871436,
        2.712402044606024,
        2.70240922479958,
        2.671584897895954,
        2.6514203504453544,
        2.6666211162539257,
        2.644070174233261,
        2.6528697126363525,
        2.6734910925866022,
        2.6258399160612895,
        2.615031350342134,
        2.604310730761194,
        2.5829305686883086,
        2.57879620682585,
        2.5968800680875512,
        2.582757350732113,
        2.5539861138639988,
        2.5814479990660963,
        2.53611608330462,
        2.5258448659550035,
        2.5312497628890296,
        2.530707844516061,
        2.5190378397088367,
        2.5371785267136864,
        2.4677682955622138,
        2.437402066494309,
        2.4951363089603302,
        2.526427754637802,
        2.463516913903555,
        2.46320547166944,
        2.4459107861092524,
        2.474241243941731,
        2.4246855633834765,
        2.428817027402073,
        2.42411778262966,
        2.4193838584584646,
        2.4086910596939854,
        2.406350135817531,
        2.4022135890853193,
        2.382897552687168,
        2.38510963037399,
        2.376888596609886,
        2.3845052944191036,
        2.4022989618239503,
        2.4467989167797364,
        2.3667180901400195,
        2.415550967125001,
        2.4775829282797117,
        2.385955419423492,
        2.3938508953433884,
        2.3750316716606736,
        2.392404466824759,
        2.3313625880178264,
        2.370723518019086,
        2.3585573073516772,
        2.3519785086851215,
        2.337832901157126,
        2.3702127634052976,
        2.375140360643519,
        2.338628442347696,
        2.3642510873162896,
        2.3879186296865322,
        2.3218490254796182,
        2.3201209960825895,
        2.309836439338357,
        2.338680307858672,
        2.353027833211725,
        2.4218141058656584,
        2.3285597443160113,
        2.3402383154277797,
        2.3412687573858055,
        2.3428948432322296,
        2.3034690443071635,
        2.333228383526397,
        2.2845469444704363,
        2.3022748821493053,
        2.3253583925156978,
        2.300904837666782,
        2.299005592578768,
        2.3357927965065897,
        2.312125432647613,
        2.3113606164851275,
        2.2602094933897092,
        2.2698491974573933,
        2.2835606477805905,
        2.295969601192764,
        2.2892803604051943,
        2.360789319408314,
        2.2639650165092653,
        2.2693642694813145,
        2.3149025232766918,
        2.2362253429956964,
        2.300361333893317,
        2.273963925775168,
        2.24836650760161,
        2.246415879986639,
        2.248180438757665,
        2.2734336468513483,
        2.2431142903763033,
        2.2291632664228094,
        2.227568865948416,
        2.2374820961250084,
        2.204203672943346,
        2.2525440160801273,
        2.2065276609163464,
        2.233328818465834,
        2.240444196151916,
        2.3309474165865596,
        2.299120962928682,
        2.216443993270022,
        2.260555202563884,
        2.2401927300225144,
        2.2794947133809194,
        2.2795777382437024,
        2.2545051170836374,
        2.2049513904931963,
        2.256697084238148,
        2.222099647143761,
        2.2439090318977937,
        2.280107000068086,
        2.247240640190092,
        2.2294584650125526,
        2.214536785470011,
        2.223149065085567,
        2.2403877834407475,
        2.2192102922687673,
        2.1809850738991803,
        2.228443810366779,
        2.15175272734643,
        2.1711296467995376,
        2.158182733166122,
        2.128768511198031,
        2.1959120749058503,
        2.1195418448734236,
        2.134001987555993,
        2.2057769552555095,
        2.141907830805551,
        2.14547943249336,
        2.142879715956085,
        2.1300644861603066,
        2.146934582414214,
        2.0718841219119737,
        2.1223209509096077,
        2.1629130484275776,
        2.168785874305452,
        2.1800041446462015,
        2.1597721698404295,
        2.24612822540664,
        2.192626281739026,
        2.1623098126363107,
        2.119214320977124,
        2.116683866512642,
        2.1227115861059795,
        2.0913419153963733,
        2.127722421558366,
        2.0860999596395047,
        2.125232724605453,
        2.103264923513494,
        2.107439517397225,
        2.123220812621497,
        2.1251182167914444,
        2.0996432376207013,
        2.1026054146801405,
        2.1426337424545396,
        2.088873614919282,
        2.107551990549295,
        2.1139624575911014,
        2.201022438791468,
        2.175578592412731,
        2.159188926784432,
        2.1381810323203525,
        2.1236809710366598,
        2.060552584995872,
        2.084964767723123,
        2.091380746909266,
        2.0994963376291715,
        2.08636943478154,
        2.0418743675540596,
        2.063204376129689,
        2.0533822137227156,
        2.0766120395664647,
        2.0767945190805444,
        2.086098264244482,
        2.114715135641732,
        2.0477447213304747,
        2.0793096281890193,
        2.093112678389657,
        2.1776172280582,
        2.103137370621475,
        2.0907992262791772,
        2.070205829761276,
        2.0778487538265344,
        2.1062360866770757,
        2.0081771837581073,
        2.034997722775748,
        2.0054876111644298,
        2.0297779690819624,
        2.047413869967318,
        2.0170750827333483,
        2.074239607191313,
        2.0442184453496233,
        2.0789637787016657,
        2.047888587670671,
        2.0572816355907464,
        2.0786647365767705,
        2.058172361782611,
        2.033120119253
    ],
    "min loss": 2.0054876111644298,
    "training steps": 10000,
    "batch size": 256,
    "history size": 1000,
    "dataset": "enwik8",
    "end time": 1730479039.9816303
}