{
    "start time": 1730480134.004843,
    "use_input_gate": false,
    "use_forget_gate": true,
    "use_output_gate": true,
    "use_state_gate": false,
    "use_new_state": true,
    "use_old_state": true,
    "use_residual": false,
    "n_layers": 3,
    "state_size": 256,
    "id": "d4a449f3b478a8710291ffa7d2b9170c4dff2bd53b04d63c43e051f250a19cc7",
    "loss": [
        3.7300262753590054,
        3.584054735238966,
        3.5417605727070756,
        3.527214918056061,
        3.5561113768747408,
        3.4600999218522457,
        3.3569127849241887,
        3.295749777583973,
        3.2052144513761656,
        3.145941197402823,
        3.0529013597086574,
        2.968554594895133,
        2.975043307498843,
        2.9227578035539525,
        2.9053551295836857,
        2.9119332365739097,
        2.8314672108162187,
        2.827978964784948,
        2.787370260023429,
        2.8080196911691733,
        2.801246245813127,
        2.769240072402811,
        2.723351251381917,
        2.753153707143537,
        2.694166194018763,
        2.6904322671501077,
        2.659678997927345,
        2.6949270443935913,
        2.699851067157612,
        2.695315085127069,
        2.645454807130685,
        2.6368262755395584,
        2.665469245410221,
        2.6232300490362443,
        2.591766734943419,
        2.5442254176463246,
        2.568280607847605,
        2.503487669744181,
        2.4931980953402637,
        2.577751393736965,
        2.625667986267008,
        2.5518437365480393,
        2.5124335699845126,
        2.5030232963650225,
        2.5304130760883146,
        2.5089271514334626,
        2.506146972886377,
        2.4660507950758097,
        2.50326916152895,
        2.461151942014459,
        2.505369314552793,
        2.497599829947485,
        2.4650903926101657,
        2.480073123031701,
        2.464759097315748,
        2.4728496171374807,
        2.4678766927230065,
        2.432362322745594,
        2.4490268862585274,
        2.497806217605966,
        2.4673379595805933,
        2.4786404044058465,
        2.4064108273209053,
        2.364291050718299,
        2.383973699304893,
        2.36201730557009,
        2.382135806104755,
        2.3513584446664555,
        2.3967435906736894,
        2.3610674277280097,
        2.3906632754017254,
        2.368515960235639,
        2.3565228618543714,
        2.346161999582242,
        2.4313796154835474,
        2.3864805069261954,
        2.365490256264629,
        2.327364723976211,
        2.3653253536452015,
        2.4247922215860154,
        2.4098703546368223,
        2.3517256817256715,
        2.3164155023112847,
        2.355889944752725,
        2.346629666820283,
        2.340938925143278,
        2.38825667079593,
        2.3041495852901512,
        2.3086541995174965,
        2.2951624269996924,
        2.296464116220202,
        2.3088887200591843,
        2.2951603584874416,
        2.2951075146215763,
        2.3206954720633424,
        2.311684856509408,
        2.289896697065723,
        2.314218166677212,
        2.2786809373831045,
        2.367531275130986,
        2.297655874485351,
        2.262935027626454,
        2.2718623567105793,
        2.2580082526194234,
        2.2619052108923268,
        2.273649738811966,
        2.236800787348072,
        2.226706724013278,
        2.224130932696671,
        2.2780015691693434,
        2.230525788060862,
        2.2472383041646973,
        2.232154175773885,
        2.226419330068547,
        2.2386928282691216,
        2.2362338248585307,
        2.2380160422557913,
        2.245231140208776,
        2.2463273309224534,
        2.306975960650998,
        2.2445120113806016,
        2.2440295554402034,
        2.2541412755541206,
        2.231279474717451,
        2.28153653035661,
        2.2475796047192764,
        2.247640768539008,
        2.281715905850047,
        2.2222233755525824,
        2.2335057384181365,
        2.2491484698066047,
        2.2134693726376544,
        2.224849704320512,
        2.180365861411278,
        2.209289061814881,
        2.2152909963728007,
        2.280120595017424,
        2.2127053132181667,
        2.2230477242085693,
        2.281086116269194,
        2.2422352994994146,
        2.2087703532953404,
        2.2261618488386556,
        2.2015106300288414,
        2.2044583370496964,
        2.2010027416385287,
        2.2227664426128806,
        2.2404207373294525,
        2.2263753384706155,
        2.2369257612697027,
        2.232728527185216,
        2.2176720129971934,
        2.1837170618188435,
        2.211655395115483,
        2.2250628630082785,
        2.2376657390211228,
        2.1645989481384107,
        2.171617871073552,
        2.217933706880246,
        2.2668032370114033,
        2.1867767029067102,
        2.1649913354696135,
        2.1461169855626125,
        2.1811759708573946,
        2.180317790277841,
        2.1946965602769453,
        2.15924485797909,
        2.1772021436140876,
        2.17153785132635,
        2.1847705318878394,
        2.158011580201347,
        2.202347312486574,
        2.146162716688335,
        2.1584800605523617,
        2.143412602688803,
        2.150093488812531,
        2.1324204781674623,
        2.167000460233067,
        2.1426138167592286,
        2.200059261548335,
        2.2026765632735903,
        2.164716899167791,
        2.1777133404457003,
        2.1806061051003685,
        2.1477315453056085,
        2.1931753118910167,
        2.1537232690131947,
        2.2019677720082558,
        2.1925886602498554,
        2.1599342123940195,
        2.1650354856057845,
        2.1392769097801385,
        2.1476371381379376,
        2.143569260542019,
        2.1382732044234753,
        2.1944376125826985,
        2.1287681101778766,
        2.1688162096328405,
        2.08578004698198,
        2.1915516663986225,
        2.1811384853229487,
        2.143947160071966,
        2.1647704588515175,
        2.117146543449088,
        2.142146810887152,
        2.123776824029412,
        2.1163663780052513,
        2.126056709479341,
        2.181073774804854,
        2.1334226675469257,
        2.1024134725962127,
        2.122907531563388,
        2.149902177955194,
        2.1182911860888503,
        2.1162564297252953,
        2.0432490646440296,
        2.1407912152875745,
        2.079231549799443,
        2.0963796102442007
    ],
    "min loss": 2.0432490646440296,
    "training steps": 10000,
    "batch size": 256,
    "history size": 1000,
    "dataset": "enwik8",
    "end time": 1730480183.7919023
}