{
    "start time": 1730476129.0038092,
    "use_input_gate": false,
    "use_forget_gate": true,
    "use_output_gate": false,
    "use_state_gate": false,
    "use_new_state": false,
    "use_old_state": true,
    "use_residual": true,
    "n_layers": 2,
    "state_size": 32,
    "id": "d754550007de5e6747add73e95782bbce4a756869ad2f3d8c72d3d2b2845600c",
    "loss": [
        5.09757136195962,
        3.783991934274389,
        3.491718308645941,
        3.4682134834639116,
        3.424277985900635,
        3.400787026178421,
        3.3833125976739264,
        3.3389802848371315,
        3.34546323180031,
        3.3066031081489995,
        3.2643001683163595,
        3.2919801301497356,
        3.23963416891843,
        3.2265699467408515,
        3.2001757711579,
        3.1612136645822555,
        3.1604331518192916,
        3.112686740981712,
        3.0734012330837155,
        3.0234644549660126,
        2.9585315279567244,
        2.9250926760011837,
        2.886912534473854,
        2.920864900964793,
        2.917903102791056,
        2.8827395531894946,
        2.855019135163593,
        2.848890773170737,
        2.8188457128279025,
        2.8322109702650913,
        2.8153613195045466,
        2.821488905368574,
        2.7897366187327814,
        2.7686447446279154,
        2.754001568597412,
        2.7741452179349695,
        2.7676849452692007,
        2.733220919700003,
        2.726785675509709,
        2.7230785448232,
        2.7850776909325843,
        2.7529468322593145,
        2.7643986753132452,
        2.7501021291287833,
        2.7666318587527385,
        2.7249922254932084,
        2.7131790835436473,
        2.746663644509887,
        2.735987044923373,
        2.7044330889472152,
        2.718845803966422,
        2.7106744522595863,
        2.686270432934288,
        2.692505433829046,
        2.708014904034652,
        2.7232798408256316,
        2.717467213335102,
        2.7054196983225003,
        2.707143865172923,
        2.702094699567157,
        2.671563737906173,
        2.658340873486487,
        2.661078774892263,
        2.6275370190258855,
        2.6004880349715043,
        2.592695488105083,
        2.6232533801669886,
        2.6364345027160723,
        2.6185346802682927,
        2.642354651526529,
        2.6074727368673942,
        2.588376005379885,
        2.5924272498667738,
        2.614085184240564,
        2.6056477568033247,
        2.609337178180241,
        2.5949069560390217,
        2.6044158088253977,
        2.6061330781168692,
        2.6566529636506853,
        2.5826009940015178,
        2.563775191479907,
        2.6043748106319304,
        2.5663336529442176,
        2.590241502826266,
        2.5582917948475465,
        2.5846340830373165,
        2.561866397295759,
        2.621041265801016,
        2.623009054968379,
        2.597793381970467,
        2.5935826993063027,
        2.553645138714371,
        2.5418078936165656,
        2.563198734533965,
        2.557780082431818,
        2.5548211173147504,
        2.575407977222297,
        2.5937576386161325,
        2.5909194518933516,
        2.544749024261304,
        2.580252332231642,
        2.5365271586173552,
        2.553337934694192,
        2.503192648446795,
        2.5502202423139697,
        2.575054370474282,
        2.5893721869445243,
        2.550006615190869,
        2.5621283243366166,
        2.577854632100877,
        2.5443280307370117,
        2.563964912792554,
        2.564735583706631,
        2.511874561041145,
        2.521269574322566,
        2.5484639519712577,
        2.533022488829887,
        2.5446062664922726,
        2.573068673576357,
        2.540791091852727,
        2.5351567883446444,
        2.551575198155883,
        2.538917158376931,
        2.5220171154843567,
        2.5293972949241574,
        2.5619755592199946,
        2.5469090317411784,
        2.50777753711349,
        2.5170839561992673,
        2.500398469771074,
        2.485428724861412,
        2.5349902029879097,
        2.5154579620687043,
        2.498829933346867,
        2.5307240719903783,
        2.500888264986928,
        2.5020363911171533,
        2.5310677702128133,
        2.517147606442123,
        2.5215856577940445,
        2.522406715355959,
        2.520441104094598,
        2.527588345386104,
        2.5101431412183044,
        2.5100383111595588,
        2.5399502934280873,
        2.51105997006485,
        2.523771519890291,
        2.4915407455033636,
        2.4890283401471804,
        2.4747399279389235,
        2.4974433223077335,
        2.5027028396148734,
        2.5015923396990623,
        2.5042047172322066,
        2.513176599729856,
        2.516355970041511,
        2.449525628501926,
        2.4785250797007845,
        2.4711764546860047,
        2.507911836692947,
        2.489730368085511,
        2.5010598420442007,
        2.5076694777868647,
        2.4715747032684923,
        2.4903051587212053,
        2.4996294224691984,
        2.4865637260135247,
        2.4881755127205243,
        2.4723605313305694,
        2.488796632362202,
        2.4927200734073622,
        2.4500630136507704,
        2.444256787280035,
        2.5029792266153095,
        2.4985741176995124,
        2.4724381271163645,
        2.4605640440768455,
        2.48344681512823,
        2.4761505609878465,
        2.480311014603082,
        2.443403884496943,
        2.463610144312208,
        2.470927728201277,
        2.436757820046286,
        2.4523444517994513,
        2.4342485829420797,
        2.412978584889583,
        2.4289666949861304,
        2.4376391948216365,
        2.4166641779919127,
        2.4603808158154683,
        2.4458789080457604,
        2.435279049801149,
        2.4420507456130145,
        2.425959982685798,
        2.424910384340475,
        2.419289884310096,
        2.473706446920233,
        2.4550659617256723,
        2.4489764550742743,
        2.4425362434490814,
        2.449801859793446,
        2.464268011772059,
        2.4305184846454506,
        2.429734519814602,
        2.476933246026034,
        2.443908987728764,
        2.4562303619436983,
        2.421639516509365,
        2.442571590345947,
        2.4223163866473865,
        2.4266856340585945,
        2.4410406243703706,
        2.44117307582717,
        2.4490440438852414,
        2.50588477748025,
        2.4081658421611007
    ],
    "min loss": 2.4081658421611007,
    "training steps": 10000,
    "batch size": 256,
    "history size": 1000,
    "dataset": "enwik8",
    "end time": 1730476148.5568619
}