{
    "start time": 1730480990.9054272,
    "use_input_gate": true,
    "use_forget_gate": false,
    "use_output_gate": true,
    "use_state_gate": false,
    "use_new_state": true,
    "use_old_state": true,
    "use_residual": true,
    "n_layers": 3,
    "state_size": 256,
    "id": "d8617fbcda297b0b63a746b16aa32ac67bb93499e64e49894c1a51be1e5857da",
    "loss": [
        3.827471108962039,
        3.519478658244627,
        3.4249504530288455,
        3.2427512092589366,
        3.1683911211677995,
        2.973405492097429,
        2.863482366058997,
        2.778729777167963,
        2.672406637567209,
        2.696347757346229,
        2.6036000065542537,
        2.567624151917678,
        2.491320587422504,
        2.499013247693286,
        2.4283819298926828,
        2.4454853256830114,
        2.4398652925016937,
        2.398332005981167,
        2.3790680706859395,
        2.351803371444306,
        2.3320251866811263,
        2.358555729217066,
        2.2717066982544343,
        2.254070013571417,
        2.228571859738348,
        2.2488729809860186,
        2.237200157283732,
        2.1763322188186947,
        2.1835232394720654,
        2.187067042344524,
        2.190696272392772,
        2.1666101578953345,
        2.1309858041241765,
        2.149368644923292,
        2.1652774358399602,
        2.1093998893446213,
        2.1091581092067955,
        2.1129222816260076,
        2.1268139275603555,
        2.173319117203679,
        2.141568817252512,
        2.186890264934449,
        2.1253265669800907,
        2.1113389385997405,
        2.131538021182691,
        2.1166592964341655,
        2.096899670190488,
        2.085746668170894,
        2.12315864954444,
        2.0854814230988676,
        2.0624136786008984,
        2.0405617567123997,
        2.046179389378217,
        2.025224888410378,
        2.037007464851823,
        2.0202583699469403,
        2.0713140314961125,
        1.9895094568668936,
        2.0072381936046226,
        2.0887872877364453,
        2.0484537788128305,
        2.012885178087381,
        2.0233395966767778,
        1.9824346154160934,
        2.0127624883134647,
        2.0145728402773946,
        2.0213752254544644,
        1.9875006275483589,
        1.970846051858862,
        1.972241520656978,
        1.984857717952112,
        2.0028710069552007,
        1.9579423088362546,
        1.950182320657029,
        1.9447315840897672,
        1.95201884373122,
        1.9236635114246152,
        1.9585389256743473,
        1.927798018699278,
        2.0664215038959943,
        1.980947924235341,
        2.0124004641128903,
        2.01508557837404,
        1.9985194465391802,
        1.9853476919756194,
        1.9750802127970366,
        1.9865404433487373,
        1.9692403663942426,
        1.9613530081381811,
        1.961164427171568,
        1.9310658399598228,
        1.9289958666593925,
        1.9217901755742766,
        1.948358054835812,
        1.9046891971394286,
        1.9635253493052311,
        1.9285514162996045,
        1.9096906528384876,
        1.8691397373051677,
        1.9906651768271801,
        2.0035892356774943,
        1.9512563894514403,
        1.9433454181403311,
        1.8999506194159226,
        1.927514424264157,
        1.9191822191203718,
        1.900875321728624,
        1.9402147606964517,
        1.8889471225199115,
        1.8831401971047381,
        1.8774359132211047,
        1.8855808528317244,
        1.921415153140447,
        1.8698882607964442,
        1.8976655772641982,
        1.9241763994563876,
        1.8873732816055322,
        1.9009839137407771,
        1.9264467353606356,
        2.0390008076370445,
        1.980553055965431,
        1.8872794097134074,
        1.8862711456927137,
        1.9056289419789725,
        1.9353423316596372,
        1.9188693368997627,
        1.9112050986978188,
        1.9105173063840346,
        1.8923288701583394,
        1.9057561754083796,
        1.902501892025578,
        1.9200742564943094,
        1.9374314994026653,
        1.8592212968033932,
        1.861791469049941,
        1.8724476560693195,
        1.8645145449581055,
        1.8701225646596529,
        1.807605770474903,
        1.9411179393767735,
        1.8995882889039422,
        1.918760372882793,
        1.8292177088314752,
        1.9008922108530706,
        1.9000877321745289,
        1.850667497377767,
        1.835286362864568,
        1.8157981389034406,
        1.8772162086137043,
        1.8376820642313347,
        1.8443776148011999,
        1.8585865587740975,
        1.8895386232575064,
        1.865387877234338,
        1.8496356632604327,
        1.8469445804483602,
        1.855369021178709,
        1.841527644879664,
        1.8290312062986713,
        1.9345678466174145,
        1.912023962802471,
        1.8724224841110622,
        1.8928979114608713,
        1.8677642726761001,
        1.8555846301531962,
        1.8905905106825596,
        1.883648746701697,
        1.8825981434593888,
        1.8178419978592613,
        1.8649384123388069,
        1.8113157365712511,
        1.8498882687827372,
        1.8402964323532467,
        1.8524351521709705,
        1.8765153119324303,
        1.8202684360684804,
        1.8404553277227997,
        1.8396650731346424,
        1.870762823401844,
        1.9511808925293106,
        1.893394126392124,
        1.8686426481767187,
        1.9041500470169135,
        1.8660939303551003,
        1.931152282758799,
        1.907784388904966,
        2.293622721446717,
        2.820634063998174,
        2.560865190384285,
        2.2302453333628036,
        2.0606386532687146,
        1.9830971096443073,
        1.9744450692973337,
        1.9533580699649054,
        1.9080862520059876,
        1.9427781325708082,
        1.9161156906222432,
        1.9256073881618836,
        1.9000590012758811,
        1.9638022788177376,
        1.922863163927882,
        1.8725277672013656,
        1.8450575381914294,
        1.8519657216187435,
        1.8509540259114328,
        1.8476496458126597,
        1.866944411331459,
        1.827853273945596,
        1.8450365907719701,
        1.855248001231712,
        1.8880877034973922,
        1.888412396836964,
        1.8883400552553515,
        1.8854085694605547,
        1.8697744468946396,
        1.8604941572666893,
        1.8849295935480495,
        1.8437488814310445,
        1.8589092044711122
    ],
    "min loss": 1.807605770474903,
    "training steps": 10000,
    "batch size": 256,
    "history size": 1000,
    "dataset": "enwik8",
    "end time": 1730481048.0453532
}