{
    "start time": 1730477740.0601783,
    "use_input_gate": true,
    "use_forget_gate": false,
    "use_output_gate": false,
    "use_state_gate": false,
    "use_new_state": true,
    "use_old_state": false,
    "use_residual": true,
    "n_layers": 3,
    "state_size": 256,
    "id": "db17f2bee5bf1129aad625a2e3b7ba2fe7b155af98cc89003029ead3bdb2556e",
    "loss": [
        3.55393236934372,
        3.3447503623581394,
        3.2051001496018356,
        3.1010282102135065,
        2.90854013456468,
        2.772552684769449,
        2.7140072050339197,
        2.6685973625754147,
        2.59790903920633,
        2.575819121940197,
        2.5020065752052774,
        2.5053183283279115,
        2.483971773128699,
        2.4532884794370684,
        2.4186841700008856,
        2.421445872322982,
        2.3946081689961147,
        2.368286775583926,
        2.373946949310271,
        2.387700392850344,
        2.41031872486299,
        2.3135249381564678,
        2.324326353216759,
        2.3315058154853068,
        2.2775921639916605,
        2.226882271294698,
        2.240551366310881,
        2.218117238545153,
        2.2559894682693677,
        2.1958649384687705,
        2.1969792464683855,
        2.2306291846316526,
        2.1596089989179346,
        2.171218674279773,
        2.169844771748008,
        2.176957911498846,
        2.145012265333465,
        2.1067473446055307,
        2.134255661780567,
        2.2207633923350416,
        2.1746657904661264,
        2.140276584532298,
        2.1129469240692673,
        2.1123759272281206,
        2.0998495719167387,
        2.0980745405309946,
        2.0902596709552506,
        2.093189435206984,
        2.081445340947594,
        2.0598535463024423,
        2.0687549610313405,
        2.0817978194154114,
        2.063193540670322,
        2.017459939010687,
        2.0192431874535504,
        2.020979938492754,
        2.013329285420585,
        2.0137089297833937,
        2.0363293539747715,
        2.109733511047225,
        2.0138603777744137,
        2.0288676235215535,
        2.005196746604145,
        1.984784018611952,
        1.9263965000007208,
        1.9470448009145702,
        1.9551651793669973,
        1.9656505156955173,
        1.971803403252935,
        1.9289698292743256,
        1.9715900880209898,
        1.9209657512435705,
        1.9103392721209431,
        1.8762541204755707,
        1.9310208238144215,
        1.9123024308082794,
        1.9043763213324123,
        1.9101247347025532,
        1.8909599448558008,
        2.0063833530009827,
        1.98622843886784,
        1.9983577753732866,
        2.0107477402987928,
        1.969451906841735,
        1.9184954475150553,
        1.9304094748445932,
        1.9032297389581676,
        1.9217151627359867,
        1.937797760129595,
        1.9198730265700412,
        1.874624486407602,
        1.8763545287395713,
        1.906333483047516,
        1.9265375624391934,
        1.9071409205642642,
        1.8444217146741533,
        1.856656702487975,
        1.7870155121915234,
        1.8726468286602962,
        1.981446492866905,
        1.901549616866748,
        1.8926832937107692,
        1.8829260032877022,
        1.941499953831676,
        1.906583013206123,
        1.840730874663045,
        1.8697964693982883,
        1.8389026088847666,
        1.8422446631036873,
        1.790345116729709,
        1.8581482438772279,
        1.8027410211602086,
        1.8065639770684971,
        1.855510704500659,
        1.8311117017478271,
        1.8036413012041335,
        1.8212932491836433,
        1.7765824299062831,
        1.7915179090822089,
        1.9410241733844344,
        1.9219595432780454,
        1.9164839326984746,
        1.889841741157072,
        1.8777232338482792,
        1.863541967209816,
        1.8344159070927504,
        1.8330804363942697,
        1.8382884482295854,
        1.8409953082876123,
        1.8274739516041396,
        1.8454423353260274,
        1.819314189294972,
        1.8104817761945315,
        1.7829438456437188,
        1.766434411680774,
        1.7634115066669749,
        1.792491927447833,
        1.7549025985835192,
        1.7776775450301596,
        1.9282202833996647,
        1.894635598880479,
        1.8249768609595132,
        1.8708887247039063,
        1.8025587404385033,
        1.7985961123117513,
        1.806613909428839,
        1.7934176019143555,
        1.8397895326100997,
        1.7843240456902603,
        1.7442972784898725,
        1.7681079343287096,
        1.7793089727203144,
        1.8170769875035668,
        1.7959155842182748,
        1.8061692702428946,
        1.8118315812046681,
        1.823677991616945,
        1.8161089442175427,
        1.7983521683821757,
        1.9132884880017678,
        1.8300654762086432,
        1.8195351458297362,
        1.788282971784194,
        1.8120445438926087,
        1.7743947344410542,
        1.7953407222779894,
        1.8209921756602594,
        1.7607706313725333,
        1.7662088768367916,
        1.7679789016824201,
        1.7767637141732262,
        1.814470223240306,
        1.8130120674189447,
        1.7644852045117987,
        1.790660312141157,
        1.8200039294994121,
        1.8194283662896564,
        1.7828793569763615,
        1.748665819218211,
        1.8934129417679977,
        1.8112278742422725,
        1.7885031744621578,
        1.7848516817531668,
        1.800023377024667,
        1.7674988300738024,
        1.807108966695805,
        1.767063853036019,
        1.7688379333825046,
        1.7780633354554303,
        1.7364495929455006,
        1.7574998427451003,
        1.8069693850288477,
        1.7421968207712208,
        1.7555888688527415,
        1.764079524762703,
        1.7611153134119468,
        1.7879644643335433,
        1.7527021717584421,
        1.8080363434127846,
        1.885736055098366,
        1.8609646510125881,
        1.803342541228837,
        1.8142234224791793,
        1.8169981762947365,
        1.7856131758000366,
        1.770012982873683,
        1.7804753076789328,
        1.7431026916257553,
        1.7837482538649785,
        1.7621839099471561,
        1.7800995758664762,
        1.7918838861008097,
        1.8005539461628617,
        1.8157890812494961,
        1.7583283557826874,
        1.7847025277373207,
        1.8155594603451966,
        1.8142722613668536,
        1.7840006331186693
    ],
    "min loss": 1.7364495929455006,
    "training steps": 10000,
    "batch size": 256,
    "history size": 1000,
    "dataset": "enwik8",
    "end time": 1730477791.8241565
}