{
    "start time": 1730483390.5751796,
    "use_input_gate": false,
    "use_forget_gate": true,
    "use_output_gate": true,
    "use_state_gate": false,
    "use_new_state": true,
    "use_old_state": false,
    "use_residual": false,
    "n_layers": 2,
    "state_size": 256,
    "id": "dbc2edcf62d9c242b76f64d744705b68b0586dce8e21f63ff3104f855953fb5e",
    "loss": [
        3.621146913928823,
        3.488530204603811,
        3.435462462937998,
        3.278132282347661,
        3.1583858688334225,
        3.0561803299871806,
        2.9657397520281594,
        2.905029248315506,
        2.8799044648805427,
        2.8237836297943484,
        2.7953346487804183,
        2.734057677736074,
        2.711922980648749,
        2.680398494377881,
        2.6528802760853623,
        2.60190585134438,
        2.596156888618841,
        2.567606020964687,
        2.5929520424140633,
        2.581670905172938,
        2.587576982143979,
        2.5530730457845046,
        2.5453978924162275,
        2.5570064717260244,
        2.491281047392618,
        2.4649420984473394,
        2.4465893530222163,
        2.454957624550207,
        2.433745922364376,
        2.430742627262148,
        2.392452529749357,
        2.3707719039057,
        2.343890833319467,
        2.345091707370324,
        2.3320479527268883,
        2.3274422646938433,
        2.3165046186958755,
        2.3151054359775487,
        2.2952905747377237,
        2.331426845969695,
        2.3020817476710027,
        2.2439284581433157,
        2.281182208309592,
        2.2680068379939384,
        2.24880721660352,
        2.2654243183779625,
        2.23586805863095,
        2.248410013040828,
        2.2289566363097557,
        2.2275160639060467,
        2.2020003297640587,
        2.2290134524430383,
        2.203726714474428,
        2.2065080061871285,
        2.249846736227052,
        2.2034628899379385,
        2.1337777727088136,
        2.1478562311086797,
        2.1450803862233476,
        2.2733975298582707,
        2.157977763902663,
        2.1650116384561637,
        2.1263779718720044,
        2.132572459011269,
        2.0850365934117003,
        2.11713906560025,
        2.104092922360981,
        2.099743321881942,
        2.0575673662312424,
        2.0532770763697825,
        2.055916912319839,
        2.089358625344049,
        2.1090598167074175,
        2.0935369056235347,
        2.0675989039749902,
        2.0257475471351727,
        2.042734411450707,
        2.045104236672173,
        2.024167665177602,
        2.094958990876282,
        2.1276440008403443,
        2.048004551845844,
        2.0610514054785094,
        2.035594278268161,
        2.021871728258064,
        2.001276713729413,
        2.0153588058616574,
        2.014306646187624,
        2.028048831167944,
        1.997948459001136,
        1.999641906103701,
        1.9856678922417936,
        1.992477379288116,
        1.9819379084073623,
        2.0057113734407137,
        1.985486725828965,
        1.9528359871067948,
        1.9389590273728374,
        1.9368600989816795,
        2.0565072376617013,
        2.0185835254135065,
        1.9026538742646786,
        1.983293172592268,
        1.9367414816280983,
        1.879149842180258,
        1.986842477305965,
        1.933129031535777,
        1.9278280759993045,
        1.930370607493715,
        1.938344659432763,
        1.9404475666045207,
        1.925739212252815,
        1.9095485305247177,
        1.8968139079340458,
        1.9345028010551335,
        1.8957200071864375,
        1.8636123932752897,
        1.862990184483863,
        1.885936090619109,
        2.020028285309429,
        1.9097074469831778,
        1.9186347438807716,
        1.9134378007296764,
        1.8658240279704128,
        1.8725952091398042,
        1.815926906472901,
        1.8598595359597514,
        1.8637663274530578,
        1.9221564089258347,
        1.8798239168490458,
        1.8453998625555545,
        1.8640420107503413,
        1.8455145942432205,
        1.8633065518942222,
        1.8648106970770004,
        1.8611050585334012,
        1.7982632148725597,
        1.8280320699178054,
        1.8511247252586756,
        2.0090393747070237,
        1.927014739757093,
        1.9071029026773867,
        1.856934902180064,
        1.8560845938751558,
        1.8201565355486602,
        1.8226064724135818,
        1.8514782640327287,
        1.8118243219645336,
        1.8396699648200292,
        1.782784230207658,
        1.8109633246186871,
        1.8172079555109522,
        1.8400053220411308,
        1.7836476656316056,
        1.8454611164151133,
        1.8368713957872258,
        1.794962906332472,
        1.767392049614124,
        1.7554718446924258,
        1.9541742460292957,
        1.8991092831629164,
        1.8663368854461306,
        1.875959861736796,
        1.8126731755898522,
        1.837559655410005,
        1.820374080925865,
        1.8061415865616335,
        1.8017644599419569,
        1.8116729775274567,
        1.7994671216239388,
        1.7720537950420479,
        1.7775690125763597,
        1.781603408210366,
        1.8310315159666561,
        1.8165656233653604,
        1.840516768218393,
        1.802625502363151,
        1.8297460350506796,
        1.7955289185055208,
        1.9168794934393178,
        1.8433849411481964,
        1.7660656364072886,
        1.788163285524234,
        1.7901693828561884,
        1.7988651639897775,
        1.788592534406711,
        1.8130316942449116,
        1.79151434264516,
        1.7566169640109965,
        1.765959146447833,
        1.772818036133682,
        1.7647922388468937,
        1.756255252452964,
        1.7866614866855262,
        1.7769996699044932,
        1.8025809066084402,
        1.7353271692990937,
        1.7419995396053947,
        1.7236575310829476,
        1.8886348272672049,
        1.8541227581001307,
        1.7882532126853143,
        1.7874328535866193,
        1.7839481145653415,
        1.8075564764302612,
        1.7976243353755172,
        1.7554095860685264,
        1.787690752392225,
        1.7784204174585445,
        1.8199272686236176,
        1.8145817736405179,
        1.7625338095701244,
        1.747929394832852,
        1.7749385753985267,
        1.7463659671261413,
        1.7462200039476945,
        1.772044278077438,
        1.785623202163295,
        1.785531167818146
    ],
    "min loss": 1.7236575310829476,
    "training steps": 10000,
    "batch size": 256,
    "history size": 1000,
    "dataset": "enwik8",
    "end time": 1730483426.6732876
}