{
    "start time": 1730480551.053321,
    "use_input_gate": false,
    "use_forget_gate": false,
    "use_output_gate": true,
    "use_state_gate": false,
    "use_new_state": false,
    "use_old_state": true,
    "use_residual": true,
    "n_layers": 1,
    "state_size": 256,
    "id": "dc035bde2c9233320e1f10ea23665571e8ec93c58b27371de032cd28fe62d6c1",
    "loss": [
        3.5695660738143933,
        3.2195471003815554,
        2.997691297727066,
        2.8511569159583705,
        2.753330924010351,
        2.7192160762687383,
        2.6819000182791175,
        2.671183784807646,
        2.6471378948499464,
        2.621759210873329,
        2.6207265266633506,
        2.5720202573546582,
        2.5544115890667696,
        2.539535687391468,
        2.523350643961685,
        2.507606218758744,
        2.487130539844671,
        2.4867416775990723,
        2.4999408208154317,
        2.4871247027987615,
        2.4480256170629686,
        2.432483490586545,
        2.4263143718529983,
        2.4092228964442164,
        2.4368224094444786,
        2.399861395693584,
        2.439515616796654,
        2.4224281537850443,
        2.3851684850093573,
        2.387658865937019,
        2.3537570137666712,
        2.3676377875930967,
        2.294876164746688,
        2.3020206590051333,
        2.270798923204745,
        2.306801647622332,
        2.256957080310961,
        2.259002739510001,
        2.280841408944472,
        2.307076872199887,
        2.3184391983850823,
        2.2982071047999297,
        2.2955435121495764,
        2.3008734183862565,
        2.2634159989759497,
        2.2819956877763734,
        2.30682880498496,
        2.2523007387005087,
        2.2646573529484972,
        2.2792948656631338,
        2.2500819113371566,
        2.236938823319155,
        2.243270895867844,
        2.2276754890316517,
        2.223897980343395,
        2.259009295970032,
        2.2025316535645816,
        2.2200189668300934,
        2.2109459018082367,
        2.2784535528394643,
        2.212790657893237,
        2.198037286557804,
        2.151353763087309,
        2.2256251091885604,
        2.20633681041725,
        2.2300947511812237,
        2.1580597232896492,
        2.174881411219378,
        2.1457822307687486,
        2.13561856756092,
        2.167029350518917,
        2.152988876591771,
        2.1473835877314387,
        2.15945337003881,
        2.167114496973253,
        2.1827483853176775,
        2.1945522593541633,
        2.176537418054879,
        2.198330518575586,
        2.2226240953167355,
        2.1810486892961323,
        2.1526263970720065,
        2.1626672087994696,
        2.1735965675637434,
        2.0963872869010016,
        2.1426002572672678,
        2.121589676723234,
        2.1235096002330014,
        2.1336475750274038,
        2.135789987752396,
        2.09692810762947,
        2.1175182982294936,
        2.1099956247628113,
        2.116174320736175,
        2.0952230373913423,
        2.093138671254711,
        2.119598360794169,
        2.0799864337466105,
        2.126821949192625,
        2.155719260841693,
        2.1983202553560925,
        2.1283215661578314,
        2.1438875780661286,
        2.132111373337794,
        2.1058657881010663,
        2.1427188778251365,
        2.1314821031039237,
        2.1166582674507017,
        2.125299932407025,
        2.0870886820887153,
        2.096892168323021,
        2.047596646929313,
        2.1158458646095335,
        2.0914649329754624,
        2.061104838525757,
        2.1006371054953297,
        2.0848600549638223,
        2.0293919230542605,
        2.02503709960584,
        2.1624126471377183,
        2.067495527969209,
        2.0590426948727307,
        2.06548630265747,
        2.0553500242040865,
        2.0477638586013818,
        2.0090585260522795,
        2.0333059019433994,
        2.01025326479671,
        2.02746913063436,
        2.0188320786928275,
        2.0128491263247046,
        2.02365282844243,
        2.0096936006757824,
        2.028975439395523,
        2.0462004516780894,
        2.0720592184042093,
        2.002972498797544,
        2.021357899481001,
        2.032725496254718,
        2.128771879450594,
        2.0689220313019105,
        2.056382538977632,
        2.021123956972361,
        2.0263063874799117,
        2.0510472184233346,
        2.043859250481427,
        2.009789283897923,
        2.033298126505463,
        2.0383773344690077,
        2.02340584640632,
        2.0491420055882514,
        2.0827997662648636,
        2.0286398035649316,
        2.018912081839731,
        2.0104998365167583,
        1.9896579710276578,
        2.017131071840521,
        1.9804691744695864,
        2.0159653135621776,
        2.0857658443027525,
        2.0172428466795833,
        2.063571595539647,
        2.0036268603704612,
        2.0395753193862074,
        2.05036816495735,
        2.0086341867459927,
        2.013348873826169,
        1.9799302268701917,
        1.978890402033679,
        2.0367442652401797,
        2.0132005717337247,
        1.9939405423419567,
        1.9452415613203937,
        1.979681139614399,
        1.9946612603618723,
        1.9690596582344866,
        2.0044720169882977,
        2.009257691440317,
        1.978736886163973,
        2.055797540551174,
        1.9926206680918885,
        1.9749579123148695,
        1.9747796763799927,
        2.029579446053053,
        2.0426850192309542,
        2.023504463297245,
        1.9780469773792475,
        1.9632305041248637,
        2.0209491980467944,
        1.9915269554938073,
        1.986715716871244,
        2.045689661364857,
        2.0473164597900353,
        1.998631056663759,
        1.972840358738709,
        1.96820857493766,
        1.9684706602107205,
        1.9321377467465595,
        1.9566002348217042,
        2.0459495504230256,
        2.060014714802562,
        2.047435483887701,
        2.035692356361888,
        1.985671362363321,
        1.9764882494432878,
        2.0040158123728378,
        2.0128047867350176,
        2.0473588965611396,
        2.028260738403224,
        1.9886773018903863,
        2.0050436055201355,
        1.9820028900997193,
        1.9707714854159204,
        1.995080646113455,
        2.00397951811232,
        2.0072318988698115,
        1.9807254579566844,
        1.9831390565207503,
        2.005262124078921
    ],
    "min loss": 1.9321377467465595,
    "training steps": 10000,
    "batch size": 256,
    "history size": 1000,
    "dataset": "enwik8",
    "end time": 1730480568.1028333
}