{
    "start time": 1730481853.2785957,
    "use_input_gate": true,
    "use_forget_gate": false,
    "use_output_gate": true,
    "use_state_gate": true,
    "use_new_state": true,
    "use_old_state": false,
    "use_residual": true,
    "n_layers": 3,
    "state_size": 256,
    "id": "dc3dcdcb939831a1c42c401e1975dee9b4cfa273e1626e4faca3c8bb169b9875",
    "loss": [
        3.770808557104118,
        3.5052370508896904,
        3.3420175818782645,
        3.285085979774028,
        3.0789561886260044,
        2.9237294771269258,
        2.825344925549218,
        2.729736340961374,
        2.637804980298064,
        2.602447846720022,
        2.5490182407573325,
        2.5203752867986036,
        2.4754560630283207,
        2.4805574444395506,
        2.4092725543869205,
        2.366799947774001,
        2.34770513402081,
        2.377782663037107,
        2.299177366972176,
        2.350206395499581,
        2.3623251525756457,
        2.2969376250702265,
        2.314168583458217,
        2.2754473116993212,
        2.238909850089237,
        2.2302086495042106,
        2.205722380595228,
        2.2231189151835413,
        2.200616496012269,
        2.220104627587948,
        2.1788621078263,
        2.1330893693730975,
        2.126939014818276,
        2.135765104605206,
        2.12086413260679,
        2.117376055257043,
        2.079420494674716,
        2.081155612340487,
        2.042214453454901,
        2.129431720946636,
        2.1189674948541395,
        2.0973035710423313,
        2.1281204134303207,
        2.0693610878175996,
        2.0550395145487657,
        2.057022367522173,
        2.0558950405197916,
        2.017833555658629,
        2.012563972634241,
        2.014037937638636,
        1.9619222703135881,
        1.985656346626132,
        1.9867169335898158,
        1.9549398375872151,
        1.9552971906385734,
        1.9519973905550758,
        1.9021396857548059,
        1.9137706504335652,
        1.9073685454471532,
        2.04071249320784,
        2.006339573673892,
        1.982580212718235,
        1.963824257284437,
        1.9328301016430074,
        2.0094538558925064,
        1.9597016920671162,
        1.9916520409153338,
        1.9664344376159077,
        1.9419034006588167,
        1.9200231251903872,
        1.9245831212067952,
        1.9081645383585104,
        1.8962524705055903,
        1.8826296115033403,
        1.9058569760819093,
        1.9104137170795779,
        1.9109759976017766,
        1.9095461031196597,
        1.937327248674337,
        2.007193766111634,
        1.9583597265534782,
        1.9098917164638654,
        1.9237184347780554,
        1.945798432799265,
        1.927879229737995,
        1.93384041327283,
        1.9227087116475419,
        1.9152530993754981,
        1.9107209579217028,
        1.9160649216879246,
        1.8888150108504418,
        1.8896050841541516,
        1.8699495425705515,
        1.9078522888667457,
        1.8854087921449245,
        1.8670402023328059,
        1.8694179933848942,
        1.8498301482753916,
        1.8662865025572395,
        1.9702481362051398,
        1.918219556313223,
        1.8382571224775826,
        1.8150687024256251,
        1.8017224329365324,
        1.8180516277411625,
        1.8030843157949845,
        1.806953678877133,
        1.7799878871222201,
        1.7842472600646742,
        1.8005075344937542,
        1.7760986076175902,
        1.8105760324375728,
        1.8075246104036926,
        1.7816869217229416,
        1.8001027815347888,
        1.7855257104953817,
        1.847761464676946,
        1.8099014881703164,
        1.7986294311740614,
        1.9462672858562553,
        1.8257500928460073,
        1.8628526749053973,
        1.7991259469666863,
        1.7681443948657407,
        1.8280027721845167,
        1.8093665121966909,
        1.7840835598857276,
        1.7860587836947808,
        1.7899669501008826,
        1.8080427358993028,
        1.8450342048770354,
        1.7698615808756635,
        1.7721847770442185,
        1.8017499497216054,
        1.7791186684471079,
        1.7346167534977266,
        1.7805556420345943,
        1.774543682106911,
        1.7703544967963694,
        1.9085249012844079,
        1.8315731417513816,
        1.846138012224878,
        1.7686293326175468,
        1.7890088239396063,
        1.7539389403837868,
        1.8051847483821946,
        1.7974104058803169,
        1.7882571890165722,
        1.7891540558379222,
        1.8283976193399119,
        1.792944663106721,
        1.7765570019903874,
        1.7529666744213388,
        1.8016662226045768,
        1.7599821090834151,
        1.7726032437525,
        1.774166553613876,
        1.7667657347245,
        1.7434732889269524,
        1.9315327520176084,
        1.8152229169813088,
        1.788674130935565,
        1.79338800934014,
        1.7791553117553593,
        1.7612864118488807,
        1.7754005466748128,
        1.7842449252713077,
        1.766307632614164,
        1.7629262112277944,
        1.8083143269455453,
        1.8014628343028458,
        1.7736985871325663,
        1.7918927672850888,
        1.763659658463751,
        1.7884919081124604,
        1.7780897700388516,
        1.7685343053131166,
        1.7936979439350695,
        1.7673488039348644,
        1.8956396645134734,
        1.822952721765783,
        1.8027324400103186,
        1.8510243276360205,
        1.7915518482351398,
        1.7709642514054873,
        1.8018159983503033,
        1.793288344742827,
        1.8586090216658069,
        1.8249061930995787,
        1.855940276098653,
        1.7794864949501992,
        1.7678685142818387,
        1.7537103643937668,
        1.7583469904355582,
        1.7798662537706185,
        1.7663998207896972,
        1.7426657351957493,
        1.7558632062805235,
        1.7362760196150528,
        1.8562667421051586,
        1.8622535294164464,
        1.7966101792921099,
        1.7775118152515013,
        1.8352198131077495,
        1.7909578272949462,
        1.8299731098538832,
        1.7785998090251331,
        1.7850930029494194,
        1.738651925360903,
        1.7570573606013038,
        1.7282954487130275,
        1.7428718397026508,
        1.757878674669184,
        1.7653491098559742,
        1.7461790802231592,
        1.7474612058257157,
        1.7617934207598422,
        1.7256990102548586,
        1.7277980352922246
    ],
    "min loss": 1.7256990102548586,
    "training steps": 10000,
    "batch size": 256,
    "history size": 1000,
    "dataset": "enwik8",
    "end time": 1730481926.0732956
}