{
    "start time": 1730481954.3676004,
    "use_input_gate": true,
    "use_forget_gate": true,
    "use_output_gate": true,
    "use_state_gate": false,
    "use_new_state": false,
    "use_old_state": true,
    "use_residual": false,
    "n_layers": 2,
    "state_size": 256,
    "id": "dc7f4fd81bb6aa910dd51b97c1bf9f29e9b22e1e35b9b5b4af7110cee3278a3e",
    "loss": [
        4.207646258123571,
        3.5931522220882712,
        3.50512907761234,
        3.4562596992471564,
        3.431772059132733,
        3.4431480913554293,
        3.418562484886964,
        3.3945913356895887,
        3.3708090216686646,
        3.3321104382107047,
        3.3198258433571812,
        3.3315713749688434,
        3.270718230971084,
        3.273882224338761,
        3.2482951540833453,
        3.21269567766047,
        3.2405949996531587,
        3.1850485343143866,
        3.1438991027583123,
        3.173673515194144,
        3.124460112930421,
        3.083481704772441,
        3.070106982827236,
        3.0411432951257047,
        2.9857312404374965,
        3.000865995459271,
        2.940668780834273,
        2.9416618593123207,
        2.969359028816927,
        2.9215166724302275,
        2.917927261355501,
        2.9070232758986823,
        2.859336179455284,
        2.838274805312223,
        2.844026957631063,
        2.8369367687381035,
        2.8538141704014266,
        2.8585073235100555,
        2.8411130598941146,
        2.930792138727118,
        2.829673606579297,
        2.805080197411135,
        2.8342614933378005,
        2.8503989873120155,
        2.8529427049939367,
        2.822264418575116,
        2.8242237266087957,
        2.8123161351609784,
        2.8307395374899533,
        2.8141331315575613,
        2.7742006040599483,
        2.759191926831033,
        2.762475229624927,
        2.7836150959407697,
        2.7435816841596186,
        2.744164197397288,
        2.7433499952756133,
        2.7620107906143683,
        2.7220879107135048,
        2.839816139046041,
        2.723669046322846,
        2.7248346848171883,
        2.6865315020187737,
        2.662587811829926,
        2.663156863337527,
        2.6737994487335035,
        2.6661718225090247,
        2.6790385366112113,
        2.6881978989772337,
        2.6704870953482414,
        2.7330549349927646,
        2.7125827245541916,
        2.709402095467055,
        2.6811382924131935,
        2.681380151320925,
        2.6861842711871495,
        2.69134301510525,
        2.657510805037423,
        2.659423545699114,
        2.7940769283759934,
        2.672860929970636,
        2.6423942020684548,
        2.6429222409933564,
        2.6325750680822786,
        2.6166133312736255,
        2.685976863549253,
        2.6301487841472184,
        2.630284584987382,
        2.674740638024626,
        2.6162983979259966,
        2.6293577042371816,
        2.6485046899456983,
        2.6091191002738325,
        2.60360942419278,
        2.636335902404159,
        2.5858178562209515,
        2.615406497491181,
        2.600791075561296,
        2.6036236914657516,
        2.7337733581111436,
        2.5769745691707,
        2.558555478019499,
        2.5804156580363755,
        2.5492478802770266,
        2.576167309999134,
        2.56552585740174,
        2.553322849199289,
        2.567496266044651,
        2.549006994394252,
        2.5566487162874925,
        2.5510393599924694,
        2.539335059678837,
        2.5741442220578614,
        2.5633622957974813,
        2.551785623102722,
        2.561825557282726,
        2.538471125576537,
        2.516309997500194,
        2.5172289404059445,
        2.6856293102589324,
        2.64194182850504,
        2.5953138834888816,
        2.5527939815207192,
        2.535358862134402,
        2.5685859290470323,
        2.552135048168574,
        2.5037174315159123,
        2.531894935628822,
        2.544105875087196,
        2.554974321075472,
        2.573661321853072,
        2.566382719523506,
        2.558326465560208,
        2.5434981626172113,
        2.546609032194859,
        2.5461731723710326,
        2.5140580000859423,
        2.5137610645658124,
        2.543422537278344,
        2.703335574207887,
        2.520514144636563,
        2.5400049215003064,
        2.5189833483842294,
        2.518268405387696,
        2.453458622231128,
        2.4807305767744428,
        2.4822788298446747,
        2.4964089962425735,
        2.5096859281756223,
        2.448380481454436,
        2.4996942132521083,
        2.4667782947369603,
        2.48472608745118,
        2.5014017892700506,
        2.4711110768256344,
        2.457018932201424,
        2.462300792718289,
        2.45010062428422,
        2.504712659631497,
        2.6024930976752585,
        2.4452219737582785,
        2.4196715620461258,
        2.4449737853020466,
        2.442842162223693,
        2.41935126066446,
        2.4440244915961173,
        2.44370912365218,
        2.445892672292889,
        2.4273509003076406,
        2.4375349014880876,
        2.4239138132781637,
        2.4394070463904316,
        2.414863863870725,
        2.416861881756024,
        2.4160387727523243,
        2.44619376973106,
        2.4024512142278827,
        2.427656178967662,
        2.4298886389890297,
        2.536634975853859,
        2.493782388310702,
        2.4407888143040557,
        2.437459626317493,
        2.4054930892100734,
        2.3929084155667826,
        2.41883019445954,
        2.4185829906292886,
        2.425689318879848,
        2.3959708095639147,
        2.418505449357318,
        2.385790644624412,
        2.4210291730140727,
        2.4048935228765473,
        2.39510609327884,
        2.3887748746567405,
        2.405060112579347,
        2.396856461836306,
        2.4078699696420167,
        2.4321513774069627,
        2.4845269132645083,
        2.4185078170986833,
        2.371323177191233,
        2.3909034750744738,
        2.3963036960917568,
        2.3717345471327063,
        2.4016495699902283,
        2.3555083515270154,
        2.368577774574825,
        2.340059560258948,
        2.3548312257746735,
        2.3238037073556033,
        2.3777465281205092,
        2.3766845427737016,
        2.365768936372924,
        2.3543024481245296,
        2.3408178921747913,
        2.3132416202117736,
        2.341381266637599,
        2.366681837531323
    ],
    "min loss": 2.3132416202117736,
    "training steps": 10000,
    "batch size": 256,
    "history size": 1000,
    "dataset": "enwik8",
    "end time": 1730481987.9935746
}