{
    "start time": 1730478517.3598745,
    "use_input_gate": false,
    "use_forget_gate": true,
    "use_output_gate": false,
    "use_state_gate": false,
    "use_new_state": false,
    "use_old_state": true,
    "use_residual": true,
    "n_layers": 1,
    "state_size": 256,
    "id": "e149d23852e96e420d57f66452c50d3a719e220a7853e666f6ce7d3640eec6d2",
    "loss": [
        3.6711075066784176,
        3.3580809398482003,
        3.12922920501369,
        2.9925866599734583,
        2.9015109856838586,
        2.841743867610377,
        2.796804056165314,
        2.7582997670705254,
        2.6912905243492875,
        2.6782783873269533,
        2.652281635841302,
        2.6432100827116405,
        2.6201815983777776,
        2.607786421573491,
        2.596085085579951,
        2.6080813317485485,
        2.6167893904275457,
        2.6079617734103313,
        2.5913222416941784,
        2.5901378227871468,
        2.567773542262811,
        2.53185667210011,
        2.542814290116227,
        2.505809562458538,
        2.5412887306870076,
        2.5396177712895796,
        2.553155277733784,
        2.4734906713323674,
        2.470497113939259,
        2.466946240481885,
        2.4469926217348563,
        2.4385298504361557,
        2.4421455202248845,
        2.4471605083367565,
        2.453310493601331,
        2.4369165057912725,
        2.40281652503877,
        2.4230613169622512,
        2.452620193885672,
        2.448379933947711,
        2.4571814124541334,
        2.42857362285815,
        2.414855359689002,
        2.4248354575402358,
        2.438384769926407,
        2.4059803384436407,
        2.417881287246404,
        2.413472741400636,
        2.377413263372321,
        2.384806107752759,
        2.3981392108320176,
        2.405585909367584,
        2.372199473848312,
        2.372282773871709,
        2.389798824179706,
        2.361238244983059,
        2.3591139566133914,
        2.379241997681841,
        2.3526618770490817,
        2.4118369350245072,
        2.3905428051209054,
        2.3817908814432807,
        2.38836589117819,
        2.3753867242145583,
        2.3705040652258047,
        2.3502928186955527,
        2.371217192740829,
        2.3730166315694032,
        2.390614948032768,
        2.3708413936857378,
        2.3608084781500858,
        2.3516851243102366,
        2.3817773326129466,
        2.3276313171442546,
        2.33095168359906,
        2.319777344540951,
        2.2859115939622776,
        2.3102992232195723,
        2.300901542269909,
        2.381349421388997,
        2.372159134889829,
        2.354473839904315,
        2.328570113106668,
        2.288597008429145,
        2.3171783747255286,
        2.3156381077751047,
        2.3229813044389362,
        2.288278401718253,
        2.290959560493632,
        2.295356316474283,
        2.3051507483386917,
        2.2170679456656353,
        2.2488877217935554,
        2.240446573373225,
        2.238349514433838,
        2.2429764664275016,
        2.2437746898984297,
        2.2972003552615874,
        2.276872768275692,
        2.316125771851832,
        2.2704151113470132,
        2.2613614096888592,
        2.276038042197885,
        2.2958262212796834,
        2.2613573755373193,
        2.280826754202248,
        2.263936365138671,
        2.2204229182650996,
        2.2584121581362564,
        2.2386332154750144,
        2.2615736186709894,
        2.2386256259900468,
        2.2468395752515486,
        2.2380530987415965,
        2.219456816525216,
        2.2369303241069365,
        2.2846837416690637,
        2.283729001055892,
        2.2268748351527288,
        2.2852168623494884,
        2.238364289526616,
        2.264721783611091,
        2.217953496839876,
        2.227684222340733,
        2.1777571906662057,
        2.193921150587349,
        2.2006430272871578,
        2.2160982607896105,
        2.218057530535368,
        2.1718844038056324,
        2.2295912818285553,
        2.20405840999741,
        2.2343214987565077,
        2.2361316945623,
        2.249290287281725,
        2.216492499557645,
        2.2452742976217768,
        2.213091975879232,
        2.1925226682024066,
        2.2649201634573632,
        2.251673512413783,
        2.1965577280769,
        2.185572281804961,
        2.2029361148105973,
        2.195056529193005,
        2.2036585975389924,
        2.19694123584043,
        2.220240275661845,
        2.2019506471834704,
        2.204103943060067,
        2.2105884673453926,
        2.227997550504867,
        2.1916184047912806,
        2.2114941667358607,
        2.206519090176607,
        2.2244875940880653,
        2.202894108509203,
        2.186341405013207,
        2.1732992647648905,
        2.2154149717233285,
        2.2084311821501337,
        2.158782989124675,
        2.181058414248509,
        2.2209082128708384,
        2.254879622164917,
        2.2182823929071733,
        2.196371787189072,
        2.2111062946846594,
        2.217380320088606,
        2.223497548410657,
        2.1780806100886565,
        2.2139483263197306,
        2.18062640298837,
        2.195694663003471,
        2.1729829539859993,
        2.151944748665918,
        2.1744464880089795,
        2.15351446353468,
        2.1872187663126335,
        2.239154283299613,
        2.2307955096221526,
        2.266620554586056,
        2.2423371035007382,
        2.1755377660350756,
        2.210685422800534,
        2.2156721543734093,
        2.192373041600635,
        2.1802633129242177,
        2.1692374521225006,
        2.1992826195007233,
        2.19900929860181,
        2.1909832494475534,
        2.160008696198716,
        2.2001000053723105,
        2.221422578867772,
        2.168475338675724,
        2.148102440664572,
        2.200544895824391,
        2.1433767836669735,
        2.1845220602964948,
        2.152840609085257,
        2.138695702567763,
        2.147737352614217,
        2.152833570918894,
        2.1855814581128454,
        2.191855000551383,
        2.136820525126148,
        2.1294253074085105,
        2.145152445114224,
        2.156829145966165,
        2.1547112120724705,
        2.133491163784622,
        2.1665443170858665,
        2.1432709102854535,
        2.1375003370358434,
        2.1092454143224715,
        2.115551365511499,
        2.159149795829174,
        2.1427916051435467
    ],
    "min loss": 2.1092454143224715,
    "training steps": 10000,
    "batch size": 256,
    "history size": 1000,
    "dataset": "enwik8",
    "end time": 1730478531.9813645
}