{
    "start time": 1730481596.9668791,
    "use_input_gate": false,
    "use_forget_gate": false,
    "use_output_gate": false,
    "use_state_gate": false,
    "use_new_state": true,
    "use_old_state": false,
    "use_residual": true,
    "n_layers": 1,
    "state_size": 256,
    "id": "e36e8ab96b2b2cdea44ef4d2058bee885a826731bced755bcf3d4f8503e6af58",
    "loss": [
        3.6126446514829045,
        3.2501845746110765,
        2.976396289292891,
        2.8580065089344857,
        2.7781794182154553,
        2.748227699637146,
        2.6290447081855697,
        2.6105466294068917,
        2.5319494593957717,
        2.5311484972923193,
        2.5220704425744134,
        2.488913635307423,
        2.4536194141664684,
        2.4162609481782433,
        2.428242007799094,
        2.3866525821481583,
        2.409420640829293,
        2.383376812718072,
        2.354678159456528,
        2.389933666646213,
        2.3653005335705197,
        2.2900192662930583,
        2.295223208745383,
        2.246276959047137,
        2.2570172841178318,
        2.2058265189114277,
        2.1720162937856915,
        2.1512807443150264,
        2.1525450293037305,
        2.1547498498364015,
        2.155278739902124,
        2.135674877454731,
        2.162831190724795,
        2.1577878524757526,
        2.1446530471705407,
        2.1370006065858815,
        2.108239585048665,
        2.120475966773115,
        2.0929607642777994,
        2.1878223560542778,
        2.103963375250694,
        2.114173697430212,
        2.0779522139527686,
        2.0651661060908184,
        2.0595895149367873,
        2.0778818189905106,
        2.063523566035002,
        2.0536918790862475,
        2.0181829656748276,
        1.9604257856485325,
        1.9869474663868558,
        1.992196911341184,
        2.0281385727957515,
        2.0303522076533307,
        2.0467286283929824,
        2.0217636171846047,
        2.0022655164331438,
        1.9706115647287672,
        1.9962270500149168,
        2.099087947085297,
        2.038616892458804,
        1.9971522477578567,
        1.9765716772703932,
        2.0169396747984125,
        1.981039646912171,
        1.969306738744043,
        1.971825615878519,
        1.994083286453234,
        1.966469461635355,
        1.9709767879679596,
        1.982177066837238,
        1.9301889513083608,
        1.9400138872047124,
        1.9228607316608968,
        1.9505605656152256,
        1.9345839098487139,
        1.9355815182248541,
        1.9672815517849174,
        1.9281835070960267,
        2.0775992860220436,
        1.984821561445791,
        1.9686347715443644,
        1.933165096041475,
        1.982782980592283,
        1.9441766166788417,
        1.9301332221977885,
        1.901562241116808,
        1.9174921059384042,
        1.9286561546023508,
        1.968921963822071,
        1.9404016934986001,
        1.8889013926250044,
        1.9293362097475018,
        1.9020041058121433,
        1.9120269265359002,
        1.9057602687489668,
        1.897352053432617,
        1.8983743565068876,
        1.9113739198046633,
        2.079473300757401,
        1.9202072739450058,
        1.947448869677549,
        1.9574170285669523,
        1.8429589807364763,
        1.9081467237686172,
        1.885249077862827,
        1.9242006393505375,
        1.8755107802881816,
        1.9135849246094159,
        1.872760034735985,
        1.8370939603408656,
        1.874180666350821,
        1.8700335998451842,
        1.8571427608554991,
        1.849880803916444,
        1.8400332245909243,
        1.8224843512582283,
        1.8247997932816764,
        1.866705269156393,
        1.9992424319799411,
        1.8939372354717277,
        1.8613982193450374,
        1.8112886597573814,
        1.8796111878420327,
        1.874194884418047,
        1.886536785658718,
        1.8612238748070438,
        1.8561899448914798,
        1.8605315730730336,
        1.8478166577915198,
        1.8749901099179633,
        1.861639189592476,
        1.9383631793211524,
        1.9124263597279176,
        1.9252706792103593,
        1.8728403632883228,
        1.8653037342198808,
        1.8554777483965854,
        1.8520241809737061,
        1.9743870498971177,
        1.8667778454830541,
        1.8313227909938612,
        1.8154524551000164,
        1.848550572078009,
        1.8543293346530503,
        1.8721012228547504,
        1.8279651627342617,
        1.8327692352601939,
        1.8741369863657766,
        1.8685841814887152,
        1.8707326632527417,
        1.832512227261453,
        1.7854575298324225,
        1.8066186759568794,
        1.7817082037227814,
        1.822017049493754,
        1.794492275912377,
        1.781410317626523,
        1.8389019223628815,
        1.975402658106232,
        1.8589859850004604,
        1.8579093856775346,
        1.7981660176933338,
        1.7976660161780966,
        1.8087994494118829,
        1.782203635336359,
        1.8335388075730321,
        1.800093562276372,
        1.8001035997944002,
        1.788280198566559,
        1.7817088172023818,
        1.8353899965489846,
        1.7970825946576217,
        1.778682317010678,
        1.8138343888533426,
        1.8201266555751758,
        1.8262260920102484,
        1.8353734696879433,
        1.814010729853167,
        1.9826662942069742,
        1.8627798580499,
        1.8359259769886902,
        1.8464736659642704,
        1.8635543300609012,
        1.8546816670049668,
        1.8358504521319068,
        1.8156427841829599,
        1.833614832468882,
        1.8123724204660716,
        1.8578914775881865,
        1.8512291563307373,
        1.810315242518141,
        1.8087994683554387,
        1.8393159159444887,
        1.7912539875527778,
        1.819512292640969,
        1.801439612075553,
        1.7867985935321977,
        1.798106574482918,
        1.9177285802727653,
        1.9011828649143443,
        1.8435826728004476,
        1.8621496168914575,
        1.8182967890440773,
        1.848251607416969,
        1.8460466393888433,
        1.829943046427394,
        1.8445411798990496,
        1.8562566708573975,
        1.8381196069822072,
        1.8351537309640193,
        1.7839200939117028,
        1.8188941709644117,
        1.7819195984433644,
        1.7748778433960375,
        1.7834733224621149,
        1.787186070962933,
        1.773633468258257,
        1.7457217907277376
    ],
    "min loss": 1.7457217907277376,
    "training steps": 10000,
    "batch size": 256,
    "history size": 1000,
    "dataset": "enwik8",
    "end time": 1730481614.3357587
}