{
    "start time": 1730477395.4227397,
    "use_input_gate": false,
    "use_forget_gate": true,
    "use_output_gate": true,
    "use_state_gate": false,
    "use_new_state": true,
    "use_old_state": true,
    "use_residual": true,
    "n_layers": 3,
    "state_size": 256,
    "id": "e5548779ac22101bd351cc43e5eb3258610989df7876f16a8680321008551ea6",
    "loss": [
        4.025959930539971,
        3.493736315920868,
        3.3880507447324404,
        3.244788212184995,
        3.0637930639047184,
        2.924875393376533,
        2.8226650345292814,
        2.7612759997291696,
        2.6431969071535693,
        2.6405045796531215,
        2.5801417824564874,
        2.522178688679858,
        2.5456869184430793,
        2.5006597802067803,
        2.462342330570704,
        2.439520861561971,
        2.445216717050093,
        2.401148663285898,
        2.3667989054660725,
        2.362504594555528,
        2.364773227262336,
        2.3473775043531506,
        2.3274518306699896,
        2.2899197682846015,
        2.263072039507094,
        2.2739235605770647,
        2.224613997180691,
        2.187169855272963,
        2.223114922463328,
        2.14560699762472,
        2.194021379348801,
        2.1738531900910556,
        2.1575522897927466,
        2.1499384238004833,
        2.180270955184441,
        2.1737342498939936,
        2.118507900518832,
        2.129831212215556,
        2.069414038527447,
        2.175505263663958,
        2.0972858822251625,
        2.0808234107894785,
        2.0377200894053003,
        2.077143901720247,
        2.0502978763806095,
        2.051661914048207,
        2.045916797441434,
        2.0716384107930246,
        2.0364768329874137,
        2.0252408621551745,
        2.0275549938157518,
        2.0218035163912753,
        2.0231967657100864,
        1.975397429973032,
        1.960093203680649,
        1.9851149968326864,
        1.9916149545144488,
        1.9672501395230289,
        1.947529482843909,
        2.034598797960359,
        2.0455978812610605,
        1.9993590550719538,
        1.9620283686597735,
        1.9615656867009323,
        1.9305449118727078,
        1.953899297228982,
        1.9618825606035146,
        1.917520792371516,
        1.9255727144436998,
        1.853252800792193,
        1.9040972226227544,
        1.8830849000851178,
        1.9180571937112194,
        1.9211716488512318,
        1.861801459480111,
        1.879916542758066,
        1.8560697484435362,
        1.8465328919531994,
        1.844891216653636,
        1.9416615902650842,
        1.8726663342659768,
        1.8470140674364577,
        1.8809566142899148,
        1.862316191516364,
        1.8518776199200715,
        1.8344136800395936,
        1.8482583207372252,
        1.8354204071117826,
        1.8101169761859315,
        1.8593689594464637,
        1.8220221245149772,
        1.8331039936261602,
        1.834819314321714,
        1.8040817767220254,
        1.794393350499069,
        1.7987430033748641,
        1.795779660734842,
        1.8333274292194761,
        1.8390349922751075,
        1.9107505533737466,
        1.9017316076411732,
        1.8727807607368028,
        1.8612540520771546,
        1.8135279594787852,
        1.7994288071793494,
        1.8192984834246015,
        1.8008594951118222,
        1.7894805559672216,
        1.7958000994518808,
        1.8077941546226868,
        1.8020252297992623,
        1.7868368830485306,
        1.8111901427798245,
        1.7961635354010785,
        1.8065776595839562,
        1.7792124673728438,
        1.7660405362322311,
        1.7928746041635908,
        1.8091652452912435,
        1.951062776663903,
        1.8845803794132112,
        1.837739118251058,
        1.8629541556733291,
        1.8798491380001063,
        1.8800836284662674,
        1.8071826882765165,
        1.7992484337357668,
        1.8537450708576004,
        1.823623955802551,
        1.816149056692283,
        1.7870235401221268,
        1.7899728223915579,
        1.779098580945698,
        1.7598083980214447,
        1.7493542460925875,
        1.80783159499725,
        1.7909945750807508,
        1.7407797815892296,
        1.7967160416858763,
        1.8917169958314364,
        1.895130950934205,
        1.810688319481158,
        1.8211156745716324,
        1.8261376702803263,
        1.7809086027187828,
        1.7985810798877253,
        1.7679241615743924,
        1.7593839250352081,
        1.7382820396548264,
        1.7578816408725375,
        1.7235614653409261,
        1.785067009031129,
        1.7647012022794988,
        1.7418146145350448,
        1.684660827233984,
        1.7375875339913864,
        1.7489018030946581,
        1.7708493424314167,
        1.7751998877549042,
        1.8534979774830975,
        1.7994478275380439,
        1.78923081613614,
        1.783532250561668,
        1.7600100272258226,
        1.7459708395264848,
        1.7142609406655394,
        1.7080159718517476,
        1.7525352088390675,
        1.6870780633869076,
        1.7556793460659585,
        1.727204966535238,
        1.6962970951137082,
        1.689398751573459,
        1.6601881935118974,
        1.6606633844594214,
        1.6655266955748786,
        1.6922741636196243,
        1.668699190951545,
        1.689915239816553,
        1.8267756719452661,
        1.7485388555313321,
        1.7457044358425973,
        1.7545150345007763,
        1.7331956738236047,
        1.7600544539800485,
        1.7141223287282583,
        1.7192685919437674,
        1.693416817222879,
        1.7132542929727608,
        1.7187055172197494,
        1.6970244755513355,
        1.728244631624251,
        1.732589739287056,
        1.7394495314047593,
        1.729622515094367,
        1.6543724412611915,
        1.713912293081991,
        1.665673388662228,
        1.6649110562055718,
        1.8517370330771885,
        1.7702902403956073,
        1.763355219523067,
        1.759846720744466,
        1.706757959962302,
        1.6953846516181934,
        1.7127958916610013,
        1.7160213083442497,
        1.6775416071826725,
        1.6956056100088603,
        1.6868075730447933,
        1.684114054302215,
        1.6777632084780276,
        1.7059624347303743,
        1.6784757102090213,
        1.687232372998375,
        1.6764069461404247,
        1.6919546316018874,
        1.676086733148683,
        1.710725406592402
    ],
    "min loss": 1.6543724412611915,
    "training steps": 10000,
    "batch size": 256,
    "history size": 1000,
    "dataset": "enwik8",
    "end time": 1730477446.0306828
}