{
    "start time": 1730482011.0181882,
    "use_input_gate": true,
    "use_forget_gate": true,
    "use_output_gate": true,
    "use_state_gate": true,
    "use_new_state": false,
    "use_old_state": true,
    "use_residual": true,
    "n_layers": 2,
    "state_size": 256,
    "id": "e611826bc586ae4d35c71dcc20f71cfd5b47a7cd500d952f9bf11b3d83e0d59a",
    "loss": [
        3.581852229838164,
        3.40770937392129,
        3.1987565748710303,
        3.0391616633907206,
        2.9404970078543413,
        2.8854914943119008,
        2.817436482629687,
        2.7811794741257514,
        2.7716136668708415,
        2.744503192189657,
        2.726893904336007,
        2.7362901891838254,
        2.6843513463927686,
        2.6598818882365514,
        2.6773325593835615,
        2.6179446449338384,
        2.592142013627199,
        2.5902428465267713,
        2.5485969149059384,
        2.577550608538326,
        2.594885731996801,
        2.596300088304198,
        2.5591814974936313,
        2.5382294115642314,
        2.564993775573162,
        2.5521585791817865,
        2.5912908014393237,
        2.5292478097060154,
        2.4968000229982197,
        2.4664674093521675,
        2.48697619038868,
        2.4935544515900387,
        2.4680061844084062,
        2.479975140544505,
        2.4673297701445844,
        2.4538618783831385,
        2.450700956871444,
        2.4025457650527744,
        2.413826428251458,
        2.4465360660211264,
        2.437614316773516,
        2.3991200657754814,
        2.4048329041273204,
        2.4087763877816415,
        2.36390309099974,
        2.3392603795535365,
        2.3776115560206046,
        2.3960064571002038,
        2.363686911917428,
        2.363614933354866,
        2.352747680107454,
        2.3944406131286673,
        2.360410626420795,
        2.3400791713455353,
        2.3121808702477713,
        2.3184867324148453,
        2.3318931367527833,
        2.3293306245808236,
        2.316819793762193,
        2.3568062567718373,
        2.33721667850535,
        2.326368429197946,
        2.290574373076024,
        2.302490383623158,
        2.329401856561429,
        2.318978399511089,
        2.327981060710184,
        2.27846973843124,
        2.2604536743237222,
        2.2572761179099503,
        2.2813158115926906,
        2.263058776892162,
        2.2704428417060334,
        2.2974156665704735,
        2.2483473513399197,
        2.275356601536648,
        2.287698392682282,
        2.2969227141175415,
        2.271432193938322,
        2.28940496126776,
        2.302731286169074,
        2.3213372217218042,
        2.266231352734971,
        2.309981718200304,
        2.2689040684277892,
        2.250674407329041,
        2.254202423344028,
        2.257082433455856,
        2.2510378781766276,
        2.2432131028897433,
        2.242964219190813,
        2.2211958850440903,
        2.2430303823274467,
        2.2255187762047197,
        2.2628756785631845,
        2.259169142235569,
        2.1887781851955066,
        2.187910095436968,
        2.240004747954515,
        2.257780045631985,
        2.2619626764097918,
        2.2255751742758423,
        2.254835722138126,
        2.2427497501904163,
        2.221301791504527,
        2.2602753103983173,
        2.2144266237143815,
        2.2113796364214737,
        2.2255140434872227,
        2.203719574137669,
        2.2236104806004016,
        2.247031281870203,
        2.242013486163873,
        2.1807343759822664,
        2.193400060265254,
        2.17585582928117,
        2.1911013520406817,
        2.181959883646709,
        2.179981755075421,
        2.2427732936996074,
        2.19867177464924,
        2.1879007290561927,
        2.186715941859429,
        2.1698626958860343,
        2.1814051949819357,
        2.160767804276135,
        2.1429096030984347,
        2.173330004542449,
        2.1197781471569384,
        2.157478065067257,
        2.1344310110022096,
        2.1534187304876475,
        2.158391084400433,
        2.1911690724196844,
        2.1629863212756737,
        2.1603442606608043,
        2.1599391624189703,
        2.121201616079993,
        2.1518076718418313,
        2.2118740150037124,
        2.1640803948820166,
        2.1163013341119545,
        2.169050024785268,
        2.128505828976409,
        2.139931414094035,
        2.1428200172216028,
        2.161066655829003,
        2.1388195011713815,
        2.1574308458479154,
        2.155591390060392,
        2.1508194723637426,
        2.1558320959463555,
        2.1505712188430697,
        2.107463496328099,
        2.1494586320618696,
        2.0883478394044857,
        2.178878054082102,
        2.163865939588622,
        2.1518994719758755,
        2.1923895805606968,
        2.1782356162823002,
        2.156164301789975,
        2.1347118959955225,
        2.1514402042639884,
        2.1595924504246597,
        2.146979744107135,
        2.1036850225707107,
        2.1298138324466245,
        2.1448749992440117,
        2.1233553018756464,
        2.149641768095564,
        2.141850711242451,
        2.128724330608071,
        2.104828737168141,
        2.1010149058747025,
        2.0747110409176006,
        2.049368639097175,
        2.083986691087236,
        2.087062640784266,
        2.1660149535516258,
        2.1486665666378104,
        2.1321263831563875,
        2.1108234661769014,
        2.1137628318949795,
        2.1275715737724727,
        2.111554717548692,
        2.098618775206244,
        2.128157764400833,
        2.111663070755362,
        2.1221182125466913,
        2.118558954680201,
        2.1217061198158644,
        2.062433712664134,
        2.076383175433734,
        2.0722871042860076,
        2.0680391200346913,
        2.093951903440459,
        2.092765376305721,
        2.1007211358544997,
        2.143437608840097,
        2.133821379712801,
        2.0975624093311276,
        2.115804520805184,
        2.073821230937746,
        2.0710772209692463,
        2.081311280228746,
        2.093726178064079,
        2.0815504184628555,
        2.1130280844420812,
        2.0738869016294648,
        2.0900813283756237,
        2.032355683108205,
        2.0587087089296503,
        2.012074942047684,
        2.0348499504886273,
        2.054657935137624,
        2.0510601280135345,
        2.041892605390118,
        2.0713863482740713
    ],
    "min loss": 2.012074942047684,
    "training steps": 10000,
    "batch size": 256,
    "history size": 1000,
    "dataset": "enwik8",
    "end time": 1730482043.4621446
}