{
    "start time": 1730480720.3890083,
    "use_input_gate": true,
    "use_forget_gate": true,
    "use_output_gate": true,
    "use_state_gate": true,
    "use_new_state": true,
    "use_old_state": false,
    "use_residual": true,
    "n_layers": 2,
    "state_size": 256,
    "id": "e69058eb5c53697a1aa13fc8f4f3bf8e16a50423842f97fe054272e73c8f36f3",
    "loss": [
        3.804032522928536,
        3.4248636658153027,
        3.259912934770071,
        3.0852959552482075,
        2.983571379587954,
        2.8980759275529877,
        2.869597548727817,
        2.7784985197295256,
        2.794138646472165,
        2.735037377905438,
        2.65993837010223,
        2.6573500031519774,
        2.5626558887720683,
        2.544860350861186,
        2.5352744239487306,
        2.540091065270856,
        2.4863652271997654,
        2.4913231273750367,
        2.4403843441861115,
        2.444674281743648,
        2.367415445568877,
        2.381768828050795,
        2.3412096569766043,
        2.325382380246186,
        2.2810054171207934,
        2.2718207806195734,
        2.259203046157063,
        2.191164727607896,
        2.2024575226156595,
        2.1290526867388984,
        2.163134331724399,
        2.1837998463754746,
        2.158963447375453,
        2.157222128085454,
        2.146537221662507,
        2.1474547098962304,
        2.0734772219734374,
        2.1110359144754383,
        2.0664768633081425,
        2.154021161277546,
        2.105419098320142,
        2.1504578475808764,
        2.0810923175256515,
        2.0361979252657796,
        2.047386803581998,
        2.019575726926053,
        1.999555017400565,
        2.000714820382662,
        1.987265921856714,
        2.018537332368809,
        2.007754411564742,
        1.9678059511637804,
        1.9894692576797655,
        1.992083697621062,
        1.911412000222276,
        1.9648168639346197,
        1.9277192164496995,
        1.9365814685916183,
        1.9159819611014142,
        2.002164260768584,
        1.9960929393271403,
        1.9901284947663351,
        1.9771700003698194,
        1.9377650809949605,
        1.8928289666535398,
        1.9060342131466832,
        1.9257627801086232,
        1.920558462559004,
        1.9324835063974803,
        1.8913489019844245,
        1.919960460813934,
        1.906655041956698,
        1.9408810870885604,
        1.8702470861586047,
        1.8783656132649627,
        1.8739094862842964,
        1.8913199643231098,
        1.8873428683275708,
        1.8685053298931094,
        1.979774346420732,
        1.9063979607917017,
        1.8834343800370188,
        1.877052390912238,
        1.8260626327930558,
        1.8686115210829766,
        1.8537816729227345,
        1.8278938216744647,
        1.7987667451603409,
        1.8538295291490767,
        1.861417208531035,
        1.8655697270311236,
        1.8103572278958167,
        1.801060531999414,
        1.8314693556809931,
        1.7697098533560822,
        1.8014580224260257,
        1.821764735665843,
        1.8149435803374618,
        1.8155660010288375,
        1.9698102903971544,
        1.9002789983814887,
        1.8730116177921705,
        1.8366264623452855,
        1.8815351314284139,
        1.8394958499740803,
        1.845088711188895,
        1.8142446325274015,
        1.8047418282769736,
        1.8128807424797468,
        1.8057794117706214,
        1.8168679001781485,
        1.7810313599869712,
        1.8222958760178585,
        1.802715900694295,
        1.7784836250086078,
        1.7727335593761737,
        1.7431423238985764,
        1.7499385847450337,
        1.800791373169343,
        1.891031909137749,
        1.8279632977688476,
        1.81053672965772,
        1.824864364502039,
        1.7798080944056782,
        1.7699788857283527,
        1.7899958153169617,
        1.792144018262805,
        1.7846634593319939,
        1.7391790619610277,
        1.7860244642967025,
        1.7784291799995389,
        1.7606101336578004,
        1.7615395307105624,
        1.740446553786837,
        1.7347245207235695,
        1.7779051253097697,
        1.7530326586920002,
        1.7744854867536084,
        1.764204108151412,
        1.8648331161433038,
        1.7795155789652999,
        1.7910212302921242,
        1.7282748405168293,
        1.7408524505172092,
        1.7286347677119098,
        1.763845978058222,
        1.7549277690655425,
        1.7173305030383421,
        1.6797377557277022,
        1.723835329289046,
        1.717383326468044,
        1.6987411786442341,
        1.7134191720890972,
        1.7593833670858199,
        1.7030010575490377,
        1.6847514053557846,
        1.7307690403262703,
        1.7418425956333115,
        1.685952464421562,
        1.8258606350631772,
        1.7511586802654748,
        1.7145467588165617,
        1.6916376968830773,
        1.7214518563619152,
        1.7005534776076594,
        1.6937394993492043,
        1.690811004769698,
        1.6897009534641199,
        1.6867423339060055,
        1.7170081876967496,
        1.7065274351495854,
        1.688802368385261,
        1.6668413105792936,
        1.6917647006950707,
        1.7263401700998644,
        1.7041173405372658,
        1.6460084708488958,
        1.6549213965773482,
        1.6441965695619631,
        1.792908561446158,
        1.753975889175443,
        1.7337919429720121,
        1.7045698632155704,
        1.7017082687212803,
        1.7143660909029568,
        1.6778291866224202,
        1.7101821674738533,
        1.6762577226082451,
        1.7030609547682625,
        1.7038527247109043,
        1.741818365720197,
        1.6808635676413877,
        1.6878973883611217,
        1.651281378829409,
        1.6750705944619233,
        1.6464624846260003,
        1.644204971836877,
        1.6592665049774693,
        1.6101814636868585,
        1.7981278542158845,
        1.686004643938785,
        1.6870930738524321,
        1.6858442809973733,
        1.6932139600062113,
        1.6626046200253475,
        1.6567447507237996,
        1.6590763978725611,
        1.6912677685415496,
        1.6561733320124035,
        1.7055792137019432,
        1.6718222544231396,
        1.7251328070603544,
        1.674449171956085,
        1.6516767063851967,
        1.6910911463193112,
        1.6651954722144864,
        1.6971329042565408,
        1.6748922044771801,
        1.676732845215951
    ],
    "min loss": 1.6101814636868585,
    "training steps": 10000,
    "batch size": 256,
    "history size": 1000,
    "dataset": "enwik8",
    "end time": 1730480780.4597814
}