{
    "start time": 1730476602.5832283,
    "use_input_gate": true,
    "use_forget_gate": true,
    "use_output_gate": false,
    "use_state_gate": false,
    "use_new_state": true,
    "use_old_state": true,
    "use_residual": true,
    "n_layers": 1,
    "state_size": 32,
    "id": "e739b78e23c528efd2948db52e72f8dd1420476b40966557bcead7a49a70aed7",
    "loss": [
        4.831552525721268,
        3.663825747686643,
        3.45780373033176,
        3.42912180908877,
        3.3777298088199124,
        3.292992130997308,
        3.1793734639466766,
        3.0934578860171213,
        3.0814693167932976,
        3.020943131634057,
        2.987565465853319,
        2.9614964154068115,
        2.935523477106757,
        2.9036017507247927,
        2.8995862520830604,
        2.8597903650484215,
        2.8549666893316155,
        2.8233433295826202,
        2.806616040330602,
        2.824690375182057,
        2.802970691074498,
        2.7362161147024073,
        2.7726009753839667,
        2.754555947587333,
        2.7582306871482007,
        2.762102145095274,
        2.712329238136177,
        2.735772232636543,
        2.703620045660499,
        2.7108133562456547,
        2.6802065431223854,
        2.713968424251729,
        2.6781139342302134,
        2.693744439603084,
        2.669058545448075,
        2.6244404096985976,
        2.619755236651978,
        2.6186968571850726,
        2.6030143155821612,
        2.668043712438087,
        2.6208675273502418,
        2.5714125023196965,
        2.5564980462353546,
        2.5889841254207364,
        2.6013821184928463,
        2.5724202590410266,
        2.578999386243578,
        2.571950573301815,
        2.576158247634995,
        2.5476899737536027,
        2.5368253429770964,
        2.5545212259716026,
        2.539462183906792,
        2.5037078677019498,
        2.4888218564521147,
        2.518132311865864,
        2.4868187596475884,
        2.518135704326858,
        2.5223225202075903,
        2.537523178014703,
        2.5275285441983604,
        2.5168699287427794,
        2.5091301252120193,
        2.5281019972101517,
        2.508269477946379,
        2.5170085971440206,
        2.4983291518504998,
        2.4653833775318152,
        2.47980259027206,
        2.525347018572608,
        2.4936150485596422,
        2.4756485827140504,
        2.485200868535259,
        2.476625473522394,
        2.4576442235918456,
        2.443241776492465,
        2.4296778490432565,
        2.446480875402077,
        2.4785888070026156,
        2.487461677943731,
        2.440257546894985,
        2.4934658162836545,
        2.4535426713850192,
        2.4352934685979584,
        2.4728366352793345,
        2.453216772621746,
        2.421430774061003,
        2.4510948460380373,
        2.450217654701232,
        2.4340574440708567,
        2.429000786000789,
        2.3655966647935474,
        2.4028278858973873,
        2.3833002184471637,
        2.3912163159421826,
        2.387523247460144,
        2.395487437878348,
        2.377125150909653,
        2.4164707019260714,
        2.4559337610423944,
        2.419936113919378,
        2.4406436187029086,
        2.415416232691471,
        2.399420113612785,
        2.4050926502010226,
        2.4431541855723684,
        2.4443388543801237,
        2.4119355423808293,
        2.430423839966425,
        2.415686634718223,
        2.421038684027992,
        2.3989309622987127,
        2.390334953747956,
        2.412130029428175,
        2.344933661717583,
        2.387047553328159,
        2.4009051351327177,
        2.387245800785177,
        2.363253113232793,
        2.470512047447591,
        2.3953116491227013,
        2.4066500201721963,
        2.3718081769432753,
        2.370930743339086,
        2.396637471547487,
        2.371176627233421,
        2.3703263696793484,
        2.385656712402692,
        2.389367489913343,
        2.34995497064912,
        2.3992909028021216,
        2.351086632550851,
        2.3666256785577455,
        2.3630895800872285,
        2.370559420938641,
        2.34563685035722,
        2.394746256592622,
        2.3575003582699723,
        2.3531408836914296,
        2.362431988080129,
        2.338883128167911,
        2.3634595356618116,
        2.3554981018499865,
        2.3415270718975165,
        2.369777655498943,
        2.3429587772241844,
        2.3531099327726306,
        2.3423684295283667,
        2.341736029083869,
        2.3448506478658007,
        2.296894709290852,
        2.330627135840711,
        2.3593816698668197,
        2.358624829906289,
        2.369848590994532,
        2.3806856966251098,
        2.3472868232761757,
        2.3275032213901805,
        2.311358118067904,
        2.4070489392684244,
        2.358915417848558,
        2.3236683891770515,
        2.3349780814504184,
        2.339313208262457,
        2.27762333724522,
        2.3172936700872153,
        2.2924928301196115,
        2.3409680311125536,
        2.3067126931255713,
        2.316421629590467,
        2.3423103177821214,
        2.27669629711525,
        2.2986418416789207,
        2.3000875153339333,
        2.320466034261935,
        2.2996940671163757,
        2.270827106298949,
        2.3529583679991597,
        2.3029705820809214,
        2.3598677264928356,
        2.3163152487497363,
        2.3049369199287155,
        2.3017245884705937,
        2.3193230070403765,
        2.298889015311838,
        2.277552052858365,
        2.2944815223064032,
        2.309933951441573,
        2.2857642208382427,
        2.269527902102712,
        2.320470066184292,
        2.3155800836153713,
        2.3085675902225042,
        2.2759248723687002,
        2.3100935964333336,
        2.293551468756411,
        2.316666085701435,
        2.272055551533854,
        2.2772607826327973,
        2.3097855357802595,
        2.3078253864580613,
        2.2784794902684964,
        2.305334629348401,
        2.279939447317607,
        2.2688702909123215,
        2.279097360301074,
        2.268753742421785,
        2.246024738973739,
        2.225176511938145,
        2.256257387714471,
        2.25562647614939,
        2.2450882809163266,
        2.276317814177857,
        2.267735724060351,
        2.286347155355328,
        2.280448135203911,
        2.306896326004765,
        2.2589649460344146,
        2.3212213103425734
    ],
    "min loss": 2.225176511938145,
    "training steps": 10000,
    "batch size": 256,
    "history size": 1000,
    "dataset": "enwik8",
    "end time": 1730476631.9683712
}