{
    "start time": 1730479516.2963068,
    "use_input_gate": false,
    "use_forget_gate": false,
    "use_output_gate": false,
    "use_state_gate": false,
    "use_new_state": true,
    "use_old_state": false,
    "use_residual": false,
    "n_layers": 2,
    "state_size": 256,
    "id": "e78a54a98be1b5f0cb51809b56d6ff82ff48f7dd135ed0c82d4143e38fd785da",
    "loss": [
        3.595025197551036,
        3.5290162807813967,
        3.5821647718933542,
        3.5149244578614156,
        3.506506588375302,
        3.4986451207909566,
        3.4926154654653505,
        3.4972800197292844,
        3.4934205279793216,
        3.3305136809121,
        3.194076726610861,
        3.092777558653718,
        2.9662099219262585,
        2.8693251527765518,
        2.804996328369111,
        2.730566389138321,
        2.691794793384505,
        2.6524983695880335,
        2.5759348178659858,
        2.6899981486390314,
        2.618205620672577,
        2.591493029832228,
        2.5780343162943007,
        2.557657406069378,
        2.4980952990600302,
        2.5062328955503714,
        2.507949484243598,
        2.4526791301243396,
        2.4654996970178322,
        2.4305917063927867,
        2.406663975670525,
        2.4532929767687506,
        2.3917710731959665,
        2.391156296730765,
        2.371778911576161,
        2.331410641816569,
        2.37053762122465,
        2.3334628911063615,
        2.3647149409793116,
        2.4164380372925245,
        2.371521529125908,
        2.320806911050544,
        2.290963514178865,
        2.2529187049668624,
        2.2424175119317487,
        2.2816519128413546,
        2.2871250145569877,
        2.2621584407230806,
        2.251485745412768,
        2.2368810994664945,
        2.2441272297224963,
        2.1809230402562054,
        2.197637264375013,
        2.191915500113752,
        2.1680120325315833,
        2.1937727362994326,
        2.1890810727320718,
        2.195209447167705,
        2.1870285951432518,
        2.289709444091743,
        2.186011922701779,
        2.1546836465236257,
        2.1565399535559715,
        2.136403952082049,
        2.0722161972637836,
        2.109746675240204,
        2.172735087969674,
        2.1286160183946317,
        2.097087833975756,
        2.124810824090119,
        2.099424430566823,
        2.114514423348224,
        2.0852648560441343,
        2.084719675761428,
        2.1184300622569894,
        2.0768318138707804,
        2.081421307731016,
        2.077703828413359,
        2.042259584849185,
        2.191020281566038,
        2.208166389269631,
        2.130731292248467,
        2.1071237271976955,
        2.09569551402561,
        2.1011464171431014,
        2.0842725081212667,
        2.0279725989598543,
        2.052027910601962,
        2.0711129989902703,
        2.094579876955113,
        2.067716021570472,
        2.027817882354265,
        2.0558778662190824,
        2.0492194055955784,
        2.0699392482657673,
        2.03686959817192,
        2.0826050512145944,
        2.0406526342767726,
        2.0289507659253943,
        2.156889001049693,
        2.1285457635830154,
        2.058296878954402,
        2.095052654081588,
        2.038587205801839,
        2.0409341818213522,
        2.0497488099335253,
        2.0148406455542713,
        2.0328276462667048,
        2.0235953817896077,
        2.043572585673463,
        2.007490439768346,
        2.0104985397712625,
        1.9623348303284298,
        1.986311757500855,
        2.0304232846601313,
        1.9948902777397917,
        1.9983000489674787,
        1.9623837446997916,
        1.9809476885874084,
        2.1326266439495765,
        2.0458142227798852,
        2.001758070578601,
        2.0323398185850836,
        2.0096401725485986,
        1.9877950845423473,
        2.001904850343418,
        1.9775392156511222,
        2.0216018994031915,
        1.9740781941272443,
        1.996059456738073,
        1.981602429127741,
        1.905461088142392,
        1.9677078366636298,
        1.9642359067533604,
        1.9218497044397267,
        1.9436780933182056,
        1.973965452106132,
        1.9297764800619663,
        1.9359152880844008,
        2.0675687305898376,
        1.9716516176024117,
        1.9686170483561047,
        1.9923275928508533,
        1.9249166196605845,
        1.8956713510890701,
        1.950264643962501,
        1.9517794858463235,
        1.9080902145132645,
        1.924464095268384,
        1.941756934713745,
        1.9017384588224278,
        1.9313660655652733,
        1.958694116330546,
        1.9113009149221747,
        1.9027108116762663,
        1.9191779969456175,
        1.9362959464916762,
        1.9313761222191856,
        1.9061265760470598,
        2.0448901311413077,
        1.955862621172294,
        1.9345756176636622,
        1.9195875973724543,
        1.915895189255104,
        1.901559090670073,
        1.9260813798671659,
        1.9197019912555882,
        1.8850948345059146,
        1.9348691126005477,
        1.8885221205640759,
        1.9352746688897249,
        1.863013207335598,
        1.884207914405353,
        1.924309104640975,
        1.9189001166109965,
        1.906250457207282,
        1.8941619292211596,
        1.9325578610105498,
        1.8903118706614006,
        2.012783130882774,
        1.9609665705335833,
        1.951318719413291,
        1.8860843952679593,
        1.943158409152251,
        1.888324888306545,
        1.8536394268318712,
        1.8863522028519972,
        1.8647566772051372,
        1.877225263332436,
        1.9350859663423041,
        1.862462585096058,
        1.9033116486252997,
        1.866631844411448,
        1.89143885015421,
        1.8893895084332764,
        1.8862662046684509,
        1.9035719374726734,
        1.8961138240944249,
        1.8738699733808486,
        1.991594859269102,
        1.8916437415089804,
        1.8979926319786997,
        1.8929793669214832,
        1.887658819051822,
        1.891233376543694,
        1.8901319488503903,
        1.8713535063471902,
        1.8167707483474953,
        1.8411314742187324,
        1.8617866038334399,
        1.8614108497156776,
        1.8354587785276373,
        1.8117595143691207,
        1.8588249785223163,
        1.8380852137501247,
        1.834974792755458,
        1.8436720653206404,
        1.808963493383627,
        1.8662145262001544
    ],
    "min loss": 1.808963493383627,
    "training steps": 10000,
    "batch size": 256,
    "history size": 1000,
    "dataset": "enwik8",
    "end time": 1730479539.2438464
}