{
    "start time": 1730480375.470028,
    "use_input_gate": true,
    "use_forget_gate": false,
    "use_output_gate": false,
    "use_state_gate": true,
    "use_new_state": true,
    "use_old_state": true,
    "use_residual": true,
    "n_layers": 3,
    "state_size": 256,
    "id": "e9f500d9ac91a71e8b76c32097d7ffb3c4206311d3050cf59d8804b2a3db1abc",
    "loss": [
        3.87998042680525,
        3.49542233298072,
        3.33742523067581,
        3.2597348632213756,
        3.127398518479899,
        3.0200780608972724,
        2.9174264385854203,
        2.8144908055785676,
        2.706969547562988,
        2.6464674903784284,
        2.607316819905146,
        2.5448394469350326,
        2.525927081259008,
        2.4867387583020015,
        2.4611652605370424,
        2.4313069345218477,
        2.409751852780305,
        2.385486502053368,
        2.3431104835275693,
        2.356594025099643,
        2.296417297061708,
        2.2698421380742806,
        2.2376588276022105,
        2.2685164741904638,
        2.220402502843427,
        2.239105033424829,
        2.22619172945378,
        2.1630960654475806,
        2.196846490216698,
        2.0946963353296257,
        2.161412733726158,
        2.0933456868768983,
        2.094401735176352,
        2.1093775071932894,
        2.0643977815633177,
        2.046491695525459,
        2.0751617799923507,
        2.0963002369070174,
        2.0637000732346413,
        2.1337172781400153,
        2.0794752137616523,
        2.033012939083912,
        2.0370018007745507,
        2.0223286032792798,
        2.010450546338061,
        1.952110430859281,
        1.9751509970232142,
        1.9521233994470921,
        1.9434560076509535,
        1.9453623490617278,
        1.9225395521706132,
        1.9393618018528498,
        1.9634878511966518,
        1.9314745530463124,
        1.9208283318100585,
        1.9579316018731234,
        1.9435557692762433,
        1.9251840903573911,
        1.9131304403064857,
        2.021157240522334,
        1.972263425793357,
        1.9424733615231207,
        1.9416786580064624,
        1.9622732554590243,
        1.9209212193016347,
        1.8869162599029121,
        1.9186854982126977,
        1.8944095664419276,
        1.893992687257291,
        1.906093879058158,
        1.8855177672675638,
        1.8641699496595319,
        1.8591797072303904,
        1.8811017989714212,
        1.8449326651873343,
        1.8673430949293588,
        1.9240567508541322,
        1.8489129831047975,
        1.8534157939733704,
        1.9339365102081036,
        1.9361996008279643,
        1.9115882715005652,
        1.8601984715342899,
        1.861608856063761,
        1.9037903450186302,
        1.8976170954302507,
        1.8708912582554131,
        1.854247698130741,
        1.8534299894231108,
        1.819914204190188,
        1.8270322076347858,
        1.835525469214546,
        1.8381226394982577,
        1.8736852263216934,
        1.8331008899402237,
        1.8586673889871017,
        1.8295801456484324,
        1.82146300008507,
        1.836315359094409,
        1.916903042818262,
        1.8858032885934528,
        1.8401850710356769,
        1.8223686009825728,
        1.7972681975344893,
        1.8247142907607135,
        1.7936692884147971,
        1.8102123913098005,
        1.779767245790047,
        1.8304988995359357,
        1.8147528470902146,
        1.82681810145892,
        1.8093394789595525,
        1.784362126632592,
        1.7365018977553017,
        1.7877162289004394,
        1.7327395398176602,
        1.7625040920668646,
        1.742235975899808,
        1.7584252760541275,
        1.9343458744528343,
        1.8573766217994367,
        1.7978933300833293,
        1.803841251613716,
        1.7413563733755595,
        1.7318395146136742,
        1.7973432715028048,
        1.7642707440274756,
        1.7659203020265728,
        1.7532140212595861,
        1.7329394438522079,
        1.7458108972171,
        1.676798209416302,
        1.7372806737365705,
        1.7706067208981506,
        1.7163118100576058,
        1.7238870849506338,
        1.7109382027855997,
        1.7310770969563982,
        1.6986467845349817,
        1.9015930152667606,
        1.80173498762745,
        1.781201261574639,
        1.7696504221603797,
        1.7137242676390883,
        1.7861986412288233,
        1.7455935676780487,
        1.7418427380393855,
        1.712455881285504,
        1.731955266725668,
        1.7275025920122327,
        1.7159567377923954,
        1.7168149086753368,
        1.6882101345663072,
        1.7589848636809657,
        1.72157567097012,
        1.722113378276264,
        1.7223541487400802,
        1.703636766624359,
        1.7375588166629932,
        1.8652453348331701,
        1.819440539304564,
        1.8357608638105376,
        1.850548489111365,
        1.7703686805617498,
        1.7734692676952062,
        1.752142938161424,
        1.7748343071484207,
        1.750239157941733,
        1.7474884011323293,
        1.7535563297465089,
        1.7615316847218139,
        1.772841159378714,
        1.7239980108261708,
        1.7688231335187639,
        1.7673371178493664,
        1.7744747748895615,
        1.7508235414906457,
        1.7432467711341968,
        1.7558628746323341,
        1.8545698983397298,
        1.692479507908167,
        1.7168765803048078,
        1.7377542079786137,
        1.7245578073820265,
        1.734142032192178,
        1.680652902288943,
        1.6549064165358822,
        1.7020953690441902,
        1.6610085379913149,
        1.7019480712900958,
        1.671453418827372,
        1.6580669421184697,
        1.6626115956868992,
        1.7259943595964493,
        1.727972378805383,
        1.6527658714247908,
        1.6584606320021609,
        1.6672966691312816,
        1.6720179829209878,
        1.8099203050405257,
        1.7658658612327145,
        1.7769454408912744,
        1.7414504692836852,
        1.7040031017531645,
        1.69043563835405,
        1.7040040476639022,
        1.7263150612965656,
        1.729951030818175,
        1.650188057407645,
        1.7306929366250707,
        1.6744474104553606,
        1.7048324832122723,
        1.6627555111805183,
        1.677789157729426,
        1.6757056722745278,
        1.7451681107454036,
        1.7243528949913212,
        1.699600245847005,
        1.7455476122698252
    ],
    "min loss": 1.650188057407645,
    "training steps": 10000,
    "batch size": 256,
    "history size": 1000,
    "dataset": "enwik8",
    "end time": 1730480443.9837303
}