{
    "start time": 1730477113.7123797,
    "use_input_gate": true,
    "use_forget_gate": false,
    "use_output_gate": false,
    "use_state_gate": true,
    "use_new_state": true,
    "use_old_state": true,
    "use_residual": true,
    "n_layers": 2,
    "state_size": 32,
    "id": "ebd6cbaed53781197c23f8de4cea3b86428649fa5c2bdceb94928e04c9c46577",
    "loss": [
        4.492225470398335,
        3.578232564789566,
        3.4679380523765473,
        3.442897148833906,
        3.3609102483329436,
        3.3023368315600066,
        3.279734386126968,
        3.20145946142792,
        3.154403927487672,
        3.0577107685464457,
        3.0001679042202967,
        2.9723875126850476,
        2.9226740127486095,
        2.936003753174687,
        2.8836410758522066,
        2.8752357650697897,
        2.8546470143357747,
        2.8189696185511988,
        2.7938418165673786,
        2.846971375323059,
        2.8465214223430753,
        2.7773916486381096,
        2.7636543785327965,
        2.7552901092826927,
        2.7323072949638547,
        2.7147678614185304,
        2.6865546155785394,
        2.676609005266274,
        2.6952060199260437,
        2.6749322792914674,
        2.662378799714643,
        2.6287902021374165,
        2.606962546820624,
        2.5848715619548046,
        2.617384405226344,
        2.611665070572459,
        2.5745352042220806,
        2.564803219260895,
        2.5775851025749,
        2.6340566605943687,
        2.587215865190415,
        2.556555433051992,
        2.524308369593645,
        2.5265185789281523,
        2.5506895099905202,
        2.5471917800168575,
        2.5288603217929406,
        2.543741835367669,
        2.529232435679463,
        2.5531195295769322,
        2.5042878066802006,
        2.5466608369739805,
        2.504490899507928,
        2.489927258821642,
        2.5010428939643283,
        2.46865903774025,
        2.4899744503127486,
        2.499690022911351,
        2.4736885189650843,
        2.538038175943652,
        2.5470199497521775,
        2.4803416159641865,
        2.5185651605971726,
        2.5231710722842484,
        2.4787311554523264,
        2.454176143027795,
        2.47036610616551,
        2.4516219370205397,
        2.484453490159866,
        2.5019087873979453,
        2.4615577121258445,
        2.473363919243828,
        2.486315654375332,
        2.4514287778040984,
        2.464344114609074,
        2.4671677869532163,
        2.449551396272259,
        2.459331268683376,
        2.4632587276564544,
        2.527123718865215,
        2.45315085130797,
        2.423559447271986,
        2.384733797301271,
        2.357087592593303,
        2.409661079166675,
        2.420778868098062,
        2.4260252729836074,
        2.361284340130352,
        2.407945224154057,
        2.3979585520905013,
        2.3841209053159598,
        2.3834241023186156,
        2.4031982531728575,
        2.4056119622747087,
        2.4158585142865565,
        2.3880389930476955,
        2.3827733723767817,
        2.367187539065864,
        2.373573430338777,
        2.4059835585096296,
        2.370002807730623,
        2.3470715128955915,
        2.3608078865298365,
        2.3273036025789398,
        2.3937942133295413,
        2.3476032434598024,
        2.3614523090336053,
        2.343179999725615,
        2.3646472917478185,
        2.363659708385714,
        2.3254354142726292,
        2.371569979166462,
        2.3459528547982194,
        2.3318510595344195,
        2.3608304354696767,
        2.3815628833863847,
        2.3733592687964316,
        2.329686952955146,
        2.337852425202303,
        2.4172454166475164,
        2.383732575587413,
        2.3368469603002207,
        2.3420949922965724,
        2.3271450385515897,
        2.3611007352440936,
        2.3272617955131305,
        2.332017302220907,
        2.3225364094517364,
        2.318539514892238,
        2.3446069677524313,
        2.3330029357922086,
        2.2980713710978757,
        2.29551393437384,
        2.3050623192859017,
        2.2794932057667103,
        2.296996840108102,
        2.3038209471002813,
        2.302056419226105,
        2.2897471112556276,
        2.411562836742435,
        2.3738109926915705,
        2.3737527895969075,
        2.303200991073741,
        2.3194849378077724,
        2.328778551320909,
        2.27549605688356,
        2.2850395683764573,
        2.337235924102273,
        2.314065364467901,
        2.2898945731355047,
        2.3484626033355336,
        2.2897910260585697,
        2.3078087034470003,
        2.291134167189173,
        2.266650085988996,
        2.276501144292409,
        2.3342507488000237,
        2.2872524965266825,
        2.2677062834004102,
        2.3679256289398105,
        2.3257890988426473,
        2.332234757740199,
        2.343467368286133,
        2.308241903543388,
        2.3179164609909804,
        2.290945214088902,
        2.264456040949669,
        2.276980974019587,
        2.2874285452650533,
        2.264743561250657,
        2.292978471439187,
        2.271507825801444,
        2.2902772533032913,
        2.267261975139314,
        2.247073730099853,
        2.220354757644861,
        2.282080772054422,
        2.2762235224383245,
        2.2682755277680022,
        2.391674026113237,
        2.3125612767969055,
        2.2702202432646676,
        2.2685590490244714,
        2.2417492834254698,
        2.238513947904687,
        2.291279727532552,
        2.2956999169761527,
        2.318055749457761,
        2.285322086930517,
        2.2813642009187376,
        2.270050447627001,
        2.2615253171225302,
        2.284786089178722,
        2.281017745060422,
        2.216344660759977,
        2.237489453069029,
        2.2412459168440333,
        2.275554736395406,
        2.2568945903267688,
        2.298916658762882,
        2.308178411016367,
        2.2582836236903576,
        2.2529118895805422,
        2.2547506102253396,
        2.3024297710944883,
        2.29876021817075,
        2.2952237990967896,
        2.291232951441786,
        2.2451527965955327,
        2.196912436118227,
        2.270266998213924,
        2.2506104399452926,
        2.2309629744982926,
        2.2298902645969623,
        2.2295837405144954,
        2.2796066920198768,
        2.2420816629121942,
        2.26260459594464,
        2.235265513102275
    ],
    "min loss": 2.196912436118227,
    "training steps": 10000,
    "batch size": 256,
    "history size": 1000,
    "dataset": "enwik8",
    "end time": 1730477161.2079873
}