{
    "start time": 1730477604.0598664,
    "use_input_gate": false,
    "use_forget_gate": true,
    "use_output_gate": true,
    "use_state_gate": true,
    "use_new_state": false,
    "use_old_state": true,
    "use_residual": true,
    "n_layers": 3,
    "state_size": 256,
    "id": "ec44609f0fd9e7ca8f493451001c2f2c06c237627f426692ff4409df0e5e9bd7",
    "loss": [
        3.575672637844424,
        3.421153467429698,
        3.333281775665995,
        3.248953275625534,
        3.1946961072408833,
        3.092687612095341,
        3.0259523678295643,
        2.9282664953589572,
        2.8999571947389273,
        2.805981962481034,
        2.750023929807974,
        2.7256009077011565,
        2.6761447386468022,
        2.6713651217225487,
        2.629277302868422,
        2.6067259574425536,
        2.59167436617074,
        2.5446071912274086,
        2.538195867154794,
        2.5453204203867887,
        2.532336405773137,
        2.5120745145140746,
        2.5119170639551656,
        2.5011684478837695,
        2.462120143741902,
        2.4627385754824473,
        2.451698309034153,
        2.4569604659701483,
        2.4306694460715197,
        2.397962586029128,
        2.3749170191452227,
        2.405582511636132,
        2.3818700805199113,
        2.3871159100659876,
        2.371556413777465,
        2.3889532915886456,
        2.3683603628354497,
        2.3035008760258915,
        2.3496997601186846,
        2.3741012171291374,
        2.404208759932831,
        2.3583665097482247,
        2.3609404922805988,
        2.303178571314511,
        2.288161041846935,
        2.300598866089246,
        2.3521993944101136,
        2.3124728076108476,
        2.33273717112073,
        2.2914827878085138,
        2.2701648493137214,
        2.2332275251933207,
        2.2730379660748103,
        2.2299347585030818,
        2.228683979085141,
        2.245904487687429,
        2.234849436431117,
        2.20859312597174,
        2.249108919087838,
        2.2746429970973288,
        2.272600634321057,
        2.282556810140374,
        2.241815456400496,
        2.2063101131752916,
        2.200588699386751,
        2.175954632348605,
        2.221891596939443,
        2.2020010261140732,
        2.1794716933469633,
        2.215499736314203,
        2.1838395956839474,
        2.179447393560003,
        2.2270334509595746,
        2.183938486821303,
        2.196403992901127,
        2.1916843598984417,
        2.1840039945539216,
        2.2168479516999824,
        2.162585688176082,
        2.211891933965566,
        2.181289772483418,
        2.1628033159437043,
        2.1456524334840514,
        2.177529544547698,
        2.1152983733370805,
        2.139382491672454,
        2.1749151746800175,
        2.1262611126607696,
        2.1669252152057807,
        2.176532329979547,
        2.133359316499978,
        2.134909870797285,
        2.136557384525145,
        2.1405103651694093,
        2.14404628585976,
        2.188900011455105,
        2.172601098965293,
        2.1393706214863304,
        2.1672116229767395,
        2.214942869773841,
        2.16535398468576,
        2.1280685071714354,
        2.1443566683937916,
        2.0694369259172345,
        2.106270584642335,
        2.1063347959051058,
        2.0710236820437267,
        2.080874486794147,
        2.1048743354422723,
        2.083015785510521,
        2.1163312942424635,
        2.0721115060697244,
        2.0955756520521613,
        2.056168546305574,
        2.088260607224916,
        2.10629708655003,
        2.0844928259136064,
        2.0676725007046497,
        2.0453080973011164,
        2.1585254504364406,
        2.1550498558632043,
        2.1536897045286256,
        2.122976745296578,
        2.0854972140444485,
        2.1214747727807555,
        2.126972066779795,
        2.10712510265767,
        2.121192130808957,
        2.0737444585276736,
        2.0790723445841195,
        2.033476762701053,
        2.0532337467401187,
        2.0819710500905946,
        2.093391589023026,
        2.0508472292517643,
        2.0431931790380564,
        2.0706999947423883,
        2.034622420035493,
        2.0306872148622297,
        2.13539145980171,
        2.061962030616197,
        2.069606917435184,
        2.1009029220989075,
        2.039309039818349,
        2.0631462438362127,
        2.0352498724544885,
        2.0694087097422815,
        2.0843077809148487,
        2.063427755751524,
        2.0658533266482926,
        1.9929384066769606,
        2.0573053548450035,
        2.0387993091416954,
        2.0684710539473423,
        2.049985059531046,
        2.020744206041008,
        2.011860039801734,
        2.0543250223237415,
        2.053151516321042,
        2.0930101903532075,
        1.9843481613836251,
        1.996632310553773,
        2.0216873076211748,
        2.0364870967999895,
        2.012111547198037,
        1.9736501107139024,
        1.9690890585966427,
        1.955349232761672,
        1.9986596347321484,
        2.021576027362697,
        1.991071127076692,
        1.9551035420399747,
        2.0196265698604705,
        1.9890201741015654,
        1.9748722445744127,
        2.0618431925840977,
        2.0315886908752656,
        2.0330692589847112,
        2.006138761257714,
        2.0713212973128856,
        2.055952677682089,
        1.9847297600130616,
        1.9474213256313453,
        2.0363650766221584,
        1.9927244376010287,
        1.9654957539472733,
        1.986526414902586,
        1.9933796814551585,
        1.9725076530995098,
        2.0018635774855613,
        2.008508162739874,
        1.9643066975517556,
        1.9466208529838365,
        1.9747057268265038,
        1.9739664278890494,
        1.945890238404989,
        1.9722872481175595,
        1.9675773973192672,
        1.9201174669209444,
        2.0298189556953043,
        2.0464604836326616,
        1.9978402628008396,
        1.9847760994644628,
        1.9741818591214255,
        1.9982524382271556,
        1.962064543878901,
        1.9872683794164678,
        1.9609969549910637,
        1.9898904600942595,
        1.990006071383977,
        1.958931404374275,
        1.9643157967480371,
        1.9892640245259443,
        1.971273226461857,
        1.9328215424570314,
        1.9596317092730022,
        1.9406639278826336,
        1.9681963933149051,
        1.9439571639796396
    ],
    "min loss": 1.9201174669209444,
    "training steps": 10000,
    "batch size": 256,
    "history size": 1000,
    "dataset": "enwik8",
    "end time": 1730477639.963208
}