{
    "start time": 1730482654.934253,
    "use_input_gate": true,
    "use_forget_gate": true,
    "use_output_gate": true,
    "use_state_gate": false,
    "use_new_state": true,
    "use_old_state": false,
    "use_residual": true,
    "n_layers": 1,
    "state_size": 32,
    "id": "ec9d5fadd7fd2aa903ba3d7a5c23e7e7bb15595a7df62fb23d29218a073409b8",
    "loss": [
        4.774096337727168,
        3.6223159479670537,
        3.4307115228804896,
        3.4215877240806045,
        3.3485866365395207,
        3.2930507247298775,
        3.201223121698189,
        3.1420156173495295,
        3.0580408010775946,
        3.014007756986912,
        2.977481665737037,
        2.937302225921639,
        2.921200288747672,
        2.8962950442068536,
        2.8695734403777067,
        2.830991654242458,
        2.793644387451139,
        2.777917295419148,
        2.7770565763300894,
        2.787646083377813,
        2.764087546651152,
        2.7568091110204733,
        2.7477709883461237,
        2.7600388850102164,
        2.700415051211045,
        2.6806038632700813,
        2.6783122829894115,
        2.6527692997806884,
        2.64389429960002,
        2.620651421626032,
        2.604110464410461,
        2.6351753852916593,
        2.6099092579398904,
        2.5849571581722026,
        2.6056272237683684,
        2.5629707556048937,
        2.6188701908506484,
        2.599842465863018,
        2.561869517289653,
        2.5869634950374247,
        2.5508188107393694,
        2.545632407511044,
        2.530825840917885,
        2.5297847873283335,
        2.5110306202242465,
        2.5160112224642126,
        2.5125819177436672,
        2.530629716776684,
        2.504726171100509,
        2.479550002694498,
        2.5062464236319535,
        2.488397273948275,
        2.480161420842205,
        2.5031317795860253,
        2.477756438217244,
        2.51751580884271,
        2.483300394444756,
        2.451333805834931,
        2.4323639025740804,
        2.4790175204508986,
        2.4815224714751345,
        2.46516394303111,
        2.4375294202425875,
        2.410520292054367,
        2.425824263422914,
        2.399302901672149,
        2.4296057181863455,
        2.427009020388975,
        2.413172850688106,
        2.443293225781311,
        2.396830709317931,
        2.4176335571471212,
        2.4356043373376,
        2.434068468019641,
        2.3852538061026616,
        2.383028751398654,
        2.433993370601468,
        2.407507433150495,
        2.390711379768568,
        2.4472639871906927,
        2.374601591201628,
        2.3828549485980584,
        2.3632174151349887,
        2.3696866208092455,
        2.377932378308183,
        2.378707129041005,
        2.3788280451181905,
        2.3792907412654394,
        2.3528191089599333,
        2.3572023882243327,
        2.3520820316605944,
        2.3735879596068346,
        2.356320661815343,
        2.36900017214867,
        2.387929331424512,
        2.3625350521843798,
        2.3664359100301406,
        2.341753395934986,
        2.358946622588838,
        2.419572377616753,
        2.422882816394141,
        2.390366080711438,
        2.3986297368105167,
        2.3754229852975346,
        2.396560868909802,
        2.3816486464209223,
        2.372046646568801,
        2.3833076583219026,
        2.358145908581905,
        2.3628422526981345,
        2.3490316155190833,
        2.3228478520651863,
        2.320321356382965,
        2.313825085512334,
        2.281008319258689,
        2.316729111759841,
        2.3601693290270265,
        2.323605982610938,
        2.3456639596838844,
        2.397414943640892,
        2.342437582542091,
        2.299385267441166,
        2.3224257770024734,
        2.343216415843448,
        2.315983416850926,
        2.322035678532781,
        2.338604711510289,
        2.334873106735698,
        2.319898198057313,
        2.3454257118615223,
        2.333751554030934,
        2.3418291423057775,
        2.3135953321007454,
        2.360367026542095,
        2.307825036620274,
        2.325192569383384,
        2.327087817419292,
        2.3563053713046385,
        2.3382224046754434,
        2.403976082163325,
        2.359915970280951,
        2.3464494996957397,
        2.276917812057066,
        2.353944546490881,
        2.3283447988597206,
        2.3598139452005835,
        2.3182455133354125,
        2.3051708037101704,
        2.3132934894181036,
        2.3180045568358403,
        2.2712371279141497,
        2.273001494747347,
        2.244056733666917,
        2.2921539568221854,
        2.2990601612551536,
        2.3251596285766394,
        2.334841868015487,
        2.285184991630629,
        2.2792465916147577,
        2.3613457457913976,
        2.2692201921510233,
        2.3110846813616353,
        2.2946228485407394,
        2.302188037471753,
        2.2885126395829287,
        2.304630646740391,
        2.2726888505735685,
        2.2792737900678204,
        2.2898632044083795,
        2.2424826214321656,
        2.3012510660976977,
        2.2807862580421565,
        2.2832549523817742,
        2.276908703551471,
        2.2715801628051926,
        2.261751962924642,
        2.2450210240326696,
        2.282558765126308,
        2.2578536864517904,
        2.316836353701095,
        2.271152130464992,
        2.255850685462231,
        2.2368620161233435,
        2.2516398142793816,
        2.249267484266674,
        2.2525808111042043,
        2.2601567698141762,
        2.2569965627793978,
        2.25719938963245,
        2.2087629060391913,
        2.238440150185595,
        2.24444013917025,
        2.2692735455167483,
        2.249412874281867,
        2.2494724560304458,
        2.283615248419725,
        2.2728420474613684,
        2.278374290167404,
        2.2587541707440972,
        2.3201167780001386,
        2.2413082544644833,
        2.224990634809535,
        2.2920536126195383,
        2.2792988885255143,
        2.2385973299694872,
        2.245992696862663,
        2.2841532507477815,
        2.2533296555928333,
        2.2002083953355087,
        2.2122593623856166,
        2.2356612221061907,
        2.273745512688464,
        2.2662280811489808,
        2.260506635893842,
        2.278091439277167,
        2.27206441228397,
        2.2899142350220325,
        2.3077967462620967,
        2.2728184840328094
    ],
    "min loss": 2.2002083953355087,
    "training steps": 10000,
    "batch size": 256,
    "history size": 1000,
    "dataset": "enwik8",
    "end time": 1730482687.15317
}