{
    "start time": 1730477942.4663434,
    "use_input_gate": true,
    "use_forget_gate": false,
    "use_output_gate": true,
    "use_state_gate": false,
    "use_new_state": true,
    "use_old_state": true,
    "use_residual": true,
    "n_layers": 1,
    "state_size": 256,
    "id": "ed1bab68250c4f9122674f5c84e8327f33a57056cd228895ba26bae569df06b5",
    "loss": [
        3.7936478917645164,
        3.333541111696681,
        3.042317333791502,
        2.8928793890725952,
        2.784046013499791,
        2.713172349446671,
        2.6849215314979498,
        2.6183571588131707,
        2.582197832624014,
        2.5569237377628733,
        2.5441928644469196,
        2.494091376105305,
        2.479629370846958,
        2.463095485007991,
        2.468660544492577,
        2.4233886793503645,
        2.403212714494663,
        2.3606791183853395,
        2.3646576227696987,
        2.3884752846475408,
        2.357878473398089,
        2.340309935008891,
        2.3297906673738393,
        2.3433198853350574,
        2.2805772501295376,
        2.307681116018565,
        2.253676886699313,
        2.2566696638046726,
        2.2479017944187967,
        2.2708736229793405,
        2.2581328897530324,
        2.273335215709868,
        2.2343692618451554,
        2.2354155171295127,
        2.225009995320817,
        2.2432293677769715,
        2.2347667855800473,
        2.2065667377390965,
        2.2004881719454583,
        2.2618971723540167,
        2.232538149697672,
        2.1917455091191016,
        2.1543882654364728,
        2.206292749915397,
        2.187762014191591,
        2.186189399989727,
        2.156345642576556,
        2.1423857543633535,
        2.135203958183877,
        2.1037411920405056,
        2.132691761465947,
        2.0865422890278427,
        2.1115491713491985,
        2.13088364280521,
        2.1218128572646635,
        2.074086740565711,
        2.0712922970997063,
        2.041704577033005,
        2.102116736505498,
        2.1172383547636193,
        2.1060671800761175,
        2.0725887388036135,
        2.098718728427942,
        2.097426323871662,
        2.0823640715701113,
        2.0680906207085084,
        2.086393464802231,
        2.0832847666537413,
        2.027101675746239,
        2.0636266428381695,
        2.074408685854642,
        2.0621503353803985,
        2.0724917796369287,
        2.006222093688425,
        1.994569215376331,
        2.0153117385793333,
        2.0140647212847362,
        1.9859965070258774,
        1.9974476202476774,
        2.1261764466098807,
        2.1244892034772493,
        2.0833917289758275,
        2.0436777659783494,
        2.047177433935392,
        2.0462859930253514,
        2.0673786227209825,
        2.0552978575863405,
        2.0372030713391434,
        2.0285105468511246,
        2.054956895942933,
        2.071554149388203,
        2.0845633378026,
        2.0602026851803377,
        2.039691932767422,
        2.018469741841006,
        2.012662110867396,
        1.9555274673926566,
        1.9940251462585346,
        2.0143505733885876,
        2.1233368283563583,
        2.0593730910472496,
        2.018371744768532,
        2.0203855299440066,
        2.0095186969804355,
        1.9540494633123502,
        1.9208570779342575,
        2.0065265644845285,
        1.9616764419102428,
        1.9852305707754312,
        1.9569389570040654,
        1.9444148184948384,
        1.937485940675341,
        1.9483018824818816,
        1.9229147992811302,
        1.9671604342624964,
        1.9422049877303307,
        1.9144811430764863,
        1.9361380299958508,
        1.9492352213772264,
        2.052733581656466,
        1.974982007696705,
        1.974040531526359,
        1.9699198562232847,
        1.9157654338974621,
        1.9575287928202978,
        1.951831870976758,
        1.9351538166295328,
        1.961654714406756,
        1.9621185131858077,
        1.996942573566711,
        1.966307112746831,
        1.9512591474398748,
        1.996856387832173,
        2.0035990811337916,
        2.0025487574170446,
        1.9791080616140964,
        2.0055948586067585,
        1.9758795581901176,
        1.990778374050754,
        2.0435427613182173,
        1.9766046371939732,
        1.975382621693301,
        1.9753539929998558,
        1.937996573491982,
        1.948020215531567,
        1.9346880275931848,
        1.9141287115657026,
        1.987734402872166,
        1.9401360736766038,
        1.9145618386846384,
        1.9110170800783226,
        1.94341404986911,
        1.9620924821934635,
        1.9552148183897144,
        1.9502352341887892,
        1.915094915710646,
        1.9645199558624897,
        1.927300123213831,
        1.9382181244604468,
        2.0151142256682952,
        2.0471792321376454,
        2.026936116003649,
        2.031238840352625,
        2.0082295947825783,
        1.9667146733134317,
        2.010495298650949,
        1.9978932134942327,
        1.9503109738050346,
        1.942102802762443,
        1.945606214824181,
        1.923813444931631,
        1.9920141800359499,
        1.9405266776113579,
        1.9483362420651773,
        1.9080650833968071,
        1.9230796005123438,
        1.9693279005379902,
        1.9697752621327547,
        1.9377360877910004,
        1.9981682627167614,
        2.011402330394353,
        2.0185394361215208,
        2.007843261256377,
        1.9879722328324783,
        1.9749380078774545,
        1.9475997410429382,
        1.9271678612574534,
        1.9764773796530135,
        1.9170815703822672,
        1.8750924899937775,
        1.90969469342776,
        1.9478276695305228,
        1.9172197061708374,
        1.9427708700397033,
        1.9025312499541989,
        1.8919274851021042,
        1.9070750801685046,
        1.8939763899805853,
        1.970782978922098,
        2.0037473055225994,
        1.9311957518956229,
        1.9435154512283686,
        1.943839035925766,
        1.945816843655023,
        1.9133999735714933,
        1.9255615379912485,
        1.8930628364839002,
        1.912162664242671,
        1.8700080967777437,
        1.9033056036317937,
        1.9225352215098128,
        1.9145778972631131,
        1.8881152067640616,
        1.891794773831439,
        1.8802525775315333,
        1.8631615906871921,
        1.9121652539660747,
        1.8996956265551392,
        1.9142815955421826
    ],
    "min loss": 1.8631615906871921,
    "training steps": 10000,
    "batch size": 256,
    "history size": 1000,
    "dataset": "enwik8",
    "end time": 1730477969.6320755
}