{
    "start time": 1730483492.921819,
    "use_input_gate": false,
    "use_forget_gate": false,
    "use_output_gate": true,
    "use_state_gate": true,
    "use_new_state": true,
    "use_old_state": true,
    "use_residual": true,
    "n_layers": 1,
    "state_size": 32,
    "id": "eda957ee0839dd4d9c263a677999b27d787e2ff2934150ea695c7bbe5abef78c",
    "loss": [
        4.212708204734438,
        3.6367573074326116,
        3.4999381418635553,
        3.3919487583364125,
        3.2655102650777623,
        3.134077158917006,
        3.074160211900595,
        3.0138827759218874,
        2.947856688200577,
        2.8895059554625653,
        2.8491479214687567,
        2.799880163368703,
        2.8196264971918596,
        2.749577705401923,
        2.766842914615579,
        2.710496622491375,
        2.7137411703616925,
        2.7135542845865834,
        2.7103265630716282,
        2.7251766154076438,
        2.6718549744145905,
        2.6662147515443593,
        2.6590156044394933,
        2.6719823848526225,
        2.610450519063664,
        2.609764004981686,
        2.5958739381201887,
        2.5773834593829346,
        2.5998957498596615,
        2.5861881099247253,
        2.564727883626808,
        2.5595380281733044,
        2.555303766791802,
        2.5300146836159008,
        2.5728552410995067,
        2.499927478978816,
        2.5500380426379734,
        2.537316193480336,
        2.520090964956058,
        2.553934039063887,
        2.561188816650478,
        2.531972477184324,
        2.4819250046219516,
        2.4708074884463764,
        2.4706472453062243,
        2.4871423497066303,
        2.44838744512611,
        2.487864999515045,
        2.5031175368210365,
        2.492776989397403,
        2.4856539565570386,
        2.454338374820067,
        2.4765752724082892,
        2.5161055078296197,
        2.4477799689819175,
        2.4229422732243027,
        2.483650165812412,
        2.4601784041960806,
        2.4194019193839313,
        2.475248813693762,
        2.450088937279907,
        2.4491473881920047,
        2.437252944542013,
        2.433028157511642,
        2.4567949260329063,
        2.3983758199067164,
        2.373987600703403,
        2.382376571217835,
        2.4066315257854067,
        2.387444447607604,
        2.4067732436075637,
        2.3764561532818185,
        2.364725469597159,
        2.382511326086889,
        2.3762285968650763,
        2.373709498214038,
        2.362766384787586,
        2.3937825986003634,
        2.393521750826756,
        2.409843866306458,
        2.3866114378164105,
        2.365430057943932,
        2.404057728677331,
        2.36819217936545,
        2.3854638222116864,
        2.3950234259897396,
        2.3768530112686705,
        2.358431892390175,
        2.380567908256143,
        2.3915784195962595,
        2.3452187197385372,
        2.3702007672695307,
        2.4029991477783597,
        2.3827833505710214,
        2.353747097185058,
        2.3371201472492293,
        2.314936102473633,
        2.3225713630051765,
        2.329586616166222,
        2.3544322364820953,
        2.3861854114371472,
        2.349173022943838,
        2.3459860580183536,
        2.341311311252109,
        2.3207877219952566,
        2.3220819228791334,
        2.327844515287785,
        2.3436236448683756,
        2.33710125524003,
        2.3084835445482526,
        2.328083227730595,
        2.290469069172679,
        2.282459788206684,
        2.30178807815714,
        2.28994728418265,
        2.293876812964787,
        2.3158869134613274,
        2.318181906822917,
        2.2992521707959708,
        2.3430501198438676,
        2.322974141093902,
        2.3442200752395475,
        2.3171386577783943,
        2.342970297941982,
        2.3247864986099276,
        2.301744587433834,
        2.301184101382631,
        2.323428249007241,
        2.298729112964154,
        2.280532123051758,
        2.2749197854153564,
        2.2675251689924147,
        2.2828338371151755,
        2.303775526280925,
        2.3213053568109707,
        2.2984641860944266,
        2.3180042690714915,
        2.265939717898157,
        2.2571647819219667,
        2.2797288259131925,
        2.379087238829945,
        2.2900887442685063,
        2.2897796615491246,
        2.3327710457974726,
        2.315657018851527,
        2.334977063710725,
        2.2788632821342434,
        2.311422922454349,
        2.2765511244009256,
        2.2988339280904677,
        2.293400179467978,
        2.2867206796949784,
        2.302815126438445,
        2.2689250453199983,
        2.301336981667508,
        2.256683913976263,
        2.2477342705223196,
        2.2543573567720774,
        2.278646535860305,
        2.3197054527717884,
        2.3113756785769666,
        2.3083990216826638,
        2.2869809971027584,
        2.28160578678941,
        2.2915890323247265,
        2.2885855790753693,
        2.297086032527854,
        2.3040902881078287,
        2.2831345778445242,
        2.268800176323106,
        2.2719852511872194,
        2.2302881064996085,
        2.2689813014848594,
        2.2555973636160145,
        2.2288975739875063,
        2.2673076477586687,
        2.20643688296474,
        2.270775275476781,
        2.272571194394763,
        2.3002268329092392,
        2.2649757507690356,
        2.229418839141039,
        2.29972025432148,
        2.260776072262602,
        2.25312301364139,
        2.23023603428368,
        2.2895386900452666,
        2.2444880779629752,
        2.23293366029382,
        2.2707649456758046,
        2.264206596848016,
        2.2787887259350788,
        2.3227345757839006,
        2.2479342078671527,
        2.266606347127048,
        2.247665010302089,
        2.2881930194387023,
        2.287734167583563,
        2.2621026778415136,
        2.2929881397869134,
        2.2539801438934406,
        2.245639661258682,
        2.297005384804284,
        2.2201319974247076,
        2.245229855864793,
        2.253950136917915,
        2.2299448178364223,
        2.2277297716035327,
        2.2125544789322524,
        2.2258093830917463,
        2.2104102711239246,
        2.203398229195242,
        2.197971955828188,
        2.242223391600006,
        2.2339673089087233,
        2.2136378257101357,
        2.225889619144175,
        2.249026626244168,
        2.2285936721068644
    ],
    "min loss": 2.197971955828188,
    "training steps": 10000,
    "batch size": 256,
    "history size": 1000,
    "dataset": "enwik8",
    "end time": 1730483518.3935466
}