{
    "start time": 1730483293.7594275,
    "use_input_gate": true,
    "use_forget_gate": false,
    "use_output_gate": false,
    "use_state_gate": true,
    "use_new_state": false,
    "use_old_state": true,
    "use_residual": false,
    "n_layers": 2,
    "state_size": 256,
    "id": "f091eb3488c478a62da9d21e988192dc5d06f83af0fad61d3d618d808256faac",
    "loss": [
        4.1736482358170734,
        3.622125026667466,
        3.558925962546557,
        3.496435599151127,
        3.445178973630919,
        3.458877154841008,
        3.437981222477733,
        3.4014357875692425,
        3.4055679074437224,
        3.3863200565197227,
        3.3811976921082088,
        3.3287727386373476,
        3.307563203044241,
        3.3196490801843996,
        3.2977455984313635,
        3.2495284090948244,
        3.245150930670164,
        3.2409759075007836,
        3.2369262534243024,
        3.2652727430059314,
        3.172408380970728,
        3.1540131049421736,
        3.1269761507774847,
        3.1545288727099305,
        3.1141520583647573,
        3.040557416109097,
        3.0310920296148502,
        2.9886038434046447,
        3.037576208861927,
        3.0244804650195545,
        2.9807853936045907,
        2.956609907836754,
        2.95630994469513,
        2.9478812852947334,
        2.941738543541414,
        2.9240864037813625,
        2.914343888758634,
        2.888603320526459,
        2.9104851287472653,
        3.018355666314124,
        2.9172075559667463,
        2.8854940359529633,
        2.89606603085739,
        2.9058931148003966,
        2.9146803949589675,
        2.9016600512277324,
        2.825412309555327,
        2.866794168009146,
        2.89765655242892,
        2.8364785904480283,
        2.813974350778253,
        2.850491533906637,
        2.816128413726495,
        2.7857369764813895,
        2.7807468678719744,
        2.7786232390528287,
        2.7768867428181583,
        2.7737881189163596,
        2.76038243604636,
        2.9265284658325017,
        2.793109802845423,
        2.765461204508974,
        2.7205688441030373,
        2.7164573469509525,
        2.7066580138740113,
        2.7011545814384643,
        2.7183264025659044,
        2.7175506310336512,
        2.7114046084688894,
        2.7178098178920553,
        2.7212396360615734,
        2.6835929753817287,
        2.6735333894795503,
        2.710730023077884,
        2.6356695653718805,
        2.6483564600858087,
        2.617794018122499,
        2.6620610992302267,
        2.626782161491977,
        2.806284365311149,
        2.639150117727321,
        2.617365979793613,
        2.6008993503458124,
        2.5856029326957066,
        2.5873173297085628,
        2.592370579420831,
        2.568684703432662,
        2.6043807536480714,
        2.5992658055914717,
        2.5967525649038072,
        2.5561673601239256,
        2.5502484276978907,
        2.562033762022862,
        2.595255774784328,
        2.5699282737463394,
        2.5469374295821834,
        2.529992033953051,
        2.5279490392394672,
        2.5327632989674655,
        2.7518184553262133,
        2.5962547301317693,
        2.573022645770691,
        2.5675405223757766,
        2.6134569937785135,
        2.592344732822935,
        2.588597179755439,
        2.5769584741228813,
        2.5707214369383813,
        2.5592990008431538,
        2.539709483134894,
        2.5608191195793326,
        2.5740112223538842,
        2.55374480884429,
        2.534358909005485,
        2.544521481245207,
        2.5438407834442853,
        2.5342659769600524,
        2.537504620110345,
        2.500142142591839,
        2.692263693220415,
        2.575852232185211,
        2.530576609708459,
        2.5262350843183348,
        2.521238942856726,
        2.5446796222185237,
        2.533957572957973,
        2.5180011584445285,
        2.4901453736443426,
        2.484641688742848,
        2.456791753959561,
        2.532518912580323,
        2.4812159540455276,
        2.4635480896152906,
        2.495977578364536,
        2.4285701229493624,
        2.4813522510644064,
        2.468492078554161,
        2.457686402390696,
        2.470884098418182,
        2.6679573873816977,
        2.526482170416058,
        2.493204860316016,
        2.489984627024817,
        2.483503752715832,
        2.4600809667706174,
        2.514492198179356,
        2.459822943547013,
        2.4439474958143044,
        2.451303967697519,
        2.479336391357453,
        2.4465820156488487,
        2.465219385628077,
        2.4591481775919957,
        2.444865057003918,
        2.4643278043056904,
        2.4736916694443645,
        2.460025193879607,
        2.4131149604528086,
        2.445866540779718,
        2.604867560031926,
        2.502880153624524,
        2.5129891771589055,
        2.4562445126431616,
        2.461261209861506,
        2.4296466357516104,
        2.4338922842494615,
        2.454457207563644,
        2.3895254647368076,
        2.4059695222620365,
        2.386388280754437,
        2.389658869756381,
        2.454014036400288,
        2.41491592880715,
        2.3999494392817438,
        2.406226528481366,
        2.378036895459173,
        2.4014457176159967,
        2.3677378771541897,
        2.388309326086418,
        2.543944983554788,
        2.408639885109473,
        2.4193005735750974,
        2.3981338230299896,
        2.392908706488446,
        2.3911228891297793,
        2.4096747841268527,
        2.4017530295447425,
        2.388817018765643,
        2.395764214181272,
        2.3578565681459143,
        2.380308027979215,
        2.3673424749220815,
        2.3824592504124635,
        2.3743620243379544,
        2.3697765740287124,
        2.3735231664527627,
        2.3433824907880902,
        2.356925895388115,
        2.399401953948813,
        2.514983781102568,
        2.3880839082127396,
        2.373563802575984,
        2.4235864647434764,
        2.3814679814443513,
        2.4295673958498076,
        2.3876786076243284,
        2.4270893002779,
        2.3823854974684324,
        2.4133212189702573,
        2.3998579803785827,
        2.4249954393333515,
        2.392095333199693,
        2.383176418920592,
        2.359134049451745,
        2.4029688090825276,
        2.399884352404778,
        2.3566700737490196,
        2.335465454274403,
        2.3378715950024183
    ],
    "min loss": 2.335465454274403,
    "training steps": 10000,
    "batch size": 256,
    "history size": 1000,
    "dataset": "enwik8",
    "end time": 1730483318.0221238
}