{
    "start time": 1730480028.7464025,
    "use_input_gate": false,
    "use_forget_gate": true,
    "use_output_gate": true,
    "use_state_gate": true,
    "use_new_state": true,
    "use_old_state": false,
    "use_residual": true,
    "n_layers": 1,
    "state_size": 256,
    "id": "f09ef90793c2ee41ec63820bdbf3fd168783da25a658115299e576229468e139",
    "loss": [
        3.8050148475318983,
        3.333574172721985,
        3.0929028896594963,
        2.919909513626837,
        2.8321161276875384,
        2.8012501126770126,
        2.729847589557638,
        2.629380319387453,
        2.6364727049112573,
        2.645158701456501,
        2.569566325985044,
        2.5483738349612355,
        2.4899734117129384,
        2.411857435195935,
        2.4167976776754907,
        2.3538369754149597,
        2.2946972638625485,
        2.305510964788576,
        2.278433804326745,
        2.3039800927804843,
        2.32683345860051,
        2.265694996753936,
        2.262705443075078,
        2.251492006746008,
        2.247470358652864,
        2.191518298448373,
        2.1783028315805257,
        2.170750985140282,
        2.1529527339252867,
        2.096326221271635,
        2.1159906658600285,
        2.0868166341305825,
        2.0642078732471587,
        2.102300587998805,
        2.0796671954362713,
        2.0834656278489225,
        2.0315383086064167,
        2.066970025358455,
        2.0499117744957256,
        2.0929262777035813,
        2.070231245365716,
        2.022526130407385,
        2.0164853245773293,
        2.033231868514131,
        1.9826594545305678,
        2.001383869347745,
        1.957632338350861,
        2.0070696155140237,
        1.956153400407375,
        1.9443738909494424,
        1.9062812796484243,
        1.9488526133156552,
        1.970437882232848,
        1.927278432716222,
        1.9143032166880696,
        1.9069273054165448,
        1.9018545097135364,
        1.890260335246127,
        1.8682275279771354,
        1.9641148805590563,
        1.9806703891477506,
        1.95539101961356,
        1.9302814981333003,
        1.8809502042006174,
        1.9002872269162663,
        1.8991639643859293,
        1.9021825591192152,
        1.852407157309291,
        1.8047651966837173,
        1.8081587274177642,
        1.7858390894244514,
        1.812876477419101,
        1.8128663837172077,
        1.7739815994326296,
        1.805218892420296,
        1.8089053767407774,
        1.783368560343031,
        1.7918418766443271,
        1.7810068509655632,
        1.9559558418411018,
        1.9231561521344833,
        1.8403761366173432,
        1.8728752373669268,
        1.7767297066600631,
        1.8039042037012663,
        1.843552162306022,
        1.8253459292623635,
        1.8015368628095578,
        1.7847629294621687,
        1.8255320481009512,
        1.8374310146380437,
        1.7889186960519459,
        1.7672470228042438,
        1.778591080387279,
        1.7709045573477595,
        1.833297405407154,
        1.8485472912776786,
        1.806226465249139,
        1.8491482506347798,
        1.982301753072489,
        1.899894514833536,
        1.8236593532726808,
        1.817962725421493,
        1.785861782783017,
        1.844151238008152,
        1.8212218168659708,
        1.7669855112401684,
        1.8084098996395865,
        1.7853236423770393,
        1.7965229320107223,
        1.7550247299980293,
        1.7732699083557497,
        1.7718659908776644,
        1.781716921505234,
        1.7809884914600016,
        1.786111005761487,
        1.784459964350343,
        1.7764043138623182,
        1.7756641957664658,
        1.9046022221160364,
        1.8553237710478652,
        1.8356710886081924,
        1.7940450460662953,
        1.6961148045248802,
        1.762505091884391,
        1.7534738900590274,
        1.7557257016292305,
        1.7666668465861082,
        1.8037110880313565,
        1.7502142359911643,
        1.7472261324930942,
        1.7398928683442068,
        1.7307440781493446,
        1.7585266915706026,
        1.7316848834465808,
        1.7068011878188374,
        1.7191223861060172,
        1.6626756112226146,
        1.6978110437948895,
        1.8518682471345127,
        1.8313879808594673,
        1.7878379350787965,
        1.8297800842597378,
        1.8353516031164736,
        1.7997176921725122,
        1.7745757421458042,
        1.7659451761738163,
        1.7782694588883854,
        1.7621382024672143,
        1.7303688313654053,
        1.7292070862758973,
        1.7420735154559326,
        1.7583736772701533,
        1.7753481688796806,
        1.798889076054371,
        1.793440491858396,
        1.740671012133881,
        1.7457579454631231,
        1.7284621208014883,
        1.8567592954580165,
        1.7864194498565038,
        1.7258218447712599,
        1.7379473704077548,
        1.717691313183085,
        1.6696288109812922,
        1.7282675139036647,
        1.7476257217523525,
        1.724551533789874,
        1.736758288972277,
        1.7202610190037904,
        1.7313712725359443,
        1.7154219105710244,
        1.7442142419367432,
        1.7060915313287217,
        1.7254660985540669,
        1.7570721719069944,
        1.7484153777858633,
        1.7217944425702425,
        1.6979956973822146,
        1.8504871990558422,
        1.7799138117994462,
        1.7453059461296325,
        1.7200148326718827,
        1.748975518393301,
        1.7407012744185955,
        1.6743951024796921,
        1.703797300399086,
        1.721747577587682,
        1.7173302129253978,
        1.7731281523585762,
        1.697188233014832,
        1.7010527894032004,
        1.7051568551994754,
        1.695082293637433,
        1.6962133277114837,
        1.7409949556681197,
        1.6868379333658785,
        1.645636280953544,
        1.6891143756758455,
        1.875516923142431,
        1.763193058921118,
        1.7977628432068888,
        1.7317354981692583,
        1.7067915840689118,
        1.7484437776249098,
        1.7496069757353951,
        1.7354075393263653,
        1.7130052386077015,
        1.697255665665745,
        1.7089671933501491,
        1.6939162436018265,
        1.6666219008323515,
        1.7131722205905222,
        1.723811969652437,
        1.7133606540662125,
        1.7289327742368896,
        1.6852287553966674,
        1.678752779125341,
        1.692115907457963
    ],
    "min loss": 1.645636280953544,
    "training steps": 10000,
    "batch size": 256,
    "history size": 1000,
    "dataset": "enwik8",
    "end time": 1730480059.7563658
}