{
    "start time": 1730479979.8240135,
    "use_input_gate": true,
    "use_forget_gate": false,
    "use_output_gate": false,
    "use_state_gate": false,
    "use_new_state": true,
    "use_old_state": false,
    "use_residual": false,
    "n_layers": 3,
    "state_size": 256,
    "id": "f11df3dd232121e2801a4b2ff77cf05e5ec997a56abffbca5ae7e10ec6437e36",
    "loss": [
        3.6255550055062793,
        3.5060094245800144,
        3.4560603624722672,
        3.3106214207703215,
        3.145580653346169,
        3.0395604289484006,
        2.957575354725742,
        2.903802683913768,
        2.8796823247635954,
        2.7636283196047597,
        2.779601735861683,
        2.762349385387574,
        2.735922413617498,
        2.6831908953907675,
        2.663874110993488,
        2.6387318814314913,
        2.628105456208256,
        2.625150147002607,
        2.604965961307067,
        2.6319659184212942,
        2.6556311231500924,
        2.64149123740554,
        2.592011793824732,
        2.585272104295146,
        2.559827366735129,
        2.5093664516829164,
        2.5325266196661227,
        2.5328789054248717,
        2.465682638610677,
        2.5285662778892326,
        2.496290654940242,
        2.5143605523123003,
        2.4874196110877373,
        2.477129763438746,
        2.4178778621003465,
        2.4305830400273365,
        2.4094769871188184,
        2.4148239397963907,
        2.387016042405331,
        2.508515129954742,
        2.413903835828217,
        2.368084426503497,
        2.3680112765075654,
        2.335786263683625,
        2.303397532356861,
        2.3237331174656903,
        2.3306461580962514,
        2.313139838396798,
        2.337164501636416,
        2.3033239847888134,
        2.2973561181477598,
        2.293802177055459,
        2.252764183172038,
        2.2887077865547667,
        2.267965725303554,
        2.2531667287836514,
        2.19926854515413,
        2.2103906561636912,
        2.2294279060269147,
        2.32695646680982,
        2.2810159007850723,
        2.180631519435727,
        2.1882355863845273,
        2.1974636651983097,
        2.219427102159002,
        2.206773176790543,
        2.2185851667911267,
        2.1942762837000065,
        2.226229770178813,
        2.1636487798138426,
        2.137696386703653,
        2.104507466879454,
        2.160779266247355,
        2.1188145426836673,
        2.1213832323671196,
        2.1482988224733486,
        2.1634070237149277,
        2.1352234746110406,
        2.1257802410929827,
        2.293908091196773,
        2.172559814374936,
        2.154023635711377,
        2.1455445903158483,
        2.1447600263826225,
        2.1338451954410393,
        2.1539498509568915,
        2.164498344708959,
        2.14185933243855,
        2.1600707114492077,
        2.134742465071799,
        2.115847852460636,
        2.1793613365275304,
        2.123407208232512,
        2.0766101880642522,
        2.090163902311134,
        2.0672738659625653,
        2.053412711155841,
        2.1093021352590653,
        2.1422930487979253,
        2.2580335650750376,
        2.129096858271268,
        2.0895144249610818,
        2.0887052409470175,
        2.0845908203086907,
        2.0735986973486455,
        2.0116702475372548,
        2.0886095927713373,
        2.0651947784460254,
        2.071584528292506,
        2.0642310243908475,
        2.0224093998908974,
        2.062395461081923,
        2.0377327246666335,
        2.0749458976664914,
        2.0163897648917537,
        2.0074958994794,
        2.015058995970867,
        2.0693410275207675,
        2.0142775868697163,
        2.151102997510564,
        2.0753643140768476,
        2.033560710935949,
        2.009146873878783,
        2.001049215254025,
        2.0368716939591334,
        2.019742672006084,
        2.015667171005471,
        2.0059077241507537,
        2.0203859259994856,
        1.999232303091755,
        1.9607251062875986,
        1.9952826776030215,
        2.016929247852776,
        2.032054883093309,
        2.0165697067946113,
        2.015423655017066,
        2.0093258657676025,
        2.0241884885827477,
        2.030743794522526,
        2.1411445169278815,
        2.074643051448061,
        2.0373894425940313,
        2.0240906696508634,
        2.023256835855648,
        1.9907498017627168,
        2.0134977038881177,
        2.0445666674062073,
        2.0238463376347364,
        2.0134006845210517,
        1.9668704383513067,
        1.926809798825373,
        1.9481241828049445,
        1.9587334186983223,
        1.9281422721422978,
        1.9299299765109845,
        1.9504590291447057,
        1.9138465392881898,
        1.9242749769889436,
        1.9603631280298945,
        2.10273050291545,
        2.0405834169419643,
        1.9499621761075696,
        1.9481489758355663,
        1.9589530552929213,
        1.9357779786319151,
        1.9421512164849388,
        1.9407423851422314,
        1.96737882298413,
        1.9428872145033766,
        1.9721556616018636,
        1.9828523877031492,
        1.9443493499613405,
        1.9519664703360546,
        1.962441193976151,
        2.022648028296509,
        1.9773908360462051,
        1.9586842121660488,
        1.9564122496112655,
        1.9603808139148897,
        2.0733350010960714,
        2.0009976082197696,
        1.9936248495634523,
        1.9682184163160523,
        1.9690602020718628,
        1.9585403317096184,
        1.9557704287755417,
        1.9355748685711391,
        1.9429652920597804,
        1.900916696232285,
        1.9121690678855197,
        1.9287787360637003,
        1.9043908313360385,
        1.895839911262944,
        1.8757987154972948,
        1.875198609465004,
        1.9110342547782244,
        1.9061538969199963,
        1.892951624170343,
        1.89275193120986,
        2.047008093786407,
        2.0217290913694694,
        1.9287992729385228,
        1.9507519184123854,
        1.9730257314426651,
        1.9141408184368671,
        1.9716552855936467,
        1.9374525941660707,
        1.913888245497438,
        1.9453253083039406,
        1.9386069410707725,
        1.941670009509716,
        1.9569981797767166,
        1.9515308285918924,
        1.9394254927802754,
        1.8856636349353608,
        1.9187669718856917,
        1.900121193880536,
        1.8789807913198862,
        1.913704271686959
    ],
    "min loss": 1.875198609465004,
    "training steps": 10000,
    "batch size": 256,
    "history size": 1000,
    "dataset": "enwik8",
    "end time": 1730480028.7455199
}