{
    "start time": 1730483613.35902,
    "use_input_gate": true,
    "use_forget_gate": false,
    "use_output_gate": true,
    "use_state_gate": false,
    "use_new_state": true,
    "use_old_state": true,
    "use_residual": true,
    "n_layers": 2,
    "state_size": 32,
    "id": "f120caf1390cb91045f4f5ed3cbdbc2fb34f446fba690f557afed4fe7dc2889f",
    "loss": [
        4.225256151273753,
        3.5611275054640616,
        3.4418253905309593,
        3.450688298733881,
        3.3202761134757686,
        3.27233918593428,
        3.2485403628754774,
        3.173461050784983,
        3.10279720893912,
        3.0941545005482105,
        2.997295972250024,
        2.977558903347438,
        2.9484690546609045,
        2.908355511477951,
        2.923952119108442,
        2.8447243046396844,
        2.841769774592511,
        2.8153218344106783,
        2.8188703851073798,
        2.7991218422802557,
        2.751404679339789,
        2.717154095054994,
        2.7347433443795675,
        2.6943534650440006,
        2.711914373484122,
        2.688162292373956,
        2.674455200346386,
        2.6893741350837295,
        2.6712140691053015,
        2.663897959329406,
        2.646316901237991,
        2.65638969204132,
        2.6673818870759676,
        2.6580545263539985,
        2.603584967791454,
        2.6316734157458788,
        2.6173455848732106,
        2.6111810488731324,
        2.597405449267672,
        2.622564112215559,
        2.556033632960837,
        2.5925732332327134,
        2.5855234201096446,
        2.5616640169850013,
        2.568676539897919,
        2.5383766796541964,
        2.5229628450890926,
        2.5138112599398204,
        2.531241079716672,
        2.5652985988033103,
        2.5409500172406227,
        2.529032960933057,
        2.519074353938236,
        2.495540277521558,
        2.5073249947222633,
        2.4783126767329717,
        2.491952144017611,
        2.4910800811889033,
        2.489159864870765,
        2.5616487208418675,
        2.4875895293572095,
        2.4728007124601645,
        2.4434743382068547,
        2.4605406533921252,
        2.400600247340363,
        2.456189950674952,
        2.4225614084241114,
        2.456266244317879,
        2.4107833642812775,
        2.416926397443644,
        2.387298364923292,
        2.4611670957360525,
        2.448971359315586,
        2.4446070950025547,
        2.4114090734066544,
        2.4075949070973968,
        2.4313207472478853,
        2.4203864425240114,
        2.4197811755117256,
        2.447790106829031,
        2.433422505377755,
        2.4340271429205855,
        2.4121159215563504,
        2.353050351472508,
        2.3748929585324614,
        2.410755429425357,
        2.4237680247008195,
        2.410223890840199,
        2.3817563349310555,
        2.386898233587964,
        2.382497242153524,
        2.4253475089977217,
        2.4162157881086603,
        2.3994614744519147,
        2.381563280358362,
        2.4171310789978526,
        2.384102417912383,
        2.3902342729468606,
        2.361233099737027,
        2.4212776017755044,
        2.3660244574985194,
        2.3604868741411256,
        2.3734261576386566,
        2.375575370247384,
        2.3584714684944244,
        2.3267725187839563,
        2.3465850364117316,
        2.3021740738004954,
        2.3425317122202975,
        2.3315819403806586,
        2.3232992285965284,
        2.306437782256421,
        2.3701482636264526,
        2.3369831994945747,
        2.342070292291195,
        2.294572009388604,
        2.3383375054620186,
        2.321310704635345,
        2.351768057522623,
        2.3681976703386587,
        2.3147417726180706,
        2.292490822196563,
        2.2971962923374827,
        2.312049461227567,
        2.343189997573367,
        2.3103819825607976,
        2.2854505555171665,
        2.320693229388755,
        2.314250409317698,
        2.3081241208598695,
        2.2784002749482464,
        2.3298130049737162,
        2.298750143121966,
        2.322226405648237,
        2.296034243410557,
        2.2724838232337348,
        2.295227344576131,
        2.3040711333207704,
        2.2683775503015875,
        2.3633873053464,
        2.2779713149532475,
        2.2902830162301155,
        2.27007355653819,
        2.2909791679027958,
        2.271529692421303,
        2.283477789160552,
        2.300105208253798,
        2.2530640590627597,
        2.2631708084460906,
        2.2610365202673637,
        2.2978860994583887,
        2.2507286189345086,
        2.2485078076615106,
        2.2999533087814115,
        2.254623935216796,
        2.2637725199221124,
        2.248192701993738,
        2.234956498734064,
        2.2522701378270744,
        2.3101878289966558,
        2.254833747143519,
        2.2534925581920326,
        2.279272289751893,
        2.274109011005417,
        2.2757572208584116,
        2.2628472843906997,
        2.2243127272877627,
        2.235637084096859,
        2.260074766362071,
        2.263174847766509,
        2.250031105929547,
        2.2425247299591535,
        2.254117701859042,
        2.2603908803865784,
        2.2603867011906766,
        2.258853912708327,
        2.2480954758708305,
        2.2398042499131954,
        2.2155170828482924,
        2.29845855269669,
        2.216615352351548,
        2.240327598097233,
        2.2270576810908116,
        2.23270080539429,
        2.237920575727886,
        2.2572978682349785,
        2.227194025710968,
        2.196981128787138,
        2.2106065552314274,
        2.186777778856514,
        2.222561673610855,
        2.177413819955747,
        2.169414648186142,
        2.140990711058455,
        2.2065795407859796,
        2.212730332324615,
        2.2325773948656598,
        2.201688597760812,
        2.2380871435218213,
        2.2651669542701027,
        2.2211034486047536,
        2.230575321609441,
        2.2164789985590483,
        2.2423005306571566,
        2.234302480109326,
        2.2418757990331324,
        2.2343330458489676,
        2.1657457809872485,
        2.1994942357822054,
        2.2108193883223892,
        2.200964143334787,
        2.2007489236602407,
        2.206400499939037,
        2.222748351644874,
        2.2143215947242054,
        2.205362242668597,
        2.2329126834099946,
        2.2045571326367126,
        2.2129976346486377
    ],
    "min loss": 2.140990711058455,
    "training steps": 10000,
    "batch size": 256,
    "history size": 1000,
    "dataset": "enwik8",
    "end time": 1730483657.5201283
}