{
    "start time": 1730478823.5484176,
    "use_input_gate": false,
    "use_forget_gate": false,
    "use_output_gate": true,
    "use_state_gate": false,
    "use_new_state": false,
    "use_old_state": true,
    "use_residual": false,
    "n_layers": 3,
    "state_size": 256,
    "id": "f32cbb89ae2f6ecf83a2c47dfa8fd0ed8e6257701b9026408076a2ff86139ffb",
    "loss": [
        3.866365564723466,
        3.479260906275568,
        3.4906694975377204,
        3.46113996585651,
        3.4736256431988215,
        3.495876120986996,
        3.5096461135037864,
        3.4832017481294746,
        3.4606709449642796,
        3.511936364914433,
        3.4340042092152676,
        3.464910135079435,
        3.4552775199582824,
        3.4834097909634845,
        3.4817738186422336,
        3.4867013736133803,
        3.4651829399699565,
        3.4538893046373387,
        3.472911519233381,
        3.5306262019642483,
        3.576644521101692,
        3.5447140439508695,
        3.544947310568432,
        3.521695576143792,
        3.562241532894599,
        3.564707370077446,
        3.559526191351174,
        3.5591732841490558,
        3.55152272325542,
        3.5886639389686223,
        3.552752678779496,
        3.573776600232629,
        3.5735920466066564,
        3.574807176139516,
        3.5575123901110963,
        3.5225764790420158,
        3.54937783469681,
        3.5300559700916954,
        3.541943127415113,
        3.5403177895471067,
        3.500050027377224,
        3.5177673299894066,
        3.500357038201922,
        3.491205926928068,
        3.493460623130352,
        3.4936483782616112,
        3.49857423470284,
        3.5047346488658597,
        3.4884472742237684,
        3.4931351941241733,
        3.4948406333317075,
        3.476133834694407,
        3.478061107774133,
        3.4768269495266027,
        3.4689316988360477,
        3.489552109048748,
        3.525113143843497,
        3.5127929573429584,
        3.473812164728992,
        3.49879523817366,
        3.5153910839570695,
        3.5194075810454213,
        3.5385429845411815,
        3.500158804786784,
        3.4816736457855924,
        3.5007151537504937,
        3.4893262116165937,
        3.521911443705411,
        3.4586736104228004,
        3.4966057606433463,
        3.515776014191094,
        3.502152920947319,
        3.509924333388624,
        3.488462651603833,
        3.503063619040814,
        3.4851178495221284,
        3.512761288318904,
        3.47576875823115,
        3.525377479434242,
        3.5143000667801956,
        3.4829865544573853,
        3.509014337659923,
        3.463119735339718,
        3.4917890882983404,
        3.4944719820468575,
        3.4876986820359837,
        3.4805030795774488,
        3.5246152038347573,
        3.4967204473101794,
        3.517750219648236,
        3.50643156376272,
        3.5016124455426247,
        3.459746562541512,
        3.5146594899576558,
        3.5151483149339313,
        3.5082594788482684,
        3.499049856991093,
        3.500757030363281,
        3.48984730041679,
        3.52578769217177,
        3.483049732831458,
        3.4562758198040484,
        3.5092524429147613,
        3.5183584325348414,
        3.5143098121092953,
        3.5561794570962815,
        3.477754859103829,
        3.4808316129954995,
        3.4911324729104423,
        3.5245899456703804,
        3.54137561077197,
        3.507926910736672,
        3.487540790116214,
        3.4840709253580204,
        3.5004880264232963,
        3.494423106497628,
        3.491572545136768,
        3.5006451490711643,
        3.488206430528281,
        3.454102151841283,
        3.486051636759928,
        3.4993673421412925,
        3.49043726876801,
        3.5055020883811894,
        3.495625174541044,
        3.497515487406699,
        3.4596616355563086,
        3.5376393883412174,
        3.5189765986953234,
        3.53192891029804,
        3.524947289572175,
        3.530153816309172,
        3.510431941827543,
        3.4967258812028152,
        3.5075974019378062,
        3.4751941172063887,
        3.492074496503686,
        3.4810427992135384,
        3.4932976075180537,
        3.4886870745479643,
        3.52788440120741,
        3.5038753661214566,
        3.4898968256980627,
        3.533852717774774,
        3.5260695500896406,
        3.5355335078158174,
        3.5260828206154815,
        3.5227279735418673,
        3.502503580394701,
        3.5047663270043805,
        3.523063005220341,
        3.52201264209116,
        3.5095576248599416,
        3.502603854337827,
        3.4839018567652587,
        3.512190693713581,
        3.5470511061571335,
        3.5044058384071657,
        3.51653660459553,
        3.496062324418523,
        3.533327319263195,
        3.520729059154867,
        3.5329882375101858,
        3.4802050068826045,
        3.511798365075687,
        3.563621488548964,
        3.5177424328502926,
        3.5358946777025047,
        3.5525458051145744,
        3.535720761118895,
        3.5925048703824296,
        3.5281509207284065,
        3.540406221104634,
        3.5868845958914743,
        3.5371756301778725,
        3.5120070930589917,
        3.5658727998217823,
        3.526839340515346,
        3.5561096898188964,
        3.517732062456953,
        3.449719220169548,
        3.4894892357578335,
        3.4925203894991323,
        3.4404042567364725,
        3.5061871668316753,
        3.468229970319885,
        3.464625950188549,
        3.4640149330808487,
        3.4358398165976025,
        3.463631029596487,
        3.48132915939013,
        3.513290100604683,
        3.498062157921977,
        3.490365071490484,
        3.5021828980685985,
        3.515738217796755,
        3.486308170419176,
        3.4495822636570814,
        3.484009388149474,
        3.503320167882826,
        3.50265009185601,
        3.4808900075043487,
        3.522382613889682,
        3.512772877346787,
        3.4784742254461847,
        3.482999791858927,
        3.4884296812446087,
        3.488906055459859,
        3.515879849114886,
        3.4765039790488546,
        3.534488263548727,
        3.5153908468643427,
        3.467057622933749,
        3.474410924407403,
        3.51526937748075,
        3.49401853002755,
        3.471424602164916,
        3.4973171108665366,
        3.500449221344238
    ],
    "min loss": 3.4340042092152676,
    "training steps": 10000,
    "batch size": 256,
    "history size": 1000,
    "dataset": "enwik8",
    "end time": 1730478840.9188275
}