{
    "start time": 1730479085.4146423,
    "use_input_gate": false,
    "use_forget_gate": false,
    "use_output_gate": true,
    "use_state_gate": true,
    "use_new_state": true,
    "use_old_state": false,
    "use_residual": true,
    "n_layers": 2,
    "state_size": 256,
    "id": "f408dcb61ec789fcbf800de4e221be8b7a122495b66e5005a2ddd4d53b2ba91e",
    "loss": [
        3.714679420805016,
        3.447007157215954,
        3.1252540916572653,
        2.9456554666867314,
        2.784012462897561,
        2.697586019925038,
        2.652428435996887,
        2.5382977560848716,
        2.5164793840420208,
        2.503504886924381,
        2.4580263949298184,
        2.4039863698185657,
        2.3693283245138574,
        2.3611781049590954,
        2.3348367965267016,
        2.3301254468035997,
        2.2869572598542365,
        2.270054917911201,
        2.26450996734013,
        2.2676225764762643,
        2.2721133420323425,
        2.21180629773475,
        2.1623392699109156,
        2.1787009305808773,
        2.1411095089612635,
        2.1020652044587274,
        2.1188931010655043,
        2.0806247142887586,
        2.0952623687953187,
        2.0389152585040824,
        2.0251720327072245,
        2.044499621409333,
        2.0046697259713397,
        1.9880520353704827,
        2.0036976222511056,
        1.9539616519947456,
        1.9576618129590058,
        1.9256979221977957,
        1.9392604346905133,
        2.0452799830552513,
        2.0970690279895323,
        2.0221311500542933,
        2.053786898453483,
        2.094570821986875,
        2.0176707640393152,
        1.9821516939220607,
        1.9875640345475378,
        1.973203693978349,
        1.989298921046573,
        1.9380350850018777,
        1.9462306801960536,
        1.944164182741055,
        1.9266758744967396,
        1.9736722485690794,
        1.9504013183583364,
        1.9479406255275244,
        1.9544339157726855,
        1.9335347710864583,
        1.9582122542518372,
        2.0629169376751215,
        1.9608844767969935,
        1.8931488820282592,
        1.885608429232396,
        1.8631953533961156,
        1.8389029243903605,
        1.8579104772542596,
        1.8168203806873109,
        1.9075838410127302,
        1.846114657133672,
        1.8592036145380373,
        1.880838751070487,
        1.8585881687342292,
        1.8746504261483796,
        1.8528908860032691,
        1.8330559782276374,
        1.857516382367201,
        1.8501852085458639,
        1.8483717246511235,
        1.8380728958404582,
        1.9991040873930683,
        1.9424836372648477,
        1.8821344690388264,
        1.830552092683226,
        1.8200884734412928,
        1.8767889739822001,
        1.8259275310473637,
        1.8833783160142794,
        1.826896194835618,
        1.8167859801450592,
        1.8223401590599364,
        1.8071545233249813,
        1.842007834838469,
        1.8000930072310095,
        1.7719453766370512,
        1.8251599838469095,
        1.785757363469563,
        1.7988897583817702,
        1.8279714232940352,
        1.7928324098868709,
        1.949148341646709,
        1.919491307144444,
        1.835237303198288,
        1.7664672686444742,
        1.8493203536769598,
        1.7661166400939519,
        1.8064955386353594,
        1.7863237991469352,
        1.833282780038747,
        1.8130615315059362,
        1.868407228554216,
        1.8313535239460392,
        1.804302619309978,
        1.8134905885085426,
        1.807741862669274,
        1.793986721071281,
        1.8554340329572512,
        1.8278327506154906,
        1.8260475692068103,
        1.8476300111318478,
        1.9567566694864822,
        1.8846477227444798,
        1.87805890240502,
        1.8584169512757678,
        1.8325187472317221,
        1.8090291766993611,
        1.80055196962204,
        1.8227439796726812,
        1.8630135611905054,
        1.8295273549892868,
        1.8398223436436398,
        1.849781478908472,
        1.8739665893553838,
        1.8149103040389336,
        1.835325347498045,
        1.802734194568045,
        1.8089062232561286,
        1.8364659512639798,
        1.829489097931845,
        1.8064483438889107,
        1.9589794992169967,
        1.8712322030323623,
        1.8472397470655493,
        1.876106673485303,
        1.8319267146908242,
        1.8577391599412356,
        1.80619628988812,
        1.751717939187364,
        1.7778610090375488,
        1.78581120071886,
        1.7987917652423018,
        1.7819208636835653,
        1.7629271105129738,
        1.786914952878324,
        1.7552894045561327,
        1.7752053394001726,
        1.8228809754249398,
        1.8460284541829743,
        1.7711100231425432,
        1.7809713066331783,
        1.9090568071412455,
        1.9046148280415003,
        1.8661191370766201,
        1.8322044482943578,
        1.8478673652609605,
        1.8336751077678821,
        1.8151462970018704,
        1.7904096748279434,
        1.8174336752054063,
        1.8202933083105661,
        1.827996174358836,
        1.8003960066203817,
        1.7951772425530066,
        1.8140675055586464,
        1.7771058021157056,
        1.8083206562635177,
        1.779837034470823,
        1.802020704182838,
        1.783025404366954,
        1.8002336375352885,
        1.8683027480022605,
        1.9544610978165105,
        1.9284415392218288,
        1.8484191532096046,
        1.8487411361830324,
        1.8618271251926974,
        1.8272069631559904,
        1.8269676832654456,
        1.7772164453496326,
        1.7946622870047466,
        1.7572077207817258,
        1.7538699441169054,
        1.773296894731108,
        1.7635726757039079,
        1.754845212400595,
        1.7818523906782608,
        1.8020944245322044,
        1.787968673673877,
        1.7896539293120333,
        1.8008565309299196,
        1.9816516821592807,
        1.8486946111216982,
        1.8232690461145036,
        1.8339434466872235,
        1.8410893018987606,
        1.8356488175291843,
        1.8291569010088675,
        1.8413661467560545,
        1.8262881269656241,
        1.8703353895774846,
        1.856946812395329,
        1.773993893372031,
        1.7898763663556163,
        1.8263375789554632,
        1.8171966401859472,
        1.8198432391865484,
        1.8388867562478095,
        1.806956940592723,
        1.8339843993107867,
        1.794988439644478
    ],
    "min loss": 1.751717939187364,
    "training steps": 10000,
    "batch size": 256,
    "history size": 1000,
    "dataset": "enwik8",
    "end time": 1730479125.523191
}