{
    "start time": 1730480690.7444334,
    "use_input_gate": true,
    "use_forget_gate": true,
    "use_output_gate": true,
    "use_state_gate": false,
    "use_new_state": true,
    "use_old_state": false,
    "use_residual": true,
    "n_layers": 3,
    "state_size": 256,
    "id": "f53b123b42acf3fea0728108e2732fb7902969cc4d6c4bf7b58357e81ee47f09",
    "loss": [
        3.68371853464328,
        3.4824836145838907,
        3.420284021004134,
        3.3193389746107624,
        3.2050654563993164,
        3.0638449774556586,
        2.93574421850876,
        2.843086786033647,
        2.7184599069353186,
        2.7249208040164135,
        2.6459831807913656,
        2.629048829372793,
        2.597134524587519,
        2.5755786457109515,
        2.49489595677824,
        2.4824023121422365,
        2.4853513538204517,
        2.447223510488234,
        2.454942580366629,
        2.435105361859056,
        2.354122513889827,
        2.313739259749735,
        2.3522288647389424,
        2.3178830241754134,
        2.290360773390684,
        2.2812942406993697,
        2.2656631900399082,
        2.229989187295584,
        2.2341151582257117,
        2.1735326807945987,
        2.2165698903037825,
        2.1646912060434294,
        2.1429364897198515,
        2.158946190615248,
        2.151132986080315,
        2.1881697130464275,
        2.1680979509458496,
        2.113236131634577,
        2.101407934583767,
        2.1484267473623087,
        2.1608598112502047,
        2.0984133240419376,
        2.0863898376305157,
        2.0696514514392805,
        2.080807824489253,
        2.0561988907505997,
        2.047335717947152,
        2.065467417022154,
        2.0419400210758307,
        1.9979860477987736,
        2.042276788535271,
        1.994697615658506,
        2.00454961829356,
        2.006038734274446,
        1.9732921303957713,
        1.9650503062225906,
        1.942408833988929,
        2.0149886861798945,
        1.9614937332594684,
        2.048658184353934,
        2.0585295998320463,
        2.0186247849645342,
        1.9579330419148666,
        2.0175496227739877,
        1.9855819207066843,
        1.9823310979519497,
        1.956440663305167,
        1.9787791859493689,
        1.9522013051722924,
        1.9385208429405958,
        1.9236658545036802,
        1.884515688353657,
        1.907746944199276,
        1.9387581668650087,
        1.9667609373909392,
        1.912331299801646,
        1.9058322312175717,
        1.9296245662855924,
        1.8986410591760803,
        1.9881242913919908,
        1.9419384187353337,
        1.903441911623402,
        1.884846908077219,
        1.8999484601130292,
        1.881390281233103,
        1.9223385956194399,
        1.9017083861820363,
        1.866265620517374,
        1.871417896001657,
        1.8659427709097858,
        1.8883798308548443,
        1.9032417606950789,
        1.8939698656525914,
        1.9069006830781337,
        1.868689739358173,
        1.862097422883546,
        1.859183935413896,
        1.846818450187548,
        1.8155915940466967,
        1.9504498678162239,
        1.915286089202351,
        1.8573131782580201,
        1.9327280697811053,
        1.8956859531568944,
        1.8596401835937666,
        1.8707880849008054,
        1.807557818000557,
        1.8836193538036041,
        1.7911872305416263,
        1.8071470590144587,
        1.8069610828113916,
        1.755747811403531,
        1.7916344193723395,
        1.807786703058021,
        1.7814285751991432,
        1.7975050979828577,
        1.7901527860530855,
        1.7794415688703045,
        1.7801493673538675,
        1.9314906763489719,
        1.870603544469871,
        1.831527696856706,
        1.7692940885271073,
        1.779396616752504,
        1.7845079718370955,
        1.7707545448394628,
        1.8022745175218704,
        1.7808804249696555,
        1.764174069641766,
        1.728923168729629,
        1.7608950261472942,
        1.7533062166322317,
        1.703595339734814,
        1.7134822707060804,
        1.6781173856502771,
        1.6785911607673305,
        1.7290553577412704,
        1.7258028184922942,
        1.7651236360242815,
        1.889897931367831,
        1.82714208468735,
        1.7698507739732927,
        1.790774887695409,
        1.7959509156983149,
        1.8069040664122515,
        1.7883464617898577,
        1.7873902305170928,
        1.7704868499197923,
        1.7640758921449566,
        1.762617540645011,
        1.7668762972536571,
        1.750750100784814,
        1.7286507575646006,
        1.7242028246684438,
        1.7598819691028174,
        1.7346443081624223,
        1.7470902788201907,
        1.721333975348549,
        1.7351978585018197,
        1.877178151467706,
        1.8108513118992218,
        1.7387353552907905,
        1.761967369976915,
        1.8003609210474663,
        1.7658799968622565,
        1.7443287135426222,
        1.74242099970173,
        1.786667416734824,
        1.7738376492665462,
        1.754400607268935,
        1.7874200034493055,
        1.7426154886613778,
        1.7735178838361363,
        1.7836056176837365,
        1.771066779607337,
        1.7158867062060579,
        1.7664166669355192,
        1.6978022128716812,
        1.7538008629553292,
        1.888196227174947,
        1.7794195115532176,
        1.763605591671307,
        1.7725771219981,
        1.7412320793492757,
        1.762986406513487,
        1.736756617416578,
        1.7186489436518426,
        1.7139019372884734,
        1.6978346396791748,
        1.7083035158597668,
        1.6853483685694037,
        1.6905845302762115,
        1.6465132510436749,
        1.6929029668387952,
        1.6991276662997143,
        1.691271542181511,
        1.7279146853910323,
        1.720339807291427,
        1.6862720350117792,
        1.8160326307264565,
        1.7744868977885704,
        1.7069087324973353,
        1.757189198865088,
        1.7358119833801822,
        1.6843449263233825,
        1.6967545168440297,
        1.7027720817721188,
        1.7010076767560016,
        1.6895327174080237,
        1.65497200335333,
        1.6989494202480617,
        1.6895457885391132,
        1.7249805902921276,
        1.7240261993422312,
        1.7275565355531277,
        1.7092156573579886,
        1.7041621391446404,
        1.6961417031736037,
        1.7129884032329334
    ],
    "min loss": 1.6465132510436749,
    "training steps": 10000,
    "batch size": 256,
    "history size": 1000,
    "dataset": "enwik8",
    "end time": 1730480762.6266782
}