{
    "start time": 1730480788.300753,
    "use_input_gate": true,
    "use_forget_gate": false,
    "use_output_gate": true,
    "use_state_gate": false,
    "use_new_state": false,
    "use_old_state": true,
    "use_residual": true,
    "n_layers": 3,
    "state_size": 32,
    "id": "f67d9db8d9d3950c180c50e014f52ce67f8dcaf3466055654506ec7389f8cb44",
    "loss": [
        4.776033402592966,
        3.582670206979138,
        3.424938912472496,
        3.384426329878166,
        3.390432433408156,
        3.3311445364278525,
        3.307661503145914,
        3.2658277630268118,
        3.2596762715267364,
        3.2010822475018825,
        3.1761059399903537,
        3.1421591304505405,
        3.0935849991179762,
        3.076382204948552,
        2.990986080703681,
        3.0234101608459154,
        3.001017841281572,
        2.9659100211524176,
        2.9377766118641997,
        2.943842247527557,
        2.9406365867356272,
        2.9732302724947575,
        2.9394501801951285,
        2.9129098022637754,
        2.9259158317050575,
        2.8640244619577917,
        2.8875154962636644,
        2.8457081699229985,
        2.8412966402961604,
        2.826346537625026,
        2.7597059433911677,
        2.7713176152031447,
        2.779020288317108,
        2.762032276729652,
        2.7422625255890245,
        2.7480135029217356,
        2.754287253290434,
        2.739470824454812,
        2.6974737524484556,
        2.7422264798456983,
        2.737331843494856,
        2.703401820865351,
        2.6826932004075346,
        2.6238054148740564,
        2.646805445259862,
        2.7102326825151617,
        2.7014102090156946,
        2.6717581263992676,
        2.7201742726557336,
        2.6779373997132327,
        2.6757954616912767,
        2.689618856813095,
        2.638195019254765,
        2.6543491294089696,
        2.6927247502332383,
        2.6802260549394874,
        2.6599162879675617,
        2.631228114982103,
        2.6323941007389577,
        2.652963085379156,
        2.6724973333037876,
        2.621334183362705,
        2.6213176125989146,
        2.6379628247653417,
        2.614331369308245,
        2.636554444965121,
        2.589657389940263,
        2.6199149397573094,
        2.576387957556982,
        2.610948932373033,
        2.6058219793253703,
        2.570230901584955,
        2.578433363034124,
        2.603460573673877,
        2.601071733527129,
        2.574119779265266,
        2.5980385811029105,
        2.5706191522159965,
        2.5500387061215966,
        2.593874711184708,
        2.5704711997697265,
        2.567113199996128,
        2.56425807565861,
        2.5276544685351015,
        2.518769355456853,
        2.5253581285683078,
        2.555801603336074,
        2.5757696063924804,
        2.5001155789124403,
        2.574889994817156,
        2.545707826909189,
        2.565976789971003,
        2.507745823227302,
        2.565866069258448,
        2.475917870675458,
        2.5227829634184,
        2.519995087087259,
        2.513538020548817,
        2.5488032931912894,
        2.582028860942553,
        2.535883922357637,
        2.546287372850631,
        2.5628831309001527,
        2.5742599390418506,
        2.546901970230133,
        2.5415610139940203,
        2.5544951420731414,
        2.5133217925111437,
        2.520242080719741,
        2.5056867519819384,
        2.5258715508620586,
        2.5684416944877486,
        2.515222329518652,
        2.499652220427101,
        2.484084533226847,
        2.5437179951492785,
        2.485420138488038,
        2.514417101530258,
        2.476973932406694,
        2.5405072726239255,
        2.4786370216096536,
        2.4622654789061773,
        2.4709045331455406,
        2.5043808888191497,
        2.4524580886982132,
        2.4571432851630464,
        2.4682513519802387,
        2.487314441205361,
        2.4709917359717144,
        2.475992005905496,
        2.452799536275012,
        2.465946696449897,
        2.4609422398164638,
        2.4946166490750747,
        2.46844955743817,
        2.460400476016545,
        2.4569592136350002,
        2.4433056787574605,
        2.454032500240864,
        2.5215893870017276,
        2.496874611070113,
        2.5015712765011173,
        2.469069163625462,
        2.5369382651668486,
        2.4958949864841062,
        2.4530980797794575,
        2.4828686299965086,
        2.487269594349233,
        2.4563652941281484,
        2.4822458494048933,
        2.4575382235355296,
        2.474146349638243,
        2.4485856295829307,
        2.464828893275103,
        2.4759853494298274,
        2.4373806670959763,
        2.468579168533089,
        2.4967519311681436,
        2.449283508917338,
        2.498061484710667,
        2.441338996994909,
        2.435819309215024,
        2.417253271230769,
        2.3900150075431235,
        2.3735517627657106,
        2.3734330319458277,
        2.391493568842685,
        2.3987327278112707,
        2.4248850924887146,
        2.439004240488027,
        2.4472656105164687,
        2.4283150088289807,
        2.4404760198795064,
        2.4015570808061972,
        2.422515047524363,
        2.4138789437936863,
        2.4301672386424453,
        2.3974076388217975,
        2.386578868071148,
        2.4548263203009193,
        2.413457634215798,
        2.3900365298812356,
        2.3786498754566545,
        2.370242642544656,
        2.3756960001141936,
        2.3408666124024555,
        2.324729115668536,
        2.3090364172540094,
        2.368607419740193,
        2.3748963540938957,
        2.435576989819079,
        2.3984193452589726,
        2.3674686297220915,
        2.3769467307394128,
        2.385034130830497,
        2.3414278034105163,
        2.3676761397205244,
        2.3695146225909696,
        2.4130159688391672,
        2.432122940190879,
        2.4118128706005955,
        2.4279470127783527,
        2.3426686824800966,
        2.4003909356191504,
        2.3879318868298953,
        2.3430717188960632,
        2.4148425613552975,
        2.368617824239709,
        2.4089314263798434,
        2.4054490027095397,
        2.397688992404378,
        2.4038551457114754,
        2.374829361795297,
        2.3823328913806927,
        2.4073934452707193,
        2.3917093345160456,
        2.3833553095365905,
        2.3878828003082377,
        2.3926261572638747
    ],
    "min loss": 2.3090364172540094,
    "training steps": 10000,
    "batch size": 256,
    "history size": 1000,
    "dataset": "enwik8",
    "end time": 1730480832.6619356
}