{
    "start time": 1730482869.898766,
    "use_input_gate": true,
    "use_forget_gate": true,
    "use_output_gate": true,
    "use_state_gate": true,
    "use_new_state": true,
    "use_old_state": false,
    "use_residual": true,
    "n_layers": 3,
    "state_size": 32,
    "id": "f87c6d3c9286d9e24fb1434350e5d38f643f9f93a4418cb6daa7a201977b89fb",
    "loss": [
        4.487652395898762,
        3.5530190846895504,
        3.4216113361847595,
        3.3929034856324067,
        3.409811740792904,
        3.2908939712921463,
        3.2865378095953304,
        3.3154381537371584,
        3.269198015856004,
        3.2484114452537165,
        3.2613480346303443,
        3.200570523943357,
        3.1934696667311075,
        3.1206603353003257,
        3.144256459347989,
        3.054697549115343,
        3.05293330113304,
        3.012603426176131,
        3.0162356814212585,
        3.0374645022656095,
        2.942879516262351,
        2.9076611646653077,
        2.891428667179249,
        2.879890884775564,
        2.883931794528182,
        2.845690317062785,
        2.785629241167703,
        2.7927799494695353,
        2.7775418046680627,
        2.7834431893482017,
        2.7858944997798334,
        2.755898167452723,
        2.7511168532376487,
        2.697658808328333,
        2.6948166107304865,
        2.692591291092887,
        2.7364104569846726,
        2.6992590524260027,
        2.723437457435571,
        2.753015493535081,
        2.6874909100852586,
        2.679803689848185,
        2.670110415736653,
        2.661473358501537,
        2.634101220982731,
        2.5913186725646113,
        2.640068114324975,
        2.583680274382129,
        2.59819943089512,
        2.617910963533965,
        2.6165387195673913,
        2.6009036801012457,
        2.5719910442811402,
        2.5411516136570604,
        2.543770920397779,
        2.565173672224679,
        2.5562189274628877,
        2.5429522636651236,
        2.5579041163493796,
        2.6053320568318177,
        2.5821698159445674,
        2.5217286302551947,
        2.5598182706511428,
        2.564956561062377,
        2.5336919928138886,
        2.5496138678830573,
        2.548650719898141,
        2.5134592826122275,
        2.525958201176596,
        2.568661209497557,
        2.5084366126212574,
        2.5265368024044075,
        2.5072489464634,
        2.5157707784514463,
        2.5130701645633535,
        2.5062608676222604,
        2.4889930207732385,
        2.4734002679111433,
        2.494944953327977,
        2.553326783387054,
        2.421817722898347,
        2.44070032565164,
        2.4655587738658027,
        2.4746962745639762,
        2.461237885855067,
        2.462868656753535,
        2.4713040022804833,
        2.421885996915324,
        2.4459020492887587,
        2.4120923178930713,
        2.426579949759551,
        2.4031036320364163,
        2.403659945231768,
        2.388719042183266,
        2.4142690197142285,
        2.4459300365687,
        2.4083710720695444,
        2.4328517017491293,
        2.4239305849174686,
        2.442753132077918,
        2.4501137460435034,
        2.4019817022962644,
        2.4106216188632454,
        2.3977559514677544,
        2.40137109218556,
        2.3900433287385843,
        2.371478706606476,
        2.388450807419065,
        2.433111302124943,
        2.376827102101704,
        2.3612856281991306,
        2.3434649831318386,
        2.3955199404449465,
        2.3653307689675827,
        2.3386229906074,
        2.4017985390149073,
        2.3624230051583064,
        2.3558760880888823,
        2.3759540159601897,
        2.4511935099787054,
        2.3725195027126422,
        2.358884463488424,
        2.346765881950831,
        2.3412113530215497,
        2.3584026430429845,
        2.3214519865150316,
        2.317906028389916,
        2.30107775139243,
        2.3191164550364682,
        2.286769228669343,
        2.3223708363039814,
        2.301158772537146,
        2.3048496157025404,
        2.2973219014662227,
        2.32149790477259,
        2.293482928528296,
        2.286907831462446,
        2.3256343555153145,
        2.289992510830635,
        2.4065054961124437,
        2.300419657890873,
        2.2880653328516587,
        2.3086434182011764,
        2.3137864737157288,
        2.2929921890117417,
        2.3014264232288983,
        2.323086481534058,
        2.3337348675908403,
        2.3309358631947563,
        2.3580915186289255,
        2.3140122824824854,
        2.308735654304676,
        2.29114655784771,
        2.279574145753121,
        2.2613303215558176,
        2.2638776906312152,
        2.2762951468295,
        2.286295509950715,
        2.2581613080412284,
        2.3384965382750877,
        2.2771518320109516,
        2.255704765158084,
        2.255032291680891,
        2.265123813839576,
        2.2717226143274774,
        2.309746239090633,
        2.2847159310483733,
        2.277597152746454,
        2.3302886608588906,
        2.255193092972895,
        2.2653546391740202,
        2.2898103285760945,
        2.253773574342856,
        2.268978797309631,
        2.2799968914450743,
        2.2835481894588225,
        2.279928076900767,
        2.2405135147373394,
        2.262294642175011,
        2.2983495924876745,
        2.277744024361193,
        2.2562751219364072,
        2.2183237966125713,
        2.2764816094013707,
        2.2434543713550963,
        2.2032098047789255,
        2.192243332093168,
        2.216081228078158,
        2.213643047606149,
        2.2277085988307745,
        2.2023627207473364,
        2.2454197065368935,
        2.243192001307424,
        2.250105047518505,
        2.2535811080751484,
        2.2797603641280713,
        2.2105623798935428,
        2.2842252962191614,
        2.2478703326899225,
        2.303788077264801,
        2.2343187636287727,
        2.204690832846,
        2.2395503968214476,
        2.224811721050303,
        2.2202597036567964,
        2.2113874630896,
        2.2048272743888235,
        2.2285378099481417,
        2.216921365931545,
        2.207742107949641,
        2.2091722857708653,
        2.1949618317847692,
        2.2001553742285256,
        2.2003970368434542,
        2.21739366325184,
        2.20414694165641,
        2.209295606234079,
        2.2294325288429238,
        2.2082560613276985
    ],
    "min loss": 2.192243332093168,
    "training steps": 10000,
    "batch size": 256,
    "history size": 1000,
    "dataset": "enwik8",
    "end time": 1730482956.3577776
}