{
    "start time": 1730478326.7916052,
    "use_input_gate": false,
    "use_forget_gate": false,
    "use_output_gate": true,
    "use_state_gate": true,
    "use_new_state": false,
    "use_old_state": true,
    "use_residual": true,
    "n_layers": 3,
    "state_size": 32,
    "id": "fa6b2896e8dae44659f11629e19a5f29604144a24a73617d81b1387c5008c181",
    "loss": [
        4.47592876580359,
        3.574358014505256,
        3.42949119831529,
        3.4003117327076757,
        3.3590810006857637,
        3.3384191983812572,
        3.288595492685088,
        3.2532940006530713,
        3.230667988702119,
        3.273922623545747,
        3.212298737858783,
        3.2234447636212136,
        3.1294428171889073,
        3.06296384148357,
        3.0495167208807734,
        3.0400765180332763,
        3.0588128809033375,
        3.005735621526244,
        2.9750535752433476,
        2.948083285359215,
        2.9816813313834247,
        2.992063205679453,
        2.9272533745784024,
        2.9012510989455813,
        2.8968252038068116,
        2.8648189337978938,
        2.8727757857627014,
        2.832250886297403,
        2.816805643962323,
        2.8234272570639263,
        2.7846370359194137,
        2.7504476069872084,
        2.757085183609413,
        2.7943568832696246,
        2.7775966480498067,
        2.7780379861863578,
        2.759780009580192,
        2.741830288178575,
        2.7534419943337016,
        2.7749336723174993,
        2.7908173361844066,
        2.7310000020699357,
        2.7761338507949778,
        2.7759304500629067,
        2.74759365494793,
        2.7417761603405975,
        2.7189069730318765,
        2.71698274597566,
        2.7242294580352784,
        2.728459929252563,
        2.7128903706519862,
        2.7101253597090613,
        2.6885567256775387,
        2.677983959890639,
        2.6685275857803035,
        2.6722873832055725,
        2.6298905879851553,
        2.665600303921113,
        2.6640474489589407,
        2.7311387254848465,
        2.666550445166298,
        2.6421474849753372,
        2.6576313939379426,
        2.6632065965206553,
        2.6610616534466347,
        2.598623582911196,
        2.621057400671527,
        2.5800341079154325,
        2.6241745556151037,
        2.5932411621339337,
        2.5773133756118924,
        2.6107449693624547,
        2.606530032490487,
        2.5644267708203565,
        2.5529137619211673,
        2.5718991717270145,
        2.604629924396103,
        2.5802130889978834,
        2.569989313331144,
        2.598867263875241,
        2.5162838093470232,
        2.532535512473961,
        2.561074009391165,
        2.564916040981353,
        2.5605036486540853,
        2.5395500994480464,
        2.5359843273124056,
        2.5130118374535373,
        2.5042202221124636,
        2.5102261746860646,
        2.5284869494101665,
        2.526885006112929,
        2.505945928193144,
        2.488969807370927,
        2.5020233009611057,
        2.4993463751457297,
        2.5197729927006596,
        2.5087565695030123,
        2.518894088099216,
        2.55714980592479,
        2.537879305385317,
        2.5332403820188705,
        2.557094390171431,
        2.524148077882266,
        2.5512922922618153,
        2.5462776631621407,
        2.515736719284897,
        2.5243701400544314,
        2.496806930132231,
        2.484598929755098,
        2.527101584483662,
        2.5287914061811834,
        2.4840255816088783,
        2.5053776652130146,
        2.4832078008284095,
        2.4675874434203613,
        2.4621435644869676,
        2.462796115494148,
        2.4820295357069875,
        2.57913924703862,
        2.489450532886636,
        2.441484646235607,
        2.474651415831599,
        2.436609782309151,
        2.468422914940108,
        2.4620279903683295,
        2.450045589346044,
        2.447074386833374,
        2.4503297349019757,
        2.444831224339229,
        2.4695240746030245,
        2.4467782877591526,
        2.449602776378243,
        2.44428268271774,
        2.472511065230681,
        2.4223070179543806,
        2.444976903335813,
        2.4494936709560955,
        2.4272306490154683,
        2.5070216489745385,
        2.444976240905814,
        2.410514275991736,
        2.4648042203219047,
        2.439248882143984,
        2.436453831511333,
        2.4460386028185566,
        2.420851190255081,
        2.3925547575264785,
        2.403464750044404,
        2.4195723825160567,
        2.4084097281283956,
        2.4288554327498217,
        2.421497123750072,
        2.427590948151149,
        2.4382325103734255,
        2.4568378194742433,
        2.4114185079531443,
        2.4072356991654327,
        2.390192194520137,
        2.5250974085132087,
        2.457076410270702,
        2.436990284118518,
        2.4657088886637126,
        2.4257512966117405,
        2.3919508623894554,
        2.392830332493808,
        2.39645360194938,
        2.388404667625269,
        2.410141938753911,
        2.413613424491322,
        2.381412550037089,
        2.3957121126715673,
        2.430096921188635,
        2.430468289936927,
        2.422138382443083,
        2.440356270418451,
        2.4388049270570655,
        2.4624489693479354,
        2.451135175883443,
        2.482556508511378,
        2.4803870086216135,
        2.413115449760696,
        2.3948299085409723,
        2.39760600314211,
        2.396089640851812,
        2.3940419019387287,
        2.411065515324896,
        2.3804882219644723,
        2.4144925363525043,
        2.3959886562607298,
        2.3748909547962596,
        2.379990578361896,
        2.3751471275181584,
        2.362231909112585,
        2.3509404098152675,
        2.3585308916788374,
        2.3630052113705555,
        2.374080791431183,
        2.387591922935886,
        2.4721661860966355,
        2.4054732474511353,
        2.4078266479833155,
        2.3639824423852507,
        2.349617621758934,
        2.3754505619421646,
        2.4161984169474024,
        2.3719626308215194,
        2.3789619610544315,
        2.3767334105240217,
        2.4086433843933595,
        2.4147193688503656,
        2.395920484918913,
        2.3895356555373914,
        2.4115829233684023,
        2.36585220650774,
        2.381440766099531,
        2.360543175037151,
        2.3342684991781497,
        2.368823474289202
    ],
    "min loss": 2.3342684991781497,
    "training steps": 10000,
    "batch size": 256,
    "history size": 1000,
    "dataset": "enwik8",
    "end time": 1730478361.8699749
}