{
    "start time": 1730480059.7571585,
    "use_input_gate": true,
    "use_forget_gate": true,
    "use_output_gate": true,
    "use_state_gate": true,
    "use_new_state": true,
    "use_old_state": true,
    "use_residual": true,
    "n_layers": 1,
    "state_size": 256,
    "id": "fb319021058f89dc2918abb1bf8cdcb8c15c7db937adf04cd3ada4d06bd1e5d1",
    "loss": [
        4.010488267231761,
        3.3290308853339536,
        3.1263178020007425,
        2.9425200145961052,
        2.861870297021548,
        2.8113609012863234,
        2.7639910943083112,
        2.7269613474373022,
        2.7322738125540282,
        2.715619508137614,
        2.697988901701603,
        2.7033100008480755,
        2.6504748166035426,
        2.6330165560184193,
        2.621962146451194,
        2.5612350013581047,
        2.5785515058621122,
        2.5349623898588236,
        2.5186086749503227,
        2.5269516338430575,
        2.4650027573872655,
        2.4833522562353503,
        2.4156530500010405,
        2.4150439803591452,
        2.401899275265974,
        2.3508995414300484,
        2.3859804218770924,
        2.338915221332391,
        2.3624342757235484,
        2.365500170261085,
        2.3359446041279806,
        2.333183324841175,
        2.3045977205752424,
        2.284834352774718,
        2.2642060123477856,
        2.2702521733412184,
        2.280803151685579,
        2.2154433309873167,
        2.2375240758631616,
        2.2950172258671384,
        2.217806835400348,
        2.190372760082955,
        2.1699881195465913,
        2.196105483857994,
        2.1666181223838787,
        2.1421683219204604,
        2.1397036973127763,
        2.1162168486234596,
        2.1602186398353815,
        2.1117909470980107,
        2.0806937782657067,
        2.1075941083936893,
        2.1053101634356044,
        2.075872666552791,
        2.098427877104748,
        2.0422781267524845,
        2.0559748745489737,
        2.024685575595762,
        2.013262610442696,
        2.141870952143006,
        2.1091384574457557,
        2.1280834909540536,
        2.0767545635821696,
        2.048570895112304,
        2.052656992889801,
        2.064080202523813,
        2.0389246568900217,
        2.0100194223016237,
        2.038492980498445,
        2.0152382649490317,
        2.023271570876809,
        1.9515790749838704,
        1.9578171715385357,
        1.955617164438608,
        1.9484169442069819,
        1.957908717450766,
        1.9440434597336864,
        1.9736494555394808,
        1.9349761047079777,
        2.053885040537906,
        2.061645208144023,
        1.9820675407736361,
        1.9447890227485614,
        1.9439898764067947,
        1.9321957257017988,
        1.9431143587637512,
        1.8743137064778497,
        1.8750113453594355,
        1.9191468178222137,
        1.9151099274663992,
        1.891373486630936,
        1.8950773494051516,
        1.854531199482702,
        1.8542365684451276,
        1.884289462752887,
        1.8932515046035265,
        1.878618114175665,
        1.8426654052057372,
        1.8221847909105084,
        1.9536948802019116,
        1.9325977121686821,
        1.9335993122212418,
        1.8883056573047647,
        1.8877360740208446,
        1.8897856911783462,
        1.86773952655185,
        1.8809229569898724,
        1.8563946848721786,
        1.8537231488693982,
        1.850149618306035,
        1.8213908727840247,
        1.825972355153423,
        1.7975633879393154,
        1.8094767136095988,
        1.7929884672026954,
        1.8240718047458415,
        1.8222605539178582,
        1.8445162633584573,
        1.8379036909173534,
        1.9276576601669695,
        1.8956255286260242,
        1.8402395948487915,
        1.7958644323548467,
        1.8414231277434057,
        1.8391015364849235,
        1.829716040568443,
        1.835710581721148,
        1.752510362790503,
        1.7955842670828008,
        1.7858693184922665,
        1.7900222464496254,
        1.8022183188202396,
        1.7959993203429916,
        1.7520795698027183,
        1.7516657234524722,
        1.7293721506466957,
        1.758157004650664,
        1.7439008613258373,
        1.7698505377954845,
        1.8711939461672251,
        1.8260679664960477,
        1.7911459008854607,
        1.813859531453853,
        1.7648203044178075,
        1.7517523833800803,
        1.787065192309108,
        1.7505038461302955,
        1.7386472486554134,
        1.7539724305668012,
        1.741797960655274,
        1.7749179401143405,
        1.7338119612224294,
        1.7241196706087385,
        1.6998620325208298,
        1.7089777026031434,
        1.6902651650863627,
        1.7161999915304749,
        1.7391663298333673,
        1.6911665369948727,
        1.857583741560175,
        1.8096067402491125,
        1.7723531088560465,
        1.783804364117258,
        1.811815164470953,
        1.7920444956244965,
        1.7627345873153664,
        1.7476353080895364,
        1.741208765299237,
        1.7413228397946572,
        1.7626044102370397,
        1.7545244886938327,
        1.7081262594570708,
        1.7037060884997313,
        1.7111602103127552,
        1.746348328034441,
        1.7179573885598574,
        1.7560560194957833,
        1.7440666666349134,
        1.7379366053209369,
        1.9063970568863062,
        1.815605470418515,
        1.7532700312161227,
        1.8018121441038655,
        1.777208942489991,
        1.7492094313230846,
        1.7567730868888085,
        1.7401504497286095,
        1.7200220240267703,
        1.7371286036229407,
        1.720689508223623,
        1.784492330105029,
        1.7904140152728407,
        1.786347873010273,
        1.755544346807147,
        1.7489670737662846,
        1.7431991824033628,
        1.7510379857347664,
        1.7476318303345157,
        1.7284124549801694,
        1.8176176565031297,
        1.7425921166528286,
        1.739140396302862,
        1.7108173498424852,
        1.6916569439121292,
        1.7152355476062902,
        1.650613918260868,
        1.6845284945032972,
        1.6853344311506444,
        1.6837018775342176,
        1.689858568925759,
        1.682836741170167,
        1.6808249415660959,
        1.6545802898333692,
        1.687122318869502,
        1.671413951498039,
        1.6404492823554855,
        1.6307252378148427,
        1.6681762356692624,
        1.7000315025954846
    ],
    "min loss": 1.6307252378148427,
    "training steps": 10000,
    "batch size": 256,
    "history size": 1000,
    "dataset": "enwik8",
    "end time": 1730480097.8392196
}