{
    "start time": 1730475792.6701634,
    "use_input_gate": false,
    "use_forget_gate": true,
    "use_output_gate": true,
    "use_state_gate": true,
    "use_new_state": true,
    "use_old_state": false,
    "use_residual": true,
    "n_layers": 2,
    "state_size": 32,
    "id": "fb4ae7fcd19a71fb7aa9dd6cc1e2a1300d3504b9e4f9bf6d230023af72bb028c",
    "loss": [
        4.558765456371361,
        3.627277487926518,
        3.50368198857334,
        3.412319215474763,
        3.3902670429121597,
        3.36223914735792,
        3.2703883791854382,
        3.2084673184848125,
        3.138986272523555,
        3.137323421372433,
        3.0316234577421026,
        2.981608113123308,
        2.9538235018492145,
        2.9119473697782228,
        2.900044760560878,
        2.8944784049099086,
        2.8465875189985925,
        2.8570017212710934,
        2.875616144210033,
        2.831324675289119,
        2.862002419839193,
        2.8419514532821277,
        2.7583843163969486,
        2.8012855957954774,
        2.7916804088421645,
        2.7728561935434715,
        2.7731221791341025,
        2.7328568572775924,
        2.746664716485924,
        2.7133352254883567,
        2.71164981230919,
        2.7326528384144306,
        2.674584427234309,
        2.656347034997349,
        2.6420251136715263,
        2.6139177796446655,
        2.6438406171580717,
        2.6247406689390025,
        2.6238998729948335,
        2.6465548661028255,
        2.58883852927159,
        2.570022091899435,
        2.5510974581597403,
        2.562361322855706,
        2.5394361460957513,
        2.5448458935117717,
        2.54840667880253,
        2.560358605591771,
        2.5484415859314473,
        2.5498914909175303,
        2.538563721480003,
        2.5063997239780336,
        2.5135025737803445,
        2.4957982643268437,
        2.511933894717331,
        2.5064436911522634,
        2.5140741783997576,
        2.4694982156829743,
        2.467690092570803,
        2.5476735862836417,
        2.470027317037724,
        2.4814243827850775,
        2.494379416095563,
        2.4765465865996417,
        2.4578458504782685,
        2.4394942454843473,
        2.4665945096527286,
        2.4625810480435453,
        2.4702398221015214,
        2.4170728929512646,
        2.44668654973642,
        2.4212678635118343,
        2.436951954190593,
        2.4538445995164566,
        2.4525169409776972,
        2.402063642231054,
        2.391693617362445,
        2.4131017817150857,
        2.389281098514156,
        2.44145119715015,
        2.371184721801435,
        2.392502929293441,
        2.3906427778350112,
        2.3871758511327164,
        2.356510006052052,
        2.3729751161695694,
        2.363981792439634,
        2.3880664514553653,
        2.3865549455752944,
        2.374907055448689,
        2.388287184022401,
        2.359665832425309,
        2.353745039194434,
        2.343714258252956,
        2.31884380998502,
        2.3455060625192328,
        2.330546157440291,
        2.327437248560242,
        2.335213593137484,
        2.4046111091096636,
        2.367665704662169,
        2.3440907686886647,
        2.3390364208749683,
        2.353485949760003,
        2.3549939432345073,
        2.324101162166279,
        2.3461254334732864,
        2.3442143248521465,
        2.33843614027262,
        2.3602430701109074,
        2.317483986163058,
        2.3125613463691588,
        2.324700242987243,
        2.35452125918881,
        2.3043058885449645,
        2.2920705819275913,
        2.313606153392264,
        2.2994801448139754,
        2.304686506308234,
        2.3812338871119834,
        2.3106176580870255,
        2.342068143391105,
        2.3085446445543125,
        2.3434099700358315,
        2.298623243102771,
        2.307717862275589,
        2.300397137165696,
        2.297966087577807,
        2.258706957919988,
        2.2860904496535706,
        2.2702057238881443,
        2.28941390945256,
        2.3265815200519366,
        2.3413241966589937,
        2.270601845278395,
        2.2675677472412374,
        2.2810961089201567,
        2.261078402430248,
        2.2804949586536782,
        2.3426596107746867,
        2.3597087994504173,
        2.2877076872275683,
        2.262010723698194,
        2.2503199979444295,
        2.2712168891212223,
        2.2482211532374525,
        2.3075820557080235,
        2.296164858567573,
        2.2832020132419615,
        2.2490137106188066,
        2.2656053280432076,
        2.2436896044768604,
        2.2406531840812813,
        2.280314748179602,
        2.2387674670588744,
        2.265330314908978,
        2.2848883862161746,
        2.299814337411035,
        2.322606434643592,
        2.3683797385968037,
        2.2727835819438957,
        2.287224366653493,
        2.2984200013336835,
        2.28745841808253,
        2.2876987498964123,
        2.248748705767267,
        2.225332940758224,
        2.2185011878283816,
        2.2483293382408993,
        2.2323902878074895,
        2.234564098838184,
        2.242110135374361,
        2.2613208590349334,
        2.2651855557301666,
        2.3140359418526586,
        2.2618396849776463,
        2.272176155282074,
        2.265534492727495,
        2.238496199060502,
        2.2958823173977674,
        2.232989435990133,
        2.2405665000123887,
        2.250026302737872,
        2.202306750516792,
        2.184365547526422,
        2.196330346573678,
        2.2412977801234644,
        2.2383772879960633,
        2.219880010373493,
        2.2157794803119395,
        2.201744470209299,
        2.2136102156566735,
        2.234047724251685,
        2.227300555654304,
        2.221964599451239,
        2.2478892614477908,
        2.2135819813782316,
        2.1588402287094186,
        2.206140046946539,
        2.267598092179949,
        2.252593875491648,
        2.210021822953413,
        2.2086765916374853,
        2.2282870441011466,
        2.2173025918143248,
        2.1581458770826214,
        2.1721853035313052,
        2.206076148026751,
        2.1845490289146943,
        2.220171121741014,
        2.189893907385905,
        2.2181383109825896,
        2.2169776338831877,
        2.221333781246503,
        2.2390663425621606,
        2.2366257936762413,
        2.2211935826241356,
        2.2162029616256835,
        2.226010018527311
    ],
    "min loss": 2.1581458770826214,
    "training steps": 10000,
    "batch size": 256,
    "history size": 1000,
    "dataset": "enwik8",
    "end time": 1730475841.1112561
}