{
    "start time": 1730480762.627796,
    "use_input_gate": true,
    "use_forget_gate": false,
    "use_output_gate": true,
    "use_state_gate": false,
    "use_new_state": true,
    "use_old_state": true,
    "use_residual": false,
    "n_layers": 1,
    "state_size": 256,
    "id": "fda40bd7f5f5f07de59e9587bfd768be155ecc278407abb51a999dec5774adf7",
    "loss": [
        3.919864299466253,
        3.4534661390715926,
        3.212446641718589,
        3.0311212129338365,
        2.9055002829203502,
        2.763784887044138,
        2.7033630694537214,
        2.67832148346694,
        2.600184992436931,
        2.539328318411521,
        2.5335565304462513,
        2.490567011726762,
        2.45268625360853,
        2.431429643710495,
        2.396082918271333,
        2.386164706444602,
        2.38009523428313,
        2.3475516226473636,
        2.3358904127290363,
        2.3249793345764833,
        2.330690376248434,
        2.288982728763932,
        2.307211177864377,
        2.2841900029021347,
        2.233690082894005,
        2.2664883423716256,
        2.2335591940412924,
        2.22422095644525,
        2.2060545325950462,
        2.209707515942412,
        2.21296069330406,
        2.1800234663231146,
        2.1963722254898683,
        2.16437718611805,
        2.1478772128075265,
        2.138472641436139,
        2.1704491684572487,
        2.105529426732531,
        2.1490122316339257,
        2.2068408381359954,
        2.1346967922216837,
        2.073670834780276,
        2.1144037522918278,
        2.054006598521197,
        2.0783952584934138,
        2.0752029958692777,
        2.0803401250435543,
        2.05191522082736,
        2.0489995274267003,
        2.042384230350571,
        2.05087215595358,
        2.06656755288867,
        2.0444183466083237,
        2.0480713633478476,
        2.0295232953907543,
        2.0451052990033305,
        2.054021314037413,
        1.999347221755609,
        2.0233838903284207,
        2.0919578550314113,
        2.064386893923414,
        2.0157725261507795,
        1.979965647835291,
        2.013000027092916,
        1.9912219534117994,
        1.9467416378728595,
        2.011853227968388,
        1.9569455700463696,
        1.954724593854308,
        1.983322192589569,
        1.9841949088990969,
        1.9620253054184806,
        1.9882376447573338,
        2.0021119092184287,
        1.9263571747593187,
        1.9588651322961508,
        1.954903454370486,
        1.967967704851345,
        1.966598317363733,
        2.0654997717460453,
        2.0009598293492425,
        1.9451994109874242,
        1.9402497616763272,
        1.9189282502653489,
        1.9578820059260698,
        1.9568638156806208,
        1.9367807893378997,
        1.9168251777424326,
        1.8988371145997924,
        1.932226025879349,
        1.890542640108079,
        1.8919840075706917,
        1.9146808768089862,
        1.8917673686778012,
        1.8937279362358452,
        1.9312931698601705,
        1.9394110571428107,
        1.8826500591816728,
        1.8966283622840434,
        2.0020761594963887,
        1.93868695455502,
        1.950331862743197,
        1.8970771539031315,
        1.9207998330915792,
        1.9156597072180843,
        1.9273409199036393,
        1.8623622217203577,
        1.8558371943442133,
        1.915270116099457,
        1.8978657401964527,
        1.8935860548189598,
        1.919061684881763,
        1.9233408375576808,
        1.8624106331317836,
        1.8484319769245596,
        1.8651916464521108,
        1.8097690894506084,
        1.8574415472461583,
        1.818866405502102,
        2.028538229251172,
        1.9042943339498666,
        1.876064676687239,
        1.8776303275123993,
        1.8707942608770987,
        1.857559004826609,
        1.8471419953991188,
        1.8591218550556718,
        1.8902671709420849,
        1.8899316334697047,
        1.8736133002480915,
        1.837477192216467,
        1.8378326731128762,
        1.9062119414880054,
        1.8190670516031087,
        1.8467641320600388,
        1.8069094798995247,
        1.8399302373307154,
        1.8259456164761376,
        1.8662669344221285,
        1.9327038497765219,
        1.8694121778828081,
        1.8628918105648118,
        1.840371116718438,
        1.876013663661417,
        1.8561077819830456,
        1.8322547269129559,
        1.8132694827469318,
        1.7977210433589512,
        1.82863897080244,
        1.821009218964732,
        1.8404102020895847,
        1.827582427247682,
        1.843695174967193,
        1.8650006379291213,
        1.8384670543900208,
        1.8668590460424792,
        1.8451396618042344,
        1.8541302107295488,
        1.8088799730819216,
        1.935304321543212,
        1.8500791975150626,
        1.8261157209290582,
        1.861073329316829,
        1.8447445402349163,
        1.7806687865065254,
        1.810936949587897,
        1.8008228200440293,
        1.7762964599294842,
        1.8279153813848894,
        1.8591787268216915,
        1.8126767422528625,
        1.858001924068414,
        1.8025439040932822,
        1.7835537096188252,
        1.8087235905705492,
        1.7636195885584156,
        1.7573729252376653,
        1.8569308012240329,
        1.8120299780351916,
        1.906253661729124,
        1.9054581997602782,
        1.8776648075255875,
        1.8395857639209967,
        1.8267639926572077,
        1.8163770107201636,
        1.8190636247662197,
        1.816986319036516,
        1.8202376424830153,
        1.8114637579715016,
        1.8266524433702862,
        1.8378759773355422,
        1.8649634342264696,
        1.7912475248960258,
        1.7921083017659498,
        1.8378978410121756,
        1.8339807435832278,
        1.7758694761718752,
        1.7984872015229358,
        1.831826273409427,
        1.9127310005330875,
        1.8255927698873113,
        1.8406068167217098,
        1.8243358744477858,
        1.7914699602653643,
        1.822048976453118,
        1.8254795832964885,
        1.787440758641419,
        1.7737752491690422,
        1.7986975195699424,
        1.7732586690164809,
        1.7758348446400027,
        1.7694496964081634,
        1.7519411460937706,
        1.751185173225591,
        1.8040811015861382,
        1.7709808860249345,
        1.768956554202999,
        1.7671390484599232,
        1.7563558852319407
    ],
    "min loss": 1.751185173225591,
    "training steps": 10000,
    "batch size": 256,
    "history size": 1000,
    "dataset": "enwik8",
    "end time": 1730480788.299579
}