{
    "start time": 1730483648.0286982,
    "use_input_gate": true,
    "use_forget_gate": true,
    "use_output_gate": false,
    "use_state_gate": false,
    "use_new_state": true,
    "use_old_state": false,
    "use_residual": true,
    "n_layers": 3,
    "state_size": 256,
    "id": "fe506d62973351807ce8436eb4d2a4cf0f945fac00a02d04a177ccc782f12d3b",
    "loss": [
        3.647477202364875,
        3.410311483159926,
        3.324156358349874,
        3.199965772553012,
        3.086337123047258,
        2.949404880938834,
        2.848544830134133,
        2.79694212948612,
        2.722236403919982,
        2.7196474764226335,
        2.6556511146456803,
        2.575712531672837,
        2.5603512647034816,
        2.517851544419232,
        2.5261342581610187,
        2.4700692949767435,
        2.4322087167828434,
        2.410782672822793,
        2.4412909255245467,
        2.422359890094095,
        2.400376410700718,
        2.359281504566126,
        2.319223540941865,
        2.3205328093956226,
        2.287539995012003,
        2.291041949160978,
        2.2281161530526727,
        2.2415543263373716,
        2.2346562624218502,
        2.2330276763230184,
        2.2088472928998986,
        2.196929648941974,
        2.1987504268774036,
        2.1864213284917224,
        2.181798850106867,
        2.1236440897476987,
        2.1648256969635233,
        2.1516604560480954,
        2.0981361165877446,
        2.1746784593205177,
        2.0898455978597332,
        2.112620362393314,
        2.0830540327354683,
        2.062951641827569,
        2.084812683332181,
        2.1275703463983144,
        2.0565712285716384,
        2.060609097867964,
        2.0554063553029662,
        2.0488118391286623,
        2.042854365620964,
        2.0725814593010328,
        2.0582282721979586,
        2.0391534808384133,
        2.0191533250291402,
        1.97535673253531,
        2.0407319158575254,
        1.9940042932713047,
        1.9920406237176378,
        2.0671909979800396,
        2.0076778961955006,
        1.9665806296695165,
        1.9521331150277188,
        1.9355405765991534,
        1.9785874029074115,
        1.9475355655007165,
        1.8955043885078438,
        1.9397141374436702,
        1.9809993710680225,
        1.9109130865492863,
        1.914092411359739,
        1.9239405198158341,
        1.9002450669077018,
        1.8495716622179637,
        1.8453714979018176,
        1.8569387624506986,
        1.854308861765195,
        1.8467260630745501,
        1.8592599625886757,
        1.9725748024266603,
        1.9424814644431996,
        1.8683930109168543,
        1.8742410175208617,
        1.86773387011705,
        1.8135540810705006,
        1.8599508859923921,
        1.8194783342693066,
        1.8352866322307624,
        1.845227085174049,
        1.8721468637799858,
        1.7923195365056415,
        1.8221159337355952,
        1.8597348339069717,
        1.8202343654926452,
        1.8226507159899692,
        1.7837913782405264,
        1.8099032560595232,
        1.7960420255890677,
        1.752841528014834,
        1.9056616177173153,
        1.872925716203084,
        1.8808433603460635,
        1.8207643753161935,
        1.8407110618757487,
        1.792727305895485,
        1.8165591306989628,
        1.8135151524443816,
        1.7830156046346992,
        1.7755787230247488,
        1.8071039346973181,
        1.8048254346021586,
        1.8142221365570619,
        1.8068081326081658,
        1.7908577303098576,
        1.7928510949012388,
        1.804133994773803,
        1.8193660667792995,
        1.803946637642727,
        1.828284148635411,
        1.8919823451325963,
        1.8758185712078084,
        1.797451445202873,
        1.8321347773787777,
        1.8144559504913078,
        1.774323924013905,
        1.7576245539502289,
        1.7856354583038223,
        1.7609465067407792,
        1.8076693253083154,
        1.7578137759616161,
        1.789608479934532,
        1.7527212457484573,
        1.762182896181474,
        1.7496759510364088,
        1.7774930195793508,
        1.7388055530114788,
        1.7170481616263218,
        1.7153385762984683,
        1.750471428794287,
        1.8874479834832172,
        1.8158682721398303,
        1.7989751834786292,
        1.8356137505104304,
        1.8070017622606411,
        1.7480606935177256,
        1.7760532320239588,
        1.7432292589716833,
        1.7425019926349512,
        1.7848941314810085,
        1.774856786012324,
        1.7494715659283648,
        1.754130660368535,
        1.7514888457828768,
        1.7331764726752092,
        1.7788343583428092,
        1.7502406817475875,
        1.7939354508300493,
        1.7916668233819268,
        1.732233494585862,
        1.8566911201909266,
        1.8218434127987286,
        1.7400610066998508,
        1.8073860962129003,
        1.7871648216422422,
        1.8281411577561164,
        1.7686238830622607,
        1.748615493260753,
        1.768370779655651,
        1.7688081485902367,
        1.7225182471772609,
        1.7470953677469945,
        1.702953278076651,
        1.7245408019615205,
        1.7333775470618595,
        1.721256224438241,
        1.7253259594477754,
        1.709922606848065,
        1.712215050595368,
        1.7271798010987394,
        1.8507779692157023,
        1.759160448492835,
        1.73987852914603,
        1.6923117888876458,
        1.7441742007777756,
        1.70591805246251,
        1.7072414189820893,
        1.6797678202140087,
        1.6758290359449028,
        1.680455797369767,
        1.7068675203209305,
        1.6975661463130303,
        1.6910671421425276,
        1.6716626461251847,
        1.6814484497587738,
        1.7154759040762357,
        1.6718946555252314,
        1.6594525471878085,
        1.6759519810536343,
        1.6752385939793493,
        1.8256271984903123,
        1.7722177085642739,
        1.7021761182902502,
        1.7442497407952482,
        1.7408615161764713,
        1.6880365080106088,
        1.7125433960666985,
        1.7054014323653892,
        1.710309279018838,
        1.6960532959265144,
        1.7052638401093168,
        1.6877018331456237,
        1.7006099538650763,
        1.6745772872516074,
        1.7240131003773438,
        1.6625565532033009,
        1.6946767887001226,
        1.6566250779743616,
        1.6728505309670179,
        1.6698682823836668
    ],
    "min loss": 1.6566250779743616,
    "training steps": 10000,
    "batch size": 256,
    "history size": 1000,
    "dataset": "enwik8",
    "end time": 1730483709.4442527
}