{
    "start time": 1730479273.7936327,
    "use_input_gate": true,
    "use_forget_gate": false,
    "use_output_gate": false,
    "use_state_gate": true,
    "use_new_state": false,
    "use_old_state": true,
    "use_residual": true,
    "n_layers": 3,
    "state_size": 32,
    "id": "ff6b9e566c550254209b7826bb6f1c760efc46d6aaa30b8cca2a3b2ebb2b66c5",
    "loss": [
        4.999247360219593,
        3.7284947951187215,
        3.5131725501422726,
        3.4330001798538023,
        3.392862323373487,
        3.36656391104001,
        3.3389093625468473,
        3.336154202450328,
        3.3351948237903235,
        3.3079163276061485,
        3.287488092405995,
        3.305211458865941,
        3.285338717699528,
        3.268261916327714,
        3.251960330720395,
        3.247147397058799,
        3.216733477486951,
        3.216845318434541,
        3.189026404717353,
        3.1834709787381814,
        3.1277279980164034,
        3.0743333743005166,
        3.0608687918634523,
        3.047663417274386,
        3.0214541559926227,
        3.0193864778499244,
        3.0039010885543167,
        2.964994784412592,
        3.004436684415771,
        2.981895726872131,
        2.9629595611658828,
        2.975508423284091,
        2.94072485296644,
        2.932972029846293,
        2.9445077919169367,
        2.9208547591833947,
        2.9581730952472656,
        2.941317033803852,
        2.926341730571627,
        2.912549831047022,
        2.903715042489693,
        2.9375278632118498,
        2.895142554912876,
        2.9033162557743672,
        2.8515344336951096,
        2.8785938855472057,
        2.8546549084922512,
        2.8625702154315458,
        2.8809855594735616,
        2.853412584954962,
        2.854511028748725,
        2.833558630169088,
        2.8194457601592062,
        2.8190531685292775,
        2.817336226056345,
        2.812191496465819,
        2.800611943402404,
        2.8058625429158326,
        2.8126512187344095,
        2.812055637440106,
        2.780435052548925,
        2.78503379552992,
        2.773017475507986,
        2.760135114201308,
        2.740984544134608,
        2.727696463492822,
        2.722726616053646,
        2.7511489705407755,
        2.729960134944448,
        2.7128644022285897,
        2.722847038047048,
        2.734337036354627,
        2.7470030125037406,
        2.7292290474553877,
        2.6949250051961036,
        2.7228875868847062,
        2.7596852283058495,
        2.7253767893787675,
        2.7056057710255224,
        2.7228982668208195,
        2.693125512196364,
        2.723770642969507,
        2.6988573517513763,
        2.6958879056208414,
        2.691160657865174,
        2.680513015742233,
        2.699013432572983,
        2.7069567742168203,
        2.6480342888822963,
        2.6827895890635225,
        2.6467197171602224,
        2.662974168107153,
        2.6739619251467084,
        2.6311635335046923,
        2.6375812820965217,
        2.6671719229191964,
        2.669615561022149,
        2.678763759046391,
        2.6722493912769165,
        2.676364180200074,
        2.7038639246021163,
        2.68770955973007,
        2.639439760638095,
        2.6917164664358704,
        2.6783925260414096,
        2.6587918343858292,
        2.6348066870770452,
        2.628474593113667,
        2.6065568826348753,
        2.6466292351984424,
        2.631775751338415,
        2.6344585437256542,
        2.628975348459014,
        2.609270706164295,
        2.606638452118142,
        2.5969289424086286,
        2.611845295148944,
        2.6032774519213953,
        2.6050704547091987,
        2.68763585718881,
        2.649061577040862,
        2.6072458654339177,
        2.6136890895483242,
        2.6264124903163717,
        2.6018139109330076,
        2.575379030355753,
        2.580312163611312,
        2.585140809832838,
        2.5693356682528035,
        2.5853554710606574,
        2.6154695688719563,
        2.5840010662924864,
        2.593378675140861,
        2.592394049276636,
        2.576222634933989,
        2.597207297110992,
        2.6125213342436857,
        2.5868827943421215,
        2.570948216759008,
        2.6140544726357553,
        2.6244636046874996,
        2.5944992820398745,
        2.645587727765105,
        2.567104314152819,
        2.569452053297067,
        2.5361522331585324,
        2.570868180959481,
        2.5689895556369198,
        2.560096693339368,
        2.568315996602538,
        2.5875268538389826,
        2.5882516184002604,
        2.5936166992544725,
        2.5492434091378846,
        2.582816333465944,
        2.5635010915924985,
        2.5635590675126947,
        2.5858640822732104,
        2.5648291895122783,
        2.6096638533038554,
        2.5746143155426706,
        2.583869792104305,
        2.567954910317044,
        2.556976774967587,
        2.528153737445103,
        2.5187588250001243,
        2.548227027805073,
        2.5411996978932643,
        2.535722549992396,
        2.530482070737083,
        2.5396302501165073,
        2.5825340593514223,
        2.5443366156691227,
        2.5381477436211854,
        2.52685694969659,
        2.5768711485330456,
        2.578612692333706,
        2.5096534078216397,
        2.5073908875312596,
        2.6314819193025887,
        2.523918106445639,
        2.5264981423442503,
        2.543596217028423,
        2.5616562592061376,
        2.5360111020395295,
        2.5640424111996167,
        2.5281281567131155,
        2.553629821802033,
        2.5705884560872048,
        2.5174213780558374,
        2.5218535396083657,
        2.5565004622382315,
        2.534728935131345,
        2.5174251116306823,
        2.519594040937086,
        2.514751376437363,
        2.497314958784929,
        2.507146817249264,
        2.5337760942998444,
        2.5980337541464382,
        2.523765239173061,
        2.5409081648447973,
        2.546281774094658,
        2.5529720811515366,
        2.548460295219413,
        2.5541576159236596,
        2.5482239635023745,
        2.5448181865994046,
        2.584256442157476,
        2.531957343552901,
        2.5396279726549142,
        2.4992011660140188,
        2.5081040755127186,
        2.5056716195306197,
        2.5272186493097335,
        2.5389368728674135,
        2.4953428492098464,
        2.53346122372424,
        2.5052683137014196
    ],
    "min loss": 2.4953428492098464,
    "training steps": 10000,
    "batch size": 256,
    "history size": 1000,
    "dataset": "enwik8",
    "end time": 1730479314.0453598
}