{
    "memory_size": 7,
    "trial": 4,
    "id": "08bec9024a3d7d14c7b973384a90f5a2",
    "loss": 1.3493861944668175,
    "training_curve": [
        2.990250587463379,
        2.624156951904297,
        2.4440526962280273,
        2.5441908836364746,
        2.514045000076294,
        2.2763335704803467,
        2.2325494289398193,
        2.201416015625,
        2.2553000450134277,
        2.010420560836792,
        2.1435813903808594,
        2.104151725769043,
        2.0305628776550293,
        2.07285213470459,
        2.0590364933013916,
        2.06691312789917,
        2.152076244354248,
        2.1117076873779297,
        2.0872225761413574,
        3.259695291519165,
        1.7873324155807495,
        2.093625783920288,
        1.8038522005081177,
        1.8752278089523315,
        1.9164247512817383,
        2.0182881355285645,
        2.0243101119995117,
        1.9683321714401245,
        1.806729793548584,
        1.8569930791854858,
        1.6861796379089355,
        1.7433000802993774,
        1.8799856901168823,
        1.7423948049545288,
        1.8511688709259033,
        1.6484014987945557,
        1.7079486846923828,
        1.8530218601226807,
        1.9221949577331543,
        2.5226385593414307,
        1.7657341957092285,
        1.7151120901107788,
        1.7651804685592651,
        1.7691400051116943,
        1.8538918495178223,
        1.8342732191085815,
        1.8004683256149292,
        1.7507416009902954,
        1.769634485244751,
        1.748291254043579,
        1.7644903659820557,
        1.8755147457122803,
        1.6318050622940063,
        1.656602144241333,
        1.519881248474121,
        1.7187461853027344,
        1.7462416887283325,
        1.7402387857437134,
        1.5372090339660645,
        2.206759452819824,
        1.7673922777175903,
        1.541229486465454,
        1.4597135782241821,
        1.676207184791565,
        1.6861857175827026,
        1.495638370513916,
        1.683701992034912,
        1.7190073728561401,
        1.6967201232910156,
        1.7383121252059937,
        1.6559993028640747,
        1.6182414293289185,
        1.8288695812225342,
        1.774471402168274,
        1.7581106424331665,
        1.60858154296875,
        1.5340081453323364,
        1.67276930809021,
        1.5373973846435547,
        1.6909284591674805,
        1.5207030773162842,
        1.4949759244918823,
        1.6933047771453857,
        1.6882097721099854,
        1.633499026298523,
        1.5601884126663208,
        1.6852303743362427,
        1.4851614236831665,
        1.488025426864624,
        1.674585223197937,
        1.3305290937423706,
        1.5986385345458984,
        1.4492806196212769,
        1.5044935941696167,
        1.525449275970459,
        1.6323930025100708,
        1.5211237668991089,
        1.534566044807434,
        1.6287345886230469,
        1.8722175359725952,
        1.6737169027328491,
        1.7187209129333496,
        1.6646270751953125,
        1.5207111835479736,
        1.5624983310699463,
        1.5699775218963623,
        1.423372745513916,
        1.4181560277938843,
        1.4834017753601074,
        1.4117776155471802,
        1.4071152210235596,
        1.7210466861724854,
        1.6034189462661743,
        1.6216042041778564,
        1.5879870653152466,
        1.2739801406860352,
        1.6040128469467163,
        1.5951510667800903,
        1.2809336185455322,
        1.7835265398025513,
        1.644775629043579,
        1.6673228740692139,
        1.7702528238296509,
        1.5880577564239502,
        1.5412273406982422,
        1.467524766921997,
        1.537387490272522,
        1.3767801523208618,
        1.2755389213562012,
        1.411588191986084,
        1.7027512788772583,
        1.4816511869430542,
        1.5772796869277954,
        1.5942002534866333,
        1.4608627557754517,
        1.625444769859314,
        1.5019116401672363,
        1.6753519773483276,
        1.6846168041229248,
        1.653732419013977,
        1.677310824394226,
        1.69405996799469,
        1.6462650299072266,
        1.3138538599014282,
        1.5378015041351318,
        1.373687505722046,
        1.539798617362976,
        1.607880711555481,
        1.5058990716934204,
        1.6947401762008667,
        1.7841129302978516,
        1.5882689952850342,
        1.3786718845367432,
        1.460545539855957,
        1.5584403276443481,
        1.669707179069519,
        1.451234221458435,
        1.3212833404541016,
        1.2635962963104248,
        1.5397224426269531,
        1.4331539869308472,
        1.5670911073684692,
        1.644334077835083,
        1.4454400539398193,
        1.6661381721496582,
        1.5894533395767212,
        1.3879613876342773,
        1.3651856184005737,
        1.6035492420196533,
        1.3809562921524048,
        1.4397255182266235,
        1.4134011268615723,
        1.3606563806533813,
        1.653688907623291,
        1.5235706567764282,
        1.4484773874282837,
        1.4834879636764526,
        1.3888009786605835,
        1.6352031230926514,
        1.3267581462860107,
        1.6706371307373047,
        1.5416004657745361,
        1.2630807161331177,
        1.4751851558685303,
        1.5589030981063843,
        1.5419349670410156,
        1.4449878931045532,
        1.51072359085083,
        1.2400686740875244,
        1.4881291389465332,
        1.260224461555481,
        1.464151382446289,
        1.3689302206039429,
        1.431419014930725,
        1.545949935913086,
        1.5785541534423828,
        1.4623600244522095,
        1.505741834640503,
        1.4664342403411865,
        1.510849118232727,
        1.5592867136001587,
        1.5367032289505005,
        1.503149151802063,
        1.472589373588562,
        1.6784403324127197,
        1.681323766708374,
        1.3436520099639893,
        1.512921929359436,
        1.435274600982666,
        1.5426963567733765,
        1.448849081993103,
        1.3677595853805542,
        1.543297529220581,
        1.4829620122909546,
        1.514644742012024,
        1.4498413801193237,
        1.3960034847259521,
        1.5269782543182373,
        1.3961565494537354,
        1.6626553535461426,
        1.631577491760254,
        1.4314079284667969,
        1.486702799797058,
        1.5483342409133911,
        1.5047898292541504,
        1.440571665763855,
        1.5740281343460083,
        1.3850281238555908,
        1.4142489433288574,
        1.393519401550293,
        1.3999056816101074,
        1.5788744688034058,
        1.4996058940887451,
        1.33816659450531,
        1.42172372341156,
        1.2818118333816528,
        1.3505760431289673,
        1.3612393140792847,
        1.4080004692077637,
        1.6404292583465576,
        1.5251202583312988,
        1.407087802886963,
        1.469435691833496,
        1.3819282054901123,
        1.2567856311798096,
        1.4190088510513306,
        1.3461716175079346,
        1.3357609510421753,
        1.6186020374298096,
        1.639155626296997,
        1.5045775175094604,
        1.3118109703063965,
        1.4506313800811768,
        1.2945971488952637,
        1.3514422178268433,
        1.619214653968811,
        1.4170032739639282,
        1.3728841543197632,
        1.4457987546920776,
        1.727217435836792,
        1.4076578617095947,
        1.6937404870986938,
        1.5556315183639526,
        1.3822540044784546,
        1.5367897748947144,
        1.3411391973495483,
        1.409528374671936,
        1.3069771528244019,
        1.3860317468643188,
        1.4501701593399048,
        1.3218235969543457,
        1.5112452507019043,
        1.364950180053711,
        1.3593122959136963,
        1.3581364154815674,
        1.422148585319519,
        1.445749044418335,
        1.534169316291809,
        1.4894615411758423,
        1.467235803604126,
        1.490723729133606,
        1.332026720046997,
        1.4733450412750244,
