{
    "memory_size": 7,
    "trial": 2,
    "id": "0b5cac13f2948c480d58d545ef957496",
    "loss": 1.3908280225814396,
    "training_curve": [
        2.9211621284484863,
        2.5774240493774414,
        2.368938684463501,
        2.535893678665161,
        2.430576801300049,
        2.502962827682495,
        2.3680474758148193,
        2.2345144748687744,
        2.2918930053710938,
        2.216291666030884,
        2.2124977111816406,
        2.1616475582122803,
        1.944214105606079,
        2.1622631549835205,
        1.989044189453125,
        2.115495204925537,
        1.841480016708374,
        2.011766195297241,
        2.0405468940734863,
        3.205427646636963,
        2.086434841156006,
        2.0400545597076416,
        1.8950706720352173,
        1.9042497873306274,
        1.8968827724456787,
        1.769338846206665,
        1.6969733238220215,
        1.8760868310928345,
        1.8219053745269775,
        1.756966471672058,
        1.8704949617385864,
        1.7882447242736816,
        1.7850666046142578,
        1.7532672882080078,
        1.629859209060669,
        1.7470840215682983,
        1.6791108846664429,
        1.8766496181488037,
        1.756886601448059,
        2.4820334911346436,
        1.968826413154602,
        1.7537758350372314,
        1.831397294998169,
        1.7815744876861572,
        1.7523274421691895,
        1.577136516571045,
        1.5927543640136719,
        1.7517895698547363,
        1.6015822887420654,
        1.7104064226150513,
        1.7407673597335815,
        1.649278163909912,
        1.662846565246582,
        1.6527760028839111,
        1.688567042350769,
        1.6056487560272217,
        1.6736772060394287,
        1.6944578886032104,
        1.5447427034378052,
        2.1740849018096924,
        1.6148507595062256,
        1.5815317630767822,
        1.5933822393417358,
        1.834528923034668,
        1.8065719604492188,
        1.7233247756958008,
        1.611246943473816,
        1.7378313541412354,
        1.4976874589920044,
        1.5238993167877197,
        1.6458059549331665,
        1.7320283651351929,
        1.5467255115509033,
        1.6571502685546875,
        1.5116009712219238,
        1.560229778289795,
        1.6481194496154785,
        1.5697331428527832,
        1.5589194297790527,
        1.9703234434127808,
        1.7880983352661133,
        1.744878888130188,
        1.5913763046264648,
        1.801538348197937,
        1.6343762874603271,
        1.6202820539474487,
        1.4105825424194336,
        1.5286961793899536,
        1.4931187629699707,
        1.4828011989593506,
        1.6750807762145996,
        1.6579821109771729,
        1.5797431468963623,
        1.5536121129989624,
        1.5518414974212646,
        1.6388919353485107,
        1.5838282108306885,
        1.5115042924880981,
        1.6179277896881104,
        1.7061681747436523,
        1.7363232374191284,
        1.5296995639801025,
        1.6541067361831665,
        1.5302298069000244,
        1.633278727531433,
        1.6675066947937012,
        1.5779659748077393,
        1.7130075693130493,
        1.6391139030456543,
        1.4491848945617676,
        1.4862958192825317,
        1.5586071014404297,
        1.7302961349487305,
        1.4078201055526733,
        1.5836187601089478,
        1.4555034637451172,
        1.5579628944396973,
        1.6730302572250366,
        1.5672385692596436,
        1.5012555122375488,
        1.385534644126892,
        1.586552619934082,
        1.3691229820251465,
        1.541182518005371,
        1.5362327098846436,
        1.4422897100448608,
        1.554329752922058,
        1.5150285959243774,
        1.559997320175171,
        1.4731581211090088,
        1.394388198852539,
        1.4389320611953735,
        1.5915626287460327,
        1.5129263401031494,
        1.5224997997283936,
        1.5085200071334839,
        1.460628867149353,
        1.6148203611373901,
        1.3921862840652466,
        1.6337817907333374,
        1.7110053300857544,
        1.427710771560669,
        1.54983389377594,
        1.6314021348953247,
        1.4726744890213013,
        1.430584192276001,
        1.4744936227798462,
        1.4421502351760864,
        1.4234576225280762,
        1.4835013151168823,
        1.4375940561294556,
        1.5871285200119019,
        1.4261999130249023,
        1.5117870569229126,
        1.344752311706543,
        1.479496717453003,
        1.7850563526153564,
        1.477090835571289,
        1.6126470565795898,
        1.6827205419540405,
        1.4058117866516113,
        1.4056071043014526,
        1.6018826961517334,
        1.4074985980987549,
        1.5355840921401978,
        1.533096432685852,
        1.640836238861084,
        1.4530069828033447,
        1.4224331378936768,
        1.3815979957580566,
        1.3763220310211182,
        1.4119292497634888,
        1.2478338479995728,
        1.4157603979110718,
        1.5953449010849,
        1.533632516860962,
        1.524826169013977,
        1.4474200010299683,
        1.5599584579467773,
        1.5702208280563354,
        1.5756011009216309,
        1.5410212278366089,
        1.4071227312088013,
        1.3008204698562622,
        1.5862878561019897,
        1.575096845626831,
        1.4953813552856445,
        1.611153483390808,
        1.355032205581665,
        1.314404845237732,
        1.5899932384490967,
        1.4218438863754272,
        1.403800368309021,
        1.4650044441223145,
        1.4231082201004028,
        1.542750358581543,
        1.3066916465759277,
        1.6812231540679932,
        1.5338648557662964,
        1.6504621505737305,
        1.6614632606506348,
        1.4828112125396729,
        1.4077900648117065,
        1.4988981485366821,
        1.6115723848342896,
        1.321869134902954,
        1.2703478336334229,
        1.4739875793457031,
        1.5005311965942383,
        1.5552246570587158,
        1.542607307434082,
        1.3677318096160889,
        1.5759203433990479,
        1.4492473602294922,
        1.4857739210128784,
        1.3616937398910522,
        1.4248056411743164,
        1.4348915815353394,
        1.5115972757339478,
        1.5024523735046387,
        1.6071555614471436,
        1.5140886306762695,
        1.5152820348739624,
        1.2818143367767334,
        1.556555986404419,
        1.3633954524993896,
        1.4221136569976807,
        1.4616810083389282,
        1.5035346746444702,
        1.5527732372283936,
        1.4608526229858398,
        1.3952120542526245,
        1.3606206178665161,
        1.4090605974197388,
        1.3502541780471802,
        1.4133963584899902,
        1.4203238487243652,
        1.4628828763961792,
        1.492542028427124,
        1.564921259880066,
        1.567197322845459,
        1.581344723701477,
        1.685235619544983,
        1.5485955476760864,
        1.46121346950531,
        1.4668821096420288,
        1.3168426752090454,
        1.495788335800171,
        1.415982961654663,
        1.2869961261749268,
        1.5521397590637207,
        1.3825643062591553,
        1.4083746671676636,
        1.602121114730835,
        1.4719182252883911,
        1.5188226699829102,
        1.3716086149215698,
        1.6785510778427124,
        1.2983503341674805,
        1.520736575126648,
        1.3249661922454834,
        1.3797544240951538,
        1.5666111707687378,
        1.3298288583755493,
        1.2615638971328735,
        1.4615241289138794,
        1.4642105102539062,
        1.4357140064239502,
        1.6091161966323853,
        1.3570716381072998,
        1.490464687347412,
        1.4461809396743774,
        1.3686304092407227,
        1.5414868593215942,
        1.3625982999801636,
        1.4904717206954956,
        1.504267692565918,
        1.4953267574310303,
        1.487026572227478,
        1.5459078550338745,
        1.4903045892715454,
        1.3651419878005981,
        1.3985588550567627,
