{
    "memory_size": 9,
    "trial": 3,
    "id": "1b62800bcbe9401ca7e804902badd860",
    "loss": 1.3935817554616317,
    "training_curve": [
        2.906297445297241,
        2.491396188735962,
        2.5651962757110596,
        2.5226075649261475,
        2.417354106903076,
        2.280144214630127,
        2.2800471782684326,
        2.0989205837249756,
        2.3025147914886475,
        2.1547508239746094,
        2.124852180480957,
        2.1287739276885986,
        1.9935661554336548,
        2.0934841632843018,
        2.050961971282959,
        2.0987930297851562,
        2.0314950942993164,
        2.112178325653076,
        1.8427960872650146,
        3.2084879875183105,
        1.9378360509872437,
        1.9016988277435303,
        1.9137862920761108,
        2.009279727935791,
        2.0891377925872803,
        1.648926854133606,
        1.9279927015304565,
        1.7243090867996216,
        1.7309930324554443,
        1.8299859762191772,
        1.8935657739639282,
        1.7332425117492676,
        1.709822654724121,
        1.840059757232666,
        1.6916955709457397,
        1.6670325994491577,
        1.8260000944137573,
        1.7251015901565552,
        1.8099102973937988,
        2.4525344371795654,
        1.713160514831543,
        1.7556953430175781,
        1.592087745666504,
        1.8234567642211914,
        1.9128865003585815,
        1.76837956905365,
        1.6676534414291382,
        1.6215367317199707,
        1.6517351865768433,
        1.7439823150634766,
        1.8630449771881104,
        1.5275803804397583,
        1.7032455205917358,
        1.6627111434936523,
        1.6868243217468262,
        1.7697820663452148,
        1.5789772272109985,
        1.7356332540512085,
        1.7086660861968994,
        2.3219594955444336,
        1.8043169975280762,
        1.6798462867736816,
        1.8263235092163086,
        1.6459310054779053,
        1.4916902780532837,
        1.6941486597061157,
        1.5748268365859985,
        1.5772994756698608,
        1.7645150423049927,
        1.7414848804473877,
        1.7612746953964233,
        1.5458905696868896,
        1.3847566843032837,
        1.6668146848678589,
        1.7852247953414917,
        1.6433663368225098,
        1.6428651809692383,
        1.7323904037475586,
        1.6323554515838623,
        1.989554524421692,
        1.561002492904663,
        1.6026287078857422,
        1.545284628868103,
        1.6314107179641724,
        1.5039963722229004,
        1.6816117763519287,
        1.452562928199768,
        1.7963519096374512,
        1.7469334602355957,
        1.6185050010681152,
        1.480790376663208,
        1.6728312969207764,
        1.5707613229751587,
        1.6335862874984741,
        1.7840814590454102,
        1.7279155254364014,
        1.5345845222473145,
        1.6253745555877686,
        1.4869654178619385,
        1.9521230459213257,
        1.7334164381027222,
        1.665086030960083,
        1.380685567855835,
        1.4953933954238892,
        1.6733726263046265,
        1.4834825992584229,
        1.5152814388275146,
        1.6455209255218506,
        1.6099008321762085,
        1.7048372030258179,
        1.5779849290847778,
        1.5363566875457764,
        1.6764051914215088,
        1.5575708150863647,
        1.5304977893829346,
        1.725182056427002,
        1.5125852823257446,
        1.7227989435195923,
        1.5579770803451538,
        1.5563884973526,
        1.6176705360412598,
        1.5011847019195557,
        1.5359578132629395,
        1.5215084552764893,
        1.4397186040878296,
        1.6221418380737305,
        1.3919463157653809,
        1.4517359733581543,
        1.4150710105895996,
        1.3964250087738037,
        1.5577149391174316,
        1.3464670181274414,
        1.5056970119476318,
        1.465187907218933,
        1.5628700256347656,
        1.491419792175293,
        1.6600351333618164,
        1.4953672885894775,
        1.384123682975769,
        1.569993019104004,
        1.6498327255249023,
        1.4788923263549805,
        1.435913324356079,
        1.607040286064148,
        1.5231705904006958,
        1.3740383386611938,
        1.5794861316680908,
        1.5361870527267456,
        1.4395920038223267,
        1.6894519329071045,
        1.568288803100586,
        1.4057567119598389,
        1.4419732093811035,
        1.389021396636963,
        1.5696611404418945,
        1.492953896522522,
        1.550647497177124,
        1.5553075075149536,
        1.4093769788742065,
        1.6754957437515259,
        1.5252357721328735,
        1.4436030387878418,
        1.4429535865783691,
        1.3574485778808594,
        1.6983208656311035,
        1.4056609869003296,
        1.5474530458450317,
        1.632354736328125,
        1.4288363456726074,
        1.5901905298233032,
        1.4060932397842407,
        1.3740992546081543,
        1.4662151336669922,
        1.433789849281311,
        1.5785472393035889,
        1.5485453605651855,
        1.45755136013031,
        1.4980698823928833,
        1.5485646724700928,
        1.5841639041900635,
        1.513952374458313,
        1.540778398513794,
        1.4967095851898193,
        1.498314619064331,
        1.5638920068740845,
        1.3988491296768188,
        1.4295676946640015,
        1.6089224815368652,
        1.4613829851150513,
        1.390649437904358,
        1.183199405670166,
        1.459533452987671,
        1.4224437475204468,
        1.5664149522781372,
        1.5510717630386353,
        1.4581137895584106,
        1.5555802583694458,
        1.6020797491073608,
        1.4602078199386597,
        1.6158699989318848,
        1.5457000732421875,
        1.5414026975631714,
        1.6665765047073364,
        1.5366266965866089,
        1.5860105752944946,
        1.5974780321121216,
        1.321456789970398,
        1.3881815671920776,
        1.310390830039978,
        1.3266844749450684,
        1.4879038333892822,
        1.3904660940170288,
        1.3408318758010864,
        1.4856892824172974,
        1.5808589458465576,
        1.5631479024887085,
        1.4359323978424072,
        1.493245005607605,
        1.5078309774398804,
        1.4604872465133667,
        1.398005485534668,
        1.4835269451141357,
        1.4668868780136108,
        1.309874176979065,
        1.6659269332885742,
        1.5475547313690186,
        1.5003448724746704,
        1.3325474262237549,
        1.336101770401001,
        1.4113961458206177,
        1.3876844644546509,
        1.4698982238769531,
        1.55377197265625,
        1.4873806238174438,
        1.464846134185791,
        1.3827805519104004,
        1.5033066272735596,
        1.4037667512893677,
        1.460990071296692,
        1.5805665254592896,
        1.5345064401626587,
        1.4265215396881104,
        1.3341972827911377,
        1.4495916366577148,
        1.3133043050765991,
        1.5076934099197388,
        1.3937864303588867,
        1.3899799585342407,
        1.448442816734314,
        1.372145652770996,
        1.4754430055618286,
        1.400770902633667,
        1.420025110244751,
        1.608597755432129,
        1.398146629333496,
        1.4429141283035278,
        1.3783586025238037,
        1.362715482711792,
        1.44422447681427,
        1.4167382717132568,
        1.202624797821045,
        1.543923258781433,
        1.3613457679748535,
        1.3218865394592285,
        1.387898564338684,
        1.396972417831421,
        1.3593333959579468,
        1.3049558401107788,
        1.3635514974594116,
        1.3327398300170898,
        1.4035478830337524,
        1.3968032598495483,
        1.408728003501892,
        1.3943694829940796,
        1.3091764450073242,
        1.4607980251312256,
        1.4449868202209473,
        1.5129046440124512,
        1.48026442527771,
        1.543420433998108,
        1.46785306930542,
        1.4280630350112915,
        1.4545347690582275,
