{
    "memory_size": 5,
    "trial": 2,
    "id": "20456d1321f2aace95e77a899165371c",
    "loss": 1.4778712894093435,
    "training_curve": [
        2.900315284729004,
        2.550477981567383,
        2.481158494949341,
        2.427028179168701,
        2.372478485107422,
        2.402090072631836,
        2.231503486633301,
        2.153472661972046,
        2.2839303016662598,
        2.262984037399292,
        2.082104444503784,
        2.0617451667785645,
        2.10819935798645,
        2.182111978530884,
        2.098356008529663,
        2.1971065998077393,
        2.0478694438934326,
        1.901668667793274,
        1.9024136066436768,
        3.3419628143310547,
        2.0494487285614014,
        1.994991421699524,
        1.8954169750213623,
        1.935960054397583,
        1.9710994958877563,
        2.032975912094116,
        1.7613954544067383,
        1.8622883558273315,
        1.9181801080703735,
        1.9293538331985474,
        1.762304663658142,
        1.8083422183990479,
        2.024742603302002,
        1.7367475032806396,
        1.6869865655899048,
        1.878297209739685,
        1.798292636871338,
        1.9190407991409302,
        1.8689041137695312,
        2.588344097137451,
        1.6826225519180298,
        1.8202422857284546,
        1.7590851783752441,
        1.893993616104126,
        1.6283397674560547,
        1.8533921241760254,
        1.9343193769454956,
        1.7092078924179077,
        1.8911817073822021,
        1.6775627136230469,
        1.5187759399414062,
        1.8603928089141846,
        1.6886440515518188,
        1.729900598526001,
        1.6836037635803223,
        1.646030306816101,
        1.7257652282714844,
        1.6965653896331787,
        1.8327832221984863,
        2.198859691619873,
        1.8281795978546143,
        1.6745907068252563,
        1.661942720413208,
        1.6547960042953491,
        1.6700078248977661,
        1.6500264406204224,
        1.680443286895752,
        1.7248708009719849,
        1.6707370281219482,
        1.625723958015442,
        1.8051451444625854,
        1.5870336294174194,
        1.747410535812378,
        1.6462502479553223,
        1.709045648574829,
        1.6265604496002197,
        1.604974627494812,
        1.6484947204589844,
        1.8247687816619873,
        1.8531205654144287,
        1.691117286682129,
        1.9783614873886108,
        1.6922087669372559,
        1.7145498991012573,
        1.732032299041748,
        1.7198411226272583,
        1.8258135318756104,
        1.6962143182754517,
        1.7438889741897583,
        1.5362880229949951,
        1.6724973917007446,
        1.7735263109207153,
        1.493656039237976,
        1.6297719478607178,
        1.7370574474334717,
        1.6487370729446411,
        1.6149506568908691,
        1.4390226602554321,
        1.3828421831130981,
        1.8385957479476929,
        1.6772503852844238,
        1.7294167280197144,
        1.5512847900390625,
        1.4843776226043701,
        1.7374742031097412,
        1.5071388483047485,
        1.560402274131775,
        1.772613286972046,
        1.6876555681228638,
        1.3711977005004883,
        1.5856317281723022,
        1.5900534391403198,
        1.6908742189407349,
        1.6110241413116455,
        1.6385830640792847,
        1.4460368156433105,
        1.4074077606201172,
        1.4803751707077026,
        1.658197283744812,
        1.719911813735962,
        1.668400764465332,
        1.5741639137268066,
        1.4674792289733887,
        1.572682499885559,
        1.6578924655914307,
        1.7209362983703613,
        1.517745018005371,
        1.5754221677780151,
        1.4263129234313965,
        1.4657981395721436,
        1.61176335811615,
        1.4929879903793335,
        1.461761236190796,
        1.526570200920105,
        1.5546318292617798,
        1.5796229839324951,
        1.6316624879837036,
        1.7327799797058105,
        1.5509252548217773,
        1.5484678745269775,
        1.402097463607788,
        1.4272531270980835,
        1.474838137626648,
        1.4897360801696777,
        1.6317883729934692,
        1.563894271850586,
        1.638900876045227,
        1.5071425437927246,
        1.586389183998108,
        1.6839323043823242,
        1.6405746936798096,
        1.5667346715927124,
        1.4737865924835205,
        1.4616867303848267,
        1.5017162561416626,
        1.5039633512496948,
        1.5392417907714844,
        1.4698939323425293,
        1.592731237411499,
        1.633492112159729,
        1.5794148445129395,
        1.7110761404037476,
        1.5110300779342651,
        1.5655012130737305,
        1.5883479118347168,
        1.5327773094177246,
        1.6253281831741333,
        1.5028373003005981,
        1.5636588335037231,
        1.490727186203003,
        1.4574671983718872,
        1.4123965501785278,
        1.436895728111267,
        1.4068667888641357,
        1.7807347774505615,
        1.580309510231018,
        1.4883977174758911,
        1.537277102470398,
        1.6508049964904785,
        1.6322344541549683,
        1.6112109422683716,
        1.416494369506836,
        1.5020233392715454,
        1.4659960269927979,
        1.5462799072265625,
        1.5861831903457642,
        1.4787921905517578,
        1.3818968534469604,
        1.39238703250885,
        1.381783366203308,
        1.4734926223754883,
        1.5989532470703125,
        1.5891520977020264,
        1.591366171836853,
        1.462321400642395,
        1.4990196228027344,
        1.3985722064971924,
        1.3899900913238525,
        1.4496585130691528,
        1.7263140678405762,
        1.7192730903625488,
        1.4977548122406006,
        1.6876507997512817,
        1.6345067024230957,
        1.7428213357925415,
        1.4633842706680298,
        1.6457819938659668,
        1.602683663368225,
        1.8052561283111572,
        1.5263597965240479,
        1.435477614402771,
        1.5039852857589722,
        1.442170262336731,
        1.524909496307373,
        1.6204817295074463,
        1.4763911962509155,
        1.4028364419937134,
        1.4430992603302002,
        1.4828728437423706,
        1.6357388496398926,
        1.419081449508667,
        1.5986748933792114,
        1.365925669670105,
        1.5846588611602783,
        1.4749252796173096,
        1.5900547504425049,
        1.4099012613296509,
        1.3659712076187134,
        1.518288016319275,
        1.4867632389068604,
        1.3395743370056152,
        1.4064035415649414,
        1.4592070579528809,
        1.4509388208389282,
        1.4539827108383179,
        1.6757383346557617,
        1.421567440032959,
        1.3105027675628662,
        1.4486840963363647,
        1.7023425102233887,
        1.570652723312378,
        1.7705183029174805,
        1.4939264059066772,
        1.5417624711990356,
        1.3184328079223633,
        1.4740020036697388,
        1.362119197845459,
        1.4796282052993774,
        1.546128511428833,
        1.5822582244873047,
        1.4210270643234253,
        1.5447800159454346,
        1.5393232107162476,
        1.460967779159546,
        1.469067931175232,
        1.5910532474517822,
        1.3295505046844482,
        1.4999295473098755,
        1.4139796495437622,
        1.4048948287963867,
        1.6528542041778564,
        1.3960784673690796,
        1.5811246633529663,
        1.5380778312683105,
        1.725982666015625,
        1.4784913063049316,
        1.4985344409942627,
        1.402474045753479,
        1.4360674619674683,
        1.4320356845855713,
        1.4152988195419312,
        1.3636361360549927,
        1.4337317943572998,
        1.437807559967041,
        1.3689926862716675,
        1.5136739015579224,
        1.4991607666015625,
        1.1841951608657837,
        1.5040314197540283,
        1.6087433099746704,
        1.5630208253860474,
        1.4945765733718872,
        1.5758603811264038,
