{
    "memory_size": 5,
    "trial": 3,
    "id": "365f00b5ae0d4845c5e49479b7fd0e01",
    "loss": 1.4775539310773564,
    "training_curve": [
        3.0124499797821045,
        2.720090627670288,
        2.4325780868530273,
        2.5690197944641113,
        2.3451974391937256,
        2.3178889751434326,
        2.3780579566955566,
        2.2919669151306152,
        2.212217092514038,
        2.2371881008148193,
        2.2915642261505127,
        2.213167190551758,
        1.9414104223251343,
        2.013554811477661,
        2.026196002960205,
        2.012063980102539,
        1.85641610622406,
        2.028130054473877,
        1.8968591690063477,
        3.2500972747802734,
        2.0928170680999756,
        2.0164802074432373,
        1.9592170715332031,
        1.987250566482544,
        1.9576373100280762,
        1.9120773077011108,
        1.7810496091842651,
        1.8715900182724,
        1.9385656118392944,
        1.8985068798065186,
        1.8217670917510986,
        1.8280799388885498,
        1.9763462543487549,
        1.8294364213943481,
        1.7520639896392822,
        1.7339370250701904,
        1.6597269773483276,
        1.8660045862197876,
        1.5848064422607422,
        2.616960048675537,
        1.6919822692871094,
        1.8939383029937744,
        1.8512821197509766,
        1.6653926372528076,
        2.0423965454101562,
        1.7510333061218262,
        1.972592830657959,
        1.7995774745941162,
        1.6786326169967651,
        1.8123788833618164,
        1.8143556118011475,
        1.700981616973877,
        1.7420995235443115,
        1.6604511737823486,
        1.7479231357574463,
        1.7326328754425049,
        1.6297998428344727,
        1.705238699913025,
        1.7527656555175781,
        2.2989559173583984,
        1.6291303634643555,
        1.6158658266067505,
        1.7141321897506714,
        1.7216426134109497,
        1.733986735343933,
        1.7132904529571533,
        1.7468281984329224,
        1.6358782052993774,
        1.790820837020874,
        1.7312091588974,
        1.8184449672698975,
        1.8193886280059814,
        1.6895828247070312,
        1.514988660812378,
        1.5794637203216553,
        1.7332416772842407,
        1.6670277118682861,
        1.7132043838500977,
        1.5909675359725952,
        2.015181064605713,
        1.7956511974334717,
        1.478936791419983,
        1.716470718383789,
        1.770699381828308,
        1.5957813262939453,
        1.6577646732330322,
        1.6459405422210693,
        1.7120150327682495,
        1.684667944908142,
        1.7357056140899658,
        1.612345814704895,
        1.6976492404937744,
        1.5637998580932617,
        1.7978500127792358,
        1.6176129579544067,
        1.6615811586380005,
        1.674230933189392,
        1.7836769819259644,
        1.517885684967041,
        1.6489959955215454,
        1.6308786869049072,
        1.7346608638763428,
        1.705364465713501,
        1.5703808069229126,
        1.6969140768051147,
        1.5793782472610474,
        1.537717580795288,
        1.6330053806304932,
        1.5016679763793945,
        1.6293330192565918,
        1.5195878744125366,
        1.5885307788848877,
        1.4972914457321167,
        1.6878585815429688,
        1.6220711469650269,
        1.6964433193206787,
        1.6278343200683594,
        1.6270469427108765,
        1.4467670917510986,
        1.8632915019989014,
        1.5777767896652222,
        1.5608258247375488,
        1.479508638381958,
        1.5274494886398315,
        1.5150868892669678,
        1.4708248376846313,
        1.6166536808013916,
        1.3706541061401367,
        1.6758824586868286,
        1.5260846614837646,
        1.7517918348312378,
        1.4698139429092407,
        1.4280771017074585,
        1.5539034605026245,
        1.625342845916748,
        1.6217962503433228,
        1.630468487739563,
        1.623664140701294,
        1.4068725109100342,
        1.809830904006958,
        1.4803787469863892,
        1.5548940896987915,
        1.5077952146530151,
        1.337280035018921,
        1.5041006803512573,
        1.576327919960022,
        1.564245581626892,
        1.4909907579421997,
        1.782903790473938,
        1.4105103015899658,
        1.6449419260025024,
        1.4422651529312134,
        1.5736684799194336,
        1.43732488155365,
        1.5391781330108643,
        1.6037253141403198,
        1.6009974479675293,
        1.5430827140808105,
        1.4437189102172852,
        1.797186255455017,
        1.5108864307403564,
        1.7084566354751587,
        1.5766961574554443,
        1.371575951576233,
        1.5930635929107666,
        1.7439475059509277,
        1.5727102756500244,
        1.7324753999710083,
        1.4270336627960205,
        1.6186268329620361,
        1.486818552017212,
        1.6016106605529785,
        1.5249063968658447,
        1.5203187465667725,
        1.4698998928070068,
        1.402127742767334,
        1.513914704322815,
        1.314949870109558,
        1.5506376028060913,
        1.5107132196426392,
        1.682037115097046,
        1.6027356386184692,
        1.4058908224105835,
        1.5924503803253174,
        1.6874521970748901,
        1.4747967720031738,
        1.4014601707458496,
        1.3135724067687988,
        1.6322989463806152,
        1.6097570657730103,
        1.4448713064193726,
        1.5846240520477295,
        1.5296776294708252,
        1.3778070211410522,
        1.4665729999542236,
        1.5409172773361206,
        1.5885602235794067,
        1.4492056369781494,
        1.625662088394165,
        1.451465129852295,
        1.6271740198135376,
        1.6671249866485596,
        1.606775164604187,
        1.4577953815460205,
        1.4574629068374634,
        1.6752897500991821,
        1.5712774991989136,
        1.634024977684021,
        1.5040435791015625,
        1.4540916681289673,
        1.5173498392105103,
        1.7336854934692383,
        1.407244324684143,
        1.6052677631378174,
        1.5011522769927979,
        1.486160397529602,
        1.4877517223358154,
        1.5576145648956299,
        1.5215628147125244,
        1.536212682723999,
        1.4686897993087769,
        1.5981643199920654,
        1.3492953777313232,
        1.5593628883361816,
        1.4747426509857178,
        1.418426752090454,
        1.4896188974380493,
        1.535611867904663,
        1.3781908750534058,
        1.5645513534545898,
        1.563401460647583,
        1.3168251514434814,
        1.684672474861145,
        1.59881591796875,
        1.6399701833724976,
        1.4899001121520996,
        1.4489179849624634,
        1.7785207033157349,
        1.3760883808135986,
        1.5137275457382202,
        1.3439915180206299,
        1.5380487442016602,
        1.602912187576294,
        1.5779458284378052,
        1.3869825601577759,
        1.482560396194458,
        1.5221692323684692,
        1.4558959007263184,
        1.5741077661514282,
        1.419204831123352,
        1.4395618438720703,
        1.6769133806228638,
        1.4764145612716675,
        1.462768316268921,
        1.3930479288101196,
        1.6695629358291626,
        1.4147868156433105,
        1.240857720375061,
        1.6036887168884277,
        1.5471665859222412,
        1.605432391166687,
        1.501881718635559,
        1.4920117855072021,
        1.4840370416641235,
        1.3831839561462402,
        1.565062403678894,
        1.4149916172027588,
        1.5702977180480957,
        1.6769359111785889,
        1.431134819984436,
        1.3975468873977661,
        1.4119720458984375,
        1.4955652952194214,
        1.497443437576294,
        1.411692500114441,
        1.5339314937591553,
        1.6867626905441284,
        1.4896513223648071,
        1.4820612668991089,
        1.561824083328247,
        1.6364387273788452,
        1.4875136613845825,
        1.5149604082107544,
