{
    "memory_size": 3,
    "trial": 0,
    "id": "38499df179304f9be4e374bb2262c8f4",
    "loss": 1.7173521223623607,
    "training_curve": [
        3.0215303897857666,
        2.6457509994506836,
        2.4990804195404053,
        2.406858205795288,
        2.350064992904663,
        2.3837697505950928,
        2.3355553150177,
        2.4041454792022705,
        2.0815646648406982,
        2.362640857696533,
        2.2620489597320557,
        2.2029573917388916,
        2.227208137512207,
        2.0317163467407227,
        2.2554852962493896,
        2.0136725902557373,
        2.1083247661590576,
        2.1518616676330566,
        2.0260350704193115,
        3.205164909362793,
        2.1285290718078613,
        2.0621564388275146,
        2.2260029315948486,
        1.9136072397232056,
        1.9558141231536865,
        2.042938232421875,
        1.9376487731933594,
        2.0151100158691406,
        1.9812519550323486,
        1.9940787553787231,
        1.990530252456665,
        1.9907680749893188,
        2.0667600631713867,
        1.8845951557159424,
        1.9052869081497192,
        2.225078582763672,
        1.9284415245056152,
        2.150552749633789,
        1.8685317039489746,
        2.416468620300293,
        2.1043596267700195,
        1.911789059638977,
        1.6374682188034058,
        1.785969853401184,
        1.8045694828033447,
        1.914272427558899,
        2.0242726802825928,
        2.0083937644958496,
        1.8202335834503174,
        1.9497134685516357,
        1.8975282907485962,
        1.8257807493209839,
        1.7106592655181885,
        2.0099055767059326,
        1.715363621711731,
        1.7346346378326416,
        2.139756917953491,
        1.8018767833709717,
        1.9818392992019653,
        1.9827779531478882,
        2.0655665397644043,
        2.0154638290405273,
        1.9015408754348755,
        1.845168948173523,
        1.9357765913009644,
        1.9209507703781128,
        1.7986056804656982,
        1.8348162174224854,
        1.9742857217788696,
        1.7440762519836426,
        1.8002798557281494,
        1.7503395080566406,
        1.971482753753662,
        1.8144785165786743,
        1.9373866319656372,
        1.7907706499099731,
        1.8299036026000977,
        1.8944565057754517,
        1.8140835762023926,
        1.7917275428771973,
        1.9005649089813232,
        1.7359753847122192,
        1.925044059753418,
        1.892189383506775,
        2.0129101276397705,
        1.814389944076538,
        1.9863028526306152,
        1.9716705083847046,
        1.7876310348510742,
        1.731887936592102,
        1.8073755502700806,
        2.0014808177948,
        1.6939287185668945,
        1.627489447593689,
        1.9611146450042725,
        1.861966848373413,
        1.6517246961593628,
        1.732909917831421,
        1.9093859195709229,
        1.6733019351959229,
        1.951709508895874,
        1.836264729499817,
        1.8402795791625977,
        1.7708606719970703,
        1.999027132987976,
        1.9569220542907715,
        1.737135410308838,
        1.7494763135910034,
        1.7896125316619873,
        1.972137451171875,
        1.6740329265594482,
        1.9299434423446655,
        1.7715823650360107,
        1.839107871055603,
        1.8794413805007935,
        1.8195046186447144,
        1.905678153038025,
        1.8009867668151855,
        1.892998218536377,
        2.0582165718078613,
        1.9240776300430298,
        1.8764549493789673,
        1.8661154508590698,
        1.7582497596740723,
        1.9901453256607056,
        1.8783670663833618,
        1.8556790351867676,
        1.8440780639648438,
        1.6803441047668457,
        1.7328473329544067,
        1.7800325155258179,
        1.6981637477874756,
        1.6446442604064941,
        1.740079641342163,
        1.688111662864685,
        1.7847893238067627,
        1.746861219406128,
        1.7243528366088867,
        1.7629324197769165,
        1.6945252418518066,
        1.725003957748413,
        1.8153846263885498,
        1.7721376419067383,
        1.7780510187149048,
        1.661401391029358,
        1.8239741325378418,
        1.8658373355865479,
        1.9023698568344116,
        1.9095741510391235,
        1.7739629745483398,
        1.8687478303909302,
        1.7453742027282715,
        1.7948590517044067,
        1.7014456987380981,
        2.041618824005127,
        1.8005714416503906,
        1.6485602855682373,
        1.817224144935608,
        1.59636390209198,
        1.9285178184509277,
        1.754673719406128,
        2.019073724746704,
        1.7582448720932007,
        1.7507952451705933,
        1.706507682800293,
        1.7061548233032227,
        1.6528372764587402,
        1.8245426416397095,
        1.8527758121490479,
        1.8213961124420166,
        1.7601462602615356,
        1.7108268737792969,
        1.7108532190322876,
        1.6997357606887817,
        1.6223764419555664,
        1.8513965606689453,
        1.5840833187103271,
        1.8915791511535645,
        1.7965954542160034,
        1.6205214262008667,
        1.8053221702575684,
        1.6835380792617798,
        1.702985167503357,
        1.8423678874969482,
        1.7784634828567505,
        1.730955958366394,
        1.7486661672592163,
        1.8051296472549438,
        1.7322438955307007,
        1.785854697227478,
        1.624919056892395,
        2.0707268714904785,
        1.632694959640503,
        1.7436046600341797,
        1.7512130737304688,
        1.6608455181121826,
        1.7756335735321045,
        1.7418590784072876,
        1.6991091966629028,
        2.053928852081299,
        1.7476798295974731,
        1.8223143815994263,
        1.8052946329116821,
        1.5926162004470825,
        1.835275411605835,
        1.7919641733169556,
        1.80501127243042,
        1.753146767616272,
        1.7751154899597168,
        1.7555497884750366,
        1.7281149625778198,
        1.6687078475952148,
        1.8520134687423706,
        1.8230130672454834,
        1.7724831104278564,
        1.5295650959014893,
        1.8680336475372314,
        1.5298224687576294,
        1.7548513412475586,
        2.090543270111084,
        1.7261489629745483,
        1.8338429927825928,
        1.875393271446228,
        1.6512165069580078,
        1.8839149475097656,
        1.8129903078079224,
        1.79625403881073,
        1.7559908628463745,
        1.7354753017425537,
        1.786589503288269,
        1.6454163789749146,
        1.7819215059280396,
        1.8993263244628906,
        1.9539806842803955,
        1.8932729959487915,
        1.8422776460647583,
        1.8191134929656982,
        1.7341943979263306,
        2.0137088298797607,
        1.9126602411270142,
        1.7326982021331787,
        1.9141077995300293,
        1.7246612310409546,
        1.7886351346969604,
        1.7883708477020264,
        1.758620023727417,
        1.9070565700531006,
        1.8430999517440796,
        1.8921167850494385,
        1.7598625421524048,
        1.9483578205108643,
        1.6604654788970947,
        1.7984638214111328,
        1.7545596361160278,
        1.8354235887527466,
        1.6779215335845947,
        1.6524672508239746,
        1.7075804471969604,
        1.636043667793274,
        1.7938064336776733,
        1.534238576889038,
        1.7769097089767456,
        1.7810425758361816,
        1.7803478240966797,
        1.7330036163330078,
        1.827376365661621,
        1.7924951314926147,
        1.7807135581970215,
        1.8589603900909424,
        1.8186869621276855,
        1.814328670501709,
        1.7789227962493896,
        1.775299072265625,
        1.8735325336456299,
        1.8218634128570557,
        1.6637686491012573,
        1.7599413394927979,
        1.8457286357879639,
        1.7597277164459229,
        1.9033470153808594,
        1.724539041519165,
        1.828240156173706,
        1.903952956199646,
