{
    "memory_size": 5,
    "trial": 1,
    "id": "3cc5d2ac762105cf9767f129484163e2",
    "loss": 1.475255314171049,
    "training_curve": [
        2.948516845703125,
        2.5535888671875,
        2.502476692199707,
        2.6037757396698,
        2.3134922981262207,
        2.3283064365386963,
        2.249845504760742,
        2.152358293533325,
        2.1603097915649414,
        2.0804200172424316,
        2.100867748260498,
        1.894828200340271,
        2.1447603702545166,
        1.9602582454681396,
        2.0305593013763428,
        1.995145320892334,
        1.8968000411987305,
        2.1038312911987305,
        2.1118967533111572,
        3.0743846893310547,
        1.9630781412124634,
        1.8601763248443604,
        2.035907030105591,
        2.167236089706421,
        2.035081386566162,
        1.8950226306915283,
        1.8887311220169067,
        1.914453148841858,
        1.840799331665039,
        2.0274393558502197,
        1.8457565307617188,
        1.7833393812179565,
        1.9405179023742676,
        1.8785192966461182,
        1.9755018949508667,
        1.8749738931655884,
        1.650909662246704,
        1.8485679626464844,
        1.53655207157135,
        2.55911922454834,
        1.780133605003357,
        2.0229053497314453,
        1.8866585493087769,
        1.6681623458862305,
        1.6754167079925537,
        1.9056280851364136,
        1.75822114944458,
        1.8613998889923096,
        1.7022827863693237,
        1.6640759706497192,
        1.6423999071121216,
        1.6631468534469604,
        1.7690644264221191,
        1.8171063661575317,
        1.6560782194137573,
        1.721489667892456,
        1.6831220388412476,
        1.8298579454421997,
        1.6351056098937988,
        2.102403163909912,
        1.8474149703979492,
        1.7268495559692383,
        1.6672561168670654,
        1.7034690380096436,
        1.7730143070220947,
        1.7061748504638672,
        1.6532268524169922,
        1.6161808967590332,
        1.508802890777588,
        1.7900325059890747,
        1.7335847616195679,
        1.6462255716323853,
        1.8091429471969604,
        1.7660882472991943,
        1.7984431982040405,
        1.6911011934280396,
        1.73835289478302,
        1.4473241567611694,
        1.725256085395813,
        1.842511773109436,
        1.6112818717956543,
        1.6750565767288208,
        1.4761091470718384,
        1.5390290021896362,
        1.6884428262710571,
        1.7871984243392944,
        1.5914466381072998,
        1.671278476715088,
        1.7765623331069946,
        1.5255740880966187,
        1.5524836778640747,
        1.6510835886001587,
        1.6183289289474487,
        1.5850950479507446,
        1.7143690586090088,
        1.5168830156326294,
        1.498939871788025,
        1.4560681581497192,
        1.5696086883544922,
        1.698968529701233,
        1.7393176555633545,
        1.726710557937622,
        1.5554299354553223,
        1.7608482837677002,
        1.5552077293395996,
        1.697098970413208,
        1.415228009223938,
        1.3774513006210327,
        1.620704174041748,
        1.5997010469436646,
        1.7350335121154785,
        1.8535873889923096,
        1.6596685647964478,
        1.885256290435791,
        1.4740946292877197,
        1.8639193773269653,
        1.4041895866394043,
        1.5870147943496704,
        1.5764803886413574,
        1.5485470294952393,
        1.717394232749939,
        1.492343544960022,
        1.5532505512237549,
        1.5952614545822144,
        1.614344596862793,
        1.6269712448120117,
        1.6497665643692017,
        1.5360773801803589,
        1.7100648880004883,
        1.39902925491333,
        1.5446057319641113,
        1.5209379196166992,
        1.42754328250885,
        1.3520030975341797,
        1.5748531818389893,
        1.465488314628601,
        1.409846305847168,
        1.4393316507339478,
        1.5862398147583008,
        1.550896167755127,
        1.737694263458252,
        1.6744760274887085,
        1.7343502044677734,
        1.465466856956482,
        1.5475388765335083,
        1.5514928102493286,
        1.526781439781189,
        1.653110146522522,
        1.504871129989624,
        1.5310934782028198,
        1.3476195335388184,
        1.3577113151550293,
        1.5818192958831787,
        1.6759616136550903,
        1.4545438289642334,
        1.5756617784500122,
        1.5698974132537842,
        1.5769333839416504,
        1.4978916645050049,
        1.7938395738601685,
        1.551408052444458,
        1.4301834106445312,
        1.6369867324829102,
        1.6191078424453735,
        1.5514065027236938,
        1.5796711444854736,
        1.466787338256836,
        1.5288848876953125,
        1.4567434787750244,
        1.6395715475082397,
        1.6196955442428589,
        1.5077128410339355,
        1.6773829460144043,
        1.4044946432113647,
        1.4064487218856812,
        1.5245767831802368,
        1.5629606246948242,
        1.4817254543304443,
        1.6497589349746704,
        1.4534122943878174,
        1.5088540315628052,
        1.6915262937545776,
        1.5866011381149292,
        1.6034345626831055,
        1.3744956254959106,
        1.6531317234039307,
        1.6639381647109985,
        1.3897490501403809,
        1.5119599103927612,
        1.8022314310073853,
        1.5895216464996338,
        1.6044551134109497,
        1.568739891052246,
        1.4483686685562134,
        1.4722230434417725,
        1.6131863594055176,
        1.537710428237915,
        1.5484815835952759,
        1.3350783586502075,
        1.5992273092269897,
        1.5647621154785156,
        1.5369800329208374,
        1.5122426748275757,
        1.5381441116333008,
        1.4840867519378662,
        1.521230936050415,
        1.5137637853622437,
        1.5481241941452026,
        1.5104926824569702,
        1.5183604955673218,
        1.6469889879226685,
        1.638758897781372,
        1.4983004331588745,
        1.5228710174560547,
        1.4165955781936646,
        1.716695785522461,
        1.482051134109497,
        1.4456984996795654,
        1.4466445446014404,
        1.4591121673583984,
        1.6830549240112305,
        1.4901472330093384,
        1.5603400468826294,
        1.4933806657791138,
        1.612916350364685,
        1.33169686794281,
        1.3272442817687988,
        1.4400972127914429,
        1.4452255964279175,
        1.6064023971557617,
        1.5819573402404785,
        1.6029064655303955,
        1.6454875469207764,
        1.39742910861969,
        1.4569178819656372,
        1.3810272216796875,
        1.5194107294082642,
        1.3682234287261963,
        1.4968953132629395,
        1.4311845302581787,
        1.5093449354171753,
        1.5430339574813843,
        1.5476731061935425,
        1.5603216886520386,
        1.4111518859863281,
        1.3821282386779785,
        1.5098021030426025,
        1.5913230180740356,
        1.52256178855896,
        1.4739892482757568,
        1.4695532321929932,
        1.583851933479309,
        1.4753464460372925,
        1.5524834394454956,
        1.473375678062439,
        1.4180740118026733,
        1.3912022113800049,
        1.4171123504638672,
        1.3724770545959473,
        1.4058791399002075,
        1.5278891324996948,
        1.5760679244995117,
        1.608614444732666,
        1.6772329807281494,
        1.624602198600769,
        1.4288002252578735,
        1.3449978828430176,
        1.5617197751998901,
        1.4012064933776855,
        1.4733916521072388,
        1.49165940284729,
        1.3970789909362793,
        1.3066508769989014,
        1.6227303743362427,
        1.460555076599121,
        1.5264450311660767,
        1.4403693675994873,
        1.7058384418487549,
        1.4898933172225952,
        1.6415256261825562,
        1.395801305770874,
        1.4721983671188354,
        1.6231454610824585,
