{
    "memory_size": 1,
    "trial": 1,
    "id": "5c294e94da9426394b7f9c9e0a569135",
    "loss": 2.6607868238156676,
    "training_curve": [
        3.020328998565674,
        2.8127880096435547,
        2.6701149940490723,
        2.739518404006958,
        2.82086181640625,
        2.7633988857269287,
        2.7233545780181885,
        2.662066698074341,
        2.947340726852417,
        2.699997901916504,
        2.751744031906128,
        2.6372179985046387,
        2.63737416267395,
        2.772590160369873,
        2.690107822418213,
        2.6505565643310547,
        2.6475841999053955,
        2.6909120082855225,
        2.8314645290374756,
        2.811328411102295,
        2.671168327331543,
        2.7322838306427,
        2.7934703826904297,
        2.594163417816162,
        2.737813949584961,
        2.688790798187256,
        2.7416889667510986,
        2.7439417839050293,
        2.898826837539673,
        2.7707319259643555,
        2.624871253967285,
        2.7281198501586914,
        2.549353837966919,
        2.7142727375030518,
        2.706453561782837,
        2.6283605098724365,
        2.9100265502929688,
        2.762238025665283,
        2.5659561157226562,
        2.760390520095825,
        2.6849749088287354,
        2.708305597305298,
        2.7202045917510986,
        2.643095016479492,
        2.6037821769714355,
        2.715240955352783,
        2.632707118988037,
        2.7278871536254883,
        2.6951489448547363,
        2.58945894241333,
        2.6479971408843994,
        2.747434139251709,
        2.697117567062378,
        2.5454444885253906,
        2.762946128845215,
        2.713909864425659,
        2.6483304500579834,
        2.5882089138031006,
        2.55851149559021,
        2.862882375717163,
        2.708918809890747,
        2.659238576889038,
        2.701918840408325,
        2.812938928604126,
        2.731809616088867,
        2.5895276069641113,
        2.524693012237549,
        2.669003486633301,
        2.495453119277954,
        2.786616563796997,
        2.688581705093384,
        2.7170817852020264,
        2.775149345397949,
        2.7449653148651123,
        2.9442362785339355,
        2.728184700012207,
        2.7748281955718994,
        2.6667420864105225,
        2.6232123374938965,
        2.65510630607605,
        2.541494846343994,
        2.5976250171661377,
        2.652941942214966,
        2.6793437004089355,
        2.7532272338867188,
        2.6859164237976074,
        2.6377971172332764,
        2.586022138595581,
        2.772555351257324,
        2.589815139770508,
        2.6801259517669678,
        2.56122088432312,
        2.684758186340332,
        2.767756462097168,
        2.7451019287109375,
        2.5405704975128174,
        2.76296329498291,
        2.620431661605835,
        2.6887686252593994,
        2.810483694076538,
        2.6832380294799805,
        2.772998571395874,
        2.600519895553589,
        2.6665921211242676,
        2.7485618591308594,
        2.614352226257324,
        2.6201059818267822,
        2.691128969192505,
        2.6588356494903564,
        2.6835415363311768,
        2.741786241531372,
        2.7193896770477295,
        2.7591540813446045,
        2.666027069091797,
        2.5745861530303955,
        2.708810806274414,
        2.775947093963623,
        2.566762685775757,
        2.6538233757019043,
        2.727445602416992,
        2.561797618865967,
        2.787172555923462,
        2.9098732471466064,
        2.767057418823242,
        2.6965456008911133,
        2.6621663570404053,
        2.6401689052581787,
        2.6099352836608887,
        2.738215446472168,
        2.6181068420410156,
        2.6570513248443604,
        2.719069480895996,
        2.6540377140045166,
        2.6662087440490723,
        2.7076287269592285,
        2.740865468978882,
        2.7366034984588623,
        2.6143810749053955,
        2.6852340698242188,
        2.8269858360290527,
        2.5179874897003174,
        2.7292673587799072,
        2.7836244106292725,
        2.6570236682891846,
        2.5983335971832275,
        2.6270437240600586,
        2.6917173862457275,
        2.8245766162872314,
        2.67146897315979,
        2.8330225944519043,
        2.758255958557129,
        2.633429765701294,
        2.616594076156616,
        2.637018918991089,
        2.719430685043335,
        2.6260879039764404,
        2.6838715076446533,
        2.6418442726135254,
        2.818497896194458,
        2.7602739334106445,
        2.698366165161133,
        2.7803521156311035,
        2.6403470039367676,
        2.6740634441375732,
        2.652761697769165,
        2.7308225631713867,
        2.795958995819092,
        2.658890962600708,
        2.5454483032226562,
        2.655059337615967,
        2.691122055053711,
        2.8096954822540283,
        2.657329559326172,
        2.7039549350738525,
        2.832690954208374,
        2.829590320587158,
        2.768354654312134,
        2.772817373275757,
        2.6872920989990234,
        2.7630715370178223,
        2.7152485847473145,
        2.8379335403442383,
        2.797823667526245,
        2.633216142654419,
        2.71079683303833,
        2.69350004196167,
        2.7946979999542236,
        2.7996320724487305,
        2.747523784637451,
        2.6316981315612793,
        2.697506904602051,
        2.524083375930786,
        2.7863330841064453,
        2.6224775314331055,
        2.749342918395996,
        2.688075542449951,
        2.7336525917053223,
        2.575723886489868,
        2.738551378250122,
        2.710500955581665,
        2.746055841445923,
        2.641883373260498,
        2.655817985534668,
        2.655298948287964,
        2.6660852432250977,
        2.7182302474975586,
        2.575015068054199,
        2.648607015609741,
        2.672156810760498,
        2.5082974433898926,
        2.7283425331115723,
        2.616882085800171,
        2.647855758666992,
        2.867328405380249,
        2.6415770053863525,
        2.6256721019744873,
        2.705915927886963,
        2.681556224822998,
        2.591010093688965,
        2.6531429290771484,
        2.709050178527832,
        2.5974507331848145,
        2.750389575958252,
        2.829305648803711,
        2.5990259647369385,
        2.7856132984161377,
        2.712108612060547,
        2.594296932220459,
        2.5820670127868652,
        2.540994644165039,
        2.647435426712036,
        2.662325382232666,
        2.688993453979492,
        2.73298716545105,
        2.493194341659546,
        2.575613021850586,
        2.7372360229492188,
        2.5187456607818604,
        2.586651086807251,
        2.669257402420044,
        2.633453607559204,
        2.7560172080993652,
        2.831491708755493,
        2.713322877883911,
        2.6444809436798096,
        2.582630157470703,
        2.668938398361206,
        2.7223315238952637,
        2.665430784225464,
        2.6058404445648193,
        2.7836074829101562,
        2.5650007724761963,
        2.5859832763671875,
        2.62030291557312,
        2.7204794883728027,
        2.710566282272339,
        2.7078471183776855,
        2.6562306880950928,
        2.721043586730957,
        2.6138086318969727,
        2.594473123550415,
        2.7547781467437744,
        2.6671676635742188,
        2.772909641265869,
        2.6835339069366455,
        2.580674886703491,
        2.5946128368377686,
        2.6173081398010254,
        2.7518563270568848,
        2.626209020614624,
        2.597158908843994,
        2.6840267181396484,
        2.8066294193267822,
        2.671438455581665,
        2.6886141300201416,
        2.6768651008605957,
        2.6979057788848877,
        2.535026788711548,
        2.7399754524230957,
        2.7478199005126953,
        2.691044807434082,
        2.5890891551971436,
        2.717172861099243,
        2.565200090408325,
        2.7192142009735107,
        2.695420980453491,
