{
    "memory_size": 1,
    "trial": 3,
    "id": "61738c4293d4216ad05ae234c6762b63",
    "loss": 2.668322478582307,
    "training_curve": [
        2.8087666034698486,
        2.7195544242858887,
        2.8681411743164062,
        2.730128288269043,
        2.8364834785461426,
        2.810957431793213,
        2.621342420578003,
        2.760690450668335,
        2.804051637649536,
        2.658437490463257,
        2.828711748123169,
        2.8459203243255615,
        2.7268009185791016,
        2.6110453605651855,
        2.726397752761841,
        2.7797515392303467,
        2.8034369945526123,
        2.706815481185913,
        2.7953107357025146,
        2.842418909072876,
        2.7789101600646973,
        2.66042423248291,
        2.6506776809692383,
        2.6591458320617676,
        2.6877307891845703,
        2.5867884159088135,
        2.828700542449951,
        2.6712701320648193,
        2.7418243885040283,
        2.588122844696045,
        2.861088514328003,
        2.717257022857666,
        2.64424991607666,
        2.8146564960479736,
        2.6821043491363525,
        2.767852306365967,
        2.8494932651519775,
        2.704399347305298,
        2.7008378505706787,
        2.787227153778076,
        2.5869336128234863,
        2.5983829498291016,
        2.6562490463256836,
        2.760128974914551,
        2.801635980606079,
        2.8496146202087402,
        2.57563853263855,
        2.631671190261841,
        2.7643823623657227,
        2.7243430614471436,
        2.716764450073242,
        2.7447805404663086,
        2.776247262954712,
        2.7120606899261475,
        2.7250092029571533,
        2.5966711044311523,
        2.70355224609375,
        2.536236524581909,
        2.717952251434326,
        2.6746058464050293,
        2.6626436710357666,
        2.5377252101898193,
        2.7029435634613037,
        2.709465980529785,
        2.6276180744171143,
        2.5291504859924316,
        2.7712931632995605,
        2.7219560146331787,
        2.5991930961608887,
        2.5781755447387695,
        2.712357759475708,
        2.7977635860443115,
        2.6948232650756836,
        2.716804265975952,
        2.786308526992798,
        2.5688724517822266,
        2.6773715019226074,
        2.845329523086548,
        2.799359083175659,
        2.8251302242279053,
        2.798494338989258,
        2.76041841506958,
        2.6789841651916504,
        2.7841830253601074,
        2.578082799911499,
        2.669119358062744,
        2.8364226818084717,
        2.6925783157348633,
        2.8133482933044434,
        2.7581632137298584,
        2.6363120079040527,
        2.7249257564544678,
        2.782135009765625,
        2.683366537094116,
        2.7925665378570557,
        2.5515291690826416,
        2.5941576957702637,
        2.7606019973754883,
        2.6760740280151367,
        2.6830356121063232,
        2.7155890464782715,
        2.7045984268188477,
        2.6534109115600586,
        2.769019365310669,
        2.6859071254730225,
        2.514422655105591,
        2.7129147052764893,
        2.628959894180298,
        2.6774330139160156,
        2.6377108097076416,
        2.624055862426758,
        2.5305001735687256,
        2.6528570652008057,
        2.6583595275878906,
        2.75667667388916,
        2.7577552795410156,
        2.6024932861328125,
        2.633267879486084,
        2.6058156490325928,
        2.7677958011627197,
        2.632328510284424,
        2.758434772491455,
        2.633441686630249,
        2.7666003704071045,
        2.6853384971618652,
        2.6789145469665527,
        2.602001667022705,
        2.7168469429016113,
        2.8490843772888184,
        2.786846160888672,
        2.803546667098999,
        2.840766668319702,
        2.7117209434509277,
        2.6542866230010986,
        2.6156198978424072,
        2.7217605113983154,
        2.6853981018066406,
        2.5923497676849365,
        2.7966182231903076,
        2.7646312713623047,
        2.744791269302368,
        2.7399935722351074,
        2.58237624168396,
        2.736546516418457,
        2.6067538261413574,
        2.764068841934204,
        2.7302629947662354,
        2.56268310546875,
        2.6485707759857178,
        2.6763057708740234,
        2.645317792892456,
        2.622809410095215,
        2.7140469551086426,
        2.53836989402771,
        2.7808632850646973,
        2.7265465259552,
        2.704354763031006,
        2.5308711528778076,
        2.6638848781585693,
        2.700377941131592,
        2.7570745944976807,
        2.7431366443634033,
        2.556915521621704,
        2.583249807357788,
        2.6248044967651367,
        2.6506361961364746,
        2.792955160140991,
        2.776191234588623,
        2.7236554622650146,
        2.596161127090454,
        2.627756357192993,
        2.7429916858673096,
        2.6821796894073486,
        2.6888842582702637,
        2.7005696296691895,
        2.6823220252990723,
        2.682060956954956,
        2.7556209564208984,
        2.6757471561431885,
        2.7028872966766357,
        2.5759060382843018,
        2.6398069858551025,
        2.6617164611816406,
        2.6997032165527344,
        2.626502513885498,
        2.7105746269226074,
        2.7591712474823,
        2.6721792221069336,
        2.6674036979675293,
        2.6284172534942627,
        2.5508828163146973,
        2.7556753158569336,
        2.625084400177002,
        2.583625316619873,
        2.6312460899353027,
        2.8203604221343994,
        2.706188917160034,
        2.5898823738098145,
        2.8455090522766113,
        2.6988658905029297,
        2.617488384246826,
        2.700059413909912,
        2.6125853061676025,
        2.6115541458129883,
        2.727203369140625,
        2.6500463485717773,
        2.804635524749756,
        2.7357614040374756,
        2.695852041244507,
        2.638871669769287,
        2.627185583114624,
        2.7289087772369385,
        2.7428243160247803,
        2.632502794265747,
        2.609055519104004,
        2.482395648956299,
        2.5926828384399414,
        2.6835763454437256,
        2.719144582748413,
        2.52227783203125,
        2.805220603942871,
        2.6546077728271484,
        2.675586462020874,
        2.7431588172912598,
        2.645498275756836,
        2.6949517726898193,
        2.792809247970581,
        2.786031723022461,
        2.609175205230713,
        2.517472267150879,
        2.6685163974761963,
        2.60780930519104,
        2.702277898788452,
        2.775841236114502,
        2.6150050163269043,
        2.6295549869537354,
        2.542370319366455,
        2.708500623703003,
        2.7194197177886963,
        2.6820907592773438,
        2.598489284515381,
        2.7205891609191895,
        2.699096441268921,
        2.711529016494751,
        2.612412691116333,
        2.794450044631958,
        2.6393589973449707,
        2.6460649967193604,
        2.6479015350341797,
        2.7384819984436035,
        2.552281379699707,
        2.5888350009918213,
        2.7217538356781006,
        2.668299674987793,
        2.849379539489746,
        2.74698543548584,
        2.6154634952545166,
        2.8480234146118164,
        2.651933193206787,
        2.582395315170288,
        2.778773546218872,
        2.684385061264038,
        2.796172857284546,
        2.5623090267181396,
        2.815823793411255,
        2.710386276245117,
        2.696604013442993,
        2.7035791873931885,
        2.5612568855285645,
        2.7781949043273926,
        2.573223352432251,
        2.670217990875244,
        2.578010082244873,
        2.5883677005767822,
        2.687680721282959,
        2.7951364517211914,
        2.636747360229492,
        2.7742505073547363,
        2.6717238426208496,
        2.5905508995056152,
        2.58103346824646,
        2.737967014312744,
        2.8943846225738525,
        2.5745794773101807,
        2.7583305835723877,
