{
    "memory_size": 7,
    "trial": 0,
    "id": "7673a70b4a4612f73007790bc7cbb41a",
    "loss": 1.367856184877426,
    "training_curve": [
        2.9945685863494873,
        2.51226806640625,
        2.5617170333862305,
        2.413677453994751,
        2.3751375675201416,
        2.343733787536621,
        2.093674421310425,
        2.3183488845825195,
        2.327897548675537,
        2.2114508152008057,
        2.2406411170959473,
        1.992348551750183,
        1.9953943490982056,
        2.174901247024536,
        2.1776504516601562,
        2.067864418029785,
        1.9385077953338623,
        2.1528241634368896,
        1.8181779384613037,
        3.158646583557129,
        1.9120897054672241,
        1.978540301322937,
        1.9083762168884277,
        1.8935840129852295,
        1.834343671798706,
        1.8639417886734009,
        1.6819640398025513,
        1.8560103178024292,
        2.146238327026367,
        1.6910959482192993,
        1.96056067943573,
        1.6092586517333984,
        1.6709530353546143,
        1.8282402753829956,
        1.908966302871704,
        1.6990392208099365,
        1.623733401298523,
        1.665578842163086,
        1.7852187156677246,
        2.4664833545684814,
        1.790993094444275,
        1.8993563652038574,
        1.651292324066162,
        1.736066222190857,
        1.8307974338531494,
        1.7652643918991089,
        1.7311086654663086,
        1.6860296726226807,
        1.7714546918869019,
        1.8453319072723389,
        1.7666095495224,
        1.8022838830947876,
        1.6548398733139038,
        1.6465102434158325,
        1.781384825706482,
        1.6695222854614258,
        1.8765270709991455,
        1.573147177696228,
        1.7269033193588257,
        2.2001023292541504,
        1.7259913682937622,
        1.7268455028533936,
        1.685987949371338,
        1.6308867931365967,
        1.5266538858413696,
        1.6050715446472168,
        1.6626856327056885,
        1.6789379119873047,
        1.761831283569336,
        1.5478836297988892,
        1.4822587966918945,
        1.5032267570495605,
        1.5764931440353394,
        1.597222089767456,
        1.420839786529541,
        1.4309351444244385,
        1.5085586309432983,
        1.6308367252349854,
        1.6943323612213135,
        1.7976572513580322,
        1.616114854812622,
        1.3799453973770142,
        1.6655161380767822,
        1.4419193267822266,
        1.537416934967041,
        1.5871578454971313,
        1.4642715454101562,
        1.6123679876327515,
        1.5217655897140503,
        1.3803446292877197,
        1.4310251474380493,
        1.488550066947937,
        1.6514910459518433,
        1.71448814868927,
        1.555707573890686,
        1.4084404706954956,
        1.572651982307434,
        1.5617666244506836,
        1.4220905303955078,
        1.8392208814620972,
        1.6708065271377563,
        1.6572184562683105,
        1.7432645559310913,
        1.5298417806625366,
        1.5461757183074951,
        1.5406876802444458,
        1.6524206399917603,
        1.5196635723114014,
        1.5280314683914185,
        1.6067335605621338,
        1.5844718217849731,
        1.4341548681259155,
        1.5887844562530518,
        1.520278811454773,
        1.4758449792861938,
        1.5121420621871948,
        1.4342025518417358,
        1.4918042421340942,
        1.357397437095642,
        1.77298903465271,
        1.5871771574020386,
        1.5649126768112183,
        1.4220387935638428,
        1.6591674089431763,
        1.5848891735076904,
        1.492342233657837,
        1.5300662517547607,
        1.4168435335159302,
        1.5281239748001099,
        1.759450912475586,
        1.536851167678833,
        1.5156641006469727,
        1.4852467775344849,
        1.5130645036697388,
        1.3243041038513184,
        1.767427921295166,
        1.5486998558044434,
        1.5331742763519287,
        1.3847019672393799,
        1.52796471118927,
        1.4757037162780762,
        1.4538471698760986,
        1.5451878309249878,
        1.5310269594192505,
        1.5218873023986816,
        1.446533441543579,
        1.5025895833969116,
        1.7710589170455933,
        1.412421464920044,
        1.484827995300293,
        1.5560235977172852,
        1.3797937631607056,
        1.5199908018112183,
        1.464663028717041,
        1.2691620588302612,
        1.2881191968917847,
        1.459205985069275,
        1.5304765701293945,
        1.5375216007232666,
        1.6185705661773682,
        1.5403631925582886,
        1.500125765800476,
        1.5828622579574585,
        1.4235769510269165,
        1.3723154067993164,
        1.429497241973877,
        1.4817687273025513,
        1.4825959205627441,
        1.3902939558029175,
        1.5509763956069946,
        1.372480869293213,
        1.383895993232727,
        1.441237449645996,
        1.493483304977417,
        1.3504340648651123,
        1.3802510499954224,
        1.5842571258544922,
        1.6156598329544067,
        1.3310494422912598,
        1.4918532371520996,
        1.2454946041107178,
        1.3712005615234375,
        1.3461896181106567,
        1.4557311534881592,
        1.262662410736084,
        1.5366395711898804,
        1.4652085304260254,
        1.411513328552246,
        1.592525839805603,
        1.2753208875656128,
        1.4457499980926514,
        1.1828413009643555,
        1.369274377822876,
        1.3019176721572876,
        1.3227531909942627,
        1.5733273029327393,
        1.2849091291427612,
        1.518330454826355,
        1.2897207736968994,
        1.6081602573394775,
        1.4870545864105225,
        1.6606143712997437,
        1.4544082880020142,
        1.4611700773239136,
        1.3132425546646118,
        1.537413477897644,
        1.3556419610977173,
        1.4283627271652222,
        1.4818788766860962,
        1.5096361637115479,
        1.4703820943832397,
        1.3535971641540527,
        1.2316640615463257,
        1.5715399980545044,
        1.439163088798523,
        1.5549230575561523,
        1.5196477174758911,
        1.381220817565918,
        1.3109822273254395,
        1.4178028106689453,
        1.3362212181091309,
        1.2627954483032227,
        1.4984570741653442,
        1.5242708921432495,
        1.3206037282943726,
        1.6889746189117432,
        1.5594464540481567,
        1.6520841121673584,
        1.788926124572754,
        1.4604756832122803,
        1.4780281782150269,
        1.5473401546478271,
        1.4815247058868408,
        1.4554044008255005,
        1.61669921875,
        1.4697504043579102,
        1.3284193277359009,
        1.3974637985229492,
        1.5479449033737183,
        1.479891300201416,
        1.5387052297592163,
        1.444287896156311,
        1.4794867038726807,
        1.3946552276611328,
        1.4116926193237305,
        1.2899863719940186,
        1.6130846738815308,
        1.5502856969833374,
        1.3693922758102417,
        1.539056658744812,
        1.3377668857574463,
        1.4209541082382202,
        1.4002794027328491,
        1.5096397399902344,
        1.421561598777771,
        1.2779749631881714,
        1.526749610900879,
        1.471967339515686,
        1.3525803089141846,
        1.4655455350875854,
        1.4445408582687378,
        1.5921114683151245,
        1.5027103424072266,
        1.3515512943267822,
        1.5269700288772583,
        1.5018353462219238,
        1.2716436386108398,
        1.4572100639343262,
        1.4431934356689453,
        1.57094144821167,
        1.3693584203720093,
        1.276087760925293,
        1.5246665477752686,
        1.4043532609939575,
        1.2241933345794678,
        1.2855703830718994,
        1.507956624031067,
        1.399054765701294,
        1.3852506875991821,
        1.555856704711914,
        1.387898325920105,
        1.4912117719650269,
        1.4679388999938965,
