{
    "memory_size": 3,
    "trial": 3,
    "id": "7fc28f0f3702f2eff19b3e67dda12fcd",
    "loss": 1.7493438793905347,
    "training_curve": [
        2.7892236709594727,
        2.624911308288574,
        2.3041200637817383,
        2.477435827255249,
        2.331325054168701,
        2.543401002883911,
        2.212841749191284,
        2.2372941970825195,
        2.146852970123291,
        2.373629570007324,
        2.4093356132507324,
        2.2277777194976807,
        2.0703628063201904,
        2.2706336975097656,
        2.1715657711029053,
        2.0058045387268066,
        2.114096164703369,
        2.2745745182037354,
        2.0752689838409424,
        3.0010766983032227,
        2.0997118949890137,
        2.202504873275757,
        1.9389805793762207,
        2.1515889167785645,
        2.0473978519439697,
        2.1017959117889404,
        2.1048455238342285,
        2.060514211654663,
        2.080965280532837,
        2.0184285640716553,
        1.984682559967041,
        1.9515233039855957,
        1.9643023014068604,
        2.1266591548919678,
        2.051088571548462,
        1.8566073179244995,
        2.023252010345459,
        1.9871705770492554,
        2.043128490447998,
        2.5425562858581543,
        1.7452455759048462,
        1.9922692775726318,
        2.080240249633789,
        2.035128116607666,
        1.753018856048584,
        2.035257339477539,
        1.923922061920166,
        2.1036922931671143,
        1.899532675743103,
        1.8784589767456055,
        1.7753486633300781,
        1.8044116497039795,
        1.983544111251831,
        1.9970905780792236,
        1.9211550951004028,
        1.9099249839782715,
        1.7326431274414062,
        1.702447772026062,
        1.863747239112854,
        1.922207236289978,
        1.931681752204895,
        1.9137345552444458,
        2.0614030361175537,
        1.8706696033477783,
        2.027597427368164,
        1.8394473791122437,
        1.9274381399154663,
        1.7661058902740479,
        1.8449844121932983,
        1.7558181285858154,
        1.9768792390823364,
        1.8828476667404175,
        1.756935477256775,
        1.8704357147216797,
        1.7539582252502441,
        1.8563228845596313,
        1.7872956991195679,
        1.8957242965698242,
        1.9459900856018066,
        1.9036595821380615,
        1.9849679470062256,
        1.8076326847076416,
        1.7387686967849731,
        1.8360875844955444,
        1.9389392137527466,
        2.0197548866271973,
        1.9383405447006226,
        1.648291826248169,
        1.7940305471420288,
        1.9441596269607544,
        1.9629367589950562,
        1.8133182525634766,
        1.780086636543274,
        1.9364447593688965,
        1.825753927230835,
        1.8970730304718018,
        2.0240964889526367,
        1.7652201652526855,
        1.803324818611145,
        1.9889378547668457,
        1.9865055084228516,
        1.8827346563339233,
        1.7712466716766357,
        1.799945592880249,
        1.8341293334960938,
        1.7452279329299927,
        1.9788223505020142,
        2.0356175899505615,
        1.7584267854690552,
        1.84342360496521,
        1.8862460851669312,
        1.7043335437774658,
        1.8157386779785156,
        1.9323041439056396,
        1.8634819984436035,
        1.7493085861206055,
        1.9760003089904785,
        1.8278565406799316,
        1.8907734155654907,
        1.949988603591919,
        1.9905166625976562,
        1.7888102531433105,
        2.0220894813537598,
        1.8177738189697266,
        1.7891989946365356,
        1.7953630685806274,
        1.770007848739624,
        1.7426509857177734,
        1.782486081123352,
        1.7442597150802612,
        1.7396529912948608,
        1.9169713258743286,
        1.7749680280685425,
        1.7997242212295532,
        1.9270480871200562,
        1.6940182447433472,
        1.6464502811431885,
        1.639081597328186,
        1.7726026773452759,
        1.8631377220153809,
        1.7177951335906982,
        1.7823320627212524,
        1.804335594177246,
        1.8671084642410278,
        1.761733889579773,
        1.8236501216888428,
        1.6272211074829102,
        1.7175438404083252,
        1.9336190223693848,
        1.7897393703460693,
        1.9002338647842407,
        1.769840121269226,
        1.8271737098693848,
        1.8291876316070557,
        2.0075626373291016,
        1.8282349109649658,
        1.792033076286316,
        1.8066352605819702,
        1.8197969198226929,
        1.7439947128295898,
        1.9201879501342773,
        1.8214799165725708,
        1.883281946182251,
        1.9326951503753662,
        1.795835256576538,
        1.85588538646698,
        1.6784067153930664,
        1.8876248598098755,
        1.7790080308914185,
        1.6411941051483154,
        1.7358481884002686,
        1.8955525159835815,
        1.8562878370285034,
        1.7616620063781738,
        1.7675118446350098,
        1.7110413312911987,
        1.7421705722808838,
        1.8050605058670044,
        1.668227195739746,
        1.6803312301635742,
        1.7599406242370605,
        1.6794471740722656,
        1.8798797130584717,
        1.7407143115997314,
        1.6968438625335693,
        1.9135169982910156,
        1.7948096990585327,
        1.9495021104812622,
        1.6935791969299316,
        1.8150306940078735,
        1.6641998291015625,
        1.7166357040405273,
        1.7809685468673706,
        1.809963345527649,
        1.8075412511825562,
        1.9058136940002441,
        1.9318451881408691,
        1.8263155221939087,
        1.919592261314392,
        1.794424057006836,
        1.76498281955719,
        1.6128753423690796,
        1.7454391717910767,
        1.6738331317901611,
        1.8292256593704224,
        1.7322262525558472,
        1.6643476486206055,
        1.5567349195480347,
        2.0015108585357666,
        1.7553695440292358,
        1.6766971349716187,
        1.800349235534668,
        1.7328569889068604,
        1.7969861030578613,
        1.6855655908584595,
        1.7167999744415283,
        1.931388258934021,
        1.6610279083251953,
        1.8317056894302368,
        1.91023850440979,
        1.6942428350448608,
        1.9390407800674438,
        1.8056361675262451,
        1.885044813156128,
        1.841889500617981,
        1.657440185546875,
        1.785948395729065,
        1.6137856245040894,
        1.839504361152649,
        1.835370421409607,
        1.543291687965393,
        1.7370973825454712,
        1.7537423372268677,
        1.7674269676208496,
        1.7804995775222778,
        1.7801414728164673,
        1.6914218664169312,
        1.7897663116455078,
        1.7283858060836792,
        1.7781329154968262,
        1.8227691650390625,
        1.8095108270645142,
        1.7124093770980835,
        1.6804083585739136,
        2.0304603576660156,
        1.701460838317871,
        1.7136200666427612,
        1.9196243286132812,
        1.7756562232971191,
        1.7755047082901,
        1.8286762237548828,
        1.7750595808029175,
        1.8172014951705933,
        1.6046535968780518,
        1.5800178050994873,
        1.8220195770263672,
        1.8076037168502808,
        1.7449225187301636,
        1.706373691558838,
        2.110668897628784,
        1.8667728900909424,
        1.822398066520691,
        1.7799941301345825,
        1.6193668842315674,
        1.8623567819595337,
        1.7932343482971191,
        1.779345154762268,
        1.7189198732376099,
        1.7375411987304688,
        1.6984972953796387,
        1.7040671110153198,
        1.686482310295105,
        1.5650583505630493,
        1.7892608642578125,
        1.8110277652740479,
        1.613234519958496,
        1.711456537246704,
        1.628189206123352,
        1.6454635858535767,
        1.8673304319381714,
        1.7903133630752563,
        1.6292413473129272,
        1.688755989074707,
