{
    "memory_size": 9,
    "trial": 2,
    "id": "7fd86cfe8b0a66e43f143fb802b7f6e8",
    "loss": 1.383376052808435,
    "training_curve": [
        2.8783767223358154,
        2.7507784366607666,
        2.3917696475982666,
        2.3916261196136475,
        2.2028188705444336,
        2.3878583908081055,
        2.1581015586853027,
        2.366964101791382,
        2.2669665813446045,
        2.004279375076294,
        2.1242876052856445,
        1.8947229385375977,
        2.0967726707458496,
        1.9742088317871094,
        1.9622321128845215,
        2.1389169692993164,
        2.168970823287964,
        2.0018208026885986,
        1.880958914756775,
        3.235166072845459,
        2.1130154132843018,
        1.9659628868103027,
        1.870224952697754,
        1.9262115955352783,
        1.9709644317626953,
        2.075854778289795,
        1.9475575685501099,
        1.9452252388000488,
        1.8443533182144165,
        1.8198716640472412,
        1.7786896228790283,
        1.804286241531372,
        1.8133759498596191,
        1.641043782234192,
        1.6499930620193481,
        1.9262356758117676,
        1.6818768978118896,
        1.9782469272613525,
        1.7222495079040527,
        2.4636898040771484,
        1.8867558240890503,
        1.7227985858917236,
        1.616662859916687,
        1.7867339849472046,
        1.68344247341156,
        1.7736458778381348,
        1.7615554332733154,
        1.9162943363189697,
        1.6401675939559937,
        1.7716796398162842,
        1.7596018314361572,
        1.6065986156463623,
        1.6715112924575806,
        1.6159311532974243,
        1.6928423643112183,
        1.6213665008544922,
        1.7805335521697998,
        1.8061212301254272,
        1.6486893892288208,
        1.9773645401000977,
        1.6141120195388794,
        1.510738730430603,
        1.4914668798446655,
        1.5798792839050293,
        1.5667091608047485,
        1.59486985206604,
        1.5842866897583008,
        1.6176092624664307,
        1.6794523000717163,
        1.7105461359024048,
        1.4282654523849487,
        1.5619999170303345,
        1.5077487230300903,
        1.5590479373931885,
        1.7178858518600464,
        1.8157331943511963,
        1.5755035877227783,
        1.511489987373352,
        1.331354022026062,
        1.9417147636413574,
        1.6288012266159058,
        1.6288479566574097,
        1.5594755411148071,
        1.4969282150268555,
        1.8085743188858032,
        1.5317590236663818,
        1.6478692293167114,
        1.5668562650680542,
        1.6096054315567017,
        1.7278908491134644,
        1.5894465446472168,
        1.4482933282852173,
        1.5208563804626465,
        1.7286471128463745,
        1.5311777591705322,
        1.555249810218811,
        1.6302026510238647,
        1.726325511932373,
        1.5784735679626465,
        1.8126615285873413,
        1.5492119789123535,
        1.465003252029419,
        1.6880823373794556,
        1.6687730550765991,
        1.4659736156463623,
        1.4184339046478271,
        1.4154061079025269,
        1.5243688821792603,
        1.5410047769546509,
        1.609708309173584,
        1.4406368732452393,
        1.3669190406799316,
        1.541213035583496,
        1.6580308675765991,
        1.4809670448303223,
        1.640399694442749,
        1.4067665338516235,
        1.4059979915618896,
        1.5338523387908936,
        1.7484019994735718,
        1.5912361145019531,
        1.6246505975723267,
        1.4074180126190186,
        1.5723977088928223,
        1.633729338645935,
        1.6272450685501099,
        1.424726963043213,
        1.409012794494629,
        1.5316698551177979,
        1.455541729927063,
        1.364253282546997,
        1.4541206359863281,
        1.321920394897461,
        1.6275426149368286,
        1.3862864971160889,
        1.4275853633880615,
        1.3957252502441406,
        1.3918933868408203,
        1.5174697637557983,
        1.619731068611145,
        1.5937154293060303,
        1.5359731912612915,
        1.4849729537963867,
        1.5760844945907593,
        1.6485364437103271,
        1.3799209594726562,
        1.678727626800537,
        1.6055915355682373,
        1.501360535621643,
        1.461478590965271,
        1.6499258279800415,
        1.5178214311599731,
        1.473095417022705,
        1.4633023738861084,
        1.4356275796890259,
        1.3086425065994263,
        1.49710214138031,
        1.4848262071609497,
        1.5586601495742798,
        1.5272330045700073,
        1.6501268148422241,
        1.4687683582305908,
        1.6460926532745361,
        1.3476810455322266,
        1.5060182809829712,
        1.5842655897140503,
        1.2753828763961792,
        1.6630363464355469,
        1.566169261932373,
        1.3219401836395264,
        1.4177300930023193,
        1.3222548961639404,
        1.3855807781219482,
        1.483299732208252,
        1.356307864189148,
        1.3702120780944824,
        1.504011631011963,
        1.2404229640960693,
        1.3904345035552979,
        1.5048247575759888,
        1.4149925708770752,
        1.561724305152893,
        1.4861270189285278,
        1.7595906257629395,
        1.4990558624267578,
        1.5129016637802124,
        1.3693029880523682,
        1.5476784706115723,
        1.5135232210159302,
        1.378875494003296,
        1.5033612251281738,
        1.3432896137237549,
        1.5862082242965698,
        1.1034146547317505,
        1.2820073366165161,
        1.45098876953125,
        1.4005357027053833,
        1.3647708892822266,
        1.4183096885681152,
        1.617125153541565,
        1.560881495475769,
        1.4300042390823364,
        1.3999391794204712,
        1.448068380355835,
        1.4030866622924805,
        1.4857964515686035,
        1.5537731647491455,
        1.2708537578582764,
        1.4269968271255493,
        1.4132628440856934,
        1.553745985031128,
        1.5462883710861206,
        1.495958924293518,
        1.557309865951538,
        1.4014317989349365,
        1.3337934017181396,
        1.41134774684906,
        1.4073151350021362,
        1.4442299604415894,
        1.431522011756897,
        1.4845207929611206,
        1.4895516633987427,
        1.365041971206665,
        1.529044508934021,
        1.5557374954223633,
        1.3963487148284912,
        1.6673924922943115,
        1.4256070852279663,
        1.3635555505752563,
        1.5118067264556885,
        1.284138798713684,
        1.5787875652313232,
        1.576634407043457,
        1.3184846639633179,
        1.3302254676818848,
        1.3310792446136475,
        1.2805421352386475,
        1.26413094997406,
        1.4033819437026978,
        1.58555269241333,
        1.3865549564361572,
        1.5232815742492676,
        1.4354479312896729,
        1.217646837234497,
        1.346982717514038,
        1.557424545288086,
        1.449442744255066,
        1.3779062032699585,
        1.3230324983596802,
        1.47299063205719,
        1.5906094312667847,
        1.375893473625183,
        1.3727747201919556,
        1.4556721448898315,
        1.3550227880477905,
        1.3289289474487305,
        1.355392575263977,
        1.5541934967041016,
        1.3674730062484741,
        1.4546787738800049,
        1.4048357009887695,
        1.574402928352356,
        1.521401047706604,
        1.5135084390640259,
        1.391476035118103,
        1.5048922300338745,
        1.318791151046753,
        1.370684266090393,
        1.3427618741989136,
        1.422749638557434,
        1.3783849477767944,
        1.347287893295288,
        1.3523094654083252,
        1.3835859298706055,
        1.3504525423049927,
        1.4005441665649414,
        1.4246933460235596,
        1.3880645036697388,
        1.5587350130081177,
        1.5477242469787598,
        1.3277100324630737,
        1.3789373636245728,
        1.4504441022872925,
