{
    "memory_size": 6,
    "trial": 4,
    "id": "80c5ef33324573946b3551c6c3452f34",
    "loss": 1.458390713929493,
    "training_curve": [
        2.9598658084869385,
        2.488895893096924,
        2.5044031143188477,
        2.1444475650787354,
        2.3253250122070312,
        2.1466917991638184,
        2.3894786834716797,
        2.3289337158203125,
        2.0772221088409424,
        2.145604372024536,
        2.0248970985412598,
        2.2153337001800537,
        2.188937187194824,
        2.2821457386016846,
        2.30381178855896,
        2.0232510566711426,
        1.89893639087677,
        1.9586119651794434,
        1.9143781661987305,
        3.2150661945343018,
        2.0433332920074463,
        1.821794867515564,
        1.858856439590454,
        1.8690592050552368,
        1.8008240461349487,
        2.0060417652130127,
        1.8981093168258667,
        1.8190900087356567,
        1.8879857063293457,
        1.945059895515442,
        1.8482589721679688,
        1.7860397100448608,
        1.786614179611206,
        1.7585965394973755,
        1.9371492862701416,
        1.735764503479004,
        1.6742404699325562,
        1.7348495721817017,
        1.8772873878479004,
        2.5283219814300537,
        1.8166333436965942,
        1.6769542694091797,
        1.894993782043457,
        1.7478450536727905,
        1.8747493028640747,
        1.8043460845947266,
        1.7477006912231445,
        1.593356966972351,
        1.6969279050827026,
        1.7095261812210083,
        1.6365556716918945,
        1.8097552061080933,
        1.6541180610656738,
        1.6431688070297241,
        1.805943250656128,
        1.7358084917068481,
        1.6758123636245728,
        1.5651365518569946,
        1.7260661125183105,
        2.0765786170959473,
        1.662017822265625,
        1.6912885904312134,
        1.7327362298965454,
        1.6820226907730103,
        1.6359999179840088,
        1.5649229288101196,
        1.6956100463867188,
        1.679802656173706,
        1.51429283618927,
        1.6562079191207886,
        1.7021589279174805,
        1.7452961206436157,
        1.6814844608306885,
        1.676877498626709,
        1.6801271438598633,
        1.6672993898391724,
        1.5903757810592651,
        1.5999906063079834,
        1.696035385131836,
        1.8061332702636719,
        1.5973455905914307,
        1.8110229969024658,
        1.6631478071212769,
        1.768937110900879,
        1.6925517320632935,
        1.674173355102539,
        1.6218470335006714,
        1.5454139709472656,
        1.70579993724823,
        1.7624017000198364,
        1.619301199913025,
        1.5084807872772217,
        1.760283350944519,
        1.6290481090545654,
        1.4604589939117432,
        1.7768404483795166,
        1.457382082939148,
        1.5528984069824219,
        1.5759508609771729,
        1.8123308420181274,
        1.540313959121704,
        1.4925081729888916,
        1.6942076683044434,
        1.476266622543335,
        1.3683849573135376,
        1.4661450386047363,
        1.5948163270950317,
        1.3356592655181885,
        1.616248369216919,
        1.5271378755569458,
        1.4501731395721436,
        1.564854383468628,
        1.5332401990890503,
        1.5018912553787231,
        1.5452955961227417,
        1.704902172088623,
        1.4423789978027344,
        1.5565135478973389,
        1.5130305290222168,
        1.7642732858657837,
        1.7088005542755127,
        1.6237887144088745,
        1.6595618724822998,
        1.4960575103759766,
        1.54314124584198,
        1.4680174589157104,
        1.678821086883545,
        1.490715503692627,
        1.5607370138168335,
        1.6552947759628296,
        1.7635492086410522,
        1.4189616441726685,
        1.606347680091858,
        1.4130195379257202,
        1.756587266921997,
        1.6022515296936035,
        1.4856714010238647,
        1.693532943725586,
        1.651522159576416,
        1.6045939922332764,
        1.5455069541931152,
        1.5823090076446533,
        1.664568305015564,
        1.6385716199874878,
        1.4531270265579224,
        1.6188898086547852,
        1.8050651550292969,
        1.3972115516662598,
        1.576026439666748,
        1.3742139339447021,
        1.5909148454666138,
        1.562360167503357,
        1.5889266729354858,
        1.4024749994277954,
        1.568373441696167,
        1.4758788347244263,
        1.3708213567733765,
        1.4816389083862305,
        1.4842172861099243,
        1.7879509925842285,
        1.6142041683197021,
        1.3409006595611572,
        1.4317257404327393,
        1.492527961730957,
        1.5092343091964722,
        1.6162174940109253,
        1.4123631715774536,
        1.406975507736206,
        1.4774056673049927,
        1.5581220388412476,
        1.5416078567504883,
        1.3216328620910645,
        1.3810598850250244,
        1.4206405878067017,
        1.4846075773239136,
        1.4198075532913208,
        1.505922555923462,
        1.6197354793548584,
        1.538511037826538,
        1.6669588088989258,
        1.5226656198501587,
        1.3333990573883057,
        1.3209956884384155,
        1.4969125986099243,
        1.4885145425796509,
        1.462632179260254,
        1.6234325170516968,
        1.7021563053131104,
        1.643520712852478,
        1.4490150213241577,
        1.4889172315597534,
        1.460710048675537,
        1.4912855625152588,
        1.4185874462127686,
        1.6118793487548828,
        1.535423994064331,
        1.4879018068313599,
        1.451556921005249,
        1.44337797164917,
        1.7555385828018188,
        1.5764251947402954,
        1.49038827419281,
        1.4668219089508057,
        1.593349575996399,
        1.417669653892517,
        1.683038592338562,
        1.3907010555267334,
        1.3144667148590088,
        1.3556169271469116,
        1.4835659265518188,
        1.5747363567352295,
        1.4938503503799438,
        1.3711007833480835,
        1.406234622001648,
        1.2996265888214111,
        1.3818188905715942,
        1.54092538356781,
        1.490073323249817,
        1.4342339038848877,
        1.5198514461517334,
        1.549560546875,
        1.4052175283432007,
        1.3619378805160522,
        1.3720476627349854,
        1.2995504140853882,
        1.4561314582824707,
        1.4034297466278076,
        1.564411997795105,
        1.2988566160202026,
        1.5028979778289795,
        1.2927031517028809,
        1.465213656425476,
        1.4287607669830322,
        1.2838627099990845,
        1.5899839401245117,
        1.3012391328811646,
        1.4915086030960083,
        1.5353922843933105,
        1.6119993925094604,
        1.3976048231124878,
        1.6481232643127441,
        1.4813567399978638,
        1.386998176574707,
        1.462809443473816,
        1.372541069984436,
        1.5828781127929688,
        1.349206805229187,
        1.481722116470337,
        1.571392297744751,
        1.544905662536621,
        1.2713099718093872,
        1.5002878904342651,
        1.559472918510437,
        1.5340830087661743,
        1.4047433137893677,
        1.4792534112930298,
        1.481723666191101,
        1.4300732612609863,
        1.3810663223266602,
        1.314021348953247,
        1.543725848197937,
        1.5409080982208252,
        1.4134598970413208,
        1.5556144714355469,
        1.2807669639587402,
        1.3677164316177368,
        1.334193229675293,
        1.3744598627090454,
        1.3888994455337524,
        1.5262545347213745,
        1.3189849853515625,
        1.5023623704910278,
        1.5441668033599854,
        1.3212372064590454,
        1.47799551486969,
        1.5069966316223145,
        1.5918649435043335,
        1.3997410535812378,
        1.5582849979400635,
        1.5963016748428345,
        1.3836424350738525,
        1.4808433055877686,
        1.5332342386245728,
