{
    "memory_size": 10,
    "trial": 1,
    "id": "81dc104e71ce75a9833bbfc44854553e",
    "loss": 1.3647006638014954,
    "training_curve": [
        2.8642702102661133,
        2.517181873321533,
        2.5270321369171143,
        2.342197895050049,
        2.336932420730591,
        2.373584270477295,
        2.2363181114196777,
        2.212486982345581,
        2.225013494491577,
        2.109318494796753,
        2.0919296741485596,
        1.8938816785812378,
        2.0897109508514404,
        2.0705292224884033,
        2.038072347640991,
        1.872096061706543,
        2.0674681663513184,
        2.0386369228363037,
        1.8387588262557983,
        3.1723814010620117,
        1.9882709980010986,
        2.1933226585388184,
        1.9797513484954834,
        1.8689173460006714,
        2.074704170227051,
        1.8185904026031494,
        1.911003589630127,
        1.9315083026885986,
        1.886643886566162,
        1.7733185291290283,
        1.8102757930755615,
        1.8754910230636597,
        1.6631417274475098,
        1.796628475189209,
        1.9890767335891724,
        1.7153542041778564,
        1.6643465757369995,
        1.7003811597824097,
        1.6381332874298096,
        2.548814296722412,
        1.831912875175476,
        1.7991236448287964,
        1.5908368825912476,
        1.6158612966537476,
        1.8700686693191528,
        1.7717036008834839,
        1.7159799337387085,
        1.8517036437988281,
        1.7456713914871216,
        1.6278482675552368,
        1.8393527269363403,
        1.642561912536621,
        1.684949517250061,
        1.7352577447891235,
        1.7042680978775024,
        1.7790415287017822,
        1.465123176574707,
        1.7132457494735718,
        1.5833089351654053,
        2.0964064598083496,
        1.738794207572937,
        1.5844932794570923,
        1.6654009819030762,
        1.5100748538970947,
        1.7128221988677979,
        1.6060528755187988,
        1.553483009338379,
        1.6723313331604004,
        1.53152596950531,
        1.635498285293579,
        1.804182529449463,
        1.659280776977539,
        1.7080464363098145,
        1.5750923156738281,
        1.570744276046753,
        1.6076511144638062,
        1.581631064414978,
        1.6530033349990845,
        1.4512473344802856,
        2.0853002071380615,
        1.593569278717041,
        1.6026759147644043,
        1.8013547658920288,
        1.6097146272659302,
        1.45183265209198,
        1.7199091911315918,
        1.3743339776992798,
        1.589002251625061,
        1.4351024627685547,
        1.5855860710144043,
        1.3857141733169556,
        1.5855755805969238,
        1.4607644081115723,
        1.4764124155044556,
        1.3800749778747559,
        1.5643702745437622,
        1.4393880367279053,
        1.4984530210494995,
        1.4929295778274536,
        1.7198419570922852,
        1.571542501449585,
        1.5586599111557007,
        1.7858047485351562,
        1.4433249235153198,
        1.5437171459197998,
        1.5673080682754517,
        1.5334359407424927,
        1.63565194606781,
        1.6411501169204712,
        1.4554026126861572,
        1.5481698513031006,
        1.4734115600585938,
        1.5905742645263672,
        1.4504388570785522,
        1.458470344543457,
        1.4270439147949219,
        1.5576813220977783,
        1.51975679397583,
        1.4985935688018799,
        1.7331267595291138,
        1.52133047580719,
        1.4818862676620483,
        1.3340213298797607,
        1.389153242111206,
        1.3752456903457642,
        1.5258383750915527,
        1.6409788131713867,
        1.5574045181274414,
        1.598826289176941,
        1.4605677127838135,
        1.631489634513855,
        1.4296070337295532,
        1.5296378135681152,
        1.4607293605804443,
        1.634431004524231,
        1.4976540803909302,
        1.384307861328125,
        1.4069397449493408,
        1.4096156358718872,
        1.6888628005981445,
        1.520539402961731,
        1.4791805744171143,
        1.4838858842849731,
        1.4817396402359009,
        1.5342754125595093,
        1.2978391647338867,
        1.3113458156585693,
        1.591330885887146,
        1.597261667251587,
        1.4303863048553467,
        1.7015900611877441,
        1.563829779624939,
        1.5223361253738403,
        1.506475567817688,
        1.5632209777832031,
        1.3964210748672485,
        1.4080049991607666,
        1.2531071901321411,
        1.3611582517623901,
        1.7454785108566284,
        1.4219602346420288,
        1.486721396446228,
        1.6724059581756592,
        1.3777203559875488,
        1.6033711433410645,
        1.591037631034851,
        1.3993396759033203,
        1.510533332824707,
        1.5264623165130615,
        1.5620521306991577,
        1.3618947267532349,
        1.2907487154006958,
        1.4483822584152222,
        1.4451507329940796,
        1.6071453094482422,
        1.482154130935669,
        1.4492592811584473,
        1.399504542350769,
        1.5463192462921143,
        1.5081268548965454,
        1.6140044927597046,
        1.4722859859466553,
        1.585519552230835,
        1.4528398513793945,
        1.466225266456604,
        1.6066445112228394,
        1.5685997009277344,
        1.3755851984024048,
        1.4346195459365845,
        1.4290155172348022,
        1.3433349132537842,
        1.442503809928894,
        1.395293951034546,
        1.5747525691986084,
        1.3016921281814575,
        1.5457278490066528,
        1.578325867652893,
        1.365114688873291,
        1.413642168045044,
        1.4966413974761963,
        1.6559094190597534,
        1.412580966949463,
        1.532268762588501,
        1.4307361841201782,
        1.7590595483779907,
        1.4329692125320435,
        1.4792660474777222,
        1.5258967876434326,
        1.603420615196228,
        1.2897557020187378,
        1.4722542762756348,
        1.5065797567367554,
        1.2881914377212524,
        1.4266548156738281,
        1.5665454864501953,
        1.4212909936904907,
        1.2789435386657715,
        1.4208980798721313,
        1.3233838081359863,
        1.6958268880844116,
        1.5344130992889404,
        1.488479495048523,
        1.447474718093872,
        1.4323174953460693,
        1.4876028299331665,
        1.3339186906814575,
        1.5049456357955933,
        1.4159125089645386,
        1.5619161128997803,
        1.369040846824646,
        1.518236756324768,
        1.340491771697998,
        1.5825518369674683,
        1.4085664749145508,
        1.3455301523208618,
        1.3934001922607422,
        1.621812343597412,
        1.4266976118087769,
        1.4342511892318726,
        1.428355097770691,
        1.3230723142623901,
        1.3046308755874634,
        1.305052638053894,
        1.4535712003707886,
        1.552861213684082,
        1.482810378074646,
        1.2642637491226196,
        1.3030579090118408,
        1.3970626592636108,
        1.3018265962600708,
        1.4127148389816284,
        1.5927197933197021,
        1.3882496356964111,
        1.308288335800171,
        1.3733797073364258,
        1.2803897857666016,
        1.6041209697723389,
        1.2225236892700195,
        1.2694727182388306,
        1.704403042793274,
        1.4022254943847656,
        1.6614580154418945,
        1.4624909162521362,
        1.4984204769134521,
        1.3598604202270508,
        1.386366844177246,
        1.282812476158142,
        1.2850428819656372,
        1.3873454332351685,
        1.3899115324020386,
        1.4687672853469849,
        1.308922529220581,
        1.3360064029693604,
        1.332819938659668,
        1.4677196741104126,
        1.3235211372375488,
        1.3652595281600952,
        1.2968764305114746,
        1.39087975025177,
        1.5568366050720215,
        1.419386863708496,
        1.3244030475616455,
        1.464065670967102,
