{
    "memory_size": 10,
    "trial": 2,
    "id": "83d8e143331af7c823368463dc59b4a1",
    "loss": 1.3688929821140685,
    "training_curve": [
        3.001861095428467,
        2.6093969345092773,
        2.4549176692962646,
        2.2942006587982178,
        2.2213973999023438,
        2.3765742778778076,
        2.1104846000671387,
        2.4134342670440674,
        2.349447011947632,
        2.245678663253784,
        2.1155004501342773,
        2.038214921951294,
        2.0687758922576904,
        1.9600025415420532,
        1.8047378063201904,
        2.0026168823242188,
        1.9498357772827148,
        1.9534673690795898,
        1.9291306734085083,
        3.1392264366149902,
        1.8110013008117676,
        1.8436022996902466,
        2.0087804794311523,
        1.8623380661010742,
        1.8722947835922241,
        1.9732741117477417,
        1.760464072227478,
        1.8198555707931519,
        1.973859190940857,
        1.8670579195022583,
        1.89719557762146,
        1.8697435855865479,
        1.7235113382339478,
        1.7068148851394653,
        1.665437936782837,
        1.6220154762268066,
        1.638828992843628,
        1.8269811868667603,
        1.8537015914916992,
        2.580185890197754,
        1.7270365953445435,
        1.8098784685134888,
        1.645311951637268,
        1.7129403352737427,
        1.6353260278701782,
        1.5891913175582886,
        1.670617938041687,
        1.6669578552246094,
        1.6999212503433228,
        1.6696909666061401,
        1.5892086029052734,
        1.6562265157699585,
        1.8012553453445435,
        1.5519359111785889,
        1.4551100730895996,
        1.7209681272506714,
        1.663386344909668,
        1.483627200126648,
        1.526868224143982,
        2.05489444732666,
        1.7883167266845703,
        1.7380982637405396,
        1.6054433584213257,
        1.6003259420394897,
        1.6261565685272217,
        1.7284642457962036,
        1.7535985708236694,
        1.5418391227722168,
        1.719907522201538,
        1.4937800168991089,
        1.7543079853057861,
        1.7662221193313599,
        1.6318182945251465,
        1.5076333284378052,
        1.54005765914917,
        1.550702452659607,
        1.4692155122756958,
        1.4126423597335815,
        1.6365187168121338,
        1.8110214471817017,
        1.561922311782837,
        1.746997356414795,
        1.5336812734603882,
        1.5870862007141113,
        1.4288569688796997,
        1.5755224227905273,
        1.5471479892730713,
        1.4740830659866333,
        1.6510047912597656,
        1.501154899597168,
        1.6506553888320923,
        1.5199346542358398,
        1.6573673486709595,
        1.568464756011963,
        1.7591311931610107,
        1.3639754056930542,
        1.6243646144866943,
        1.531247615814209,
        1.5873395204544067,
        1.9843300580978394,
        1.5334066152572632,
        1.4813159704208374,
        1.5510718822479248,
        1.6374067068099976,
        1.6511534452438354,
        1.3379606008529663,
        1.4391452074050903,
        1.2705501317977905,
        1.5729618072509766,
        1.4446439743041992,
        1.4928209781646729,
        1.6038901805877686,
        1.444395899772644,
        1.333306908607483,
        1.4317471981048584,
        1.6059248447418213,
        1.5504939556121826,
        1.5659321546554565,
        1.693650484085083,
        1.6510534286499023,
        1.5551446676254272,
        1.4474529027938843,
        1.591667652130127,
        1.563414454460144,
        1.700073003768921,
        1.5581780672073364,
        1.5174894332885742,
        1.5160853862762451,
        1.339796543121338,
        1.2506318092346191,
        1.4982881546020508,
        1.4934941530227661,
        1.5026806592941284,
        1.3712141513824463,
        1.8716216087341309,
        1.4381203651428223,
        1.559519648551941,
        1.460339069366455,
        1.3711283206939697,
        1.8906306028366089,
        1.6238385438919067,
        1.6198172569274902,
        1.5463736057281494,
        1.5453518629074097,
        1.4986101388931274,
        1.5303781032562256,
        1.4519126415252686,
        1.4666011333465576,
        1.3959016799926758,
        1.3600841760635376,
        1.5135217905044556,
        1.5858947038650513,
        1.5056941509246826,
        1.5810227394104004,
        1.6098337173461914,
        1.509917140007019,
        1.3847672939300537,
        1.5311644077301025,
        1.6170111894607544,
        1.6054388284683228,
        1.4731086492538452,
        1.3482691049575806,
        1.4402393102645874,
        1.4546175003051758,
        1.6038792133331299,
        1.484476923942566,
        1.5253394842147827,
        1.4191110134124756,
        1.4135345220565796,
        1.4879690408706665,
        1.433756709098816,
        1.3056156635284424,
        1.4549468755722046,
        1.6209776401519775,
        1.5401703119277954,
        1.5436534881591797,
        1.4394538402557373,
        1.6474441289901733,
        1.4690468311309814,
        1.5495628118515015,
        1.4769865274429321,
        1.4576168060302734,
        1.45427668094635,
        1.5498172044754028,
        1.3580840826034546,
        1.547973394393921,
        1.351536750793457,
        1.4272477626800537,
        1.4701942205429077,
        1.42123281955719,
        1.4369821548461914,
        1.572569727897644,
        1.4453394412994385,
        1.5658388137817383,
        1.6860636472702026,
        1.3733102083206177,
        1.4849936962127686,
        1.4901829957962036,
        1.3816410303115845,
        1.2758700847625732,
        1.4675692319869995,
        1.5491816997528076,
        1.5757442712783813,
        1.3605300188064575,
        1.4018300771713257,
        1.3938716650009155,
        1.4681001901626587,
        1.551371693611145,
        1.610024094581604,
        1.3474314212799072,
        1.5064094066619873,
        1.5049571990966797,
        1.4706342220306396,
        1.4887442588806152,
        1.3842679262161255,
        1.4160979986190796,
        1.5635854005813599,
        1.3735839128494263,
        1.516174554824829,
        1.5729939937591553,
        1.473949909210205,
        1.39540696144104,
        1.3481025695800781,
        1.3804306983947754,
        1.4309837818145752,
        1.2554229497909546,
        1.268031120300293,
        1.4041081666946411,
        1.4456530809402466,
        1.5190579891204834,
        1.616684913635254,
        1.3089685440063477,
        1.5375434160232544,
        1.3700997829437256,
        1.485971450805664,
        1.4881064891815186,
        1.2120130062103271,
        1.2703315019607544,
        1.2310965061187744,
        1.2707936763763428,
        1.387582778930664,
        1.3634731769561768,
        1.318466067314148,
        1.5598894357681274,
        1.5830800533294678,
        1.3263752460479736,
        1.4705418348312378,
        1.44780695438385,
        1.5297300815582275,
        1.5099579095840454,
        1.341692566871643,
        1.3712867498397827,
        1.216742753982544,
        1.4287630319595337,
        1.2597218751907349,
        1.483157992362976,
        1.6129220724105835,
        1.3652857542037964,
        1.2945860624313354,
        1.583498477935791,
        1.430792212486267,
        1.5048269033432007,
        1.340442419052124,
        1.3673977851867676,
        1.4391257762908936,
        1.2358779907226562,
        1.3186486959457397,
        1.4792697429656982,
        1.6213500499725342,
        1.425872802734375,
        1.614868402481079,
        1.516631007194519,
        1.385318636894226,
        1.3178844451904297,
        1.380083441734314,
        1.347792625427246,
        1.2852325439453125,
        1.2909324169158936,
        1.3850733041763306,
        1.5674976110458374,
        1.4888429641723633,
        1.533966302871704,
        1.613922119140625,
