{
    "memory_size": 10,
    "trial": 4,
    "id": "925485cfd9003fbb22241558570395b5",
    "loss": 1.432627461456856,
    "training_curve": [
        2.990426540374756,
        2.626831531524658,
        2.3735482692718506,
        2.397618532180786,
        2.4014244079589844,
        2.2537269592285156,
        2.160550355911255,
        2.130232095718384,
        2.2137110233306885,
        2.269886016845703,
        2.1411798000335693,
        2.132101058959961,
        2.143829822540283,
        2.1411712169647217,
        1.9780484437942505,
        2.023049831390381,
        2.081784248352051,
        1.9840737581253052,
        2.0156750679016113,
        2.8680763244628906,
        2.113731622695923,
        1.9382435083389282,
        1.8788989782333374,
        1.9275765419006348,
        1.9700603485107422,
        1.8885952234268188,
        1.8665512800216675,
        1.8535306453704834,
        1.8107013702392578,
        1.7426398992538452,
        1.86000657081604,
        1.7736902236938477,
        1.8098398447036743,
        1.7679181098937988,
        1.6438908576965332,
        1.70598566532135,
        1.70387601852417,
        1.8090896606445312,
        1.7193760871887207,
        2.6772868633270264,
        1.9140851497650146,
        1.7823210954666138,
        1.7847267389297485,
        1.7709163427352905,
        1.6092842817306519,
        1.646454930305481,
        1.6713582277297974,
        1.8213353157043457,
        1.698488473892212,
        1.6400481462478638,
        1.7042293548583984,
        1.914452314376831,
        1.5656806230545044,
        1.5550190210342407,
        1.629777193069458,
        1.4978418350219727,
        1.5873786211013794,
        1.5900089740753174,
        1.6553806066513062,
        2.150390625,
        1.7323009967803955,
        1.716604232788086,
        1.7052558660507202,
        1.6072992086410522,
        1.7904095649719238,
        1.500412940979004,
        1.6503515243530273,
        1.6808065176010132,
        1.5786479711532593,
        1.4722678661346436,
        1.3085707426071167,
        1.7196542024612427,
        1.6977133750915527,
        1.6252353191375732,
        1.4547019004821777,
        1.7422661781311035,
        1.7290626764297485,
        1.6463488340377808,
        1.6036072969436646,
        1.896704077720642,
        1.6085577011108398,
        1.7757505178451538,
        1.711398959159851,
        1.6840770244598389,
        1.6311076879501343,
        1.5539213418960571,
        1.6313556432724,
        1.5763930082321167,
        1.3475381135940552,
        1.6660737991333008,
        1.5994431972503662,
        1.668153166770935,
        1.4890902042388916,
        1.424181580543518,
        1.5689201354980469,
        1.6719977855682373,
        1.6887022256851196,
        1.41957426071167,
        1.613871455192566,
        1.8157508373260498,
        1.5823348760604858,
        1.5294723510742188,
        1.6319712400436401,
        1.7565432786941528,
        1.632779836654663,
        1.7751365900039673,
        1.7850185632705688,
        1.5169401168823242,
        1.7089978456497192,
        1.5466113090515137,
        1.4624923467636108,
        1.6940826177597046,
        1.5272668600082397,
        1.657234787940979,
        1.5394489765167236,
        1.5871880054473877,
        1.5081803798675537,
        1.343255639076233,
        1.5162297487258911,
        1.468124508857727,
        1.5766817331314087,
        1.46361243724823,
        1.297281265258789,
        1.2505501508712769,
        1.522227168083191,
        1.5479720830917358,
        1.6009036302566528,
        1.3650121688842773,
        1.2828153371810913,
        1.4730167388916016,
        1.1959588527679443,
        1.5922515392303467,
        1.4807029962539673,
        1.5339653491973877,
        1.3628491163253784,
        1.3659658432006836,
        1.386257529258728,
        1.3676387071609497,
        1.6017907857894897,
        1.563541293144226,
        1.5901614427566528,
        1.455007791519165,
        1.365106225013733,
        1.4697058200836182,
        1.5844849348068237,
        1.5439140796661377,
        1.5866721868515015,
        1.579180359840393,
        1.6371560096740723,
        1.4509589672088623,
        1.4277982711791992,
        1.5569912195205688,
        1.4642443656921387,
        1.244694471359253,
        1.493727445602417,
        1.4073317050933838,
        1.297284483909607,
        1.538378357887268,
        1.4876731634140015,
        1.6574370861053467,
        1.5254313945770264,
        1.514382243156433,
        1.5276702642440796,
        1.6230347156524658,
        1.2338683605194092,
        1.5763530731201172,
        1.3970839977264404,
        1.5013701915740967,
        1.3137906789779663,
        1.3615630865097046,
        1.5288468599319458,
        1.3036530017852783,
        1.4976861476898193,
        1.4644285440444946,
        1.4001094102859497,
        1.3851468563079834,
        1.5368131399154663,
        1.5889919996261597,
        1.340999960899353,
        1.8244035243988037,
        1.455405831336975,
        1.3374183177947998,
        1.603639006614685,
        1.3987764120101929,
        1.2452927827835083,
        1.5999687910079956,
        1.4951448440551758,
        1.4342244863510132,
        1.3297200202941895,
        1.2821112871170044,
        1.2732445001602173,
        1.5228625535964966,
        1.5651464462280273,
        1.6529572010040283,
        1.4502053260803223,
        1.5413029193878174,
        1.4444373846054077,
        1.5245285034179688,
        1.3306993246078491,
        1.4307857751846313,
        1.560646414756775,
        1.6971648931503296,
        1.2329561710357666,
        1.5880188941955566,
        1.441938877105713,
        1.610842227935791,
        1.4915298223495483,
        1.332732915878296,
        1.2505698204040527,
        1.362906813621521,
        1.4581167697906494,
        1.247678279876709,
        1.4626681804656982,
        1.334720253944397,
        1.4731603860855103,
        1.4847620725631714,
        1.3178683519363403,
        1.16499662399292,
        1.3647584915161133,
        1.4724767208099365,
        1.39383864402771,
        1.2134099006652832,
        1.381043791770935,
        1.3401917219161987,
        1.4208663702011108,
        1.3659040927886963,
        1.3397794961929321,
        1.3988479375839233,
        1.6186944246292114,
        1.395859718322754,
        1.3250826597213745,
        1.5548317432403564,
        1.4364279508590698,
        1.2959330081939697,
        1.2138261795043945,
        1.2160272598266602,
        1.4157741069793701,
        1.3792638778686523,
        1.3440059423446655,
        1.5776243209838867,
        1.5715209245681763,
        1.4142205715179443,
        1.5171838998794556,
        1.5132982730865479,
        1.409699559211731,
        1.5013065338134766,
        1.4997502565383911,
        1.3100416660308838,
        1.288030743598938,
        1.2805798053741455,
        1.3984030485153198,
        1.3487772941589355,
        1.4928464889526367,
        1.3288428783416748,
        1.5799096822738647,
        1.490208625793457,
        1.2900387048721313,
        1.373538613319397,
        1.5712021589279175,
        1.5489850044250488,
        1.5024389028549194,
        1.401210069656372,
        1.3739879131317139,
        1.315861701965332,
        1.2609089612960815,
        1.3335824012756348,
        1.3304297924041748,
        1.4953240156173706,
        1.2984533309936523,
        1.3166499137878418,
        1.3275678157806396,
        1.5071630477905273,
        1.3107855319976807,
        1.513245701789856,
        1.3201169967651367,
        1.4581016302108765,
        1.3054471015930176,
        1.4280815124511719,
        1.3303371667861938,
        1.5407997369766235,
        1.267037034034729,
        1.596530795097351,
        1.4677873849868774,
