{
    "memory_size": 6,
    "trial": 2,
    "id": "9a755b0851bae6ab75e0c57710c8a917",
    "loss": 1.3911023798709046,
    "training_curve": [
        2.7533793449401855,
        2.430703639984131,
        2.5336391925811768,
        2.275639533996582,
        2.116011619567871,
        2.3286473751068115,
        2.2907888889312744,
        2.1620025634765625,
        2.2736387252807617,
        2.14172625541687,
        2.014887571334839,
        2.1135196685791016,
        2.0380115509033203,
        2.019322633743286,
        1.9310386180877686,
        2.045830726623535,
        1.9209504127502441,
        1.8916717767715454,
        1.953865885734558,
        3.0763585567474365,
        1.8782566785812378,
        1.9927313327789307,
        1.9530067443847656,
        2.038370132446289,
        1.9409220218658447,
        1.7274945974349976,
        1.9107781648635864,
        1.9653884172439575,
        1.840577244758606,
        1.9290393590927124,
        1.8810216188430786,
        1.7402386665344238,
        1.7766234874725342,
        1.7250425815582275,
        1.6213864088058472,
        1.8062161207199097,
        1.8477582931518555,
        1.844251275062561,
        1.9070115089416504,
        2.4603021144866943,
        1.7745697498321533,
        1.8593852519989014,
        1.760162115097046,
        1.6956169605255127,
        1.8490513563156128,
        1.8508801460266113,
        1.772097110748291,
        1.7448067665100098,
        1.7879242897033691,
        1.8347702026367188,
        1.7725229263305664,
        1.8198976516723633,
        1.8662281036376953,
        1.6327157020568848,
        1.6550995111465454,
        1.8600062131881714,
        1.496263861656189,
        1.6412482261657715,
        1.8303804397583008,
        2.0732805728912354,
        1.635118842124939,
        1.8393709659576416,
        1.6037404537200928,
        1.7814397811889648,
        1.6445411443710327,
        1.627910852432251,
        1.7610104084014893,
        1.7781906127929688,
        1.5154606103897095,
        1.7468974590301514,
        1.6006832122802734,
        1.7683885097503662,
        1.5158865451812744,
        1.5828415155410767,
        1.5979893207550049,
        1.8547931909561157,
        1.7361476421356201,
        1.6242759227752686,
        1.6656570434570312,
        2.1264307498931885,
        1.7413705587387085,
        1.4658308029174805,
        1.5336472988128662,
        1.7255276441574097,
        1.3723177909851074,
        1.626594066619873,
        1.594873309135437,
        1.6852906942367554,
        1.6200740337371826,
        1.6636189222335815,
        1.7340776920318604,
        1.677355170249939,
        1.6628497838974,
        1.6190919876098633,
        1.5913746356964111,
        1.477120280265808,
        1.5394911766052246,
        1.499769926071167,
        1.5491183996200562,
        1.5642971992492676,
        1.8257113695144653,
        1.7882683277130127,
        1.6645774841308594,
        1.614601969718933,
        1.593221664428711,
        1.7516292333602905,
        1.67001211643219,
        1.4781275987625122,
        1.5476644039154053,
        1.626185655593872,
        1.6654037237167358,
        1.7416566610336304,
        1.7539492845535278,
        1.501550316810608,
        1.6639132499694824,
        1.467470407485962,
        1.5730613470077515,
        1.525643229484558,
        1.5858876705169678,
        1.7376335859298706,
        1.5961638689041138,
        1.617285966873169,
        1.556139588356018,
        1.4113106727600098,
        1.640044927597046,
        1.5943478345870972,
        1.4036297798156738,
        1.526793122291565,
        1.4849977493286133,
        1.5140185356140137,
        1.5487650632858276,
        1.5814882516860962,
        1.448703646659851,
        1.474824070930481,
        1.445495367050171,
        1.6089346408843994,
        1.625468373298645,
        1.40523362159729,
        1.503769040107727,
        1.6049339771270752,
        1.5397558212280273,
        1.6069198846817017,
        1.5929089784622192,
        1.49543035030365,
        1.5105483531951904,
        1.730391502380371,
        1.4869364500045776,
        1.6401680707931519,
        1.4626109600067139,
        1.3548887968063354,
        1.4973706007003784,
        1.6603988409042358,
        1.5601310729980469,
        1.477150559425354,
        1.450199842453003,
        1.402492642402649,
        1.4859795570373535,
        1.3740988969802856,
        1.3442950248718262,
        1.6637804508209229,
        1.4522062540054321,
        1.506427526473999,
        1.5958994626998901,
        1.6319957971572876,
        1.519642949104309,
        1.7771170139312744,
        1.4288487434387207,
        1.554487705230713,
        1.4690544605255127,
        1.4665569067001343,
        1.4064425230026245,
        1.4071201086044312,
        1.4110567569732666,
        1.6875840425491333,
        1.4437578916549683,
        1.6270352602005005,
        1.5267423391342163,
        1.5454561710357666,
        1.3893815279006958,
        1.6227467060089111,
        1.36350679397583,
        1.5218333005905151,
        1.6496208906173706,
        1.3403716087341309,
        1.4942551851272583,
        1.5114957094192505,
        1.6176084280014038,
        1.2927252054214478,
        1.607075810432434,
        1.5871939659118652,
        1.5934923887252808,
        1.5926566123962402,
        1.554014801979065,
        1.4864469766616821,
        1.2499072551727295,
        1.5446057319641113,
        1.5821211338043213,
        1.6610716581344604,
        1.6466114521026611,
        1.8151615858078003,
        1.5837132930755615,
        1.3636796474456787,
        1.3549941778182983,
        1.4963152408599854,
        1.5195280313491821,
        1.515869140625,
        1.4597642421722412,
        1.5822453498840332,
        1.5203462839126587,
        1.3952264785766602,
        1.6068916320800781,
        1.5995354652404785,
        1.5994772911071777,
        1.5950980186462402,
        1.451136589050293,
        1.575480580329895,
        1.681526780128479,
        1.6729235649108887,
        1.6068229675292969,
        1.5569970607757568,
        1.5015184879302979,
        1.3528766632080078,
        1.5800901651382446,
        1.3984256982803345,
        1.4241102933883667,
        1.4091626405715942,
        1.3170197010040283,
        1.4871422052383423,
        1.404517650604248,
        1.3863801956176758,
        1.5160388946533203,
        1.5466547012329102,
        1.3297823667526245,
        1.572128415107727,
        1.5866390466690063,
        1.3489984273910522,
        1.362385869026184,
        1.4175989627838135,
        1.1676276922225952,
        1.6129844188690186,
        1.6360937356948853,
        1.7329695224761963,
        1.3958041667938232,
        1.3410853147506714,
        1.6590734720230103,
        1.133225917816162,
        1.2579286098480225,
        1.361250400543213,
        1.6685277223587036,
        1.5754474401474,
        1.4204277992248535,
        1.3173301219940186,
        1.4351385831832886,
        1.540371298789978,
        1.472683072090149,
        1.2408249378204346,
        1.2743210792541504,
        1.63820481300354,
        1.419766902923584,
        1.3857264518737793,
        1.5181810855865479,
        1.3006994724273682,
        1.4355113506317139,
        1.5604093074798584,
        1.3466159105300903,
        1.5742794275283813,
        1.418878197669983,
        1.312147855758667,
        1.4522815942764282,
        1.6052824258804321,
        1.4475151300430298,
        1.451952338218689,
        1.3283442258834839,
        1.4791902303695679,
        1.6630741357803345,
        1.4413731098175049,
        1.311230182647705,
        1.4138410091400146,
        1.476579189300537,
        1.572481632232666,
        1.4547278881072998,
        1.4652043581008911,
        1.6212809085845947,
