{
    "memory_size": 9,
    "trial": 0,
    "id": "9e4912498a6642362b9332e6c56a2263",
    "loss": 1.4034756749388564,
    "training_curve": [
        2.926572799682617,
        2.4850575923919678,
        2.3117971420288086,
        2.30889892578125,
        2.323451519012451,
        2.263655424118042,
        2.170440673828125,
        2.0310616493225098,
        2.0601909160614014,
        2.2559354305267334,
        2.1784019470214844,
        2.0265939235687256,
        2.190718412399292,
        2.058573007583618,
        1.9523696899414062,
        2.0469117164611816,
        2.0397043228149414,
        1.9721317291259766,
        1.7744947671890259,
        3.2935526371002197,
        1.9420199394226074,
        1.8330762386322021,
        1.8370938301086426,
        1.9639276266098022,
        1.9123563766479492,
        2.0548229217529297,
        1.801644206047058,
        1.7706149816513062,
        1.8628313541412354,
        1.8985538482666016,
        1.8326152563095093,
        1.7758774757385254,
        1.8531724214553833,
        1.9801172018051147,
        1.8441791534423828,
        1.7856080532073975,
        1.746953010559082,
        1.8053723573684692,
        1.6825182437896729,
        2.6262049674987793,
        1.9205882549285889,
        1.8579763174057007,
        1.689318060874939,
        1.8476908206939697,
        1.7190895080566406,
        1.606208324432373,
        1.8233026266098022,
        1.6505206823349,
        1.7212849855422974,
        1.7519283294677734,
        1.7072643041610718,
        1.6705106496810913,
        1.6079283952713013,
        1.7118345499038696,
        1.6252762079238892,
        1.6914904117584229,
        1.3711094856262207,
        1.578012466430664,
        1.6747143268585205,
        2.0908398628234863,
        1.7024214267730713,
        1.7540721893310547,
        1.7280421257019043,
        1.6900252103805542,
        1.6246718168258667,
        1.9060649871826172,
        1.863043189048767,
        1.585504412651062,
        1.6744740009307861,
        1.7122244834899902,
        1.7418408393859863,
        1.583378553390503,
        1.673689365386963,
        1.7449485063552856,
        1.5531890392303467,
        1.4968466758728027,
        1.5085642337799072,
        1.6902797222137451,
        1.5369700193405151,
        2.0746655464172363,
        1.58490788936615,
        1.6123301982879639,
        1.7579307556152344,
        1.6836321353912354,
        1.6287065744400024,
        1.5916029214859009,
        1.5610098838806152,
        1.4800268411636353,
        1.5888261795043945,
        1.6084537506103516,
        1.606419563293457,
        1.4939265251159668,
        1.4562307596206665,
        1.4731370210647583,
        1.6289092302322388,
        1.485181450843811,
        1.627886414527893,
        1.4646068811416626,
        1.7378109693527222,
        1.7891632318496704,
        1.6824034452438354,
        1.6517646312713623,
        1.7723870277404785,
        1.5843026638031006,
        1.5646116733551025,
        1.5285576581954956,
        1.5047756433486938,
        1.7175092697143555,
        1.6304525136947632,
        1.648434042930603,
        1.7060998678207397,
        1.6465840339660645,
        1.6820783615112305,
        1.5120419263839722,
        1.4875075817108154,
        1.497283935546875,
        1.520683765411377,
        1.5122278928756714,
        1.5402907133102417,
        1.5981881618499756,
        1.654647946357727,
        1.4239165782928467,
        1.4708168506622314,
        1.5442599058151245,
        1.568857192993164,
        1.4698312282562256,
        1.719246745109558,
        1.487228274345398,
        1.3948497772216797,
        1.5343880653381348,
        1.639037013053894,
        1.6545472145080566,
        1.4286324977874756,
        1.422405481338501,
        1.3948458433151245,
        1.5544161796569824,
        1.4328203201293945,
        1.4040924310684204,
        1.5810236930847168,
        1.6411505937576294,
        1.3950977325439453,
        1.6250007152557373,
        1.443784236907959,
        1.630665898323059,
        1.4013926982879639,
        1.5545655488967896,
        1.4175957441329956,
        1.405768632888794,
        1.545107364654541,
        1.4885003566741943,
        1.326752781867981,
        1.5542552471160889,
        1.3190956115722656,
        1.481573224067688,
        1.445462942123413,
        1.3464605808258057,
        1.4113786220550537,
        1.4736377000808716,
        1.2210559844970703,
        1.5404314994812012,
        1.585832118988037,
        1.2947317361831665,
        1.378515601158142,
        1.5741688013076782,
        1.6433815956115723,
        1.365404486656189,
        1.3823552131652832,
        1.1961523294448853,
        1.4066050052642822,
        1.5408775806427002,
        1.5072917938232422,
        1.4173842668533325,
        1.5434870719909668,
        1.4188880920410156,
        1.4330426454544067,
        1.4180479049682617,
        1.4020590782165527,
        1.5458729267120361,
        1.520220160484314,
        1.381698489189148,
        1.5166442394256592,
        1.675695538520813,
        1.477306842803955,
        1.3906912803649902,
        1.4537794589996338,
        1.4624634981155396,
        1.6262871026992798,
        1.7088267803192139,
        1.4955259561538696,
        1.4997198581695557,
        1.5110377073287964,
        1.4836575984954834,
        1.5233083963394165,
        1.3334378004074097,
        1.3618199825286865,
        1.2030636072158813,
        1.3923654556274414,
        1.3866562843322754,
        1.5987335443496704,
        1.4466127157211304,
        1.4523330926895142,
        1.6777595281600952,
        1.5177291631698608,
        1.4304957389831543,
        1.4741679430007935,
        1.44306218624115,
        1.6545354127883911,
        1.320204496383667,
        1.4976427555084229,
        1.465181827545166,
        1.537412166595459,
        1.2886182069778442,
        1.4203239679336548,
        1.5030533075332642,
        1.3812954425811768,
        1.4854187965393066,
        1.5016578435897827,
        1.6026520729064941,
        1.428038477897644,
        1.5470167398452759,
        1.5712697505950928,
        1.5063575506210327,
        1.4188358783721924,
        1.4637120962142944,
        1.3557223081588745,
        1.394629716873169,
        1.4913411140441895,
        1.6218912601470947,
        1.3605207204818726,
        1.530565857887268,
        1.3599963188171387,
        1.3305420875549316,
        1.4721111059188843,
        1.588813304901123,
        1.2622367143630981,
        1.4211755990982056,
        1.424485206604004,
        1.379921317100525,
        1.4137370586395264,
        1.4454365968704224,
        1.4378397464752197,
        1.438754916191101,
        1.2954901456832886,
        1.3636085987091064,
        1.4368963241577148,
        1.3823835849761963,
        1.4579273462295532,
        1.3633159399032593,
        1.2445067167282104,
        1.4197431802749634,
        1.4013525247573853,
        1.3079777956008911,
        1.4714339971542358,
        1.6112980842590332,
        1.4799469709396362,
        1.4309749603271484,
        1.4595919847488403,
        1.533469319343567,
        1.3999086618423462,
        1.4111322164535522,
        1.5440818071365356,
        1.4224677085876465,
        1.2824081182479858,
        1.368175745010376,
        1.3652688264846802,
        1.3977283239364624,
        1.625003457069397,
        1.3527179956436157,
        1.522068738937378,
        1.507516622543335,
        1.3327586650848389,
        1.544124722480774,
        1.3218693733215332,
        1.567333698272705,
        1.3621784448623657,
        1.338512659072876,
        1.41690993309021,
        1.4575755596160889,
        1.4769994020462036,
        1.6014500856399536,
        1.5129154920578003,
        1.3366999626159668,
        1.4462668895721436,
