{
    "memory_size": 10,
    "trial": 0,
    "id": "a5efe617a5a74a2c54c2e3415319074d",
    "loss": 1.400344181108557,
    "training_curve": [
        2.84167742729187,
        2.582993745803833,
        2.5760159492492676,
        2.532989501953125,
        2.4581751823425293,
        2.3434715270996094,
        2.059858560562134,
        2.1542444229125977,
        2.0929524898529053,
        2.216362237930298,
        2.10516357421875,
        1.9211686849594116,
        2.131737232208252,
        1.9399715662002563,
        2.003909111022949,
        2.1226587295532227,
        1.9940892457962036,
        1.8503223657608032,
        2.1457407474517822,
        3.1764559745788574,
        2.042809009552002,
        2.006504774093628,
        1.840723991394043,
        1.9983510971069336,
        1.9168137311935425,
        1.6992692947387695,
        1.813511848449707,
        1.9174377918243408,
        1.8586046695709229,
        1.8656178712844849,
        2.0453603267669678,
        1.8714914321899414,
        1.714178442955017,
        1.7268198728561401,
        1.6874943971633911,
        1.7401292324066162,
        1.7153918743133545,
        1.9114289283752441,
        1.9731121063232422,
        2.628156900405884,
        1.7853366136550903,
        1.7554230690002441,
        1.543094515800476,
        1.8538916110992432,
        1.8329315185546875,
        1.5814465284347534,
        1.7057279348373413,
        1.7488553524017334,
        1.706947922706604,
        1.5540446043014526,
        1.5441758632659912,
        1.737162470817566,
        1.630452275276184,
        1.7010310888290405,
        1.7217336893081665,
        1.7187714576721191,
        1.4749823808670044,
        1.614728331565857,
        1.614452838897705,
        2.228334903717041,
        1.6442315578460693,
        1.746071457862854,
        1.803723692893982,
        1.68257737159729,
        1.806710124015808,
        1.6360278129577637,
        1.4096739292144775,
        1.528629183769226,
        1.7049423456192017,
        1.7506877183914185,
        1.7456178665161133,
        1.5616745948791504,
        1.75151526927948,
        1.4936307668685913,
        1.6775517463684082,
        1.6216408014297485,
        1.6825119256973267,
        1.667729139328003,
        1.3973950147628784,
        2.198249578475952,
        1.655055046081543,
        1.5871003866195679,
        1.6682871580123901,
        1.5467579364776611,
        1.560760736465454,
        1.6906495094299316,
        1.6164209842681885,
        1.5484027862548828,
        1.5581976175308228,
        1.6391284465789795,
        1.4978550672531128,
        1.5412501096725464,
        1.6539559364318848,
        1.547785758972168,
        1.3583980798721313,
        1.4716932773590088,
        1.6784714460372925,
        1.6069259643554688,
        1.515573263168335,
        1.6771363019943237,
        1.5186800956726074,
        1.46758234500885,
        1.6016513109207153,
        1.6058380603790283,
        1.4611661434173584,
        1.4904148578643799,
        1.4782456159591675,
        1.6252621412277222,
        1.6142899990081787,
        1.7892247438430786,
        1.3662651777267456,
        1.6159789562225342,
        1.6657646894454956,
        1.5162310600280762,
        1.446138620376587,
        1.3016053438186646,
        1.4558125734329224,
        1.525275468826294,
        1.5318835973739624,
        1.8419439792633057,
        1.4143924713134766,
        1.4797275066375732,
        1.5835386514663696,
        1.618459939956665,
        1.3567739725112915,
        1.4552587270736694,
        1.4360798597335815,
        1.4147262573242188,
        1.4652631282806396,
        1.5109857320785522,
        1.4671746492385864,
        1.344321370124817,
        1.608272671699524,
        1.5019574165344238,
        1.4619641304016113,
        1.5514256954193115,
        1.3954167366027832,
        1.235487699508667,
        1.4936728477478027,
        1.6689037084579468,
        1.4610522985458374,
        1.551379919052124,
        1.5011553764343262,
        1.5536365509033203,
        1.430815577507019,
        1.7574542760849,
        1.385298252105713,
        1.3150147199630737,
        1.572352647781372,
        1.538923740386963,
        1.4666826725006104,
        1.49603271484375,
        1.5403203964233398,
        1.4904426336288452,
        1.502905249595642,
        1.5051592588424683,
        1.454546332359314,
        1.3481227159500122,
        1.2933653593063354,
        1.7431446313858032,
        1.5934410095214844,
        1.58745276927948,
        1.6015998125076294,
        1.490074872970581,
        1.5881444215774536,
        1.4795856475830078,
        1.4758882522583008,
        1.566078543663025,
        1.5929394960403442,
        1.4257138967514038,
        1.788991928100586,
        1.4468622207641602,
        1.5640619993209839,
        1.4202033281326294,
        1.4866455793380737,
        1.2541496753692627,
        1.5075676441192627,
        1.4330869913101196,
        1.2537940740585327,
        1.4902220964431763,
        1.2292118072509766,
        1.2617665529251099,
        1.4631513357162476,
        1.4862840175628662,
        1.483346700668335,
        1.5805050134658813,
        1.3559728860855103,
        1.3764957189559937,
        1.5353134870529175,
        1.560349702835083,
        1.3619693517684937,
        1.325689435005188,
        1.4639123678207397,
        1.376360297203064,
        1.5186933279037476,
        1.3874883651733398,
        1.4827029705047607,
        1.3217445611953735,
        1.3513308763504028,
        1.3333728313446045,
        1.5304806232452393,
        1.4833298921585083,
        1.4706342220306396,
        1.3638718128204346,
        1.5856335163116455,
        1.4699232578277588,
        1.3308159112930298,
        1.4342626333236694,
        1.539602518081665,
        1.4478353261947632,
        1.416249394416809,
        1.3900398015975952,
        1.3426276445388794,
        1.419756531715393,
        1.4393569231033325,
        1.5120322704315186,
        1.347754955291748,
        1.536919116973877,
        1.3761076927185059,
        1.4716659784317017,
        1.3917365074157715,
        1.5612142086029053,
        1.5052006244659424,
        1.355910301208496,
        1.473311424255371,
        1.4184701442718506,
        1.549825668334961,
        1.6963101625442505,
        1.4978833198547363,
        1.5182374715805054,
        1.4057728052139282,
        1.3945084810256958,
        1.3441736698150635,
        1.4077346324920654,
        1.3322681188583374,
        1.2796285152435303,
        1.2567285299301147,
        1.3387751579284668,
        1.2982573509216309,
        1.6372196674346924,
        1.4051021337509155,
        1.3591358661651611,
        1.3688485622406006,
        1.4482005834579468,
        1.2575492858886719,
        1.6220201253890991,
        1.4180821180343628,
        1.3424034118652344,
        1.4782311916351318,
        1.5585755109786987,
        1.3322277069091797,
        1.383768081665039,
        1.4148192405700684,
        1.2392122745513916,
        1.377135157585144,
        1.5411471128463745,
        1.281551718711853,
        1.4324264526367188,
        1.3325474262237549,
        1.5305778980255127,
        1.5356595516204834,
        1.5221682786941528,
        1.6537833213806152,
        1.1540688276290894,
        1.3946689367294312,
        1.3412925004959106,
        1.3355677127838135,
        1.5513403415679932,
        1.4777557849884033,
        1.4302160739898682,
        1.2630113363265991,
        1.4739962816238403,
        1.3408230543136597,
        1.4068753719329834,
        1.3630602359771729,
        1.3090187311172485,
        1.442667007446289,
        1.354276180267334,
        1.3870611190795898,
        1.5911319255828857,
        1.4811280965805054,
        1.2266403436660767,
        1.3327447175979614,
