{
    "memory_size": 9,
    "trial": 4,
    "id": "aba37d2920e3f5df5dc605cb0de27ead",
    "loss": 1.321181969308586,
    "training_curve": [
        2.8042476177215576,
        2.841071367263794,
        2.3936197757720947,
        2.398752212524414,
        2.4241461753845215,
        2.2599239349365234,
        2.2489237785339355,
        2.3396856784820557,
        2.1023480892181396,
        2.1410717964172363,
        1.98727548122406,
        2.050352096557617,
        2.196960926055908,
        2.1415064334869385,
        2.0915286540985107,
        2.14939546585083,
        2.049699306488037,
        1.898173451423645,
        1.9765777587890625,
        3.1969683170318604,
        2.0131936073303223,
        1.8514045476913452,
        1.6407670974731445,
        1.9099613428115845,
        1.8483637571334839,
        1.9540622234344482,
        1.8266541957855225,
        1.8358867168426514,
        1.682846188545227,
        1.6934670209884644,
        1.829297423362732,
        1.7733144760131836,
        1.8040149211883545,
        1.800795316696167,
        1.7107226848602295,
        1.7934507131576538,
        1.8472892045974731,
        1.5304092168807983,
        1.8070664405822754,
        2.5185415744781494,
        1.7606077194213867,
        1.8394181728363037,
        1.7372214794158936,
        1.6701091527938843,
        1.7657734155654907,
        1.694118857383728,
        1.931341528892517,
        1.8882036209106445,
        1.695367693901062,
        1.6632616519927979,
        1.6263784170150757,
        1.719970941543579,
        1.570228099822998,
        1.5256518125534058,
        1.8458892107009888,
        1.7325190305709839,
        1.8660255670547485,
        1.651001214981079,
        1.5979880094528198,
        2.221850872039795,
        1.7374540567398071,
        1.5208455324172974,
        1.7153280973434448,
        1.590113639831543,
        1.640120029449463,
        1.699182152748108,
        1.6415126323699951,
        1.6156823635101318,
        1.6558923721313477,
        1.7392857074737549,
        1.5975624322891235,
        1.57919442653656,
        1.6828492879867554,
        1.5837442874908447,
        1.5655922889709473,
        1.5375422239303589,
        1.663699984550476,
        1.7014775276184082,
        1.818483829498291,
        2.106412172317505,
        1.6274932622909546,
        1.5368105173110962,
        1.4848016500473022,
        1.6397159099578857,
        1.4893852472305298,
        1.469303011894226,
        1.5364022254943848,
        1.4633475542068481,
        1.661646842956543,
        1.646909236907959,
        1.5630898475646973,
        1.623823881149292,
        1.6990116834640503,
        1.5672950744628906,
        1.57292640209198,
        1.3680131435394287,
        1.4322880506515503,
        1.5769795179367065,
        1.494127631187439,
        1.659026026725769,
        1.4471012353897095,
        1.5788654088974,
        1.7524086236953735,
        1.5368537902832031,
        1.511440396308899,
        1.466430425643921,
        1.4397317171096802,
        1.6477067470550537,
        1.5990123748779297,
        1.6032017469406128,
        1.682631015777588,
        1.345408320426941,
        1.442163348197937,
        1.4261232614517212,
        1.4088383913040161,
        1.487743616104126,
        1.553330898284912,
        1.4358797073364258,
        1.485718846321106,
        1.4505678415298462,
        1.4204236268997192,
        1.6493749618530273,
        1.3928327560424805,
        1.6297242641448975,
        1.6196143627166748,
        1.5926190614700317,
        1.4860283136367798,
        1.7629352807998657,
        1.509375810623169,
        1.5292322635650635,
        1.5415754318237305,
        1.4489489793777466,
        1.5644975900650024,
        1.4750124216079712,
        1.4052207469940186,
        1.3959453105926514,
        1.425919771194458,
        1.6342754364013672,
        1.5021135807037354,
        1.7035348415374756,
        1.5100853443145752,
        1.389851450920105,
        1.6149985790252686,
        1.452195167541504,
        1.536341905593872,
        1.4940263032913208,
        1.4598385095596313,
        1.6070188283920288,
        1.6039550304412842,
        1.4749877452850342,
        1.6550045013427734,
        1.3419877290725708,
        1.5611754655838013,
        1.560564398765564,
        1.4589121341705322,
        1.5187941789627075,
        1.4334347248077393,
        1.5064665079116821,
        1.707823634147644,
        1.6993980407714844,
        1.6006144285202026,
        1.441566824913025,
        1.5525068044662476,
        1.4502006769180298,
        1.4226056337356567,
        1.5284757614135742,
        1.4552454948425293,
        1.3935282230377197,
        1.396330714225769,
        1.5477713346481323,
        1.3551663160324097,
        1.2926361560821533,
        1.3616200685501099,
        1.3980557918548584,
        1.1785885095596313,
        1.3591898679733276,
        1.4772454500198364,
        1.5678398609161377,
        1.5033996105194092,
        1.6341177225112915,
        1.6455340385437012,
        1.4697778224945068,
        1.4791759252548218,
        1.4503072500228882,
        1.5471875667572021,
        1.6160308122634888,
        1.4645259380340576,
        1.4343992471694946,
        1.3802803754806519,
        1.412874460220337,
        1.458625316619873,
        1.4370709657669067,
        1.2647379636764526,
        1.3986098766326904,
        1.3963826894760132,
        1.3210543394088745,
        1.3696531057357788,
        1.572001576423645,
        1.417397141456604,
        1.387590765953064,
        1.5055333375930786,
        1.3878741264343262,
        1.376065731048584,
        1.4579136371612549,
        1.486132264137268,
        1.5403258800506592,
        1.531534194946289,
        1.5625168085098267,
        1.4819246530532837,
        1.6154273748397827,
        1.5061098337173462,
        1.4933631420135498,
        1.5794769525527954,
        1.4530774354934692,
        1.3919757604599,
        1.383054494857788,
        1.559639573097229,
        1.4185960292816162,
        1.485461711883545,
        1.5355007648468018,
        1.306702733039856,
        1.6259063482284546,
        1.4627950191497803,
        1.3929613828659058,
        1.4591915607452393,
        1.4647271633148193,
        1.3455349206924438,
        1.504005789756775,
        1.673954725265503,
        1.3803662061691284,
        1.2934834957122803,
        1.4358500242233276,
        1.413070797920227,
        1.312880277633667,
        1.3792916536331177,
        1.461222767829895,
        1.3677083253860474,
        1.3054265975952148,
        1.4564363956451416,
        1.4900380373001099,
        1.2998181581497192,
        1.4824389219284058,
        1.306999683380127,
        1.38312566280365,
        1.4957867860794067,
        1.4120680093765259,
        1.295074462890625,
        1.4593498706817627,
        1.2965288162231445,
        1.3016148805618286,
        1.309140682220459,
        1.3400371074676514,
        1.2908071279525757,
        1.4223196506500244,
        1.3768187761306763,
        1.2577601671218872,
        1.3164056539535522,
        1.3035807609558105,
        1.2871288061141968,
        1.5236990451812744,
        1.3418763875961304,
        1.4009931087493896,
        1.4464216232299805,
        1.441613793373108,
        1.4584834575653076,
        1.3660943508148193,
        1.2027676105499268,
        1.4700822830200195,
        1.302696704864502,
        1.3724418878555298,
        1.2945667505264282,
        1.4417657852172852,
        1.450804591178894,
        1.536881923675537,
        1.2898693084716797,
        1.272386908531189,
        1.4739166498184204,
        1.3662656545639038,
        1.3104829788208008,
        1.5173498392105103,
        1.321319341659546,
        1.5516977310180664,
        1.698800802230835,
