{
    "memory_size": 4,
    "trial": 3,
    "id": "b02ab1dde835e5d3614e460329af0b72",
    "loss": 1.5614234063066146,
    "training_curve": [
        2.7266783714294434,
        2.557668447494507,
        2.5120866298675537,
        2.4890010356903076,
        2.581700325012207,
        2.32971453666687,
        2.276562213897705,
        2.290498971939087,
        2.414602756500244,
        2.1069178581237793,
        2.393383741378784,
        2.1315431594848633,
        2.1249353885650635,
        2.20100474357605,
        2.1253654956817627,
        2.125856876373291,
        2.04272723197937,
        1.9980502128601074,
        2.241515874862671,
        3.1211297512054443,
        1.9535454511642456,
        2.0979881286621094,
        2.0555686950683594,
        2.0318801403045654,
        1.8829988241195679,
        1.9472090005874634,
        2.1238954067230225,
        1.7826627492904663,
        1.8299129009246826,
        2.1825549602508545,
        1.9919350147247314,
        2.0001919269561768,
        2.0928289890289307,
        1.9900931119918823,
        1.8600928783416748,
        1.8555182218551636,
        1.8280633687973022,
        1.9566903114318848,
        1.6888713836669922,
        2.4407505989074707,
        1.999315857887268,
        1.9794350862503052,
        1.919113278388977,
        1.7533917427062988,
        1.9209551811218262,
        1.8236538171768188,
        1.9139264822006226,
        1.6916999816894531,
        1.759763479232788,
        1.881062626838684,
        1.8527497053146362,
        1.7676869630813599,
        1.7589784860610962,
        1.7690025568008423,
        1.725477933883667,
        1.7317919731140137,
        1.6833213567733765,
        1.8552021980285645,
        1.769144058227539,
        2.042274236679077,
        1.6468416452407837,
        1.9122365713119507,
        1.7122080326080322,
        1.842061996459961,
        1.6969374418258667,
        1.6733182668685913,
        1.778135061264038,
        1.7792530059814453,
        1.6483410596847534,
        1.7154560089111328,
        1.651617169380188,
        1.6098023653030396,
        1.576547384262085,
        1.729138731956482,
        1.6131236553192139,
        1.8002939224243164,
        1.7098380327224731,
        1.7315871715545654,
        1.5789393186569214,
        1.9090875387191772,
        1.7598021030426025,
        1.8213305473327637,
        1.6645302772521973,
        1.6986479759216309,
        1.4785947799682617,
        1.701250672340393,
        1.8164948225021362,
        1.6409378051757812,
        1.5093963146209717,
        1.5577056407928467,
        1.714996576309204,
        1.7108138799667358,
        1.6868869066238403,
        1.6269124746322632,
        1.5222760438919067,
        1.5379295349121094,
        1.7301738262176514,
        1.5277066230773926,
        1.6737415790557861,
        1.7383761405944824,
        1.713448405265808,
        1.7330342531204224,
        1.59168541431427,
        1.6502866744995117,
        1.5790691375732422,
        1.6284139156341553,
        1.7769169807434082,
        1.6694830656051636,
        1.7601417303085327,
        1.8406994342803955,
        1.6259037256240845,
        1.7288142442703247,
        1.644086480140686,
        1.645890474319458,
        1.573819875717163,
        1.7585984468460083,
        1.7400517463684082,
        1.632177472114563,
        1.5256794691085815,
        1.6051254272460938,
        1.619236707687378,
        1.666703701019287,
        1.6741225719451904,
        1.6930787563323975,
        1.650644302368164,
        1.520431637763977,
        1.5257768630981445,
        1.5526959896087646,
        1.5692522525787354,
        1.6285529136657715,
        1.6852433681488037,
        1.7158502340316772,
        1.5483275651931763,
        1.5429470539093018,
        1.6499207019805908,
        1.6571954488754272,
        1.610300064086914,
        1.6169949769973755,
        1.5059973001480103,
        1.727346420288086,
        1.5987741947174072,
        1.5656524896621704,
        1.702583909034729,
        1.6019502878189087,
        1.829084038734436,
        1.7186018228530884,
        1.822318196296692,
        1.581620454788208,
        1.6674460172653198,
        1.7006648778915405,
        1.7434026002883911,
        1.7688448429107666,
        1.6110999584197998,
        1.6375716924667358,
        1.60234534740448,
        1.698395013809204,
        1.521982192993164,
        1.6786748170852661,
        1.7080440521240234,
        1.8727266788482666,
        1.5811561346054077,
        1.5583516359329224,
        1.7380564212799072,
        1.6026705503463745,
        1.5580650568008423,
        1.508809208869934,
        1.7884962558746338,
        1.5935088396072388,
        1.6934185028076172,
        1.7481030225753784,
        1.6564596891403198,
        1.4934110641479492,
        1.5639002323150635,
        1.4946452379226685,
        1.4600485563278198,
        1.7516582012176514,
        1.5004435777664185,
        1.5738468170166016,
        1.6458312273025513,
        1.6827417612075806,
        1.5902421474456787,
        1.5662987232208252,
        1.3912806510925293,
        1.716995120048523,
        1.664670705795288,
        1.6302664279937744,
        1.6637734174728394,
        1.6302857398986816,
        1.4901504516601562,
        1.5883352756500244,
        1.528588891029358,
        1.6134414672851562,
        1.6619101762771606,
        1.4704173803329468,
        1.7628881931304932,
        1.5064985752105713,
        1.756117820739746,
        1.7159796953201294,
        1.7299470901489258,
        1.496486783027649,
        1.4919586181640625,
        1.607049822807312,
        1.5507373809814453,
        1.7365460395812988,
        1.6774698495864868,
        1.6065574884414673,
        1.4882584810256958,
        1.5382118225097656,
        1.3530025482177734,
        1.4995464086532593,
        1.419400930404663,
        1.605190634727478,
        1.6835817098617554,
        1.4994902610778809,
        1.7813063859939575,
        1.596304178237915,
        1.7009044885635376,
        1.5715192556381226,
        1.489545464515686,
        1.637243628501892,
        1.7222951650619507,
        1.4558625221252441,
        1.7064756155014038,
        1.624100923538208,
        1.4666253328323364,
        1.5989758968353271,
        1.5106613636016846,
        1.6509909629821777,
        1.5880411863327026,
        1.6078269481658936,
        1.6626110076904297,
        1.5656477212905884,
        1.6088935136795044,
        1.4593180418014526,
        1.3581547737121582,
        1.7369309663772583,
        1.6565715074539185,
        1.4829360246658325,
        1.6586536169052124,
        1.6260172128677368,
        1.5013314485549927,
        1.886778712272644,
        1.5218443870544434,
        1.5757802724838257,
        1.6362979412078857,
        1.6636760234832764,
        1.6027581691741943,
        1.5942060947418213,
        1.5779998302459717,
        1.5533616542816162,
        1.5697935819625854,
        1.7503219842910767,
        1.6410434246063232,
        1.7018357515335083,
        1.290245532989502,
        1.5134104490280151,
        1.4561792612075806,
        1.4828739166259766,
        1.5507056713104248,
        1.6262143850326538,
        1.6444981098175049,
        1.5477772951126099,
        1.568538784980774,
        1.6485127210617065,
        1.5613428354263306,
        1.6819943189620972,
        1.5161092281341553,
        1.5928661823272705,
        1.5396032333374023,
        1.6566061973571777,
        1.545659065246582,
        1.569322109222412,
        1.6316314935684204,
        1.4882153272628784,
        1.4479986429214478,
        1.740686058998108,
        1.5370063781738281,
        1.5440986156463623,
        1.4350032806396484,
        1.6107536554336548,
        1.6054954528808594,
        1.5501374006271362,
        1.5189205408096313,
