{
    "memory_size": 6,
    "trial": 0,
    "id": "b1d2784b6385ef090598661e643a2067",
    "loss": 1.4113241720130516,
    "training_curve": [
        3.005877733230591,
        2.599825382232666,
        2.4290623664855957,
        2.588444471359253,
        2.329228162765503,
        2.293722152709961,
        2.174476385116577,
        2.2623956203460693,
        2.1258270740509033,
        2.117004156112671,
        2.210392475128174,
        2.0915334224700928,
        2.0846426486968994,
        2.0984325408935547,
        2.2298240661621094,
        2.087113380432129,
        2.2110142707824707,
        1.8058875799179077,
        1.899370789527893,
        3.2706995010375977,
        1.9819141626358032,
        2.021963119506836,
        1.9101248979568481,
        1.9822983741760254,
        1.838229775428772,
        2.132375955581665,
        1.9080158472061157,
        1.814025640487671,
        1.9008229970932007,
        1.9502102136611938,
        2.0514824390411377,
        1.7392044067382812,
        1.7337511777877808,
        1.8546652793884277,
        2.0501084327697754,
        1.9517794847488403,
        1.6855392456054688,
        1.777342677116394,
        1.8382446765899658,
        2.518734931945801,
        1.8243494033813477,
        1.9723418951034546,
        1.8089916706085205,
        1.7949557304382324,
        1.6545159816741943,
        1.678495168685913,
        1.543516993522644,
        1.6983020305633545,
        1.6161078214645386,
        1.6895270347595215,
        1.7166407108306885,
        1.4775890111923218,
        1.817240595817566,
        1.5634503364562988,
        1.8448235988616943,
        1.6904516220092773,
        1.6160684823989868,
        1.6130006313323975,
        1.5468889474868774,
        2.18766713142395,
        1.7991129159927368,
        1.7039848566055298,
        1.9498624801635742,
        1.7641850709915161,
        1.5722157955169678,
        1.547906517982483,
        1.7935582399368286,
        1.479267954826355,
        1.6284780502319336,
        1.7018059492111206,
        1.692995309829712,
        1.5133473873138428,
        1.6750043630599976,
        1.5539237260818481,
        1.8241628408432007,
        1.536786675453186,
        1.5464634895324707,
        1.6568983793258667,
        1.5728870630264282,
        1.7978063821792603,
        1.6640945672988892,
        1.6771193742752075,
        1.6619242429733276,
        1.5238609313964844,
        1.6216416358947754,
        1.5893583297729492,
        1.7126953601837158,
        1.511837363243103,
        1.5922162532806396,
        1.5685244798660278,
        1.6968131065368652,
        1.6705278158187866,
        1.6885229349136353,
        1.6480534076690674,
        1.7260713577270508,
        1.6004480123519897,
        1.3944385051727295,
        1.4375224113464355,
        1.5267391204833984,
        1.8442318439483643,
        1.7066642045974731,
        1.646256685256958,
        1.5640244483947754,
        1.6152496337890625,
        1.614477515220642,
        1.5514023303985596,
        1.6464449167251587,
        1.693205714225769,
        1.8422340154647827,
        1.5893995761871338,
        1.48572838306427,
        1.3284038305282593,
        1.3940026760101318,
        1.4821912050247192,
        1.252479076385498,
        1.5355892181396484,
        1.574420690536499,
        1.5424864292144775,
        1.5706723928451538,
        1.6227883100509644,
        1.6019363403320312,
        1.4273477792739868,
        1.456910252571106,
        1.4957245588302612,
        1.6992111206054688,
        1.6667726039886475,
        1.3863866329193115,
        1.554415225982666,
        1.5406765937805176,
        1.4501781463623047,
        1.454202651977539,
        1.5301374197006226,
        1.6496686935424805,
        1.518220067024231,
        1.5127110481262207,
        1.5589568614959717,
        1.4169517755508423,
        1.314598560333252,
        1.6123075485229492,
        1.4594662189483643,
        1.4804816246032715,
        1.470483660697937,
        1.4074320793151855,
        1.4755221605300903,
        1.638871192932129,
        1.5373409986495972,
        1.6881204843521118,
        1.5013222694396973,
        1.4758840799331665,
        1.5642246007919312,
        1.4145996570587158,
        1.31455397605896,
        1.3067429065704346,
        1.4408828020095825,
        1.5234267711639404,
        1.6551706790924072,
        1.5743151903152466,
        1.6334261894226074,
        1.5180201530456543,
        1.624817132949829,
        1.4626622200012207,
        1.4625331163406372,
        1.5107063055038452,
        1.6571460962295532,
        1.7134311199188232,
        1.528416633605957,
        1.4862549304962158,
        1.4495384693145752,
        1.4439172744750977,
        1.5569124221801758,
        1.4194546937942505,
        1.4890012741088867,
        1.4317477941513062,
        1.4270875453948975,
        1.469197392463684,
        1.5373584032058716,
        1.4258257150650024,
        1.5873847007751465,
        1.3535257577896118,
        1.5914733409881592,
        1.4984188079833984,
        1.5406149625778198,
        1.5715017318725586,
        1.4254798889160156,
        1.7508536577224731,
        1.6051889657974243,
        1.2233519554138184,
        1.6303764581680298,
        1.4465901851654053,
        1.6531662940979004,
        1.4587342739105225,
        1.45441734790802,
        1.4168184995651245,
        1.6079294681549072,
        1.3286292552947998,
        1.3924896717071533,
        1.375373125076294,
        1.5193170309066772,
        1.3490513563156128,
        1.718911051750183,
        1.613264799118042,
        1.5658440589904785,
        1.4335651397705078,
        1.3078869581222534,
        1.4160208702087402,
        1.5886493921279907,
        1.4285709857940674,
        1.4816988706588745,
        1.5729461908340454,
        1.4497476816177368,
        1.5923728942871094,
        1.58098304271698,
        1.386954665184021,
        1.5341781377792358,
        1.4605262279510498,
        1.4891539812088013,
        1.5182589292526245,
        1.5064232349395752,
        1.3869372606277466,
        1.4900178909301758,
        1.4017887115478516,
        1.536918044090271,
        1.7178759574890137,
        1.3666467666625977,
        1.623025894165039,
        1.2877494096755981,
        1.5438209772109985,
        1.5116114616394043,
        1.4841252565383911,
        1.6820718050003052,
        1.4379241466522217,
        1.3571600914001465,
        1.3783048391342163,
        1.4863238334655762,
        1.4146662950515747,
        1.5530200004577637,
        1.6015496253967285,
        1.281644344329834,
        1.5390969514846802,
        1.5054842233657837,
        1.6241540908813477,
        1.3693485260009766,
        1.510948896408081,
        1.5172394514083862,
        1.5556628704071045,
        1.5015465021133423,
        1.6118978261947632,
        1.5590423345565796,
        1.4362003803253174,
        1.4443782567977905,
        1.3505642414093018,
        1.496335506439209,
        1.4229170083999634,
        1.4086073637008667,
        1.5468661785125732,
        1.509270429611206,
        1.4761043787002563,
        1.3744688034057617,
        1.3699153661727905,
        1.7765346765518188,
        1.7634197473526,
        1.5052578449249268,
        1.546294093132019,
        1.489410161972046,
        1.6477668285369873,
        1.4085042476654053,
        1.4069652557373047,
        1.518681526184082,
        1.4154919385910034,
        1.3247857093811035,
        1.618217945098877,
        1.3955159187316895,
        1.202399730682373,
        1.583736538887024,
        1.4383056163787842,
        1.2097046375274658,
        1.5660451650619507,
        1.4043500423431396,
        1.2762166261672974,
        1.5485750436782837,
        1.5821605920791626,
        1.6604151725769043,
        1.4337141513824463,
