{
    "memory_size": 1,
    "trial": 0,
    "id": "c9ddf6d0604919f00720cef07b09461d",
    "loss": 2.6594194001334084,
    "training_curve": [
        2.867900848388672,
        2.8379580974578857,
        2.7477290630340576,
        2.7434237003326416,
        2.7173893451690674,
        2.6336522102355957,
        2.74794340133667,
        2.583311080932617,
        2.7960727214813232,
        2.6458423137664795,
        2.740678310394287,
        2.588693380355835,
        2.8072445392608643,
        2.876145839691162,
        2.7733068466186523,
        2.782181978225708,
        2.636613607406616,
        2.642348051071167,
        2.617351531982422,
        2.9441869258880615,
        2.698791027069092,
        2.621678590774536,
        2.8028173446655273,
        2.711402177810669,
        2.6242547035217285,
        2.6579196453094482,
        2.525175094604492,
        2.7044389247894287,
        2.6323957443237305,
        2.6042332649230957,
        2.646637201309204,
        2.7331042289733887,
        2.7450647354125977,
        2.72617769241333,
        2.8466544151306152,
        2.7137911319732666,
        2.700803756713867,
        2.7674922943115234,
        2.7679853439331055,
        2.8407351970672607,
        2.8114852905273438,
        2.708542823791504,
        2.7261438369750977,
        2.7295076847076416,
        2.651947021484375,
        2.6595804691314697,
        2.6052777767181396,
        2.662926197052002,
        2.591332197189331,
        2.7143852710723877,
        2.677856922149658,
        2.644885778427124,
        2.5992074012756348,
        2.7726666927337646,
        2.737074613571167,
        2.6217098236083984,
        2.719790458679199,
        2.5612850189208984,
        2.665555238723755,
        2.6461946964263916,
        2.7064554691314697,
        2.633880615234375,
        2.7009530067443848,
        2.6969094276428223,
        2.7267343997955322,
        2.8746581077575684,
        2.771902084350586,
        2.6843442916870117,
        2.7765605449676514,
        2.7314364910125732,
        2.8293187618255615,
        2.7604005336761475,
        2.7096750736236572,
        2.6750481128692627,
        2.8297600746154785,
        2.6614935398101807,
        2.6658389568328857,
        2.5378098487854004,
        2.670142889022827,
        2.603135347366333,
        2.6754534244537354,
        2.6950910091400146,
        2.7432830333709717,
        2.6690609455108643,
        2.757481336593628,
        2.564671754837036,
        2.5611629486083984,
        2.6207144260406494,
        2.7703919410705566,
        2.6189632415771484,
        2.620133399963379,
        2.5635719299316406,
        2.8181562423706055,
        2.683655023574829,
        2.655461311340332,
        2.7939658164978027,
        2.8670976161956787,
        2.6552734375,
        2.7092366218566895,
        2.5757358074188232,
        2.6794304847717285,
        2.7416868209838867,
        2.73093843460083,
        2.6003987789154053,
        2.7595601081848145,
        2.7678327560424805,
        2.695401906967163,
        2.6818888187408447,
        2.628697395324707,
        2.71596622467041,
        2.5577433109283447,
        2.648468494415283,
        2.550238609313965,
        2.694835662841797,
        2.822117328643799,
        2.691615581512451,
        2.7789595127105713,
        2.8756942749023438,
        2.735978841781616,
        2.8246207237243652,
        2.710923910140991,
        2.577915906906128,
        2.7301149368286133,
        2.6616857051849365,
        2.5682079792022705,
        2.6914150714874268,
        2.67789363861084,
        2.6936936378479004,
        2.706590414047241,
        2.767381191253662,
        2.715010643005371,
        2.659569263458252,
        2.6728920936584473,
        2.9164531230926514,
        2.6466193199157715,
        2.8554470539093018,
        2.8053672313690186,
        2.720918655395508,
        2.7499890327453613,
        2.8300564289093018,
        2.5955681800842285,
        2.638402223587036,
        2.634939193725586,
        2.582624912261963,
        2.6215577125549316,
        2.669558525085449,
        2.648977041244507,
        2.837165355682373,
        2.7215611934661865,
        2.7515709400177,
        2.7047150135040283,
        2.7734103202819824,
        2.6997992992401123,
        2.9551665782928467,
        2.711047410964966,
        2.638568878173828,
        2.734930992126465,
        2.617811441421509,
        2.49204158782959,
        2.730074405670166,
        2.733752489089966,
        2.67148756980896,
        2.7628769874572754,
        2.685621976852417,
        2.7415895462036133,
        2.7293882369995117,
        2.5874392986297607,
        2.6660077571868896,
        2.719460964202881,
        2.789677381515503,
        2.7460544109344482,
        2.8070828914642334,
        2.7217724323272705,
        2.7266526222229004,
        2.90741229057312,
        2.6032230854034424,
        2.81272554397583,
        2.900899887084961,
        2.6498985290527344,
        2.72060489654541,
        2.4344215393066406,
        2.7582974433898926,
        2.6904549598693848,
        2.6853227615356445,
        2.705936908721924,
        2.698171854019165,
        2.7050652503967285,
        2.638218879699707,
        2.6888437271118164,
        2.600904703140259,
        2.617168664932251,
        2.5808606147766113,
        2.81239652633667,
        2.495375156402588,
        2.760787010192871,
        2.687255620956421,
        2.633814811706543,
        2.5752382278442383,
        2.586334228515625,
        2.762944459915161,
        2.6795899868011475,
        2.6833646297454834,
        2.4917197227478027,
        2.8922226428985596,
        2.702146291732788,
        2.4736557006835938,
        2.616259813308716,
        2.547536611557007,
        2.6263232231140137,
        2.6943752765655518,
        2.763784885406494,
        2.6459460258483887,
        2.7505688667297363,
        2.6286051273345947,
        2.7319347858428955,
        2.7124640941619873,
        2.6453750133514404,
        2.79044508934021,
        2.774770975112915,
        2.6858677864074707,
        2.5343029499053955,
        2.731997013092041,
        2.7207071781158447,
        2.591935157775879,
        2.657639980316162,
        2.7365150451660156,
        2.81528639793396,
        2.8777387142181396,
        2.6271190643310547,
        2.7679481506347656,
        2.6544113159179688,
        2.5510005950927734,
        2.59450364112854,
        2.629033088684082,
        2.6887753009796143,
        2.7538678646087646,
        2.609386444091797,
        2.6575279235839844,
        2.5468027591705322,
        2.831820011138916,
        2.785555124282837,
        2.702253580093384,
        2.6396093368530273,
        2.6336708068847656,
        2.5517170429229736,
        2.585927724838257,
        2.5333352088928223,
        2.7854626178741455,
        2.706958532333374,
        2.8215792179107666,
        2.6951565742492676,
        2.624809980392456,
        2.5985207557678223,
        2.6761319637298584,
        2.6116013526916504,
        2.680870294570923,
        2.691830635070801,
        2.615886926651001,
        2.6920268535614014,
        2.5854063034057617,
        2.7080955505371094,
        2.6411776542663574,
        2.6792588233947754,
        2.6690726280212402,
        2.6486332416534424,
        2.545945167541504,
        2.65850567817688,
        2.449646234512329,
        2.709850311279297,
        2.665381669998169,
        2.6389243602752686,
        2.7485053539276123,
        2.6856143474578857,
        2.669508218765259,
        2.6254618167877197,
        2.8447365760803223,
        2.687354564666748,
        2.7295875549316406,
        2.6691901683807373,
        2.752084493637085,
        2.5968940258026123,
        2.7687559127807617,
        2.6463255882263184,
        2.7301723957061768,
        2.6902289390563965,
