{
    "memory_size": 8,
    "trial": 0,
    "id": "dd0f8e7d690ab8ee4bc53d185a7b6855",
    "loss": 1.3543172106825887,
    "training_curve": [
        3.048856258392334,
        2.6497673988342285,
        2.5456600189208984,
        2.2774343490600586,
        2.2391295433044434,
        2.310488700866699,
        2.3576183319091797,
        2.1599438190460205,
        2.048635482788086,
        2.2532215118408203,
        2.2309041023254395,
        2.0849037170410156,
        2.065249443054199,
        2.1127853393554688,
        1.9642317295074463,
        2.1187944412231445,
        1.8887429237365723,
        2.0375564098358154,
        1.828927755355835,
        3.0596795082092285,
        1.7944860458374023,
        1.9579377174377441,
        1.94376802444458,
        1.9950542449951172,
        1.8790953159332275,
        1.7606582641601562,
        1.9738785028457642,
        1.8060532808303833,
        1.8360679149627686,
        1.8032782077789307,
        1.950784683227539,
        1.9278770685195923,
        1.8214097023010254,
        1.7207895517349243,
        1.7868846654891968,
        1.711193323135376,
        1.7909185886383057,
        1.656827688217163,
        1.6807245016098022,
        2.4207077026367188,
        1.906041145324707,
        2.001950263977051,
        1.8310444355010986,
        1.7690187692642212,
        1.7440778017044067,
        1.8736342191696167,
        1.702466368675232,
        1.6750209331512451,
        1.8027665615081787,
        1.8232080936431885,
        1.5659395456314087,
        1.5957976579666138,
        1.6355831623077393,
        1.6682865619659424,
        1.7460533380508423,
        1.843658208847046,
        1.7643693685531616,
        1.734717845916748,
        1.731576919555664,
        2.1156396865844727,
        1.6323425769805908,
        1.7203181982040405,
        1.5450690984725952,
        1.7504421472549438,
        1.6405174732208252,
        1.6702404022216797,
        1.6259983777999878,
        1.717433214187622,
        1.6344722509384155,
        1.5721007585525513,
        1.5096293687820435,
        1.6858501434326172,
        1.5681259632110596,
        1.5834916830062866,
        1.6587151288986206,
        1.7506229877471924,
        1.6437478065490723,
        1.6099860668182373,
        1.4721975326538086,
        1.9940509796142578,
        1.7158390283584595,
        1.4773403406143188,
        1.4396708011627197,
        1.6968177556991577,
        1.5611021518707275,
        1.5701237916946411,
        1.449413776397705,
        1.6614482402801514,
        1.4840891361236572,
        1.6250839233398438,
        1.4819303750991821,
        1.5163856744766235,
        1.5364885330200195,
        1.6887508630752563,
        1.5451873540878296,
        1.4947938919067383,
        1.5958729982376099,
        1.587056279182434,
        1.447571873664856,
        1.8534690141677856,
        1.5939054489135742,
        1.5284026861190796,
        1.687207579612732,
        1.6347113847732544,
        1.5628758668899536,
        1.5830293893814087,
        1.583810806274414,
        1.6060740947723389,
        1.8039098978042603,
        1.5890904664993286,
        1.3267767429351807,
        1.4231040477752686,
        1.678457498550415,
        1.4859490394592285,
        1.5703060626983643,
        1.6041569709777832,
        1.6099262237548828,
        1.4069284200668335,
        1.5872836112976074,
        1.6277841329574585,
        1.5596860647201538,
        1.4916741847991943,
        1.6128333806991577,
        1.435017466545105,
        1.6381583213806152,
        1.7094411849975586,
        1.5123214721679688,
        1.5603526830673218,
        1.3705506324768066,
        1.7072807550430298,
        1.6581752300262451,
        1.4759174585342407,
        1.3727705478668213,
        1.5114485025405884,
        1.533202886581421,
        1.4866269826889038,
        1.6380729675292969,
        1.3658256530761719,
        1.316349983215332,
        1.5994529724121094,
        1.5550659894943237,
        1.4709839820861816,
        1.5692942142486572,
        1.4033050537109375,
        1.5998090505599976,
        1.3865063190460205,
        1.6742690801620483,
        1.2214947938919067,
        1.4630441665649414,
        1.4455108642578125,
        1.454577088356018,
        1.386484980583191,
        1.6548099517822266,
        1.503269910812378,
        1.4662716388702393,
        1.5158939361572266,
        1.4074375629425049,
        1.5407521724700928,
        1.4570739269256592,
        1.600894570350647,
        1.6543364524841309,
        1.4843201637268066,
        1.474193811416626,
        1.685415267944336,
        1.5131064653396606,
        1.466142177581787,
        1.4025003910064697,
        1.4130642414093018,
        1.3873679637908936,
        1.4248087406158447,
        1.5818259716033936,
        1.3475583791732788,
        1.3121947050094604,
        1.6443911790847778,
        1.3750686645507812,
        1.4037630558013916,
        1.5110201835632324,
        1.4414571523666382,
        1.3798387050628662,
        1.5411697626113892,
        1.5851153135299683,
        1.484189510345459,
        1.4168540239334106,
        1.5935074090957642,
        1.3962843418121338,
        1.6139864921569824,
        1.4692455530166626,
        1.3540643453598022,
        1.7097904682159424,
        1.494398832321167,
        1.4629228115081787,
        1.5798689126968384,
        1.4002330303192139,
        1.4368542432785034,
        1.4264581203460693,
        1.6889160871505737,
        1.601675033569336,
        1.4687715768814087,
        1.4305793046951294,
        1.502947211265564,
        1.5622202157974243,
        1.2872233390808105,
        1.4746136665344238,
        1.4318242073059082,
        1.3317335844039917,
        1.2932466268539429,
        1.4904347658157349,
        1.4823499917984009,
        1.3311161994934082,
        1.2755197286605835,
        1.3705437183380127,
        1.4263933897018433,
        1.3704018592834473,
        1.4877926111221313,
        1.3142775297164917,
        1.3250638246536255,
        1.4518465995788574,
        1.3957128524780273,
        1.5316359996795654,
        1.5715287923812866,
        1.4560908079147339,
        1.3880641460418701,
        1.446069598197937,
        1.4260774850845337,
        1.3570451736450195,
        1.5504685640335083,
        1.5598580837249756,
        1.5533819198608398,
        1.4997297525405884,
        1.5184335708618164,
        1.432065725326538,
        1.3011716604232788,
        1.4976357221603394,
        1.4094624519348145,
        1.446310043334961,
        1.3679907321929932,
        1.4583927392959595,
        1.2919129133224487,
        1.5514134168624878,
        1.5257211923599243,
        1.5360629558563232,
        1.4959889650344849,
        1.4377118349075317,
        1.3813585042953491,
        1.3989620208740234,
        1.634978175163269,
        1.4376996755599976,
        1.465791940689087,
        1.451356053352356,
        1.5259809494018555,
        1.380683183670044,
        1.3670105934143066,
        1.2652242183685303,
        1.4536845684051514,
        1.6013848781585693,
        1.4090629816055298,
        1.336214303970337,
        1.5362305641174316,
        1.4225680828094482,
        1.7154024839401245,
        1.3748787641525269,
        1.4085601568222046,
        1.2329456806182861,
        1.4378020763397217,
        1.5091925859451294,
        1.327874779701233,
        1.5497772693634033,
        1.4171137809753418,
        1.4980645179748535,
        1.5849729776382446,
        1.588566541671753,
        1.415117859840393,
        1.550037145614624,
        1.4889914989471436,
        1.52105712890625,
        1.3759942054748535,
        1.522346019744873,
        1.302227258682251,
        1.4286143779754639,
        1.5242321491241455,
        1.600281834602356,
        1.4207321405410767,
