{
    "memory_size": 3,
    "trial": 1,
    "id": "de9085f08e6dd6384fc5572875d713c0",
    "loss": 1.736496983472712,
    "training_curve": [
        2.853710651397705,
        2.670222759246826,
        2.484393358230591,
        2.3294084072113037,
        2.441469430923462,
        2.3950483798980713,
        2.407970666885376,
        2.397606372833252,
        2.026627779006958,
        2.1954259872436523,
        2.2724390029907227,
        2.1670830249786377,
        2.2358171939849854,
        2.074023962020874,
        1.9673668146133423,
        2.2292141914367676,
        2.1623027324676514,
        1.9685322046279907,
        2.081757068634033,
        3.1230950355529785,
        2.0248911380767822,
        1.8880159854888916,
        2.0139195919036865,
        1.9647520780563354,
        2.0578157901763916,
        1.9895777702331543,
        2.023545026779175,
        1.9778252840042114,
        1.9745032787322998,
        2.1436617374420166,
        1.8369512557983398,
        1.8849037885665894,
        2.068443536758423,
        1.9510008096694946,
        1.9961085319519043,
        1.9989858865737915,
        2.081782817840576,
        2.020777702331543,
        2.0753986835479736,
        2.4376039505004883,
        1.9367690086364746,
        1.9311878681182861,
        1.9596545696258545,
        1.9844626188278198,
        1.9031450748443604,
        2.0339436531066895,
        2.003960132598877,
        2.1036136150360107,
        1.9482653141021729,
        1.7222555875778198,
        2.036933660507202,
        1.9605538845062256,
        1.977327585220337,
        1.7861772775650024,
        1.8788201808929443,
        1.8601148128509521,
        2.1328282356262207,
        1.8243019580841064,
        1.9638727903366089,
        1.9969422817230225,
        1.882828950881958,
        1.7710427045822144,
        2.0230398178100586,
        1.9986088275909424,
        1.7907060384750366,
        1.684837818145752,
        1.9707967042922974,
        1.9023942947387695,
        1.8359386920928955,
        1.916324257850647,
        1.8535127639770508,
        1.7201509475708008,
        1.9114662408828735,
        1.7397366762161255,
        1.8414477109909058,
        1.773339867591858,
        1.8192697763442993,
        1.8377946615219116,
        1.6166578531265259,
        2.012356758117676,
        1.9228118658065796,
        1.841280221939087,
        1.7871160507202148,
        1.645110845565796,
        1.817920446395874,
        2.0660183429718018,
        1.6845016479492188,
        1.7374048233032227,
        1.789907693862915,
        1.8987109661102295,
        1.8363806009292603,
        1.8599908351898193,
        1.7587624788284302,
        1.8593076467514038,
        1.7542542219161987,
        1.8755450248718262,
        1.7688676118850708,
        1.8329941034317017,
        1.776465654373169,
        2.162050724029541,
        1.8158128261566162,
        1.8086845874786377,
        1.8950458765029907,
        1.686765432357788,
        1.7803579568862915,
        1.6811856031417847,
        1.8630142211914062,
        1.8611252307891846,
        1.8538507223129272,
        1.687258005142212,
        1.8385117053985596,
        1.9517486095428467,
        1.6924419403076172,
        1.859222412109375,
        1.8122516870498657,
        2.004041910171509,
        1.84453284740448,
        2.001821279525757,
        1.8812739849090576,
        1.8606308698654175,
        2.014204978942871,
        1.800442099571228,
        1.766924500465393,
        2.03369402885437,
        1.8553322553634644,
        1.790431261062622,
        1.6937627792358398,
        1.7057315111160278,
        1.8277502059936523,
        1.7905505895614624,
        1.741152286529541,
        1.823826551437378,
        1.6600041389465332,
        1.6301270723342896,
        1.717003345489502,
        1.7113077640533447,
        1.6292667388916016,
        1.8487725257873535,
        1.6626367568969727,
        1.8709574937820435,
        2.047886848449707,
        1.8382539749145508,
        1.6760963201522827,
        1.8212863206863403,
        1.7776710987091064,
        1.7823116779327393,
        1.8287948369979858,
        1.6899781227111816,
        1.7404778003692627,
        1.8908978700637817,
        1.99720299243927,
        1.6670267581939697,
        1.8190135955810547,
        1.8369312286376953,
        2.00640606880188,
        1.67316472530365,
        1.7037980556488037,
        1.7853866815567017,
        1.7281395196914673,
        1.8399903774261475,
        1.8039973974227905,
        1.6611742973327637,
        1.8747828006744385,
        1.8464800119400024,
        1.5906586647033691,
        1.900886058807373,
        1.691586971282959,
        1.7306139469146729,
        1.8527520895004272,
        1.7946232557296753,
        1.9637531042099,
        1.8847692012786865,
        1.864558458328247,
        1.9333540201187134,
        1.7190775871276855,
        1.7216843366622925,
        1.7450053691864014,
        1.7548047304153442,
        1.7725063562393188,
        1.7356939315795898,
        1.8409130573272705,
        1.7818013429641724,
        1.8462024927139282,
        1.7495800256729126,
        1.6670538187026978,
        1.7325648069381714,
        1.7465401887893677,
        1.7509734630584717,
        1.8997663259506226,
        1.7686694860458374,
        1.6655369997024536,
        1.9877848625183105,
        1.808699607849121,
        1.9285122156143188,
        1.8169631958007812,
        1.8100563287734985,
        1.583967685699463,
        1.8534231185913086,
        1.8616219758987427,
        1.9556326866149902,
        1.8800724744796753,
        1.70364511013031,
        1.8742153644561768,
        1.8808984756469727,
        1.7433925867080688,
        1.945633888244629,
        1.771036148071289,
        1.84995698928833,
        1.690333604812622,
        1.7757116556167603,
        1.8101201057434082,
        1.7711519002914429,
        1.730498194694519,
        1.6779217720031738,
        1.9870553016662598,
        1.8927476406097412,
        1.66391921043396,
        1.896915316581726,
        1.7232598066329956,
        1.717521071434021,
        1.7473119497299194,
        1.7792364358901978,
        1.7652616500854492,
        1.8218456506729126,
        1.8038928508758545,
        1.7916462421417236,
        1.519362449645996,
        1.5947588682174683,
        1.7752759456634521,
        1.8713974952697754,
        1.8089776039123535,
        1.8499763011932373,
        1.7248506546020508,
        1.7838159799575806,
        1.752256155014038,
        1.8060990571975708,
        1.8845890760421753,
        1.7324340343475342,
        1.8405063152313232,
        1.776375412940979,
        1.9140156507492065,
        1.8698538541793823,
        1.6853868961334229,
        1.7970354557037354,
        1.9322681427001953,
        1.854792594909668,
        1.7660380601882935,
        1.7870146036148071,
        1.670902132987976,
        1.881259560585022,
        1.9249073266983032,
        1.6798977851867676,
        1.8550490140914917,
        1.7683943510055542,
        1.7509489059448242,
        1.8367111682891846,
        1.8014066219329834,
        1.715875267982483,
        1.5410170555114746,
        1.893432855606079,
        1.7481609582901,
        1.8913334608078003,
        1.8140718936920166,
        1.6006478071212769,
        1.7829885482788086,
        1.8936309814453125,
        1.895125150680542,
        1.8193978071212769,
        1.5801832675933838,
        1.7186305522918701,
        1.6051040887832642,
        1.7458508014678955,
        1.7736490964889526,
        1.8537683486938477,
        1.7234430313110352,
        1.7928045988082886,
        1.6611770391464233,
        1.8114455938339233,
        1.801764965057373,
        1.8760744333267212,
        1.8134516477584839,
        1.7173659801483154,
        1.8706507682800293,
