{
    "memory_size": 10,
    "trial": 3,
    "id": "e8b12f079a9138efc14951bc184622d7",
    "loss": 1.3990088443100879,
    "training_curve": [
        2.9619672298431396,
        2.549184560775757,
        2.485320568084717,
        2.2900354862213135,
        2.4551615715026855,
        2.244992733001709,
        2.126068592071533,
        2.2468814849853516,
        2.150930166244507,
        2.336721420288086,
        2.1158955097198486,
        2.122107744216919,
        2.0496768951416016,
        1.9182987213134766,
        2.120866537094116,
        2.0397074222564697,
        1.9866639375686646,
        2.1547908782958984,
        1.8342186212539673,
        3.212742805480957,
        2.002488613128662,
        1.870390772819519,
        1.895484447479248,
        1.8264405727386475,
        1.8818405866622925,
        1.8625876903533936,
        1.9915333986282349,
        1.748387336730957,
        1.8621870279312134,
        1.8875763416290283,
        1.94873046875,
        1.865852952003479,
        1.5568767786026,
        1.8474560976028442,
        1.7795004844665527,
        1.7559535503387451,
        1.8199677467346191,
        1.81492280960083,
        1.9446935653686523,
        2.536027669906616,
        1.7246286869049072,
        1.8351889848709106,
        1.8053069114685059,
        1.9375357627868652,
        1.642303228378296,
        1.6187688112258911,
        1.7627815008163452,
        1.6860077381134033,
        1.7911146879196167,
        1.6557974815368652,
        1.673647403717041,
        1.665867805480957,
        1.5807689428329468,
        1.5673714876174927,
        1.681522011756897,
        1.6601641178131104,
        1.8120707273483276,
        1.7172683477401733,
        1.6855157613754272,
        2.1164474487304688,
        1.721221923828125,
        1.7806787490844727,
        1.629794716835022,
        1.6585156917572021,
        1.487802267074585,
        1.3710360527038574,
        1.6857860088348389,
        1.4953997135162354,
        1.7650959491729736,
        1.7240102291107178,
        1.4371510744094849,
        1.452081322669983,
        1.5718172788619995,
        1.4901820421218872,
        1.619720458984375,
        1.2940739393234253,
        1.5378872156143188,
        1.387366533279419,
        1.6719951629638672,
        1.814047932624817,
        1.8158162832260132,
        1.5248618125915527,
        1.8341071605682373,
        1.6188218593597412,
        1.56000816822052,
        1.6432467699050903,
        1.595046877861023,
        1.616909384727478,
        1.6158744096755981,
        1.5271087884902954,
        1.5527149438858032,
        1.5755380392074585,
        1.5866788625717163,
        1.6898887157440186,
        1.6736857891082764,
        1.6378796100616455,
        1.609572172164917,
        1.6080840826034546,
        1.5852210521697998,
        1.7547632455825806,
        1.5609197616577148,
        1.5698720216751099,
        1.556656002998352,
        1.607791543006897,
        1.5927149057388306,
        1.6171478033065796,
        1.4707773923873901,
        1.4507439136505127,
        1.4848393201828003,
        1.6335886716842651,
        1.5214591026306152,
        1.6146413087844849,
        1.5495835542678833,
        1.3050376176834106,
        1.5465224981307983,
        1.4720804691314697,
        1.3853440284729004,
        1.4788380861282349,
        1.4309810400009155,
        1.6791539192199707,
        1.4625250101089478,
        1.4484845399856567,
        1.6151714324951172,
        1.4227399826049805,
        1.4832658767700195,
        1.4289194345474243,
        1.5012974739074707,
        1.579872965812683,
        1.3842953443527222,
        1.4203547239303589,
        1.522919774055481,
        1.5896942615509033,
        1.5146764516830444,
        1.3243589401245117,
        1.4235926866531372,
        1.5392584800720215,
        1.4480243921279907,
        1.4222162961959839,
        1.4932177066802979,
        1.774215817451477,
        1.5911405086517334,
        1.5430934429168701,
        1.3934440612792969,
        1.4525012969970703,
        1.4132713079452515,
        1.303337812423706,
        1.6944043636322021,
        1.6379655599594116,
        1.30656898021698,
        1.328424096107483,
        1.4922741651535034,
        1.3681309223175049,
        1.374809980392456,
        1.4727588891983032,
        1.5204460620880127,
        1.3437345027923584,
        1.5705446004867554,
        1.5411409139633179,
        1.326804757118225,
        1.6116408109664917,
        1.553078055381775,
        1.5919814109802246,
        1.628577470779419,
        1.526206374168396,
        1.4498416185379028,
        1.5506845712661743,
        1.4975706338882446,
        1.510295033454895,
        1.5588181018829346,
        1.5660858154296875,
        1.6063624620437622,
        1.3915210962295532,
        1.5070956945419312,
        1.518276572227478,
        1.4200706481933594,
        1.3832857608795166,
        1.3487024307250977,
        1.2509464025497437,
        1.4790995121002197,
        1.6337971687316895,
        1.4056661128997803,
        1.5237681865692139,
        1.5805619955062866,
        1.4877817630767822,
        1.4956436157226562,
        1.3952492475509644,
        1.442105770111084,
        1.2831577062606812,
        1.4704676866531372,
        1.394251823425293,
        1.4575095176696777,
        1.441307783126831,
        1.5357985496520996,
        1.4097000360488892,
        1.3513768911361694,
        1.5099190473556519,
        1.3619952201843262,
        1.261832594871521,
        1.486989974975586,
        1.562675952911377,
        1.4356672763824463,
        1.4224309921264648,
        1.3777741193771362,
        1.2474350929260254,
        1.4199836254119873,
        1.3604539632797241,
        1.2675224542617798,
        1.4116653203964233,
        1.3491004705429077,
        1.3656929731369019,
        1.465969443321228,
        1.3228193521499634,
        1.1821144819259644,
        1.4853285551071167,
        1.2739043235778809,
        1.589748501777649,
        1.345884084701538,
        1.4166330099105835,
        1.4551546573638916,
        1.4188910722732544,
        1.5892891883850098,
        1.50344979763031,
        1.3829065561294556,
        1.5122376680374146,
        1.3066580295562744,
        1.4043763875961304,
        1.3567402362823486,
        1.385354995727539,
        1.3219025135040283,
        1.2518746852874756,
        1.2700833082199097,
        1.303141713142395,
        1.3849784135818481,
        1.3652338981628418,
        1.5068025588989258,
        1.4593197107315063,
        1.3473737239837646,
        1.4625656604766846,
        1.5180751085281372,
        1.521304965019226,
        1.4100801944732666,
        1.422309160232544,
        1.660558819770813,
        1.2849152088165283,
        1.341503381729126,
        1.2787342071533203,
        1.4639508724212646,
        1.3278162479400635,
        1.6502810716629028,
        1.4464852809906006,
        1.53443443775177,
        1.2783006429672241,
        1.1226212978363037,
        1.5798522233963013,
        1.2961618900299072,
        1.4013192653656006,
        1.3838847875595093,
        1.2985785007476807,
        1.354304552078247,
        1.3691593408584595,
        1.473936915397644,
        1.5481517314910889,
        1.6127698421478271,
        1.4676367044448853,
        1.4110509157180786,
        1.4615561962127686,
        1.446326494216919,
        1.3929866552352905,
        1.4288363456726074,
        1.5862164497375488,
        1.4830129146575928,
        1.3704267740249634,
        1.3710728883743286,
        1.4264954328536987,
        1.4281558990478516,
        1.358027458190918,
        1.1917859315872192,
        1.3893567323684692,
        1.4427119493484497,
        1.516621708869934,
        1.4396038055419922,
        1.5616564750671387,
        1.4142515659332275,
