{
    "start time": 1730487978.2663004,
    "old id": "2404a4c95e78d69f13dfc8bf221c3756ad4812d012f0361c00501d18d2838275",
    "use_input_gate": true,
    "use_forget_gate": false,
    "use_output_gate": false,
    "use_state_gate": true,
    "use_new_state": true,
    "use_old_state": true,
    "use_residual": false,
    "n_layers": 3,
    "state_size": 256,
    "id": "0c3cd5bd61667c6fb90be7ecd351b9707741991f7f76fe88f42ce600110eb7f6",
    "loss": [
        3.5428014374658776,
        3.2227792349967124,
        3.0463144269379434,
        2.8720910910982056,
        2.796563834111875,
        2.7522874506572848,
        2.6486170017544017,
        2.602757435686226,
        2.535830115995691,
        2.5504125459917333,
        2.5597538462282143,
        2.5190743509803837,
        2.447024451727678,
        2.4549062229225522,
        2.4091705179056357,
        2.445024109674498,
        2.395548284528557,
        2.3378113142114874,
        2.335980411665913,
        2.424329603282561,
        2.355860462532355,
        2.3232416071803503,
        2.3363601089147643,
        2.258391598907391,
        2.183508160422834,
        2.1920274675293827,
        2.196053718808344,
        2.175651048201281,
        2.17149864593917,
        2.2520839989682155,
        2.2261528634891103,
        2.132381984643116,
        2.1339269321104877,
        2.134798290816306,
        2.1699585272452167,
        2.102643187236564,
        2.0857451122888837,
        2.087447517130326,
        2.088599393341287,
        2.1866406773008076,
        2.11133926663976,
        2.091671440719323,
        1.9963258538724302,
        2.0097713657351295,
        2.016652289980765,
        2.0345013802071605,
        2.034741275985254,
        2.0387200141074806,
        2.028492805101929,
        2.14010948001323,
        2.1087306635550616,
        1.9679220765038465,
        2.011262494961006,
        1.9814504052069233,
        1.998657888807497,
        2.0110588031311543,
        1.989293622537902,
        1.927844079959221,
        1.9365783216177024,
        2.093138780220984,
        2.044092520871589,
        2.023010993015963,
        1.9754745327238237,
        1.9517329629491549,
        1.9621375668741414,
        1.9703834634023065,
        1.9015847510701833,
        1.9062244537723612,
        1.894469299836426,
        2.05364735096606,
        1.877150196322379,
        1.8654086882064858,
        1.8546004711599164,
        1.8122684155010917,
        1.8261785218378792,
        1.841234974726763,
        1.8558344643796976,
        1.8709355424744125,
        1.8995638109507127,
        2.0224473859883565,
        1.8806860071611116,
        1.8993218329023396,
        1.8491833880358377,
        1.8345092321602954,
        1.8516324502293975,
        1.8860264095984314,
        1.8973888996733081,
        1.9103566790897484,
        1.864946332364173,
        2.0077927661769963,
        1.9029916678129932,
        1.847306127511357,
        1.906396616267264,
        1.8691172887694842,
        1.8502609120412044,
        1.8335156424332515,
        1.8739077081195248,
        1.8358297936982708,
        1.8132393266000348,
        1.9495025858353008,
        1.8727455493835596,
        1.8584197165447676,
        1.7920138352049801,
        1.8324668275357248,
        1.8559004919397155,
        1.823503948402102,
        1.8246840909738389,
        1.8397696932449945,
        1.809668532566254,
        1.9182241887994382,
        1.879255157624889,
        1.8683288756274246,
        1.8414166367342513,
        1.8304128682149654,
        1.8109614796676552,
        1.8227925346402665,
        1.829469717878251,
        1.8421296145819215,
        1.787456057348294,
        1.950163751433786,
        1.8071672469790074,
        1.8397829890327908,
        1.8136262304013322,
        1.8193058176256047,
        1.8316243081771286,
        1.7904182469577248,
        1.8173606627751546,
        1.8099832600673338,
        1.785903247595268,
        1.9018064693161227,
        1.8329382651372201,
        1.8114351154447372,
        1.872633795956309,
        1.778500856332757,
        1.7892839528880211,
        1.7611641626906527,
        1.7671491583041259,
        1.748992042193772,
        1.766577351943663,
        1.904761259254597,
        1.7938984840400878,
        1.7326226799136704,
        1.754551285131678,
        1.7701503503693627,
        1.7707702232333633,
        1.734739482926945,
        1.7615852621468655,
        1.709883485390659,
        1.7407210532729445,
        1.8366435831951704,
        1.7607156642382027,
        1.763047587714119,
        1.7302866528582725,
        1.7464286293493738,
        1.6959814954285333,
        1.7495429251213883,
        1.7752524582387212,
        1.801147291249135,
        1.767880832606375,
        1.8955453757070633,
        1.798671031022666,
        1.7802163563356181,
        1.7211194636367504,
        1.7462612295246611,
        1.7247757522105251,
        1.7245540532670376,
        1.693455373898883,
        1.7422250050538042,
        1.696889324659407,
        1.8528990344084597,
        1.7395494004887708,
        1.7318933741909326,
        1.6823899281343884,
        1.6881979554177424,
        1.7261225730342262,
        1.7375466582270696,
        1.7438302785957285,
        1.74089871462845,
        1.7343314647155486,
        1.9039214332575638,
        1.8236262326179453,
        1.757584712238998,
        1.7344527932867564,
        1.7109736894834116,
        1.7343990502234894,
        1.740946088003502,
        1.7608881842473136,
        1.7620072474956636,
        1.7084782975394026,
        1.8234868643230593,
        1.7576027271434618,
        1.7646770560505844,
        1.763663475026474,
        1.767772945640223,
        1.760207766692815,
        1.7550101419568462,
        1.7481709170587123,
        1.7519302119352214,
        1.7549746034323908,
        1.8461781901482042,
        1.7523093746354519,
        1.7276909845864563,
        1.6813796489906851,
        1.6539649081408885,
        1.718317945624069,
        1.794805840059989,
        1.7431429030879453,
        1.7027136416618476,
        1.6976039120622683,
        1.884577938022494,
        1.8253369127876888,
        1.799798775935711,
        1.750265424776559,
        1.7398973978900656,
        1.773372570456466,
        1.706670575288575,
        1.7170462315946742,
        1.7111897858319356,
        1.7561752422035313,
        1.8310679382361947,
        1.7854447640152438,
        1.7292952868023983,
        1.7369947952232248,
        1.787461335904114,
        1.7158863422744377,
        1.7150983610199773,
        1.7168594084398225,
        1.7112319350070675,
        1.7190377733844349,
        1.8298004513434072,
        1.7443374244602148,
        1.6750441645199503,
        1.6864538097280843,
        1.722380668748549,
        1.7414612298643577,
        1.6999385905713422,
        1.6710128632288068,
        1.6774896391475103,
        1.6850984607692319,
        1.797006039996568,
        1.7813817959010108,
        1.7337915275163587,
        1.7303665827338943,
        1.7195542819023655,
        1.7449293808097825,
        1.7353574712936917,
        1.7573344017886066,
        1.7645273465076643,
        1.788722921015238,
        1.8879786310501998,
        1.7681256106110907,
        1.6619021564655254,
        1.704789277717854,
        1.7305714902932094,
        1.7203509856019807,
        1.6998878277838114,
        1.7071042104017342,
        1.6645791825316265,
        1.7008186334785615,
        1.8173231753979993,
        1.7423141459407117,
        1.713657202401381,
        1.744453604148209,
        1.6592274286521689,
        1.7479684329518637,
        1.7029031867945446,
        1.7397403512292944,
        1.6949799778761938,
        1.720159760861508,
        1.8079946713330919,
        1.732184337995966,
        1.699255152317857,
