{
    "start time": 1730501356.8950255,
    "old id": "d7a16726d50c9303ea2b2936832d518d296d77cda9421fef2c027ab26f064124",
    "use_input_gate": true,
    "use_forget_gate": true,
    "use_output_gate": true,
    "use_state_gate": true,
    "use_new_state": true,
    "use_old_state": true,
    "use_residual": true,
    "n_layers": 2,
    "state_size": 256,
    "id": "100142c3cae5e0f1c960f541278791ba19067cc231b2bbd6c67007f4e0074f7d",
    "loss": [
        3.4315594191195045,
        3.142204296588992,
        2.926553328421812,
        2.825842892506848,
        2.7575582418463496,
        2.6731983552403578,
        2.576652142264162,
        2.5253326662659137,
        2.5036052998982843,
        2.5008346368397514,
        2.355902700803717,
        2.3625090582193544,
        2.3442233890525364,
        2.2848099615723645,
        2.273812141864296,
        2.2045083980530853,
        2.189140828857233,
        2.1448511965597143,
        2.135188786245958,
        2.1998639640772915,
        2.127369197749447,
        2.113606698537616,
        2.0649021102061447,
        2.0179860610463276,
        1.982034943422024,
        2.006379555261136,
        2.006919906722612,
        1.9838789606765368,
        1.9722156407045697,
        2.051714073037442,
        1.9892599473191777,
        1.9298047986361577,
        1.8907440290862847,
        1.846886586598659,
        1.8835110945379718,
        1.8387254766419816,
        1.8914803010785888,
        1.8443484584858767,
        1.8702177458153857,
        1.990752255028773,
        1.8871622077767343,
        1.890751203842158,
        1.799922928762244,
        1.850647599341356,
        1.8726121849757333,
        1.8169489907547598,
        1.8197157938538562,
        1.8249204215688555,
        1.8186584527619205,
        1.8902489407791847,
        1.8762760329793051,
        1.8446190276402736,
        1.815071581738586,
        1.7852933078442301,
        1.8420609345665722,
        1.7567409833259924,
        1.7757433054958527,
        1.7832090710914845,
        1.7294269347189095,
        1.900914388963561,
        1.8296310759040786,
        1.773615983261172,
        1.7601536077183628,
        1.7492358899498301,
        1.75950945178512,
        1.7474976442317216,
        1.7449914300306228,
        1.7455014695142081,
        1.7316145888705563,
        1.8626638978094172,
        1.7369426126361918,
        1.7611817027821894,
        1.7146608007472133,
        1.7110900921507821,
        1.7058361254545347,
        1.697235457302999,
        1.7486276968185768,
        1.711491961429438,
        1.6920516205538678,
        1.8517070484270455,
        1.7832288020628453,
        1.6963864442666639,
        1.7129911888735865,
        1.727412531307886,
        1.7044512802011649,
        1.697334627747774,
        1.6873163711279646,
        1.7396285181718043,
        1.7025505033166692,
        1.8879935100536096,
        1.7328665026222378,
        1.723831983687161,
        1.6738707968491597,
        1.6824389539375668,
        1.700067056503671,
        1.6607921682655749,
        1.6374652449493765,
        1.6814515619095334,
        1.667808534091423,
        1.8172701346722864,
        1.7401684469272647,
        1.7174465807094226,
        1.7112361467566157,
        1.7122311794286742,
        1.6883266429351336,
        1.6625631414079285,
        1.6477018922986022,
        1.7076920770295205,
        1.7139970339356088,
        1.8094948380435532,
        1.7131918045984347,
        1.6910997467851867,
        1.6866385085196887,
        1.6959543110731268,
        1.6696681494644192,
        1.6300815101946375,
        1.6809805634223554,
        1.6568188454261836,
        1.6693918403583763,
        1.7393728724403688,
        1.657983089385781,
        1.6655714586842758,
        1.6161926036384826,
        1.6354802641714692,
        1.6032831961727476,
        1.6509728267293746,
        1.592348917467027,
        1.6057923063226678,
        1.6251439457314631,
        1.761382402305911,
        1.703589111648361,
        1.7010832655746317,
        1.6960209830732065,
        1.6329086213876585,
        1.6749370737938245,
        1.6493482844833511,
        1.6102938764429073,
        1.617200576717029,
        1.6411453845649322,
        1.7630456149905822,
        1.6990111920577442,
        1.7028216743071862,
        1.6742079312679072,
        1.7111626307446672,
        1.6649050309650815,
        1.654573934840308,
        1.6626235689328048,
        1.6599097134614123,
        1.6366882540777354,
        1.761475133598154,
        1.6436964239650487,
        1.6051764617963342,
        1.659174134140261,
        1.6543753799691818,
        1.6633337379092232,
        1.5970199772113771,
        1.6236933069950683,
        1.6145154510280675,
        1.6342632255375216,
        1.752042879309807,
        1.7113522705898205,
        1.676333457580927,
        1.6993439103045929,
        1.6658046394594341,
        1.6664811818153702,
        1.6815736834302786,
        1.6580235301239579,
        1.661333975768192,
        1.6792747456832167,
        1.7478884292678272,
        1.6304212921570649,
        1.6240608318896375,
        1.5878120360805552,
        1.6445861416266356,
        1.644744266997178,
        1.61974736361032,
        1.6288885889759002,
        1.6338910587688835,
        1.6383517713520694,
        1.77271731411911,
        1.637378172678981,
        1.5937567509704658,
        1.606911154658605,
        1.5769373824247523,
        1.570512339655529,
        1.5535951244450263,
        1.6217179154373051,
        1.592729782832382,
        1.600824093931029,
        1.7285758316625384,
        1.6780669561584902,
        1.6651409504035073,
        1.6688704658605686,
        1.716273799058299,
        1.6748434946441764,
        1.6317573493864854,
        1.6321944235033095,
        1.576510272293225,
        1.5898983524979962,
        1.7334910250766347,
        1.679864683209223,
        1.6066537511958678,
        1.6495574836124165,
        1.655323496680849,
        1.5859112997601421,
        1.6170741866352545,
        1.5672892762519823,
        1.618079306269306,
        1.6222819249580307,
        1.712942025699177,
        1.6150721865817848,
        1.584123954791578,
        1.5628728891450667,
        1.555139432516221,
        1.58435979372815,
        1.5871870500280598,
        1.597839541150261,
        1.6160029996178515,
        1.6043593587951537,
        1.7533031040039808,
        1.6726970939518544,
        1.6334187689706212,
        1.640851524118472,
        1.6229423544093566,
        1.621359523199708,
        1.613626451534705,
        1.6617376298668296,
        1.6204417219316634,
        1.6047716860345995,
        1.7324719542021605,
        1.6505441038043716,
        1.6054876491343317,
        1.6378356842783064,
        1.599885407473093,
        1.6029586921947732,
        1.5851351455160718,
        1.6055571948456415,
        1.6034034738354168,
        1.599432568381411,
        1.6950276464095702,
        1.597669053759681,
        1.6048197903876957,
        1.582598270733616,
        1.5825490359632919,
        1.5853744584636296,
        1.6165655772401806,
        1.5723277976389776,
        1.5650667917476868,
        1.5331593016598863,
        1.684680453871702,
        1.6014160753630318,
        1.598818822236086,
        1.5772928346441997,
        1.6151149262926663,
        1.5571989168647526,
        1.5797352561985,
        1.6148656142939952,
        1.5617287940673559,
        1.577209957455119,
        1.7448052453380642,
        1.6305567657292481,
        1.6217931653241318,
        1.5850532197071323,
        1.608156040252632,
        1.5646021687839424,
        1.5977369389302845,
        1.5935358705496392,
        1.5707857937680807,
        1.6564347993048056,
        1.7139465631231952,
        1.6222858758221024,
        1.6085411999361587,
