{
    "start time": 1730495039.769009,
    "old id": "d7a16726d50c9303ea2b2936832d518d296d77cda9421fef2c027ab26f064124",
    "use_input_gate": true,
    "use_forget_gate": true,
    "use_output_gate": true,
    "use_state_gate": true,
    "use_new_state": true,
    "use_old_state": true,
    "use_residual": true,
    "n_layers": 2,
    "state_size": 512,
    "id": "1278ed59e610c71fa180041bf6e1a671229eb2a82690c7dfdea7f575c60ca39c",
    "loss": [
        3.190044635387149,
        2.831376660620292,
        2.738935322787315,
        2.6420959465235354,
        2.5915093880187086,
        2.5171237537087974,
        2.474432259119323,
        2.4099081872263857,
        2.3664171252404698,
        2.3627515422007357,
        2.2505021914123318,
        2.238864992670563,
        2.2091383620800884,
        2.150478633943159,
        2.114150548494937,
        2.076851270429893,
        2.074147008177575,
        2.047211117020434,
        2.003291942323113,
        2.091992580919142,
        2.037384603838516,
        1.9353131407273914,
        1.9330217760492339,
        1.922431845985017,
        1.9447773492526044,
        1.8836359340063957,
        1.8835879924709753,
        1.85697856049203,
        1.880935692385442,
        1.9565064530573755,
        1.8498328155733867,
        1.9025124911775624,
        1.8500499002077446,
        1.8389632648217322,
        1.7819841333845978,
        1.8416519322641378,
        1.8490261110630937,
        1.8175469411143976,
        1.7626943918158753,
        1.9176484019945808,
        1.8421143018092183,
        1.8154793766936717,
        1.8067981056343112,
        1.776547213126261,
        1.7679117728961362,
        1.7882094571079834,
        1.7707017135312897,
        1.738469059925185,
        1.7268319655445008,
        1.870080208046812,
        1.7990586208922,
        1.781409258427882,
        1.772971821481787,
        1.7699700247136287,
        1.7309008286353165,
        1.7435990761582136,
        1.733174075966489,
        1.6952299774898465,
        1.7029832239351566,
        1.859150862666205,
        1.7603312131113706,
        1.7146074307877956,
        1.7314144195614622,
        1.7551303308064061,
        1.7631779445155271,
        1.7155768021709377,
        1.696958639022787,
        1.7311730011406619,
        1.7287593597452589,
        1.8075951602384397,
        1.7312437751512453,
        1.6284809364181667,
        1.6589148163786378,
        1.638273816546237,
        1.6283583363036194,
        1.63406678962692,
        1.6075542912991139,
        1.6693559983167408,
        1.641119928038291,
        1.7942347936282024,
        1.6713404365624445,
        1.6901748829744037,
        1.6610886654394708,
        1.6619828460069235,
        1.6800347337463006,
        1.6860117593177202,
        1.6791950131221935,
        1.6355486575845124,
        1.6632067748752921,
        1.805954228287435,
        1.6962072754439854,
        1.7200855907035666,
        1.6958769391597244,
        1.6411240592337832,
        1.721501515446803,
        1.6602025896401469,
        1.6025418978773907,
        1.633812788165024,
        1.6258434493517084,
        1.7445815316636875,
        1.6604861824613255,
        1.667924415101004,
        1.6719881745887737,
        1.6589817137686547,
        1.6239549902208756,
        1.6202200594107294,
        1.5950088443297075,
        1.5784066369239218,
        1.580218003783542,
        1.74494799553366,
        1.6761107572775789,
        1.6593512876843202,
        1.6240604192760715,
        1.6543482098653344,
        1.6276432580523297,
        1.6210150288208895,
        1.6106901113789027,
        1.5853993169294889,
        1.6249618085036048,
        1.7603741442651852,
        1.662845700086484,
        1.6629215400528554,
        1.719747684284306,
        1.6375366397502304,
        1.623003277892982,
        1.5903632731606498,
        1.6426127749828017,
        1.6219890986916485,
        1.631055354096024,
        1.725209779835754,
        1.6438444227486362,
        1.6205000376925343,
        1.5838754388277307,
        1.6016579610768846,
        1.6161728917739957,
        1.560227540620887,
        1.5874640372449405,
        1.5872111800888078,
        1.6181286943803912,
        1.7429759954235426,
        1.6664701763553047,
        1.6126981965815597,
        1.6366604279294794,
        1.5711278669493352,
        1.5899684580275866,
        1.595595961360204,
        1.5602044772896757,
        1.5461852933375195,
        1.581617055294792,
        1.7311984122050144,
        1.6266648629760172,
        1.6580152057560336,
        1.6199644074545405,
        1.5712027854021444,
        1.5958179279722233,
        1.614982949056376,
        1.5740286146483669,
        1.6204272081271909,
        1.6409216461325988,
        1.713586830873774,
        1.6882642523676423,
        1.625446495309685,
        1.6091388016387909,
        1.604597120898704,
        1.60856473104992,
        1.5645722139349456,
        1.5734891346061715,
        1.5547275264583982,
        1.603477501725958,
        1.7614397325443396,
        1.6402342636536564,
        1.618009297445059,
        1.6380361261356087,
        1.5984396117574413,
        1.578228168250378,
        1.5590575153391877,
        1.5996109017730307,
        1.580167005724714,
        1.6146869536899606,
        1.738307040123028,
        1.604445807658502,
        1.6038040434179148,
        1.5592965085184163,
        1.550367009727638,
        1.5604989330449253,
        1.5959785330316256,
        1.5473516267067922,
        1.5822710658752563,
        1.5600324258971026,
        1.683739625274642,
        1.630308952452753,
        1.6209081549756181,
        1.587499576735018,
        1.5784141464274968,
        1.578419061384087,
        1.580577372076289,
        1.568448297324283,
        1.5767814814820749,
        1.5942361937967973,
        1.6674263679035854,
        1.6038346028268393,
        1.578290590799359,
        1.6226432075566808,
        1.551545304534477,
        1.5614065512387978,
        1.5673034241617405,
        1.5844942388846917,
        1.6081069456423807,
        1.6167979350157515,
        1.698293488048707,
        1.602857484419313,
        1.5388478720578413,
        1.6024651760686113,
        1.593952239527937,
        1.5521950505268824,
        1.5549966117201948,
        1.529987421721946,
        1.571912256504048,
        1.5676828826405715,
        1.6799331689208337,
        1.5741823922923532,
        1.5776413929842616,
        1.5857721885361904,
        1.610616387535859,
        1.5750828824076724,
        1.543999501538167,
        1.5697401286575203,
        1.5327340307454196,
        1.5568524091253706,
        1.639291237574297,
        1.569276854255501,
        1.5590587092029558,
        1.5805293369205837,
        1.5915060863404902,
        1.543180706479184,
        1.5683929747144547,
        1.5674694246189886,
        1.5832385923981604,
        1.61781441352182,
        1.6728027636759277,
        1.5579920263010676,
        1.5936850120637096,
        1.5824879564433725,
        1.6054830188399418,
        1.5316094906331206,
        1.528465204339228,
        1.529320598431528,
        1.5607262001892421,
        1.5139957538057807,
        1.6535531651505297,
        1.5799660925587713,
        1.5479171165000138,
        1.5553051198265,
        1.5705817647762177,
        1.5596820704269623,
        1.5816230899462018,
        1.58917627468975,
        1.568579264313743,
        1.4983465043309678,
        1.7255185390504204,
        1.6221998928633012,
        1.6161693238875714,
        1.6082590308427234,
        1.5788329164547232,
        1.5680621276586273,
        1.6057063351169756,
        1.5937295903115374,
        1.558304307794368,
        1.5575478975063126,
        1.6758235499638197,
        1.622626927307363,
        1.5720273490061865,
