{
    "start time": 1730501526.1842716,
    "old id": "1643885c4f616623f6767b309b0478afd6ab576fa4e6421d5bcb3a6f8c3ca9c7",
    "use_input_gate": false,
    "use_forget_gate": true,
    "use_output_gate": false,
    "use_state_gate": false,
    "use_new_state": true,
    "use_old_state": false,
    "use_residual": true,
    "n_layers": 3,
    "state_size": 256,
    "id": "16d43a6882437b0eb13617d95ae6073159f6dfb7d4af5750504fa1d1699c3e23",
    "loss": [
        3.4397043538708174,
        3.1305982849547975,
        2.8759283753978306,
        2.700384233730842,
        2.6079909707233835,
        2.531271084323696,
        2.489364791228627,
        2.3909349439854126,
        2.3683923281736425,
        2.402830530684715,
        2.2776056703592618,
        2.2621584517423092,
        2.23835973400498,
        2.194392196334068,
        2.1944037088256323,
        2.1039145306510116,
        2.0814827302482772,
        2.0928759957866703,
        2.0801053682062594,
        2.156179158768372,
        2.054116689297741,
        2.022207821407038,
        1.9843090319291676,
        1.9647090419873623,
        1.9723230277839967,
        1.8818635219563082,
        1.8961034904618421,
        1.872529110121816,
        1.8723950070222717,
        1.9687391197219235,
        1.924289516698686,
        1.8578457911423696,
        1.8108240732715055,
        1.8852174383704352,
        1.8555597045178334,
        1.8075740632740063,
        1.8050908437064026,
        1.802746256927349,
        1.8153653397363716,
        1.9507332987313843,
        1.8603603032773448,
        1.8351008892805643,
        1.8217630135769893,
        1.7740803753430545,
        1.7866082241394474,
        1.8009583193589924,
        1.8251938513723827,
        1.786059777809079,
        1.7823653422397334,
        1.9085664872943344,
        1.8269158330173967,
        1.8125179056950702,
        1.7960502003126462,
        1.7281380100402666,
        1.7798357256526018,
        1.7765575300709533,
        1.7608498060209936,
        1.7213755365126504,
        1.7457125956509703,
        1.9091617797004123,
        1.7659359588576866,
        1.7604756545457794,
        1.7999233775482228,
        1.7547924701842688,
        1.77484527624201,
        1.7646962697667954,
        1.7630462221563796,
        1.7076315370409703,
        1.7631413003520366,
        1.8832501793558396,
        1.7384343130001405,
        1.7063463449176324,
        1.7696685956177205,
        1.710208701874454,
        1.7078615145638125,
        1.687965619873368,
        1.6976473609230203,
        1.6658921622289464,
        1.6631421978551721,
        1.84934631372344,
        1.8092764202063913,
        1.7491938428493186,
        1.70129664484541,
        1.6806743837369942,
        1.7080774762868922,
        1.6929077045416392,
        1.689446752794175,
        1.7081754432381835,
        1.72581355790796,
        1.805765947016842,
        1.735911612897138,
        1.6847145049957746,
        1.676313372848335,
        1.6930434518756772,
        1.7173051530990557,
        1.7000591479010856,
        1.7154016922171915,
        1.6930569285362245,
        1.6892502245385477,
        1.8080652544710538,
        1.7210858194365328,
        1.6544480821082046,
        1.7101488580468998,
        1.7391423011404619,
        1.701147413593779,
        1.6896872269811969,
        1.716156151366349,
        1.6682165005885967,
        1.6501118891117261,
        1.7469824464947237,
        1.7223521929962509,
        1.6778221778942388,
        1.683338179798037,
        1.6752789532231238,
        1.7016016465745558,
        1.678140840543196,
        1.6900925458403362,
        1.70842025367642,
        1.697579207420242,
        1.8534304777596924,
        1.7225330812141018,
        1.667602757318636,
        1.689672285660752,
        1.6799514787463636,
        1.6834645944036146,
        1.675323127430869,
        1.6755656969346024,
        1.659722316373739,
        1.651158153947795,
        1.7865431162062517,
        1.7018082539884778,
        1.655130880521084,
        1.672220913847567,
        1.6546417302459049,
        1.6102946778200633,
        1.6655293964213498,
        1.6150741864865261,
        1.5940785649110927,
        1.6020183335096125,
        1.7941609440432158,
        1.6987789956551538,
        1.726326375263019,
        1.6822552736823009,
        1.6629880267121129,
        1.6654915433594977,
        1.6567213011656796,
        1.6745359681084797,
        1.6614173398871634,
        1.6318043853052948,
        1.751060806050805,
        1.7224859775524382,
        1.6665225391880656,
        1.6700927527193783,
        1.6673858146826768,
        1.6662947623480457,
        1.706037325500635,
        1.6813534383420163,
        1.6418472871204106,
        1.689861443333389,
        1.742767108546284,
        1.698539617014949,
        1.6734800591613714,
        1.654820461669918,
        1.6225487155905978,
        1.7319338434332499,
        1.6932737944259464,
        1.6965768845384255,
        1.6708204951957144,
        1.68216578689008,
        1.7521272317437564,
        1.644951766272931,
        1.6209857950157558,
        1.6393274349005906,
        1.6405716285209384,
        1.6418792126990764,
        1.6503576205148316,
        1.6861107937867872,
        1.6557839478171588,
        1.6479829496341862,
        1.7600066908868086,
        1.6873820161409607,
        1.6497923311541698,
        1.6323961209848354,
        1.6654198629105867,
        1.6517955913448898,
        1.6310119178680824,
        1.6366186946507986,
        1.6170308134059255,
        1.6547241344930435,
        1.7576344436055864,
        1.6850488726042823,
        1.6338494581114273,
        1.6450239591206102,
        1.6249102123761265,
        1.6222720128177293,
        1.647920706015583,
        1.6580042292918133,
        1.6562372454815626,
        1.628358072334639,
        1.7768931147034375,
        1.666118883229132,
        1.6643278359249734,
        1.6259784865527482,
        1.6249756233172115,
        1.6464098411246242,
        1.6279760906188119,
        1.6146828970231235,
        1.6245383682701224,
        1.6583370166173912,
        1.72117154228904,
        1.7018003967586668,
        1.6641030449258936,
        1.6493602037225399,
        1.636084603451493,
        1.661492909619509,
        1.6455279912722187,
        1.6267818968784689,
        1.5884932887354253,
        1.6557368058431357,
        1.7572115424276094,
        1.6878447853763665,
        1.6914393827766754,
        1.6358071390485969,
        1.6802561960024516,
        1.644297590414754,
        1.6175025264397072,
        1.6422317745046755,
        1.619892499728865,
        1.6017326456909182,
        1.6995302027215056,
        1.6843453580642673,
        1.6659726611743106,
        1.677508679737738,
        1.6572386234131762,
        1.6235677212450612,
        1.72814867132912,
        1.722054135660803,
        1.694505332392153,
        1.6461790891324881,
        1.7622661092206127,
        1.6949733277963028,
        1.6354621557458906,
        1.6295977056618625,
        1.6662753315713432,
        1.6419335518570566,
        1.6531295406426607,
        1.6495934150319058,
        1.647035508788527,
        1.6584266807662127,
        1.7704373459387968,
        1.631078058026692,
        1.6637652105852359,
        1.6549695241288265,
        1.5773142802871203,
        1.6555844524471368,
        1.598783925371274,
        1.6188498800229765,
        1.6203940397627046,
        1.6384166893738048,
        1.699207841296735,
        1.6444590560194399,
        1.6264176994600075,
        1.6289163636413462,
        1.6542001199652416,
        1.6261609953306488,
        1.611114637549924,
        1.6037083881560477,
        1.6372816946413629,
        1.6568191879927676,
        1.7347083472177716,
        1.680455602320189,
        1.6717878368415984,
