{
    "start time": 1730502163.418394,
    "old id": "5f2122c507dc347b3b45567f95d0e057493cf1033a21454700f6cc2649ac246e",
    "use_input_gate": true,
    "use_forget_gate": true,
    "use_output_gate": false,
    "use_state_gate": false,
    "use_new_state": true,
    "use_old_state": true,
    "use_residual": false,
    "n_layers": 3,
    "state_size": 256,
    "id": "1ce063d8cc4df734b8541818a16207265094f3719c494e6e38e95b7f5f6ea0c2",
    "loss": [
        3.5966039528472433,
        3.3905563035526645,
        3.2328116277212633,
        3.028168221121583,
        2.929370164086607,
        2.8410220697439783,
        2.8164829497128427,
        2.7373112362952354,
        2.7189967160583297,
        2.7091309364735454,
        2.6381710999389645,
        2.6401245925469055,
        2.6001755175610373,
        2.5582905792532884,
        2.528435544408519,
        2.4746077078026563,
        2.462850301206996,
        2.4307085327682567,
        2.4025958626529564,
        2.5153940150743703,
        2.417366525632848,
        2.4078641962858103,
        2.419990285695633,
        2.398564346019589,
        2.360665496326558,
        2.3762695631091186,
        2.383747836711208,
        2.327720779781148,
        2.318400092841959,
        2.389142676870124,
        2.2707962517899434,
        2.2800200374700896,
        2.24932765600776,
        2.214307919917312,
        2.2188545709808465,
        2.2319987587095733,
        2.208854548576993,
        2.1937791325676614,
        2.2169248877528025,
        2.290659882634418,
        2.191531508686013,
        2.1607689980362563,
        2.134809143017893,
        2.150320644426825,
        2.146180956653508,
        2.133945745578328,
        2.1268280314346413,
        2.09063292463722,
        2.1363292760172126,
        2.1815530009804647,
        2.123418373564156,
        2.1066410570128,
        2.0949983056841495,
        2.1167659056974912,
        2.0892421910887986,
        2.043578906676727,
        2.0324770627664654,
        2.047560839376308,
        2.0676294555520514,
        2.17843250493278,
        2.065418293973805,
        2.0174021858111053,
        2.0156505671709386,
        1.9826564890423948,
        1.9945258945859146,
        2.019417722619247,
        2.015282103210627,
        2.0146851762032836,
        2.0647874052853026,
        2.084264627928526,
        2.0177561834810254,
        2.042677838716028,
        1.9570513737663204,
        1.9604506237674337,
        1.9906641713070952,
        1.9612280020937836,
        1.962347833298691,
        1.9559710696230297,
        1.9712129055005696,
        2.0987023795363395,
        1.978637539363121,
        1.9875826218298496,
        1.9853467605489414,
        1.991426532130575,
        1.9871387841992496,
        1.9633158506107335,
        1.9844513410990168,
        1.9357836761697977,
        1.955961420263655,
        2.05926606084578,
        2.012689927502398,
        1.9114555358406864,
        1.9346884729527694,
        1.9170757338960631,
        1.9877039339842482,
        1.8899452103101118,
        1.9556080725570226,
        1.9118456970551305,
        1.8781944022974943,
        1.9783633918865047,
        1.9717168795733915,
        1.928500190932313,
        1.9020290300260438,
        1.8845178868469152,
        1.867205398131557,
        1.9089999323308617,
        1.907294584520236,
        1.879347153573302,
        1.8986672385697172,
        2.0051591809922944,
        1.943522664683625,
        1.9119963051696305,
        1.8945951591838353,
        1.897739208884354,
        1.850707365371914,
        1.8896721461743171,
        1.913997934126338,
        1.8539965505380127,
        1.9007664322865323,
        2.006161982015312,
        1.9372091293525184,
        1.90620214565117,
        1.8906745518641348,
        1.8631860251656873,
        1.8687230452768937,
        1.8920710676624295,
        1.887781299302279,
        1.8882796356379157,
        1.8659616996168424,
        1.9764326980189733,
        1.9136483122780918,
        1.944382508304805,
        1.9076555564388307,
        1.8764997944316337,
        1.8926175607307965,
        1.9591703207546936,
        1.897636893746405,
        1.8825899679838618,
        1.8693307808804274,
        1.9447981893543462,
        1.9204475309355893,
        1.8659484521811391,
        1.8966337042431245,
        1.849048348026355,
        1.8504958690579238,
        1.8818437487577817,
        1.918048341973177,
        1.8563762133020356,
        1.8868030092901134,
        1.9672411584739997,
        1.8734399015620766,
        1.8573605601721004,
        1.8757850862817844,
        1.86373749874763,
        1.8608969167144302,
        1.8714792369070534,
        1.8123971165478154,
        1.8073467709365427,
        1.873381920663041,
        1.9319752020052703,
        1.8699878889689028,
        1.857731793527507,
        1.8332534450898226,
        1.8979831153503806,
        1.8488296333185377,
        1.793977623979007,
        1.816596569504548,
        1.8272122933545478,
        1.8406030315414894,
        1.9662873924466349,
        1.898995629101117,
        1.8425629039900353,
        1.843682361621425,
        1.8792759701618549,
        1.8312466194927146,
        1.8708957841444298,
        1.8043226707691635,
        1.774501488344027,
        1.8247771021418417,
        1.889651097534971,
        1.8043916659929233,
        1.8209300077023707,
        1.8004238416342306,
        1.8071838617754774,
        1.8030543577492486,
        1.8272176752028697,
        1.8268951662862973,
        1.800676283454738,
        1.7737031712285538,
        1.8707222489534947,
        1.8582420430850966,
        1.8129757906556578,
        1.8172209175697682,
        1.8842069651022684,
        1.8454830799710185,
        1.794923138441446,
        1.7749236436177835,
        1.7665364276133064,
        1.7872075960961973,
        1.8832203788841169,
        1.8509586861380987,
        1.8253276271112915,
        1.8489478889369184,
        1.8033873147920605,
        1.8057198783110973,
        1.79944285338379,
        1.7818947744946678,
        1.7703382374548584,
        1.8133923138285948,
        1.9386275842909044,
        1.8752781017886477,
        1.829656028138115,
        1.8402454947594877,
        1.8029910533806783,
        1.828329384303705,
        1.7849386983339177,
        1.8034032879943305,
        1.8092602129859816,
        1.7514032850710806,
        1.8950830219681407,
        1.839921280349424,
        1.8303639574709183,
        1.8866314842373209,
        1.888828835480149,
        1.8673248701503973,
        1.883896263356705,
        1.828072286664761,
        1.8418759474733524,
        1.8120448362799595,
        1.9832816367156976,
        1.8761384508217265,
        1.868939646472013,
        1.817842699016857,
        1.7742789525705867,
        1.7544722589306152,
        1.8224316908266371,
        1.780008347702519,
        1.8032995150576447,
        1.8093830321766735,
        1.9091827999073905,
        1.8473850150445619,
        1.805328215009624,
        1.781408740041499,
        1.8171560520472085,
        1.7896049242210557,
        1.7575595225279819,
        1.7688097090619352,
        1.832921906444772,
        1.792961231876841,
        1.88315379988732,
        1.8133380613601353,
        1.8186760353087277,
        1.8460048983193482,
        1.7726830172781634,
        1.792866732550286,
        1.773443865736593,
        1.7863792325861643,
        1.7801637828434305,
        1.7582346862224227,
        1.8705200334452496,
        1.8044185012645646,
        1.819839459778336,
        1.814493294970463,
        1.7901543029203746,
        1.8252877363353786,
        1.7484511316043614,
        1.8175284449563625,
        1.813872242838974,
        1.8228280623714037,
        1.8661359473081225,
        1.7828924388168583,
        1.7771976061584567,
