{
    "start time": 1730494866.3714073,
    "old id": "a3218be8f401c1dcb4e70b87135635c73cb0bf02c346a8652978fe0e3f0f9588",
    "use_input_gate": false,
    "use_forget_gate": true,
    "use_output_gate": true,
    "use_state_gate": true,
    "use_new_state": true,
    "use_old_state": false,
    "use_residual": true,
    "n_layers": 2,
    "state_size": 256,
    "id": "2219512bd042ebed23907eb2f013ace8ee6596331e9d4f2bade507412496bcd1",
    "loss": [
        3.395116690662479,
        3.03426713843559,
        2.8490333092394042,
        2.6984431582191317,
        2.5685642899764414,
        2.491702567782143,
        2.4385410164956447,
        2.3882583743337293,
        2.3297230789128354,
        2.3134006583024425,
        2.274737844464414,
        2.2300048223414106,
        2.1874679824963965,
        2.208700432404275,
        2.0684978043185236,
        2.085791029893478,
        2.0890972611695027,
        2.0765589271214204,
        2.0718677191574506,
        2.1306346869306334,
        2.080084282216806,
        1.9896159900793038,
        1.9754952793030527,
        1.94960694741438,
        1.9537685850085595,
        1.934437776757004,
        1.9098907770634612,
        1.913927875454532,
        1.9098424211246048,
        1.999920106701309,
        1.885820211698293,
        1.9044972633640098,
        1.8563003259083697,
        1.884103421285608,
        1.8475390276201136,
        1.8271389819656265,
        1.8631808277588653,
        1.8398137717295233,
        1.8650493138739954,
        1.9498486457585291,
        1.8451877967486647,
        1.796940447497256,
        1.7958440030230802,
        1.8294140573415745,
        1.83046296380708,
        1.8252357432132797,
        1.759867027457066,
        1.7859027614313698,
        1.7844351087917658,
        1.9131524825505406,
        1.7967743882675982,
        1.783484010198885,
        1.8027071695087407,
        1.7913434476947385,
        1.7742765034752137,
        1.7567888308814905,
        1.741662975127015,
        1.7783819613534457,
        1.697987909544837,
        1.9043651105955495,
        1.8066376539682574,
        1.8435039069387908,
        1.8275873726773368,
        1.8074687152923883,
        1.8289240969730718,
        1.8258397471810657,
        1.8088420063860062,
        1.7977088447081786,
        1.7383667596276606,
        1.8726059554904808,
        1.766782950239628,
        1.7227893693292724,
        1.7194953033356584,
        1.7424065120421857,
        1.7848280931436462,
        1.7021649715419258,
        1.7073896006406646,
        1.68529535467232,
        1.6855129944600555,
        1.8371990056442833,
        1.78426487328174,
        1.7376603756293756,
        1.6732369747047553,
        1.7141630564592165,
        1.693872671981962,
        1.6694504080983026,
        1.6913305711022526,
        1.6890857303883249,
        1.688270207591206,
        1.821416791268506,
        1.7929207616710972,
        1.708737122137137,
        1.7062953624820787,
        1.6344902391664828,
        1.6976184958017257,
        1.748429755767975,
        1.6739516578349374,
        1.6949966575558653,
        1.6966605593656414,
        1.8285089093319724,
        1.6890330600151628,
        1.7113915688847101,
        1.7099106115035267,
        1.6701785541174592,
        1.672145741753286,
        1.6609319832357563,
        1.670979906554288,
        1.6951171612618041,
        1.7108809422528122,
        1.7954796609199317,
        1.7426243420176588,
        1.6889525957291571,
        1.7049005329271054,
        1.6953389170930926,
        1.668093553898909,
        1.715774024845371,
        1.7019538199512392,
        1.6776792606431816,
        1.6503916718395026,
        1.8337868028160003,
        1.7026246211904297,
        1.684082137331941,
        1.6815669603612264,
        1.6695997982448,
        1.662776745043475,
        1.6438759086213814,
        1.648482329485772,
        1.6601986981309913,
        1.6551620699587455,
        1.7697977992674092,
        1.701335596338664,
        1.7019951398926976,
        1.6469555010843764,
        1.6119923107072862,
        1.6286089900475482,
        1.6173672221094462,
        1.6463747554051353,
        1.6198190094584486,
        1.621404272385611,
        1.799125696604839,
        1.7305804888579013,
        1.738557610765102,
        1.7481595146028917,
        1.6528823029586268,
        1.7093996127474222,
        1.6831815420555754,
        1.654838464938919,
        1.6535848071898356,
        1.6556948178893476,
        1.776554340472345,
        1.6991574507126914,
        1.6709925458106545,
        1.6895849050268519,
        1.632748231583863,
        1.6376480073681068,
        1.6260453496973295,
        1.6551223048377,
        1.658094328870013,
        1.6317654743747056,
        1.7893966478308156,
        1.643927864983069,
        1.637001065672453,
        1.6384124407671494,
        1.5941951264034575,
        1.6864264487504246,
        1.6335564990046263,
        1.6739271487534215,
        1.6432401626539386,
        1.6294307259590288,
        1.7737602396972352,
        1.6394687281643858,
        1.6439636502618153,
        1.6188397536845796,
        1.6161151607769626,
        1.661904895690068,
        1.6226156970005048,
        1.6100192754012492,
        1.618630723289007,
        1.586804002254568,
        1.7491562541177026,
        1.695900951295076,
        1.65295705152055,
        1.6549472267013017,
        1.64057907537374,
        1.6356086475535558,
        1.645504314534896,
        1.6309931860940938,
        1.6503742269716006,
        1.6925300785882358,
        1.7664114133850042,
        1.7171210008591762,
        1.6526826873493838,
        1.6592335769812345,
        1.6751903125553038,
        1.6030282033612948,
        1.6090057402372162,
        1.5959651632472434,
        1.58679182328755,
        1.6183199977831366,
        1.7066845737320542,
        1.6758552341672905,
        1.637352366435746,
        1.6108376418023884,
        1.6159122931077587,
        1.6215046015538368,
        1.615463992652595,
        1.6404027780497872,
        1.5961575266288635,
        1.6029148867116318,
        1.775184997698914,
        1.6351232093232995,
        1.6232762734642219,
        1.575469197154342,
        1.5931174064453155,
        1.620918061381211,
        1.6152130522437802,
        1.6121980951282886,
        1.6256049109484472,
        1.6039768513944788,
        1.7071695044567015,
        1.6481316229147234,
        1.6681573200327997,
        1.6505599897033687,
        1.6281173154720172,
        1.6560500966141982,
        1.6312190746577973,
        1.6148960315517842,
        1.6010112889959354,
        1.603686338720303,
        1.7751628995677087,
        1.6065325087487443,
        1.6602661438257655,
        1.6125529143563584,
        1.6115573427607721,
        1.6134221262187163,
        1.5794825123219798,
        1.610468546532834,
        1.638601109956887,
        1.5756324406962758,
        1.6868066958546704,
        1.6418094376420174,
        1.5707741497634757,
        1.6490227025083368,
        1.6318915555136815,
        1.6147601349365739,
        1.643163006533954,
        1.61060910544769,
        1.5931250603395168,
        1.5704820749823794,
        1.7151950478292484,
        1.6325606963970358,
        1.6240803076680435,
        1.6159125106320158,
        1.628776944333473,
        1.6651516513681526,
        1.6402884007417478,
        1.6056414016643838,
        1.6077015473978473,
        1.616872684104759,
        1.760504208348705,
        1.6847806992607794,
        1.6254344701243673,
        1.6199963234387702,
        1.6273973983098584,
        1.6075702171234882,
        1.6072312560323192,
        1.5972478603752438,
        1.604673702118659,
        1.6269306206827856,
        1.667898959682019,
        1.6357484553564026,
        1.6351950749545312,
