{
    "start time": 1730490937.1946926,
    "old id": "3e7964338ff786c852db73bf7108396a1dfc474544b96497e18d802a7e8c9f68",
    "use_input_gate": true,
    "use_forget_gate": true,
    "use_output_gate": false,
    "use_state_gate": false,
    "use_new_state": true,
    "use_old_state": true,
    "use_residual": true,
    "n_layers": 2,
    "state_size": 256,
    "id": "2790781228fb2753227875be3c11093f22eaeb3fcf2745b68a79e63cea88fcbd",
    "loss": [
        3.4753997828663468,
        3.030768247096367,
        2.821295396761615,
        2.709233747024685,
        2.6420326925866995,
        2.5752173138271255,
        2.4911031604671257,
        2.436643383114203,
        2.3732060302775686,
        2.429939691117212,
        2.2983028309698454,
        2.2467596044203,
        2.200092986213976,
        2.129728983918928,
        2.136178870674571,
        2.134187128854749,
        2.1034742583079544,
        2.1169245086242072,
        2.0606856628781465,
        2.13971757392047,
        2.0788638084707056,
        2.0127567908347634,
        1.9941210120232886,
        1.9745949360305899,
        1.963712888280084,
        1.9628486324492993,
        1.9152775699919076,
        1.8906353156751594,
        1.8627414503242605,
        2.009687591546267,
        1.98172712272537,
        2.0005483049937256,
        1.9731959782311346,
        1.9240945206976972,
        1.9161638810734107,
        1.8519506901206078,
        1.8658493154337286,
        1.81986787771534,
        1.8368981226011036,
        2.0140978719305993,
        1.9009031745677345,
        1.864527805932656,
        1.8554905568793585,
        1.7822569125768395,
        1.8467988404532967,
        1.826864446053335,
        1.780443910830918,
        1.8433101492830046,
        1.7851216300841093,
        1.9628627037731026,
        1.834990193380178,
        1.7886385516740015,
        1.7845690185290999,
        1.753548917740089,
        1.7900644210484709,
        1.791963985600032,
        1.7218806725250317,
        1.8210351368108184,
        1.789117934676714,
        1.8971696367293212,
        1.7986957816141573,
        1.7530902612389407,
        1.7559757785008807,
        1.7623513259339254,
        1.7548225883568276,
        1.7421899575872122,
        1.8126420628746858,
        1.7732705479648223,
        1.7565156951188525,
        1.8850775853334736,
        1.7399323969132963,
        1.7544187053799476,
        1.7928612573747895,
        1.7702076863644203,
        1.7258628792114366,
        1.7169232344109224,
        1.7653010948710066,
        1.7268253894633296,
        1.7419989494749046,
        1.8582222033447457,
        1.7552881137274339,
        1.7582850193101263,
        1.723923668460699,
        1.6857026680242257,
        1.7014760249973824,
        1.774337988832933,
        1.7513139725028177,
        1.713841191167392,
        1.7077196543737256,
        1.865857658086805,
        1.76000478507997,
        1.74801123159656,
        1.7269260444513777,
        1.7181400411488628,
        1.7596673786900527,
        1.6954589699241382,
        1.7228515238808115,
        1.693604494299118,
        1.6933501334399508,
        1.8351652039974118,
        1.6976675448742546,
        1.671510217288266,
        1.6853526303936457,
        1.6888559586484293,
        1.7270808295235076,
        1.6965821378397912,
        1.6826316557823395,
        1.6688174430736935,
        1.6700345976742474,
        1.8342270522539483,
        1.7290432306947192,
        1.7121925159462996,
        1.6874286991494947,
        1.755200234487812,
        1.681624616620294,
        1.6800927014279614,
        1.692492424357386,
        1.6627435400015158,
        1.668626098421213,
        1.8014419693435328,
        1.7406378323324745,
        1.6955301781020653,
        1.6965800428380031,
        1.733023640857752,
        1.6589459210789392,
        1.6832450013149904,
        1.6643138192580056,
        1.6709262053916547,
        1.6486078913737465,
        1.7676554948223424,
        1.7024987409085044,
        1.6758510228843455,
        1.6907679922536742,
        1.6524718251545791,
        1.6388688445105044,
        1.6503389552845136,
        1.7179894518315066,
        1.7000813351542685,
        1.67911962388658,
        1.7734786943239569,
        1.6999367553900278,
        1.6903546225983623,
        1.697918025172666,
        1.669328659592327,
        1.7067273909466856,
        1.6986886983929768,
        1.6626242484067248,
        1.6825865379738796,
        1.6466235775880773,
        1.7979766877331749,
        1.7195199776692895,
        1.6895536138121978,
        1.6751143977554082,
        1.6781541019386799,
        1.6555813812500584,
        1.6212161811415893,
        1.67207765778675,
        1.6553649452294974,
        1.6136453208801873,
        1.779191979015434,
        1.6746819419181007,
        1.6848218548594205,
        1.6601583241075302,
        1.6725205885814134,
        1.6598539964933294,
        1.6614243889978397,
        1.6378863824680447,
        1.683145949140632,
        1.5930744636073566,
        1.7686299464029718,
        1.6425258545896888,
        1.6352768267356892,
        1.60158324069652,
        1.6733228028113356,
        1.583612257469598,
        1.6111970431092622,
        1.620434085577491,
        1.6429129263683109,
        1.6066491158055485,
        1.7286567995083073,
        1.649896792233467,
        1.721689701100035,
        1.6755977573764993,
        1.680304871608815,
        1.6188246593824944,
        1.5558130237044634,
        1.6120693216233768,
        1.6290645687758718,
        1.5983427837565105,
        1.729915245972089,
        1.649331008173879,
        1.6312485372146646,
        1.6395450162886678,
        1.6504699265746972,
        1.6729432053681828,
        1.617888196848735,
        1.58978909871541,
        1.6420484115166158,
        1.6343700284750367,
        1.7357046376195207,
        1.7332918172802285,
        1.6947931336495357,
        1.71623798856188,
        1.69633421161285,
        1.6760603462738044,
        1.6142841096658542,
        1.6003763776156097,
        1.6839747008121737,
        1.6001544591913321,
        1.7207911905113722,
        1.6740610545212204,
        1.6336282343148547,
        1.643594061968652,
        1.6254125247793403,
        1.6168601870194317,
        1.6197138184284505,
        1.624236322249859,
        1.607104785616113,
        1.6648452957081536,
        1.7732978171270475,
        1.6565932754342516,
        1.6054706362213431,
        1.6192101806446548,
        1.607301066822578,
        1.6088047324240373,
        1.6292450884012746,
        1.696596878120076,
        1.6383481748677633,
        1.602404678692514,
        1.7308449136381467,
        1.6418129701657167,
        1.6288955200882744,
        1.614212651505215,
        1.6496517793596814,
        1.5958563481733286,
        1.570322177436581,
        1.5859357724443857,
        1.5884460001596938,
        1.6246696826363922,
        1.778254298946908,
        1.705163422705152,
        1.6701957222476589,
        1.6650284549053607,
        1.6088478715574397,
        1.6183823931619934,
        1.6182816808812426,
        1.648251107946625,
        1.5997504319095674,
        1.5666109539816122,
        1.7045872467262975,
        1.629868189296365,
        1.6451053248571161,
        1.6426540452110103,
        1.6008898421371267,
        1.630696432283727,
        1.6203739977065457,
        1.6209082316749401,
        1.6303989387390594,
        1.6649953015215562,
        1.729209909458753,
        1.6890575891034492,
        1.613991376657977,
        1.6340934095492918,
        1.5904075022492603,
        1.5632297234685129,
        1.5691732235001246,
        1.635249733815425,
        1.6132777063943216,
        1.6265903407635969,
        1.6787491047921181,
        1.6738365820916412,
        1.601567447159358,
