{
    "start time": 1730490942.1934152,
    "old id": "114e06e84fb7ac1939eacb34d1d0b86c45c1bf004ffd809d5b800ccfe68b5752",
    "use_input_gate": false,
    "use_forget_gate": true,
    "use_output_gate": false,
    "use_state_gate": true,
    "use_new_state": true,
    "use_old_state": true,
    "use_residual": false,
    "n_layers": 1,
    "state_size": 256,
    "id": "2e02f044338c6213ff20e36e2fedca7071e1ec5f5c18023d315115f8988d9200",
    "loss": [
        3.4310296909916067,
        3.0578863875001026,
        2.7811427731813807,
        2.632663900001308,
        2.527761582129261,
        2.4074711928605796,
        2.3656644184627096,
        2.294991324433106,
        2.249475609836529,
        2.237984459480323,
        2.194877497876239,
        2.1312079133091495,
        2.1599815023454116,
        2.1278805163989403,
        2.08330711163634,
        2.0541057064949295,
        2.03294783256869,
        1.9879228499338595,
        2.01972486795512,
        2.063729667368525,
        2.032720186912077,
        2.0352944525149574,
        1.980822299885663,
        1.9158283995461074,
        1.9277139480473655,
        1.9047677966363523,
        1.9073398256697565,
        1.9150405466943927,
        1.9014684393586534,
        1.994241486436964,
        1.8937625233490105,
        1.883442980977675,
        1.8674682524066306,
        1.8727916516724366,
        1.8848110428171692,
        1.8568803068815714,
        1.841154050989457,
        1.886556857079161,
        1.8297671924149363,
        1.9822341642279664,
        1.849999169210009,
        1.8206092808737198,
        1.8259831671808544,
        1.8548298724025147,
        1.7945557621641088,
        1.7647336631998425,
        1.8028344463747743,
        1.7259331678801695,
        1.7238475791577985,
        1.9092725951874405,
        1.8631643200911305,
        1.8308141227054628,
        1.7550785983048909,
        1.7937088951559648,
        1.7591504682734456,
        1.753591045413609,
        1.741752032392265,
        1.7161238316297391,
        1.7314712999823996,
        1.872268169576736,
        1.778000527256779,
        1.787159748548218,
        1.7729228162871837,
        1.72745803122469,
        1.7501531057716244,
        1.7445547742186995,
        1.7127112781781495,
        1.710973930988841,
        1.7264349567771111,
        1.8923994620807998,
        1.7564020582878463,
        1.7394243725034777,
        1.694610564997232,
        1.6967536695723544,
        1.7070949813557255,
        1.658568377785827,
        1.6806825379395147,
        1.703697032252979,
        1.6304483781698884,
        1.8359673318379923,
        1.74108540586159,
        1.74314528435095,
        1.7172109428756643,
        1.737074881799994,
        1.727522578689797,
        1.7080250476476433,
        1.725840332987268,
        1.7620511815313251,
        1.7033721486917057,
        1.846291550315138,
        1.7426922126114222,
        1.7425990487409202,
        1.6931879115412705,
        1.7302902897225205,
        1.758234198722697,
        1.689309391294836,
        1.6903470589472114,
        1.6487396302113735,
        1.696971667776551,
        1.8286208481357482,
        1.7293310057335882,
        1.6788705642195765,
        1.6890795320058385,
        1.6733907219598751,
        1.6436573005893302,
        1.631072160111167,
        1.652367643011865,
        1.6683483450816226,
        1.6399442329180012,
        1.7853458959518156,
        1.7312451964199358,
        1.6754854751562023,
        1.7001636894574994,
        1.6741513599829392,
        1.6603838514429714,
        1.7068968701422518,
        1.6683621281552101,
        1.7132812754974858,
        1.697289707305288,
        1.7756474893450462,
        1.7301816487056845,
        1.7641913325258751,
        1.7066361435370416,
        1.6613244353344963,
        1.6636631647982831,
        1.640328885204612,
        1.669520350179361,
        1.6354329161051786,
        1.6418779092427338,
        1.7732169747403974,
        1.6896532936968613,
        1.6946550213505327,
        1.6963562478861627,
        1.6781677748467791,
        1.7121520979242644,
        1.7237936901363782,
        1.629717653294424,
        1.622408516835591,
        1.5982047229145768,
        1.787402712639082,
        1.6992098589426243,
        1.6635620483681517,
        1.690492847919679,
        1.6928180441849963,
        1.648699011456006,
        1.6513930304058302,
        1.6750386734966334,
        1.6260271915660165,
        1.5998872637329484,
        1.769090991884948,
        1.7283557177281197,
        1.6880381083154663,
        1.677329360662809,
        1.6843570723056762,
        1.6448445456217804,
        1.6578559084219,
        1.605348433887739,
        1.6257648024544207,
        1.6385756887627945,
        1.7584923125833891,
        1.6682450981112311,
        1.6409752826078068,
        1.710485815928657,
        1.68190645737401,
        1.6760291784344081,
        1.6375732148531632,
        1.640262426081662,
        1.6486924932777882,
        1.660114047422054,
        1.7297450109097938,
        1.7009417417661685,
        1.650142489915619,
        1.67386158147217,
        1.6367759036212575,
        1.6435318964171324,
        1.630102279368122,
        1.608815557300374,
        1.6250350935357176,
        1.5988042831770357,
        1.7897478149671562,
        1.6900942652278572,
        1.692186947940898,
        1.6751385055338717,
        1.7054278715954525,
        1.6785070775608506,
        1.6700143717549696,
        1.6589489050597552,
        1.6672443011558338,
        1.670097387467662,
        1.758238937445055,
        1.639497807053481,
        1.640001415116173,
        1.6363956660133911,
        1.6702260601275927,
        1.617541739950991,
        1.6177995504929799,
        1.6378553208651008,
        1.6440927529595735,
        1.6782893634626892,
        1.7810836362313058,
        1.6353632335684132,
        1.6168890405451484,
        1.649065192082787,
        1.604382573310558,
        1.6174558321095591,
        1.5908271262994427,
        1.600358023669264,
        1.612253677647415,
        1.5917115495395207,
        1.7506289494189688,
        1.6937325144217124,
        1.6626801515300065,
        1.669722331304011,
        1.6296178590728787,
        1.6022131447294579,
        1.6185031817235216,
        1.6238105401714904,
        1.5482204855125201,
        1.625173408353014,
        1.7756870862533545,
        1.6839830483628433,
        1.6344783345873692,
        1.6614765542067882,
        1.7100074919886672,
        1.6658787717119024,
        1.667055659457639,
        1.68980630964304,
        1.6492736656164733,
        1.6216850978835793,
        1.7399807798506215,
        1.724180057262509,
        1.68173606629715,
        1.6807681508550705,
        1.6070021086783668,
        1.6168118009107992,
        1.5913433731954876,
        1.614423790590665,
        1.6693042766316106,
        1.619297418047516,
        1.7237496303724391,
        1.6795218898445934,
        1.6345904290849291,
        1.6192827855859413,
        1.647074417604797,
        1.6435708907749524,
        1.6496128649061592,
        1.6129879690788178,
        1.6174218470743695,
        1.6541314489206438,
        1.7254867823630489,
        1.6891526687506349,
        1.6884277114025497,
        1.65394148303867,
        1.6884413800430935,
        1.6879906315702677,
        1.631011113008143,
        1.647191561639375,
        1.6683808565697296,
        1.6516208015657041,
        1.6911288704562102,
        1.691722809020049,
        1.6524985904747171,
        1.6706204780089828,
        1.6263996277365536,
        1.5989273779272888,
        1.6321727486191469,
        1.6391370878293134,
        1.6126546285896952,
        1.6516037225616347,
        1.7273378445939382,
        1.681150041522606,
        1.6678042216892244,
