{
    "start time": 1730487928.8778,
    "old id": "f279e2cad16e35edb0d0881a1eade3d3a89327b84c0b44b78342cb3b14324882",
    "use_input_gate": true,
    "use_forget_gate": true,
    "use_output_gate": false,
    "use_state_gate": false,
    "use_new_state": true,
    "use_old_state": false,
    "use_residual": false,
    "n_layers": 1,
    "state_size": 256,
    "id": "2ec990ddcb8e34d36f9b776d95cb10921aaa03edbb702c512c46823ba7c59752",
    "loss": [
        3.4542829572915545,
        3.056921865514499,
        2.801632492884063,
        2.678403280425059,
        2.5680256197926603,
        2.529918520953423,
        2.446764940066213,
        2.4116488564768503,
        2.34666028130327,
        2.3586216030426956,
        2.284852618687824,
        2.2507285700234467,
        2.21331058168224,
        2.1969428781627607,
        2.181168514017959,
        2.1474301974854018,
        2.12363561533354,
        2.0951661261191603,
        2.096032273082227,
        2.107505870754641,
        2.0808206680601473,
        2.0646582257950055,
        2.0608769847069945,
        1.980409088370074,
        2.0082770637433995,
        2.025619374033552,
        1.9717646067985168,
        1.9525456537184298,
        1.9599303156900383,
        2.0460024544779296,
        1.991763843880096,
        1.9301848797218304,
        1.9300098546210125,
        1.8971833249131562,
        1.9231496336974208,
        1.9255876330356192,
        1.9063073545443678,
        1.8898025395099916,
        1.893146605807987,
        2.003525687249531,
        1.896851166681256,
        1.9005989095966946,
        1.9021613476968864,
        1.842330097297337,
        1.8156270347973595,
        1.786381190329716,
        1.834713016265737,
        1.8627816608267225,
        1.8456106812849231,
        1.9599590002717702,
        1.8282542397087593,
        1.8087529089002996,
        1.8055840656839062,
        1.8233455281233573,
        1.7809601568629925,
        1.7800817048613726,
        1.796050197528675,
        1.7860793314978403,
        1.7860474021438735,
        1.9387178803651226,
        1.8386828076941157,
        1.8539292230226683,
        1.8206646574842336,
        1.8568254511541453,
        1.804172920010619,
        1.807866292750607,
        1.7921798777336069,
        1.783105810136374,
        1.7664714782387214,
        1.9081288593692987,
        1.7473167016719215,
        1.7561342348324782,
        1.7855791158450103,
        1.721940352370816,
        1.7734996390679212,
        1.7564617926406103,
        1.7596599000024502,
        1.7677973868827632,
        1.7469130098239145,
        1.900568247277124,
        1.7978813954037984,
        1.7867948133422955,
        1.7723966810867957,
        1.7198543683948437,
        1.7484465847900938,
        1.712924446102679,
        1.7456894450903673,
        1.7195703630303885,
        1.7107501092659085,
        1.7963803387334683,
        1.7047449931252547,
        1.7450250155137486,
        1.7376744489310234,
        1.744526922409745,
        1.7265912167693331,
        1.7433138880660346,
        1.7515203127509478,
        1.728310249820481,
        1.6942431257348136,
        1.8022448403050026,
        1.6937546895001574,
        1.6795573843725222,
        1.6617902566287384,
        1.676152729955901,
        1.6638370674968865,
        1.659314800263243,
        1.6870036833485689,
        1.6804725387966748,
        1.6662864142263154,
        1.8113098908505765,
        1.7635500034392264,
        1.7247371381810745,
        1.6900479414944982,
        1.7493913384090454,
        1.6889050354316624,
        1.6406216663812274,
        1.6977269487663817,
        1.699021081093226,
        1.674416924826819,
        1.8256411716785155,
        1.7006211491616305,
        1.628088844110806,
        1.6580235150715674,
        1.6492664112042381,
        1.646028106206845,
        1.6492716108591643,
        1.6480886374656398,
        1.7014910348414394,
        1.6872725757906017,
        1.7818683571613654,
        1.7221040917410453,
        1.6988206030896453,
        1.6793719515056174,
        1.714095578052308,
        1.7001458622713883,
        1.6415185863934854,
        1.6731747501214942,
        1.6702070746550097,
        1.6653286755902845,
        1.7423239919232403,
        1.671612364506866,
        1.6522313456383295,
        1.6681463802104384,
        1.6537250259026055,
        1.64272048164231,
        1.6267462050278658,
        1.61107079601682,
        1.6121490831965222,
        1.5998817185041394,
        1.7633010891848648,
        1.669907962096008,
        1.665723248895546,
        1.6586919208213136,
        1.6935066139656096,
        1.683185336554168,
        1.641493182762143,
        1.6586742054252082,
        1.642668894758388,
        1.661512637428389,
        1.7980800551184775,
        1.6820087544869722,
        1.6586705353248439,
        1.7008346491304505,
        1.6784537610216843,
        1.652923759046307,
        1.6391293485454417,
        1.6407562070974384,
        1.5989450767324043,
        1.6390639432964742,
        1.8099482187673648,
        1.6837177043307396,
        1.6465052171208743,
        1.6384484749686845,
        1.6490265856561586,
        1.6177752387486064,
        1.6317183946831992,
        1.6347922112718498,
        1.6226403430668457,
        1.6180067852919757,
        1.7915595870198673,
        1.7228948773308488,
        1.7136583488455022,
        1.6799758236488451,
        1.6289770211039074,
        1.6509578726282421,
        1.6333548522310306,
        1.670652320953036,
        1.666563446985723,
        1.6393078768567726,
        1.7587564066138313,
        1.708868035509743,
        1.6548508942396145,
        1.6528908020190687,
        1.6347344962031294,
        1.5947919060483302,
        1.5865385327466757,
        1.6430309622143184,
        1.6310153102181482,
        1.6026432624982436,
        1.7279631952821868,
        1.6456388160542303,
        1.6615368941422908,
        1.6283047625010647,
        1.609028826296029,
        1.608330080733282,
        1.5833048220460624,
        1.6515638130777992,
        1.5552880280105978,
        1.5884184681900533,
        1.7148924427119814,
        1.6811280022728767,
        1.63613526301166,
        1.643522044226286,
        1.6362289379647315,
        1.6581959268864128,
        1.6755434435766554,
        1.6605159326197227,
        1.6245177511846156,
        1.697352120169169,
        1.6893945290347105,
        1.6459948282474393,
        1.6413840203855823,
        1.6407006409815812,
        1.6145122342878775,
        1.6308069134535887,
        1.650515112608564,
        1.6588003731552456,
        1.6463205098316258,
        1.6086319796180268,
        1.7244078834091283,
        1.6785868991856847,
        1.6450499481640743,
        1.5632336903595108,
        1.5473429618486902,
        1.5779631072496811,
        1.5672422291838524,
        1.5913818946338272,
        1.5734485722093008,
        1.5711700948111975,
        1.6937953674721584,
        1.617212279008944,
        1.6439732203142994,
        1.6618422268190023,
        1.611541994112405,
        1.611074023382493,
        1.573237896886291,
        1.6493143554958989,
        1.5915211598933874,
        1.665961370910151,
        1.7206796523684502,
        1.6116998549738228,
        1.6079931079561294,
        1.6061548774485803,
        1.573316189874394,
        1.5541264606453502,
        1.5885056789063519,
        1.616776850076625,
        1.594007300083083,
        1.5986788595624597,
        1.7085425655744297,
        1.652376333505265,
        1.6491268692456478,
        1.625555984701492,
        1.632970418878483,
        1.631827245355398,
        1.5940627481214082,
        1.6540687343906075,
        1.631186467471438,
        1.594771250550785,
        1.7718126638626308,
        1.671628702717067,
        1.6370160720558842,
