{
    "start time": 1730504638.7050905,
    "old id": "91dc1c3a268a8a3527cfd8640c88d9b6107d0e7bdf3d93919158c1d9c03fd5af",
    "use_input_gate": true,
    "use_forget_gate": true,
    "use_output_gate": false,
    "use_state_gate": true,
    "use_new_state": true,
    "use_old_state": false,
    "use_residual": true,
    "n_layers": 3,
    "state_size": 256,
    "id": "2eed38019ac7af9a66bf40aa99388727300955f298c608b1c2096489bcb90b4a",
    "loss": [
        3.403763861087581,
        3.2972349145938655,
        3.0614608739466167,
        2.9390654171565656,
        2.6863953950515445,
        2.603509918139456,
        2.508910159347001,
        2.4388720134678366,
        2.3647084251853996,
        2.4173644657235607,
        2.2964601227785035,
        2.265880657481001,
        2.2245717824733253,
        2.1787420670514295,
        2.164698595617095,
        2.1289451555791707,
        2.1078172702092455,
        2.0924220785167273,
        2.094365735831173,
        2.1121084727065407,
        2.0343965920120106,
        2.067308161198021,
        2.034009872420228,
        2.035279069566137,
        2.0068997446249934,
        2.0083957578563796,
        1.9771274727263595,
        1.9498239454310946,
        1.9627406582248317,
        2.053306540802593,
        1.974136000480526,
        1.920580360701769,
        1.9166109790333161,
        1.9329402510561546,
        1.9097884578947042,
        1.850395674875835,
        1.8753175085076594,
        1.8502570064793795,
        1.8216788339107037,
        1.9849025955340127,
        1.8897200201357804,
        1.8705611195164775,
        1.844619543784331,
        1.8493760360666716,
        1.8107650901749897,
        1.8210701776562492,
        1.8585499399206522,
        1.8297714101045948,
        1.826343494711057,
        1.961963936845856,
        1.797412601081541,
        1.8515628597385398,
        1.8074989622354853,
        1.7594643841705033,
        1.7819385302129547,
        1.766526479016225,
        1.783935770203098,
        1.781296875541669,
        1.745135727323388,
        1.8917870973232338,
        1.8099870376201117,
        1.790573938085748,
        1.7638038437762609,
        1.784529148999549,
        1.735008241805388,
        1.7290390369378814,
        1.7774625916142324,
        1.6816417144270235,
        1.7500533755879861,
        1.8419616092269098,
        1.8136687624906105,
        1.7861100750966787,
        1.7484322132101027,
        1.8019534503489238,
        1.7401648724413008,
        1.772084278186381,
        1.7591816976301862,
        1.7436218648226738,
        1.750039465109016,
        1.8250526767044055,
        1.7008581651888193,
        1.7510757897534253,
        1.7493071088861285,
        1.692551222946527,
        1.7362295970704908,
        1.7242583461765886,
        1.7491482761026675,
        1.7010128461732468,
        1.6777233270032175,
        1.861759450294741,
        1.7753963186650947,
        1.7902460115657022,
        1.760678769261956,
        1.7135795790984256,
        1.7217655360793467,
        1.674662137702749,
        1.7256263851943223,
        1.7212167771611306,
        1.672492917724299,
        1.8074665867728525,
        1.6692106328083498,
        1.6961245887316903,
        1.635445566970484,
        1.6997108769313096,
        1.6182580717139552,
        1.6485627642798617,
        1.644190154027913,
        1.6557319083872277,
        1.6685681281737512,
        1.7819046318402754,
        1.7399953437144162,
        1.7273082335878476,
        1.6923128917014618,
        1.6617906153480557,
        1.6438863868349163,
        1.656255032045883,
        1.6808221000086765,
        1.6906111927046943,
        1.6359076038333298,
        1.8053281652814552,
        1.6541459913497771,
        1.7076462973648725,
        1.6838110044922443,
        1.6239947894302222,
        1.658785024387314,
        1.669930682635322,
        1.6403341437614891,
        1.6123557121307877,
        1.5882883564693884,
        1.8028526654254624,
        1.7004346486703787,
        1.6879948877585471,
        1.6626306809749376,
        1.6799082010604844,
        1.6929261248946417,
        1.649947177558729,
        1.633790435931482,
        1.628773281930737,
        1.6635512979121905,
        1.7282704610829793,
        1.6675994091010322,
        1.6534793041479223,
        1.6381661148561193,
        1.6337003820932607,
        1.5750995271060042,
        1.666452225474526,
        1.616427777724327,
        1.6080842162008118,
        1.6246366324116757,
        1.7669545497944668,
        1.6863455700417362,
        1.6863943387957256,
        1.672023934936744,
        1.6289771011437943,
        1.6359681708111373,
        1.661885158692074,
        1.651982860605994,
        1.6371676881477568,
        1.63011064726923,
        1.8038777737379554,
        1.6892197711187071,
        1.6306434820808346,
        1.6276800608502904,
        1.6298393879900717,
        1.6515195505641207,
        1.6722821558573702,
        1.6195721127715805,
        1.613432348024392,
        1.6544315684883681,
        1.7580371553353598,
        1.6652441255885548,
        1.6558973896499585,
        1.6526314329776077,
        1.6555139640565635,
        1.6284418131880394,
        1.635077997821973,
        1.5478497555934896,
        1.6210372472351255,
        1.5783142641427508,
        1.730688991820914,
        1.6488659806940171,
        1.6324970578539137,
        1.5877947537273462,
        1.5885455750887043,
        1.6698397780755485,
        1.6179888384132088,
        1.6142989681208415,
        1.605214645140271,
        1.6211703398690358,
        1.7469465009496352,
        1.714922634522503,
        1.6118682217779703,
        1.6277738743815127,
        1.574446284020624,
        1.6798202640510305,
        1.640849971423767,
        1.5900783828252623,
        1.5645271570482677,
        1.569185739771265,
        1.7072159745705209,
        1.6333366776487706,
        1.5791718579175094,
        1.6305462774531994,
        1.5842671385532943,
        1.6291400637253222,
        1.6325405486793996,
        1.614332684962751,
        1.645786150808286,
        1.6216668453641299,
        1.741777069139343,
        1.5988065617305565,
        1.6720235405835513,
        1.68928144763987,
        1.6443055017423065,
        1.5957286339802186,
        1.57196714924535,
        1.5773756954827942,
        1.596045510408856,
        1.6493130536047151,
        1.7490052687330795,
        1.6840005835100065,
        1.6066594352717387,
        1.61396501020125,
        1.6052001502613447,
        1.5812298971328924,
        1.58187427957489,
        1.5705905712375412,
        1.5687422608110275,
        1.5882238963914406,
        1.6956606746141685,
        1.6408917732549106,
        1.6307344530494028,
        1.6321059061192265,
        1.5614345458053795,
        1.5856111364310777,
        1.621103198770782,
        1.621986711151952,
        1.6122999872018133,
        1.6314281744024153,
        1.7443123389893256,
        1.6586744240053155,
        1.611881158273353,
        1.6502868600560074,
        1.6251864675246623,
        1.6572524780462798,
        1.6489688223288441,
        1.6371934139272664,
        1.5800525151173308,
        1.563891270946581,
        1.7080707240737227,
        1.6484171500646825,
        1.6132236940274658,
        1.5964851338384762,
        1.6348453536137908,
        1.6005859251571275,
        1.5883727785254562,
        1.5773761288194343,
        1.6122821606993476,
        1.591026006710953,
        1.6963939381577453,
        1.6312467343224386,
        1.601341471763815,
        1.6147148860705185,
        1.635595977374401,
        1.5928742504506237,
        1.5968621795656583,
        1.6360973033045796,
        1.6427298423165566,
        1.5903872131765566,
        1.7373242658356385,
        1.6504337352035747,
        1.5765520709304857,
