{
    "start time": 1730485955.923282,
    "old id": "b8695f3a97cec444d50f5c6425910c554aea9d15417ef0859e0094dbbed6ed34",
    "use_input_gate": true,
    "use_forget_gate": true,
    "use_output_gate": false,
    "use_state_gate": false,
    "use_new_state": true,
    "use_old_state": false,
    "use_residual": true,
    "n_layers": 3,
    "state_size": 512,
    "id": "3110f44d1c9c5368ae7be42867cf2fb1f459afae78971f49eaea78a0b22403e1",
    "loss": [
        3.4365384831986194,
        3.094891357019705,
        2.879815670830216,
        2.749437831090103,
        2.593221999246046,
        2.488292970086005,
        2.408549674286974,
        2.369906783748953,
        2.306583022786725,
        2.305722303967587,
        2.2299489024154275,
        2.195688308684219,
        2.18317559577573,
        2.1841009423204016,
        2.0989051879959,
        2.062553089416428,
        2.054612731423265,
        1.9906988381697073,
        2.0269192502597617,
        2.0949955839995327,
        2.0230656742965087,
        1.992368911058386,
        1.962743823571939,
        1.9476155484524829,
        1.9178779848522023,
        1.8894895146166166,
        1.9238762588453764,
        1.9377560543567833,
        1.9347441203490898,
        2.0284901559987776,
        1.878305280582362,
        1.8841145195862616,
        1.8451585120304725,
        1.835938356961642,
        1.8231177343042162,
        1.7855488144086997,
        1.8460225684608824,
        1.809415019475075,
        1.8196528649665,
        1.947254224030943,
        1.8293474144280977,
        1.806393894034696,
        1.837064003837654,
        1.7937431775461554,
        1.816325062981127,
        1.7934370407997466,
        1.7122811977348134,
        1.7208583163204265,
        1.7363981380810452,
        1.8897486270694737,
        1.8306972418705314,
        1.7677430666394405,
        1.7761533824709066,
        1.732796097805439,
        1.7419699740510837,
        1.7126277652652002,
        1.7433789044853036,
        1.7663267003190537,
        1.7698678678488173,
        1.896289687624356,
        1.76233628207825,
        1.7123132756623065,
        1.7602035237511096,
        1.699451690496946,
        1.7146370365475307,
        1.7105294628132048,
        1.6690148403985314,
        1.6700659303711543,
        1.738811711498332,
        1.82640310348103,
        1.7332078355284668,
        1.7169853120064278,
        1.6959940990098585,
        1.715371060331903,
        1.693228171387326,
        1.7291428079360553,
        1.7286948076008113,
        1.66911300270298,
        1.7099350833506932,
        1.8456326247054742,
        1.752052493740831,
        1.7023204019308096,
        1.6864987325501055,
        1.7193265965854283,
        1.6760779209782546,
        1.6835296287566004,
        1.70354385755083,
        1.6637471920330689,
        1.6622963481073334,
        1.7918763074536532,
        1.721916567137191,
        1.7014058978001707,
        1.650972212230055,
        1.6330623180929107,
        1.6525827050340935,
        1.6053314930992515,
        1.6334022237766899,
        1.6163150951104834,
        1.650594406458878,
        1.8081840178518596,
        1.7988362170220045,
        1.7621436469974092,
        1.6987438649846327,
        1.7155485545210793,
        1.709512190269706,
        1.6846241055044218,
        1.6894628959164881,
        1.6795214402755567,
        1.6654646259271983,
        1.7953112595789855,
        1.6442339627570992,
        1.58244595253272,
        1.657723057214677,
        1.6566415847518916,
        1.6312666547818377,
        1.6105234018399814,
        1.6459850223185881,
        1.631938892910305,
        1.6476811113586987,
        1.8087938661269283,
        1.687345068696094,
        1.6707038125250644,
        1.6822935628220266,
        1.6493879822167303,
        1.6468508085249303,
        1.6739900599866844,
        1.640563405115283,
        1.5981714203363842,
        1.5582190716243323,
        1.7660112188879666,
        1.7356384550970347,
        1.6393758251708581,
        1.6371259297268255,
        1.601273428714147,
        1.6333016969870024,
        1.5952488805246388,
        1.6177457113925233,
        1.5974774419131106,
        1.595074875623877,
        1.7297679441286413,
        1.675582441356482,
        1.6723835264432838,
        1.570575837103464,
        1.5761742765846303,
        1.6743378549978722,
        1.6252132283858929,
        1.644989620956429,
        1.6184109847586474,
        1.6194672310149922,
        1.7534835664472623,
        1.631045055443763,
        1.649244495031685,
        1.6288919964916484,
        1.6147011442504737,
        1.6400802122257916,
        1.6363643823542755,
        1.596613940797593,
        1.6163478658940538,
        1.6516565108016992,
        1.737679180623365,
        1.6833473896508597,
        1.648161855398544,
        1.5918100926474037,
        1.6006808026492045,
        1.6055248678354572,
        1.6192313601770258,
        1.6529546705304805,
        1.6516170511716388,
        1.607395982490036,
        1.7567590393352142,
        1.6638662143524259,
        1.6743136786447061,
        1.620374267031581,
        1.6189539989156734,
        1.6085005953888878,
        1.607370476730272,
        1.6081742907855636,
        1.5578706695848734,
        1.602356530177307,
        1.7119585525549357,
        1.6798156635892696,
        1.618951158004689,
        1.6307733646670373,
        1.6315116465621398,
        1.630671086548794,
        1.628731179478189,
        1.5791526163426963,
        1.5656839448193773,
        1.5535271887204556,
        1.6954176649068926,
        1.686443597437761,
        1.6300186780239543,
        1.6165626169505296,
        1.5453853964708282,
        1.6171404198770007,
        1.5494518622612277,
        1.5859055016914052,
        1.5356962994057737,
        1.5917574239159242,
        1.735370868440204,
        1.6118527906018192,
        1.6074673600035418,
        1.6347262082479108,
        1.5779586761787556,
        1.6421353778959442,
        1.6034111217366094,
        1.6410967236705534,
        1.6407055367284142,
        1.5748847088908766,
        1.7251576011680707,
        1.632497289569554,
        1.6309190400957156,
        1.6488718793277042,
        1.6502699747284337,
        1.6023300875272177,
        1.6264454861700273,
        1.6149270565167555,
        1.5951995200889737,
        1.5869604518638296,
        1.702200020946439,
        1.6204263159008834,
        1.639685892286209,
        1.637403386822768,
        1.5922997509400532,
        1.5864087807322356,
        1.5888602030469383,
        1.5791407517456377,
        1.547270034331017,
        1.5634321043235162,
        1.7097716192185526,
        1.6019934465017216,
        1.633668556405942,
        1.6182450464111984,
        1.5684424762190845,
        1.6011202555561888,
        1.5945920087533472,
        1.6208298148715707,
        1.5830968542857746,
        1.6058373034464255,
        1.7345073649256717,
        1.6219591801103297,
        1.6197985208859178,
        1.6330796731015016,
        1.5805575861253212,
        1.565670571171863,
        1.5738065323962687,
        1.6147805792025292,
        1.5666424306197075,
        1.5728870239786856,
        1.7022270087177995,
        1.7216121338908428,
        1.6151359602900897,
        1.617452062942693,
        1.6458237214761942,
        1.6043749971387395,
        1.6231863071867476,
        1.588741402814463,
        1.6524574459068477,
        1.6276771535442378,
        1.7105229108544648,
        1.6243740123856245,
        1.6112845477666626,
        1.64859694444528,
        1.5848085961153442,
        1.5574581397877574,
        1.5832039331642853,
        1.5782686090353102,
        1.547155786838455,
        1.54701855578807,
        1.619161270476657,
        1.5870917316476982,
        1.5751435114973396,
