{
    "start time": 1730497170.377874,
    "old id": "f48e4aa43315768e1ae4dc4407d95d9bd3814dd65c2ddc8cdb45eb17c6707796",
    "use_input_gate": true,
    "use_forget_gate": true,
    "use_output_gate": false,
    "use_state_gate": true,
    "use_new_state": true,
    "use_old_state": true,
    "use_residual": true,
    "n_layers": 3,
    "state_size": 512,
    "id": "32e43b2ffceb0ce7524bbbc00eb0bff5ac9e51c7dc16b0efba25f24938caf189",
    "loss": [
        3.4943736714466507,
        3.272321098379216,
        2.9549198915708814,
        2.805225104774372,
        2.6639140823538323,
        2.5923288943079337,
        2.5090494625570625,
        2.4072276460021405,
        2.3301622318124546,
        2.3259228103012033,
        2.262818812551854,
        2.2503221406668046,
        2.197834050963219,
        2.1125806570042203,
        2.0905277605704122,
        2.070440944386211,
        2.0855740462217156,
        2.0352320886348534,
        1.953910105283642,
        2.0800370975146123,
        1.90728203554781,
        1.9129623782086522,
        1.9082868371083241,
        1.8926783803688376,
        1.905239919248958,
        1.8164684475374218,
        1.835433655875283,
        1.8213750014513543,
        1.8011170400163852,
        1.9463895409646472,
        1.851220030680657,
        1.7852942837446193,
        1.7897938691500783,
        1.796464298815735,
        1.8051345415865334,
        1.7797164629379152,
        1.7758476996818717,
        1.7780076171471997,
        1.7501958182955573,
        1.8992205556596458,
        1.7587077126238189,
        1.7802374380799875,
        1.7457876070603842,
        1.7260148576429515,
        1.6957693612786575,
        1.6183607091763863,
        1.7304758321191047,
        1.7321125081125697,
        1.7200817887806241,
        1.8774557744610951,
        1.7711954441441387,
        1.7064460819256213,
        1.7289592650052208,
        1.7160324847848936,
        1.6813332186451768,
        1.6904217930466867,
        1.6868419347840886,
        1.696940041412206,
        1.6669147058767881,
        1.802424854219644,
        1.793775238462764,
        1.7129902099363328,
        1.7137322444814256,
        1.6901555828053736,
        1.6732235716396768,
        1.6912315378177039,
        1.7192560645518007,
        1.7569674102035668,
        1.6861001663293378,
        1.8064456874716854,
        1.7435585901387682,
        1.6799553138876204,
        1.6547248757611621,
        1.6657836163254447,
        1.620030861958595,
        1.6227388628534398,
        1.6587469672457738,
        1.5685669979677823,
        1.6151919168701527,
        1.760470885469945,
        1.6730323240074758,
        1.6508987436718288,
        1.6297460111322573,
        1.5949387582197385,
        1.5896134474751973,
        1.6633643273014618,
        1.6084462949766378,
        1.6287256810992845,
        1.6037861658510792,
        1.7639295306591052,
        1.6620037438653394,
        1.6168444726936992,
        1.6585476647278128,
        1.6539073255838554,
        1.6274235228239413,
        1.5806031764219117,
        1.6001974161494026,
        1.5708181618595003,
        1.5705245564710377,
        1.7302647772083783,
        1.6875555445039228,
        1.6322979969839726,
        1.6878941124906475,
        1.616813855897598,
        1.6537870154052217,
        1.6114699912662414,
        1.608618608008768,
        1.623780200966572,
        1.6096466615196778,
        1.7466894881786912,
        1.663627177962226,
        1.7244918547131718,
        1.6083295497477845,
        1.5951249293707281,
        1.5935460673776798,
        1.576048868975864,
        1.5939371994569325,
        1.5920457715046539,
        1.5974826419562107,
        1.732854477086907,
        1.6418766136158414,
        1.5754501865346808,
        1.594867073332599,
        1.585475793523759,
        1.578054119107346,
        1.5962853662672563,
        1.5634435321995275,
        1.54986820698874,
        1.6320482703667094,
        1.7136999311491143,
        1.6519419782300035,
        1.5903129005145185,
        1.6030727276421015,
        1.5839768645427106,
        1.6074616769956076,
        1.5861321772343242,
        1.5587638174390945,
        1.599131552863473,
        1.5746423790577229,
        1.7249193007059587,
        1.5902437303515584,
        1.652352419506225,
        1.5874052019755331,
        1.588653328809983,
        1.5543381924126853,
        1.6164370752939794,
        1.5625253512692279,
        1.5513255085752455,
        1.5969512180961414,
        1.7446677760708245,
        1.6222792313161103,
        1.6515739673282042,
        1.5922085715442926,
        1.5975910540963676,
        1.5905838986510878,
        1.5929114026808386,
        1.59074779558725,
        1.570579242222451,
        1.602636682904022,
        1.698899546198171,
        1.6109138899182336,
        1.5929995210340173,
        1.5378758418598844,
        1.5416762446115482,
        1.5651375651498807,
        1.5617168560279742,
        1.5492846809616034,
        1.5204463120797984,
        1.5749328769145257,
        1.7197333615786727,
        1.6524526361544747,
        1.6455649944992132,
        1.581676550572771,
        1.594237068215995,
        1.6157952677540937,
        1.5240000575916544,
        1.5365236918383682,
        1.5339502060966634,
        1.542574430714887,
        1.658042196677375,
        1.6331346826847457,
        1.597381514196117,
        1.591253644720666,
        1.5968817011266498,
        1.5516426848480946,
        1.5848294581195375,
        1.5564950983489383,
        1.564187343481592,
        1.5542390045324603,
        1.6975754660661366,
        1.6147370256670814,
        1.618980163463301,
        1.5680979002182343,
        1.568055804763535,
        1.5657176426382566,
        1.55005791302408,
        1.5566745204604846,
        1.6043781127934535,
        1.6031516563005288,
        1.6908639904989342,
        1.6128732015884377,
        1.5655915253915276,
        1.5874484301066605,
        1.5285019954592682,
        1.5815778393939024,
        1.5964935978868657,
        1.5622649624111975,
        1.6023767947856717,
        1.568642057619265,
        1.7211322409764223,
        1.6509087772547728,
        1.64205435885753,
        1.6335305530155775,
        1.5909891715945526,
        1.6202647780115393,
        1.5428345384781141,
        1.5637615950772739,
        1.590130092927375,
        1.5699974678676376,
        1.6601077349551845,
        1.5628367804994872,
        1.597466875651888,
        1.5054201204986608,
        1.5292876673710656,
        1.5412279734072152,
        1.531139544907239,
        1.5553883492991012,
        1.5114935818865276,
        1.5276480963107597,
        1.6638674860736797,
        1.6239866859504029,
        1.5790931106436252,
        1.586220656450205,
        1.5921515534013773,
        1.5714271746787092,
        1.5591134883487276,
        1.5702612073919384,
        1.5217751521142928,
        1.5408297063750296,
        1.6693620664816569,
        1.5929192602410036,
        1.5815624598595912,
        1.535861326901844,
        1.5534822468368992,
        1.5751967816810692,
        1.5337493030259859,
        1.5467575173098724,
        1.569517011501391,
        1.49384813910534,
        1.6763763564071184,
        1.6334569174537001,
        1.5813799025431188,
        1.5449768003176019,
        1.5726147050255346,
        1.5756759352976915,
        1.5837228810166324,
        1.575500107265394,
        1.5977320572883844,
        1.5646244354686754,
        1.6119558664335318,
        1.615613711667157,
        1.5644945652076327,
        1.5542858216276005,
        1.5814235663014322,
        1.5380012189401064,
        1.546503787946227,
        1.5688816885546588,
        1.5286807865260639,
        1.5900139345041455,
        1.689224823480622,
        1.6007810871739738,
