{
    "start time": 1730486971.992172,
    "old id": "f48e4aa43315768e1ae4dc4407d95d9bd3814dd65c2ddc8cdb45eb17c6707796",
    "use_input_gate": true,
    "use_forget_gate": true,
    "use_output_gate": false,
    "use_state_gate": true,
    "use_new_state": true,
    "use_old_state": true,
    "use_residual": true,
    "n_layers": 3,
    "state_size": 256,
    "id": "3307dc9870aa7635d0fe981e589f7f91595e3472fe50718003bb4eb37f347bbb",
    "loss": [
        3.425443885931922,
        3.3196358111873705,
        3.1148455152276355,
        2.932823142148279,
        2.8113468841629685,
        2.728680537199683,
        2.6302854034548466,
        2.561531505441754,
        2.4579120170789053,
        2.4555790123508365,
        2.398660026816239,
        2.3664943832976304,
        2.318484031909487,
        2.2712594798767602,
        2.250423296946214,
        2.1793606529844682,
        2.141522925937508,
        2.0878841021003867,
        2.098799991181512,
        2.1587061968568864,
        2.1227319266597435,
        2.0584767558048402,
        2.0202653003170883,
        2.0053329590507536,
        1.971797155011606,
        1.9751418844335875,
        1.9557892973732487,
        1.9471865640034274,
        1.9060582440008818,
        2.0722552667747167,
        2.0393807110232838,
        1.9636082610806083,
        1.9377253917479251,
        1.9662010834586086,
        1.9545343882236772,
        1.9389387156392386,
        1.9173711842486594,
        1.914647522751207,
        1.9362454735665389,
        2.0159993426476888,
        1.9495167404845022,
        1.905590410802193,
        1.8937093747833604,
        1.8653550276008368,
        1.838202874331167,
        1.8923722169698594,
        1.8011953116943735,
        1.8642209978028585,
        1.8351495534738207,
        1.9755650928327313,
        1.8244610201353153,
        1.8038204355711598,
        1.7843255326416272,
        1.7791863591833614,
        1.7187460365118437,
        1.7744123252377875,
        1.7722031251202874,
        1.8040101767989951,
        1.767277177048398,
        1.9103179359643145,
        1.794959390942619,
        1.7585885566130792,
        1.7899908032328231,
        1.6916756669747819,
        1.7388380125097984,
        1.7530209644332617,
        1.7809097526251765,
        1.7464364928836253,
        1.7935244697912671,
        1.8808608736823902,
        1.773691022460488,
        1.7572097363082275,
        1.7321295181352527,
        1.6633033519852651,
        1.6600961623966444,
        1.7394373732906943,
        1.7236657550838255,
        1.6518917932386172,
        1.6876079386522087,
        1.8376261298383725,
        1.7918555861523888,
        1.7489344177108392,
        1.7318188575321127,
        1.7678486258741621,
        1.7673441392451212,
        1.731822673746925,
        1.7562902025982603,
        1.7320124869416724,
        1.7607291090691664,
        1.8607011044150514,
        1.7690443064782786,
        1.7490238980575545,
        1.7392272989940034,
        1.7529826007590574,
        1.7699583911841712,
        1.7139788120690833,
        1.7045995835747545,
        1.7616113313404085,
        1.7610370700514044,
        1.8712727425974316,
        1.7537910623056299,
        1.7146417520172441,
        1.7013103330312909,
        1.6850422603727673,
        1.7018078243608539,
        1.6801609753446292,
        1.6594305851984346,
        1.6409668947559057,
        1.6613768024753621,
        1.788693614742658,
        1.7251194912370766,
        1.6772060057423472,
        1.7113228785167753,
        1.6540331783250277,
        1.6896744583342458,
        1.631947906587127,
        1.6715102459663842,
        1.6908627647650052,
        1.6544403316928689,
        1.8388702015072287,
        1.7054048726690467,
        1.6451694866175794,
        1.6614148666479178,
        1.653601865956566,
        1.6472365277224237,
        1.6324358750867691,
        1.6324219171009504,
        1.657620025027247,
        1.6757673895019127,
        1.777201609688441,
        1.606459342241555,
        1.6561716772865203,
        1.6596760610730907,
        1.6594944479607439,
        1.6189678685764963,
        1.636762832225509,
        1.6424892846265569,
        1.6229257146506504,
        1.60036133271828,
        1.7550421335881479,
        1.6626513104530576,
        1.6784516050849931,
        1.65552839778916,
        1.6386417434698906,
        1.6653182570285905,
        1.5922847319260822,
        1.614921224441388,
        1.5998795145447973,
        1.632171122264965,
        1.8252216114071906,
        1.6539772493788105,
        1.6342368197418586,
        1.6545279860337923,
        1.6276780900116952,
        1.6471141115236325,
        1.632533317663062,
        1.6374673638960535,
        1.6905604875257016,
        1.6775419234461686,
        1.763844772187622,
        1.671182315835162,
        1.665357282268075,
        1.6583079163161454,
        1.6770335365825688,
        1.6634976761171263,
        1.638955651898015,
        1.6341321751427007,
        1.6317962767651715,
        1.6274775287579817,
        1.7366369122459024,
        1.6772749599174002,
        1.6459341976392294,
        1.6253126657539512,
        1.615439122736657,
        1.6112464749719648,
        1.6565539145532122,
        1.6358252829514872,
        1.6535876072599898,
        1.6360102366754525,
        1.6841657491854802,
        1.6419988249169337,
        1.6077647258172552,
        1.6161989339408904,
        1.622183912163363,
        1.6162659429358184,
        1.6586401366965884,
        1.6573814147886066,
        1.6618374364659436,
        1.6420396654979026,
        1.6998729197044717,
        1.6277500290362388,
        1.6360534398251885,
        1.5892734850802561,
        1.610023587536436,
        1.6405655838804614,
        1.6261730758120447,
        1.606822502092297,
        1.572433252233566,
        1.5960354442845721,
        1.7433868057686892,
        1.6415133560270314,
        1.6157397579027808,
        1.627941740635302,
        1.6298588099392581,
        1.66637864370187,
        1.6587313427780699,
        1.6601228261761996,
        1.5894259354319178,
        1.6531205610294173,
        1.7591604612823517,
        1.6696821969343272,
        1.6538136577408975,
        1.6712066960152951,
        1.618550331263885,
        1.5845180222675002,
        1.6261956185223707,
        1.6279122311013434,
        1.6531919677043991,
        1.6324853443309764,
        1.7216075111680584,
        1.6958292247277178,
        1.6513227483502089,
        1.6434759507575272,
        1.6517722336825071,
        1.6641803738964178,
        1.6828136975181454,
        1.661433322116326,
        1.6567358849747496,
        1.5998652991336875,
        1.742034496491455,
        1.6401141228564458,
        1.6156186519942421,
        1.6203093059274587,
        1.6363448408312324,
        1.6482372017295905,
        1.6434827981693712,
        1.627919554058341,
        1.6455848174393242,
        1.6375217835149412,
        1.7340260820198141,
        1.639163322073497,
        1.5825488247121058,
        1.6030953444006626,
        1.5884648460598418,
        1.608260040803799,
        1.6086674039875097,
        1.5818725639149411,
        1.5678126347951806,
        1.5680453140100343,
        1.6885293999387985,
        1.614533279252282,
        1.607068125744829,
        1.6171570153278472,
        1.6197623002415442,
        1.5993963080664637,
        1.5934815719270108,
        1.5674986111763212,
        1.6041882259620477,
        1.5778652046858364,
        1.6885544162319333,
        1.65925843668926,
        1.626850731974821,
        1.6573735826176166,
        1.6303877439438452,
        1.6979639950112553,
        1.6498930921444812,
        1.6230866383845348,
        1.5686492268283456,
        1.6296980786185011,
        1.728500092362211,
        1.6428465901737732,
