{
    "start time": 1730503052.5648956,
    "old id": "abe2b40e0c7c8edd065f4c94f96fe6a4a88b4267105003df26d254f3a6e7d5d4",
    "use_input_gate": false,
    "use_forget_gate": true,
    "use_output_gate": false,
    "use_state_gate": false,
    "use_new_state": true,
    "use_old_state": false,
    "use_residual": true,
    "n_layers": 3,
    "state_size": 512,
    "id": "3342112913ca6cba2507f6612e067d9d8e38debd101cc0006f91cc72e8f9be4b",
    "loss": [
        3.366603858189355,
        2.9403958310664797,
        2.788388807383253,
        2.593534478288877,
        2.4584746266767796,
        2.4255018554370507,
        2.339088676792671,
        2.2507479203537986,
        2.2009641934571276,
        2.233607269900784,
        2.1830331710053588,
        2.133713851662351,
        2.0588111172518047,
        2.0700098223743986,
        2.043707063780505,
        2.0226540256500214,
        2.0047271638782322,
        1.9896000289166127,
        1.9566410305955724,
        2.0115934220481932,
        1.9073541040551127,
        1.8810168977658213,
        1.8572952881081295,
        1.849022015388933,
        1.8417757709916065,
        1.8272182686541898,
        1.820949042924025,
        1.7700667269505808,
        1.8084311051435702,
        1.9512831417949508,
        1.9106639472180207,
        1.853249295282366,
        1.8309177856667758,
        1.8417284090253474,
        1.7981866080476097,
        1.8248453149863348,
        1.8306427246808685,
        1.7689840972459947,
        1.7692614131204185,
        1.8845458919255502,
        1.8552893470453342,
        1.7835460278559108,
        1.7957718753743228,
        1.7516919934007376,
        1.7538860161450256,
        1.7044166492449355,
        1.697227044006703,
        1.7067685536113861,
        1.7235883210715277,
        1.8929757216334062,
        1.7388015307221065,
        1.6795008415673025,
        1.7405004412001235,
        1.7495663767988656,
        1.7648486559425345,
        1.7585811244619287,
        1.7617014396747832,
        1.7302031878113624,
        1.7239430244262226,
        1.9045898087238082,
        1.7323353152390375,
        1.7094601383615076,
        1.69829184795685,
        1.6518229633823414,
        1.6217440418823428,
        1.6364811206122376,
        1.6808848505568161,
        1.718353781795558,
        1.7185484106970752,
        1.850026921918859,
        1.72533807904807,
        1.7499951731339782,
        1.6798901390231975,
        1.645221313874034,
        1.6229065619122869,
        1.6424742680482554,
        1.6592340649269448,
        1.6261958438006652,
        1.6284840505111327,
        1.8018182406589134,
        1.809067538520287,
        1.7801159592100777,
        1.7271680386664254,
        1.729970496139103,
        1.672249322947198,
        1.737319830386359,
        1.6645530337571501,
        1.6950000775011231,
        1.6899571384454897,
        1.842913819844638,
        1.723655117396838,
        1.6800936310626204,
        1.6856946352576367,
        1.6641120165043113,
        1.6741966610954588,
        1.6690593939799423,
        1.6605383231977702,
        1.6666275668498156,
        1.6665927384588293,
        1.7954554617372085,
        1.6668842091169018,
        1.6622018230697642,
        1.660229401637451,
        1.6324113762174373,
        1.6360507446890609,
        1.65466758657,
        1.6405619669426321,
        1.630738835731345,
        1.6386140799471127,
        1.7930285001267767,
        1.7394361986426177,
        1.6817411452761488,
        1.6934120909218824,
        1.6755221376906857,
        1.6561328938903075,
        1.655498033391767,
        1.7009347597477391,
        1.647236494060221,
        1.6681904517678157,
        1.810148129469514,
        1.704956930938359,
        1.6597314598465631,
        1.7138950035313465,
        1.6842113714728046,
        1.6726464416671083,
        1.6248221177369644,
        1.6292575305067134,
        1.7022987923543353,
        1.6457087170215885,
        1.7947888851469422,
        1.6778273434986875,
        1.6248978290337155,
        1.6459044635366038,
        1.6576630282884004,
        1.6825102701539196,
        1.6387215250169989,
        1.6361991794760384,
        1.630612306305598,
        1.6744154611064281,
        1.7821303086565266,
        1.6023800675665811,
        1.6821753358068379,
        1.6331182828959943,
        1.6251717534089078,
        1.649253259005618,
        1.6056692346417012,
        1.668250273518933,
        1.5765718235599089,
        1.6192637127015306,
        1.7812680875728883,
        1.666111112817809,
        1.6635553024216645,
        1.6691010186216109,
        1.6485129100209626,
        1.6605941485724813,
        1.598998097436623,
        1.6091335899154988,
        1.6253610940001035,
        1.6221918163264741,
        1.7641663734087585,
        1.6885404514752271,
        1.645995477562968,
        1.5974539607186804,
        1.6135934178491762,
        1.6494641511438852,
        1.5986398843590015,
        1.6598537439722831,
        1.6283822657281586,
        1.6282676013765474,
        1.7837280168939795,
        1.6681177673137424,
        1.663982666584613,
        1.6563882631690352,
        1.697247141421391,
        1.6540745704216848,
        1.6552976912715829,
        1.6633277509471003,
        1.6393563898936099,
        1.6287257973915317,
        1.7134635593586056,
        1.6436976576581386,
        1.6610408318965206,
        1.6407152751184961,
        1.6219990829128705,
        1.6121358889588089,
        1.5993432924015603,
        1.5319442282310523,
        1.595201120209896,
        1.6085244855206915,
        1.7457023208756803,
        1.6507039493561169,
        1.6756516463375695,
        1.6421198727641126,
        1.6372390305294329,
        1.5995084314825097,
        1.6154483630412197,
        1.6496731868337633,
        1.5953528815779696,
        1.6155657151231317,
        1.7478669269965101,
        1.6522179554667134,
        1.6385579950072304,
        1.6220197526745548,
        1.6223056952582295,
        1.6157810610772583,
        1.6040391801536757,
        1.5818710890928598,
        1.6060873670671638,
        1.5887148000518898,
        1.706464269758045,
        1.6698006553527012,
        1.6571333662371248,
        1.6344155763918649,
        1.671043822898383,
        1.6310012483003593,
        1.613284057278701,
        1.6336293527689636,
        1.660331423695618,
        1.5754698957475293,
        1.748771286544276,
        1.693923124163691,
        1.7074723711709978,
        1.6719158822829698,
        1.6632422653419738,
        1.6451752022489823,
        1.6251414816470011,
        1.656175265132326,
        1.6090737644064328,
        1.6281155923829909,
        1.7797461862440564,
        1.7086739241361129,
        1.647527065940141,
        1.6670837119528763,
        1.6894689159269138,
        1.6853545318329446,
        1.6749482552052557,
        1.5907103514961858,
        1.6518625471687765,
        1.6882157963732842,
        1.7541151827256858,
        1.6228038349849434,
        1.6138189415643776,
        1.641165383701773,
        1.6142939546189217,
        1.6037510323109685,
        1.6304518015110538,
        1.5972990492480112,
        1.6317055058642782,
        1.5738248465106532,
        1.7134910433981048,
        1.6401618508095959,
        1.57860646958265,
        1.5837537063320795,
        1.5419850376029856,
        1.5272279931064707,
        1.547768338057817,
        1.5508037160263233,
        1.6139535440408062,
        1.5829025827776328,
        1.725434496276332,
        1.6846056386883659,
        1.641766186795225,
        1.6414686189302226,
        1.6503714960719216,
        1.6594789313400218,
        1.6239593646500181,
        1.6146447920098328,
        1.5643212235450104,
        1.571244916306757,
        1.7144595316152174,
        1.6500760367310463,
