{
    "start time": 1730491701.3734787,
    "old id": "ad0d654a285a87167ec9d9b5de6010a7f2078dfbbe8756614dcc6026012013e2",
    "use_input_gate": true,
    "use_forget_gate": true,
    "use_output_gate": true,
    "use_state_gate": true,
    "use_new_state": true,
    "use_old_state": true,
    "use_residual": false,
    "n_layers": 1,
    "state_size": 512,
    "id": "34fd219e19b8aabe532c1c447a7d1edf559badd9e0ba5a624fabbfe8eaae8427",
    "loss": [
        3.409121184876233,
        2.966795197651714,
        2.7552506658388136,
        2.6117406814268382,
        2.4946887304467036,
        2.4401845942255997,
        2.358991856109761,
        2.267928689407656,
        2.2927596739569425,
        2.2774057863258994,
        2.2512576747269395,
        2.1759896482831937,
        2.1321721800757545,
        2.094327874073923,
        2.0959277021650085,
        2.0877229026793085,
        2.065219914607401,
        1.9939462119381066,
        1.9329424683150698,
        2.063937773413221,
        1.9946801073777691,
        1.8917082477276623,
        1.9028069159138123,
        1.9028828828468962,
        1.911048971695288,
        1.8247402546434501,
        1.8607373726766152,
        1.8872042295664504,
        1.7996995481250981,
        1.9060756181117302,
        1.9201292285200675,
        1.8630799385889587,
        1.8617258935735033,
        1.7732615560822949,
        1.7577277299359426,
        1.7297072998341314,
        1.7717319132573914,
        1.7842288139531834,
        1.8149333327321802,
        1.9124091082647556,
        1.7934424642117819,
        1.766647487088196,
        1.7768524933087244,
        1.768351546697546,
        1.7248700347835566,
        1.6957903446865896,
        1.6842503201846366,
        1.7244861733559582,
        1.6634804685527769,
        1.8069201458507325,
        1.7588917779698006,
        1.720832790738414,
        1.7183879756901779,
        1.6883073392788974,
        1.6667916001211447,
        1.726390431064822,
        1.7092158880133066,
        1.7080457316038067,
        1.6752744990751112,
        1.824334336114642,
        1.7025387372598184,
        1.7104417097766127,
        1.6563795578857068,
        1.6732807675220998,
        1.6356300319118011,
        1.609718366358026,
        1.6051122986888828,
        1.6505650541465144,
        1.5728495729923146,
        1.7488833517549556,
        1.7166684802333732,
        1.6845016946134843,
        1.678797611565472,
        1.6592762972535968,
        1.6508238500674426,
        1.6536422927360819,
        1.6173421972185886,
        1.6209976398074781,
        1.6590831336401215,
        1.7658317101711098,
        1.5994498516126485,
        1.6129549437944994,
        1.6084294179718908,
        1.5917196874919413,
        1.6414075048861607,
        1.5946923896577296,
        1.5746346901093509,
        1.606446367932774,
        1.5936103140219096,
        1.695716409114124,
        1.6368902513899655,
        1.6418486489004356,
        1.609726205085401,
        1.6359241049546855,
        1.6601316458820072,
        1.615105404240057,
        1.619862913639613,
        1.6654153528004243,
        1.6140050054826174,
        1.7770764988129373,
        1.6400956487270302,
        1.6015581472595637,
        1.6194901013791936,
        1.5944660304728175,
        1.607878787019638,
        1.5698465239619908,
        1.6040834634696968,
        1.6016686819195385,
        1.598688374958993,
        1.7944441840833603,
        1.6254482650043496,
        1.6349084173437054,
        1.622171454196869,
        1.5662271525532347,
        1.607233341377048,
        1.5856134318510384,
        1.5604807027712688,
        1.5461246019839947,
        1.5162755955644946,
        1.7252466931084316,
        1.5634097761616506,
        1.5669022924122407,
        1.591252743728035,
        1.5896071798059797,
        1.5810470367121228,
        1.5777860249766478,
        1.533851810346175,
        1.549622864210144,
        1.5262928157375444,
        1.6917229584832125,
        1.6471222004459611,
        1.5567185556641185,
        1.5370506771147265,
        1.515852650478978,
        1.6219908118220676,
        1.4973371867062617,
        1.5238078474167278,
        1.5208890149318892,
        1.5792110415409586,
        1.6371715355091552,
        1.557558952578167,
        1.555023554904303,
        1.5335393857166202,
        1.589673980481685,
        1.557029738650911,
        1.5576206131975847,
        1.6103528835296255,
        1.566323045478892,
        1.5406422648407547,
        1.7014827929730378,
        1.5943609829872236,
        1.533096832184174,
        1.5752061588790442,
        1.5697426778068804,
        1.5405596322461832,
        1.5512383313891251,
        1.5333895134807973,
        1.573664815949127,
        1.5324638318234374,
        1.676846328576476,
        1.542308250119178,
        1.576250645317251,
        1.639190895177776,
        1.5792407526472392,
        1.6045671700908934,
        1.5569642867309679,
        1.561022584274647,
        1.5239873403151742,
        1.5743042578486846,
        1.707634521013482,
        1.6055532260238137,
        1.59791712016653,
        1.5702984258683295,
        1.6280769477644301,
        1.5781907697592357,
        1.5972635264240584,
        1.6309720950073237,
        1.5784122085005265,
        1.5658202042214149,
        1.7012572996157178,
        1.6583095612628171,
        1.6031478454431196,
        1.533606371002127,
        1.562130922530951,
        1.5797786289051263,
        1.5695278137951947,
        1.549977709482426,
        1.5424394363533693,
        1.594367598571935,
        1.6929599742579609,
        1.571900287287089,
        1.5724968962974444,
        1.5360564990220111,
        1.5569874221763818,
        1.5182361334987755,
        1.5523246850017631,
        1.5035457436876187,
        1.5303149354490064,
        1.5317023258033706,
        1.6931587454809944,
        1.6205824633924264,
        1.5522415284980005,
        1.5848801492583853,
        1.5225260141609456,
        1.5171509260502616,
        1.534321524076816,
        1.5546449142642507,
        1.5628516229918024,
        1.5417409246495606,
        1.7181932995894793,
        1.6276152564964759,
        1.6087242345584136,
        1.579413569164503,
        1.559090821809048,
        1.5860908879034743,
        1.6079553029897704,
        1.5675619200175055,
        1.5268448626039761,
        1.5415810067378894,
        1.6861455741578266,
        1.5782319345201365,
        1.6073578079170687,
        1.527648282278382,
        1.529884670778606,
        1.542843681999887,
        1.5118179983603908,
        1.5146968645808223,
        1.5348023296271693,
        1.5029934394567122,
        1.6768223138309704,
        1.5501195218857473,
        1.5435092351674842,
        1.5470194857481614,
        1.5463540665285758,
        1.5612340486573089,
        1.5258313646300066,
        1.516083079703712,
        1.4993792989187373,
        1.5264755033862618,
        1.6630187993059604,
        1.5553244912502084,
        1.591452070916009,
        1.5038738742425133,
        1.5560284178017236,
        1.5341474119034173,
        1.5416315316872071,
        1.5209532682483404,
        1.535367448076653,
        1.5455157301755433,
        1.673402700946738,
        1.6260513057032042,
        1.591297225519161,
        1.5482198281926804,
        1.5500518031477089,
        1.5143082923311706,
        1.558705080961537,
        1.5600165176040433,
        1.5565954470509984,
        1.5016337199541514,
        1.666497639486756,
        1.5908507882499996,
        1.6111334201928211,
        1.5652649292194836,
        1.5879016419327194,
        1.5067866137358752,
        1.5237415250429538,
        1.5111240550686953,
        1.545187979527289,
        1.5483843956753207,
        1.6377871084659525,
        1.5620033403039122,
