{
    "start time": 1730490680.7547123,
    "old id": "91dc1c3a268a8a3527cfd8640c88d9b6107d0e7bdf3d93919158c1d9c03fd5af",
    "use_input_gate": true,
    "use_forget_gate": true,
    "use_output_gate": false,
    "use_state_gate": true,
    "use_new_state": true,
    "use_old_state": false,
    "use_residual": true,
    "n_layers": 2,
    "state_size": 256,
    "id": "3a17485df83c2767ecc341be183930753722d94653657b91927d611cc65418df",
    "loss": [
        3.38201702489931,
        3.042510564275527,
        2.8663818868701174,
        2.732694990078576,
        2.570478711418452,
        2.4712899351559185,
        2.3959596229673905,
        2.322285012983217,
        2.3108023115578193,
        2.324076487234787,
        2.235637776946171,
        2.2012776825661535,
        2.16405219403481,
        2.0988630134642663,
        2.081733901659295,
        2.0646363530527485,
        2.0429504235641263,
        2.0299626956856027,
        2.04512734495526,
        2.1365746502215757,
        2.0108460704050457,
        2.0136890598079713,
        1.9455580583840133,
        1.9959002868958988,
        1.886704921367753,
        1.8846167167093149,
        1.9019150874747794,
        1.905271201132667,
        1.8499593128314167,
        2.0091846551217705,
        1.883808673920005,
        1.8972846129986947,
        1.8585311455472486,
        1.8596275172791383,
        1.8795777582918451,
        1.8793543027118622,
        1.8732862237477033,
        1.8759489303382881,
        1.840810179259078,
        1.9880432332190376,
        1.8433789917819399,
        1.8235916844122886,
        1.764996379540606,
        1.7917059517277631,
        1.7737696689772906,
        1.8392019555182946,
        1.7820205881032034,
        1.787523994771652,
        1.7995718519686235,
        1.9620834641667462,
        1.8244887073179406,
        1.8281045384751369,
        1.8263237229584324,
        1.7673190844203244,
        1.8109233266399059,
        1.7678027971649417,
        1.755986297509673,
        1.768939936910715,
        1.7567191986451671,
        1.8660633349513525,
        1.787125614676948,
        1.7896316242684482,
        1.780350853082066,
        1.789789682804839,
        1.7685005221949992,
        1.75649316930048,
        1.7116068745019735,
        1.7578608138539384,
        1.7248498249863025,
        1.8186678984547195,
        1.7329994372715554,
        1.7230784653887143,
        1.764758036778058,
        1.6608591453248531,
        1.6992777101094427,
        1.693878088382151,
        1.7369082291830205,
        1.7300390242322399,
        1.756975422406712,
        1.8989921495362858,
        1.724379694135475,
        1.6902576363990243,
        1.6970914887638586,
        1.6639929806886504,
        1.6906990924936172,
        1.671503864774462,
        1.6793541470450462,
        1.7130796958006613,
        1.6889435819749312,
        1.8531080664903576,
        1.7653913999945852,
        1.7692778538993792,
        1.7278619221138145,
        1.7078485955522151,
        1.6967765901747047,
        1.7189859964843466,
        1.6739615259104257,
        1.6867727774680872,
        1.6730233585289318,
        1.8316971792084253,
        1.7791847038272635,
        1.7260266448235286,
        1.7310713839353573,
        1.7178681438890513,
        1.7069276943710325,
        1.721553356702934,
        1.6879975203817423,
        1.648268901359565,
        1.683726447474374,
        1.8276339697551636,
        1.743611544456623,
        1.696490467205224,
        1.7518308633143191,
        1.697915030346631,
        1.6373414984559365,
        1.6693675395454926,
        1.653818754663118,
        1.6472506059963565,
        1.6969134557646621,
        1.7892687147202755,
        1.6917335875567638,
        1.66878694319853,
        1.6288275746234882,
        1.6233352472262585,
        1.6679809286018736,
        1.640333666298683,
        1.5985703214271154,
        1.5792520758048598,
        1.6858347234492557,
        1.777980959042599,
        1.6705806807836228,
        1.7123317143934926,
        1.684340735280193,
        1.6697467038712073,
        1.6342446142947886,
        1.6525312963637713,
        1.6121486259474878,
        1.6568339376426744,
        1.652259724268007,
        1.7762669336358525,
        1.654427542440937,
        1.5904531042707184,
        1.6794850398954257,
        1.5962337112764227,
        1.65436489579876,
        1.6691353668272477,
        1.6181017472086174,
        1.6563431669342663,
        1.6294119849794335,
        1.717557586712664,
        1.668866535333969,
        1.6768614777497433,
        1.6013237683231152,
        1.6400116228379,
        1.6358783719199659,
        1.604669624505498,
        1.5974398379901689,
        1.5990194410619616,
        1.6460704001324629,
        1.754754046112636,
        1.6719568572786987,
        1.644691592318289,
        1.641524941216183,
        1.60798354688871,
        1.5996351947328844,
        1.5980794399396148,
        1.621680147028192,
        1.5958542751970075,
        1.6257481527468698,
        1.7187386706744132,
        1.6508879485940111,
        1.6383828406512497,
        1.659163106699524,
        1.641083788690447,
        1.5843372621534184,
        1.6095598542268064,
        1.6410767638687658,
        1.6498203755856622,
        1.6482383887460788,
        1.7411682455349176,
        1.684761405089954,
        1.6305251029131436,
        1.6578452202805616,
        1.607706914992616,
        1.61351266464635,
        1.6582704793628955,
        1.5840674709539873,
        1.6285398582542554,
        1.6276177451260174,
        1.7014648205978746,
        1.6436890700353872,
        1.667486371973535,
        1.6873192844110343,
        1.6408801009800493,
        1.6291225990986873,
        1.632028400222111,
        1.648493730314909,
        1.6274103778812106,
        1.6226158384913638,
        1.7130133222025636,
        1.663338062125414,
        1.6521098618145764,
        1.6183855428277019,
        1.6556735069074495,
        1.5795915173637343,
        1.568646206338948,
        1.58963531104263,
        1.5988202017179816,
        1.596411649777076,
        1.709627266923474,
        1.6261712194857982,
        1.5966296058050458,
        1.5892843952085869,
        1.5923012786970574,
        1.6239389466635157,
        1.578085135179958,
        1.5544835706094624,
        1.5875965282583677,
        1.6223195115908473,
        1.7216921993842624,
        1.6622449588918493,
        1.5990001493903137,
        1.6045541334396658,
        1.6067519949446916,
        1.6265604754919105,
        1.637011593738843,
        1.6067400025997798,
        1.599332442116005,
        1.575168517418079,
        1.6975204611382528,
        1.651198399678005,
        1.6433215954022158,
        1.592588407441312,
        1.5720124019571355,
        1.5999531017765323,
        1.5885851854502904,
        1.579466818044201,
        1.5804416258709886,
        1.6134251295647675,
        1.772962539583654,
        1.64952090681437,
        1.6173000092884138,
        1.6300437639277303,
        1.5914357308269995,
        1.6121215902922497,
        1.61406913422273,
        1.6226418743812114,
        1.5813810022096302,
        1.6105667737117106,
        1.7373820429050328,
        1.6241877234530697,
        1.5936913418611693,
        1.5909694808783073,
        1.5747255222625962,
        1.568991327597979,
        1.5933125940471555,
        1.5890767127255894,
        1.5636703601198814,
        1.6252480338161517,
        1.7034061638247302,
        1.6312167136216207,
        1.6333217310669375,
        1.607535314801984,
        1.5992378111708898,
        1.6329756061449923,
        1.5748127717027884,
        1.5856633716663613,
        1.5765193880163795,
        1.6254571364432324,
        1.7341852606250197,
        1.64122477826079,
        1.5881273955311839,
