{
    "start time": 1730497301.7603486,
    "old id": "53ced7ea1f84e21808d4f1bfee071d69da0bf97d1e8847902ac8c117e6e13443",
    "use_input_gate": true,
    "use_forget_gate": true,
    "use_output_gate": false,
    "use_state_gate": true,
    "use_new_state": true,
    "use_old_state": true,
    "use_residual": false,
    "n_layers": 3,
    "state_size": 512,
    "id": "3a530614a5b3daa97255175b072f2f2a1b0d3a324e7c2a4d6de14000a0ad23eb",
    "loss": [
        3.555572493949461,
        3.318953720216817,
        3.1379661226015734,
        2.9494344551455183,
        2.8076442980053744,
        2.6978935724690603,
        2.6381958055512236,
        2.5748861906345386,
        2.5727303931475323,
        2.5467404552718085,
        2.5206461974498926,
        2.435325353308479,
        2.4092225015141198,
        2.389376542846556,
        2.3313367834433043,
        2.270804155544741,
        2.297571237607985,
        2.2511527396167224,
        2.1650198178833695,
        2.294864081159773,
        2.162217861542541,
        2.127875364858081,
        2.098659047092709,
        2.1038098828061456,
        2.096639105438394,
        2.0767517155898894,
        2.091828512761392,
        2.047606655082985,
        2.033648725747096,
        2.100821037116942,
        2.1061786680560197,
        2.1438060012038873,
        2.008794242043655,
        1.9585698282897643,
        1.948282336351768,
        1.9526432207618247,
        1.96427776161259,
        1.9971799905196443,
        1.9101236244581554,
        2.051220203227654,
        2.0447716054400304,
        1.9926168766276833,
        1.917058383402769,
        1.8775573101380847,
        1.898055109343313,
        1.9257508295830932,
        1.8971961128628372,
        1.870553714594964,
        1.9036368060781286,
        1.9396425610426653,
        1.9179353495568254,
        1.905825931614557,
        1.8748781686692246,
        1.8358239160176797,
        1.8771891803617058,
        1.827082280911866,
        1.7653123247837672,
        1.7871944771604498,
        1.8258342666561589,
        1.9043935381921668,
        1.8807504340932806,
        1.8793121563024182,
        1.823547475525089,
        1.840793619144748,
        1.7865034687859072,
        1.8116947843151858,
        1.7746517901933088,
        1.846501671195232,
        1.8624510094399518,
        1.923661311931892,
        1.749416884441431,
        1.7192529945957629,
        1.7146295171848285,
        1.7257446349066985,
        1.7017061590017768,
        1.7079474374479617,
        1.713888786526683,
        1.694470136576889,
        1.7442752332368592,
        1.872909464195936,
        1.8338101887937086,
        1.8132333267216632,
        1.7665871104956161,
        1.7660981339775992,
        1.7708782629334923,
        1.817572190713201,
        1.7333785681149436,
        1.7578539628997507,
        1.7341862406037738,
        1.8835638533058572,
        1.8329190503781863,
        1.7896801064315295,
        1.7855456065649604,
        1.8012238707922454,
        1.8197758638291786,
        1.7144105835737844,
        1.7064603007575643,
        1.7331946293497444,
        1.7491446866722287,
        1.8784006467667407,
        1.7357033737401746,
        1.7373654889930064,
        1.718095145744886,
        1.6945004101389805,
        1.7231743553556784,
        1.711460914938512,
        1.7401168601875379,
        1.6658999552972238,
        1.6851544918960635,
        1.8496512781351921,
        1.7552368732512595,
        1.7390279136266402,
        1.7419278305645296,
        1.7422482571738964,
        1.735605566007611,
        1.7158287383636341,
        1.739515193006661,
        1.680344518692662,
        1.6917310273717752,
        1.8130867171050415,
        1.7614573399391211,
        1.7036317094228635,
        1.6681555653732285,
        1.7157224510225444,
        1.6730074320193038,
        1.673697434534288,
        1.6770769547506135,
        1.6798763603500977,
        1.6708770561127055,
        1.7959381271791033,
        1.7634404198329887,
        1.7120712375658795,
        1.691345499291222,
        1.6717154942032995,
        1.6887274570786923,
        1.7344367616513512,
        1.720360552004785,
        1.683004120278703,
        1.6158140933349285,
        1.8041967698279882,
        1.712186957607754,
        1.7357873883095571,
        1.709925365813043,
        1.7207846794702673,
        1.6682973460827821,
        1.6800998848528657,
        1.6777071861921704,
        1.6786472777920705,
        1.6181928532683214,
        1.7895430405321289,
        1.702172824331373,
        1.6600951944247022,
        1.595237184865734,
        1.6305563280056785,
        1.6585023364787372,
        1.5831615103435015,
        1.6310936659286221,
        1.6277722673540913,
        1.6686253077426225,
        1.8180764017267406,
        1.6896199716594014,
        1.6465673003907317,
        1.677568639210232,
        1.6439559068548566,
        1.6231654642040187,
        1.6542273395970368,
        1.6335299934325982,
        1.5898216724461312,
        1.6164923273325686,
        1.7689760876580256,
        1.6933987722904351,
        1.696733784957402,
        1.6570078710018095,
        1.628178559603845,
        1.673976318568417,
        1.676238994322926,
        1.6432048071902676,
        1.62680859217133,
        1.6366887995041055,
        1.7375980066348709,
        1.6398932602219403,
        1.6607008303181463,
        1.6040398224245414,
        1.667525508877819,
        1.6619421769028506,
        1.6523771549362813,
        1.647549794623654,
        1.6063027124170441,
        1.6550521418348378,
        1.7783356966365047,
        1.690224893921183,
        1.6743633558256041,
        1.6288564392267038,
        1.6532289522903627,
        1.6276428510563457,
        1.5892067215165693,
        1.5960712921569786,
        1.6184229151612015,
        1.6264166783656533,
        1.7598196786710436,
        1.6448568080875443,
        1.6459827225048966,
        1.655380347603649,
        1.6514558256742733,
        1.699843485961429,
        1.6365421020427957,
        1.6355593132700792,
        1.6367968885036643,
        1.6311464821486041,
        1.7616583205153509,
        1.631248247996271,
        1.6420581117648736,
        1.637469879863082,
        1.5667658609434694,
        1.6136622903742641,
        1.5736684405881871,
        1.5781960684366982,
        1.5774850707571477,
        1.6122441140626935,
        1.7313415410180373,
        1.6076317006898568,
        1.6111201584721375,
        1.612583317583135,
        1.5911153880342024,
        1.615314827951074,
        1.610103825735754,
        1.6128576597957751,
        1.5881308997799473,
        1.6087109981511154,
        1.7584250453380812,
        1.6318847195925803,
        1.6051975791828759,
        1.5958907876325634,
        1.6465726012815893,
        1.6000950808053875,
        1.6164976633794794,
        1.5717866033860275,
        1.572052896851925,
        1.5746182735736771,
        1.7146139846514332,
        1.6151305929112123,
        1.628123238661386,
        1.6269797396746413,
        1.6271474108931927,
        1.5945522462158257,
        1.5903669829341924,
        1.5986489146770553,
        1.6043066369505758,
        1.6055187144550453,
        1.7113288629496022,
        1.6148787187178006,
        1.5924364639391584,
        1.5934893240306665,
        1.6147280274505247,
        1.6044048533514663,
        1.561788218976698,
        1.6149716587364817,
        1.6026818894791472,
        1.6071987602068067,
        1.7093172101667669,
        1.6586252657178158,
        1.6210526371815752,
        1.6747175388763162,
        1.6481751794941797,
        1.6288189922004128,
        1.632888419922248,
        1.5875869625032804,
        1.6093911376937102,
        1.5580242532080826,
        1.7389252047519292,
        1.617272656900701,
        1.6169735258184605,
