{
    "start time": 1730487330.1279943,
    "old id": "114e06e84fb7ac1939eacb34d1d0b86c45c1bf004ffd809d5b800ccfe68b5752",
    "use_input_gate": false,
    "use_forget_gate": true,
    "use_output_gate": false,
    "use_state_gate": true,
    "use_new_state": true,
    "use_old_state": true,
    "use_residual": false,
    "n_layers": 1,
    "state_size": 512,
    "id": "3a759192367b1e9daf2b855c528228a87141774372a128742c36af5777b2ba0f",
    "loss": [
        3.446145949194864,
        2.8962447294923943,
        2.703599353208507,
        2.586985626187186,
        2.450625713652085,
        2.404469638160508,
        2.332870297980024,
        2.2274434759723842,
        2.247275364123105,
        2.2599873427187607,
        2.1490872892103594,
        2.1152866422417707,
        2.0734763748809804,
        2.0716456150241647,
        2.011499422147078,
        2.0208535967203503,
        1.9666355198081873,
        1.961615347400019,
        1.9319995292351217,
        2.002451351808182,
        1.9172633098885143,
        1.8583793763642569,
        1.8590653241174446,
        1.8060002671625284,
        1.7899273086148717,
        1.8035008793974328,
        1.8173934510016314,
        1.784936401153398,
        1.818327304568893,
        1.9351690847369079,
        1.8416903352899523,
        1.828392111931677,
        1.7878910589981964,
        1.7869709242630458,
        1.712839076080565,
        1.7072740768078007,
        1.7278321824698468,
        1.725259924653299,
        1.737651602322866,
        1.841767971151985,
        1.734542224560025,
        1.7110499127056165,
        1.6897766591413996,
        1.7223137870068854,
        1.6796026576439593,
        1.6837712274294792,
        1.639465417410131,
        1.6708242832290756,
        1.6942426006330613,
        1.8218683569098566,
        1.7380433071875285,
        1.714056115740528,
        1.7459802245414013,
        1.6527722848870898,
        1.6700009255299162,
        1.6537304580572845,
        1.6289451299861981,
        1.6641905606791911,
        1.6741067583410663,
        1.8562679609441386,
        1.7198059857050456,
        1.670868514343181,
        1.6279913960372796,
        1.6257822149064454,
        1.674051743100788,
        1.680621312606429,
        1.665652881445664,
        1.6432718252590042,
        1.618990160482659,
        1.7930334651748632,
        1.6782488346040128,
        1.6936084786993162,
        1.6487688831071365,
        1.6471453435907684,
        1.6356799936338817,
        1.6592410151673336,
        1.6324195186197217,
        1.6157818423657067,
        1.6110661167171123,
        1.7770583655224665,
        1.7147306574741918,
        1.6101659048100558,
        1.5757341363814767,
        1.5665137122089159,
        1.6382011899465183,
        1.6476763834346333,
        1.5821799354046198,
        1.6079046170541855,
        1.5285340454555532,
        1.7497525630065425,
        1.6469279593365036,
        1.5940039662304526,
        1.6176215435697479,
        1.5780888851296524,
        1.6600728524081485,
        1.6457766579333224,
        1.6031734601671164,
        1.6187054774160796,
        1.6390093184465349,
        1.7415253765488303,
        1.7482628133263565,
        1.6514157388322646,
        1.5826939652605911,
        1.627732375123231,
        1.6327863747078484,
        1.640939213776722,
        1.6019233810566407,
        1.6232004647020153,
        1.5738237979573784,
        1.75513113508537,
        1.6583153506477388,
        1.6038151403108156,
        1.6359129045872018,
        1.5632269887873638,
        1.558131943463981,
        1.5660815403109538,
        1.5966817915502893,
        1.6059175934360925,
        1.5799019246061088,
        1.7298508670819115,
        1.6798006718475755,
        1.6779036229118967,
        1.6277583846003367,
        1.643866661388941,
        1.637466946859378,
        1.574303633551275,
        1.5759980702774947,
        1.602788851481025,
        1.5929524284529692,
        1.7190863933201943,
        1.6387289532711053,
        1.61451125085259,
        1.6135700639523074,
        1.5912539043610345,
        1.6269350709761812,
        1.6032643661169725,
        1.5758979343756403,
        1.5386207237998297,
        1.5344964483804364,
        1.7420920857073354,
        1.6735683389802718,
        1.6725131657278955,
        1.6424247540889325,
        1.60679848934818,
        1.6241629252413508,
        1.573255561545256,
        1.574815157434809,
        1.570287813869943,
        1.5791501006534097,
        1.7007593754993882,
        1.6337343567198221,
        1.6001445391654654,
        1.6560030039323874,
        1.629070285498758,
        1.5744071583457928,
        1.5632365524692977,
        1.573699960113899,
        1.599704950393973,
        1.5357115037645668,
        1.7279493259480663,
        1.5812974528139228,
        1.6079365948627942,
        1.5610279047227658,
        1.5482498886109404,
        1.5627421098335037,
        1.5282576400086814,
        1.5836451728201055,
        1.6019335773659045,
        1.5494586024774923,
        1.7372922267404662,
        1.6068485444789509,
        1.6019852320890633,
        1.616920269337393,
        1.6280074549366772,
        1.5832988009770121,
        1.5782578249245378,
        1.5170707341263203,
        1.61885367466614,
        1.6191890361890744,
        1.780648187885531,
        1.6231976685741727,
        1.632247507659791,
        1.5846414664613615,
        1.593152061441847,
        1.604254978484008,
        1.5400614610811332,
        1.5644345788391305,
        1.5605473356963846,
        1.5428977562800685,
        1.7058356101707195,
        1.6046655164104493,
        1.536201993728498,
        1.5598223273657272,
        1.576544590051622,
        1.595677781341784,
        1.6031834378826828,
        1.5617993773935241,
        1.5563459887475106,
        1.5707298458622958,
        1.7893500022659639,
        1.677926497027419,
        1.6487471516716163,
        1.5722448725313831,
        1.5716154620675464,
        1.5667104717731835,
        1.5220239347715887,
        1.5313996763391828,
        1.5560787488534262,
        1.5405866283957905,
        1.6875253439170748,
        1.659571524742271,
        1.6010462578749767,
        1.5959485350902,
        1.592834630995304,
        1.5880847076709788,
        1.5581199114354918,
        1.5346298249325938,
        1.5639507874732905,
        1.5590712450434674,
        1.7242649396622007,
        1.6189156205743516,
        1.5972430791004146,
        1.6040605407847974,
        1.577850088284963,
        1.5633030385617073,
        1.5868863006607015,
        1.5887141901612383,
        1.5899991363257495,
        1.562637909634132,
        1.7116768395071151,
        1.6478743994847458,
        1.6123838013612148,
        1.5836851460373207,
        1.5473368533552956,
        1.5598915303309437,
        1.559256727270588,
        1.5810269456933896,
        1.5546301836028746,
        1.603358098388248,
        1.726004799697888,
        1.6403914420532788,
        1.6658064142123528,
        1.6005897734486056,
        1.5808136899517775,
        1.5129797899702488,
        1.5856543666076923,
        1.51160000165493,
        1.5650968439717539,
        1.5824120476485428,
        1.6838156950231498,
        1.6169985385200067,
        1.6502782477419837,
        1.611638999038281,
        1.569675196849261,
        1.580736171696138,
        1.549086065197886,
        1.6317047909032496,
        1.5651156027843751,
        1.620030325663795,
        1.6928172169149263,
        1.5812812007399069,
        1.5807066091906767,
        1.5954818975801062,
        1.6145890965723941,
        1.5460151977208276,
        1.5607739336901028,
        1.5622953309920524,
        1.54259758972601,
        1.5696993234056182,
        1.6652308666515387,
        1.6167897934571027,
        1.632085250745608,
