{
    "start time": 1730503265.4037848,
    "old id": "d9de940c9cf1f4234a1e21916c2b9ba5743ea93a3a695c69b06af79a5c2deeac",
    "use_input_gate": true,
    "use_forget_gate": false,
    "use_output_gate": false,
    "use_state_gate": true,
    "use_new_state": true,
    "use_old_state": true,
    "use_residual": true,
    "n_layers": 3,
    "state_size": 512,
    "id": "3db1df054a05f757d81c6ce73cefcefe6d5f08889553d5a869c853f9524fc554",
    "loss": [
        3.4241355816811048,
        3.038654808881797,
        2.7645894783571703,
        2.6498471470047043,
        2.5975236046634396,
        2.479256965055983,
        2.398324186141919,
        2.342230650378369,
        2.3211605280128436,
        2.271884971065305,
        2.22686098193165,
        2.1930142068034937,
        2.178365198130718,
        2.1399649038679964,
        2.0886604308045937,
        2.067405142203061,
        2.0171986764420473,
        1.97822906377973,
        1.9804731695192095,
        2.065832872883275,
        2.0637280806101854,
        2.0058640464125124,
        1.9737115879375904,
        1.931473665516097,
        1.9197398079935006,
        1.8843823740475918,
        1.924932292494959,
        1.8826729258239037,
        1.8267215765700355,
        1.9695976581917982,
        1.8417624315447354,
        1.8342962485188326,
        1.8237453718781265,
        1.828881011771644,
        1.8037756569601335,
        1.8729543939979536,
        1.7944852278338905,
        1.839824551606119,
        1.8599246790099393,
        1.9328957277587409,
        1.8456851382509185,
        1.818215449514525,
        1.813247081999438,
        1.8070769601063215,
        1.7456396517101858,
        1.7950021395059153,
        1.7819250192503828,
        1.7817128073215582,
        1.759876082498838,
        1.9457445908374886,
        1.8644219096353534,
        1.8350810337546684,
        1.8208147025299555,
        1.79226591759524,
        1.771311043925004,
        1.7689233749117643,
        1.7558112166625868,
        1.7624368692475794,
        1.7598363147079248,
        1.9185590021801462,
        1.8315898654181455,
        1.8423474809398217,
        1.799461122579745,
        1.7462667908634397,
        1.7567416809137335,
        1.737988062110637,
        1.718253106266862,
        1.7472266994760264,
        1.735291833262931,
        1.8967428310398216,
        1.7609712092685426,
        1.7867729404653974,
        1.7467685905258554,
        1.7496262026341722,
        1.7697324413363613,
        1.6942635470129226,
        1.7404345450118328,
        1.7334950204720676,
        1.6673376520621908,
        1.8926317872979586,
        1.7600160978212993,
        1.7404896711236437,
        1.7428316717893793,
        1.7308853227869692,
        1.7245927603342617,
        1.7355373493213995,
        1.7128469985991135,
        1.7230631655498778,
        1.7030555139142403,
        1.8742516824539983,
        1.769970705847121,
        1.7410143982149129,
        1.7499222810380883,
        1.696418965663402,
        1.7290770917801717,
        1.729842444681867,
        1.766791203457124,
        1.758681306463976,
        1.7361718260032806,
        1.8810364445489498,
        1.693276467083051,
        1.7434966860084264,
        1.7565451543571324,
        1.7070357487627292,
        1.6891783255526491,
        1.6879777412066275,
        1.7107890653392035,
        1.6797710107970214,
        1.6682102904289866,
        1.8826495260880178,
        1.7983146110454158,
        1.7488661312398022,
        1.7579380927781207,
        1.7848303083592119,
        1.6527082480199597,
        1.7390452176980769,
        1.7069547917809245,
        1.7324782406958659,
        1.693356997132357,
        1.825507625984311,
        1.7773049242714776,
        1.7660334587282196,
        1.7456196994015107,
        1.7500717812578164,
        1.7233097906398047,
        1.728700128198846,
        1.7813371291283184,
        1.7668050647697737,
        1.7066410337435771,
        1.8375296521985367,
        1.8135750995525493,
        1.7883727188616745,
        1.7369598623524931,
        1.7186593184131571,
        1.7438687639233448,
        1.6913431959311445,
        1.7315486572158438,
        1.7499150886500763,
        1.7393646793812003,
        1.8698330978174158,
        1.770539817435235,
        1.6940337046056677,
        1.6892700123840976,
        1.7116026480300484,
        1.757407907931667,
        1.7346059809662817,
        1.6643474712777577,
        1.7173620645496268,
        1.708396950786351,
        1.8425416260065417,
        1.7443909054581084,
        1.7151545124166296,
        1.6719578506112178,
        1.721362124310471,
        1.7438407606397321,
        1.698079684522886,
        1.6826980571826133,
        1.7069095899339906,
        1.662561503724234,
        1.8752638760394096,
        1.705801340320425,
        1.6856497986977992,
        1.7351710047609952,
        1.7075548551301523,
        1.7342993037738106,
        1.7342757186000801,
        1.7250267006007831,
        1.7563080532001405,
        1.7211843231222113,
        1.8259237247938553,
        1.710066960720517,
        1.6806417019235422,
        1.6280318022126126,
        1.6512573191608388,
        1.6843270336251834,
        1.6887940741852574,
        1.6885001300471947,
        1.6863013066555796,
        1.6752297226147799,
        1.849304556354429,
        1.8000859614459406,
        1.703119957280984,
        1.7321653798756886,
        1.720900936022163,
        1.7082210334887025,
        1.7162265243478454,
        1.7290190259047238,
        1.7122015419091585,
        1.72485167087735,
        1.8423508411366236,
        1.759232581716904,
        1.7340133202977464,
        1.703942298967791,
        1.7266185104580691,
        1.709661008733137,
        1.7100574072928738,
        1.6678360242898982,
        1.6603292181731077,
        1.6671773857241017,
        1.874933147293708,
        1.7120705386220016,
        1.7485833834960598,
        1.6805884738022165,
        1.71180363574655,
        1.6824950752473182,
        1.7124408377028848,
        1.7038408104837557,
        1.7111030697942688,
        1.6958167099317534,
        1.7710728834115625,
        1.7337395758903353,
        1.7351578671021681,
        1.7295806759204466,
        1.7322169453327985,
        1.7313818666761287,
        1.7114424208369863,
        1.701836630764117,
        1.7536982498579974,
        1.7455218606250826,
        1.7953912709051818,
        1.715445187739503,
        1.6985525077697194,
        1.6743984174498474,
        1.680895045325622,
        1.6803902494806682,
        1.6910247329608847,
        1.6793049523629826,
        1.6736924071858115,
        1.6900561701604875,
        1.8335931030780988,
        1.7480854249972115,
        1.7297128958699177,
        1.7489965386340662,
        1.7316820484550086,
        1.714100144971656,
        1.7138392928021564,
        1.735619970930719,
        1.7266172807540643,
        1.6722380344606214,
        1.8144046236431308,
        1.7185420551821904,
        1.6591925967777266,
        1.644758229544151,
        1.6651763954929024,
        1.7039458778838232,
        1.68380719316651,
        1.6708767807608782,
        1.696284747429149,
        1.6739019130771893,
        1.8363210080169605,
        1.7190204400588727,
        1.7384962443631995,
        1.7582405256763385,
        1.7084171993267048,
        1.6747991566286808,
        1.6704552836340911,
        1.6964177132354954,
        1.7252124591028737,
        1.711218278206071,
        1.8251761186402757,
        1.7233388372896568,
        1.7341923058870057,
        1.6620340625375352,
        1.7431019161356798,
        1.6934085465476514,
        1.6758034069430816,
        1.7212701330231,
        1.729291596919359,
        1.7277531878305872,
        1.7818988768102388,
        1.684651306760907,
        1.6376336306218073,
