{
    "start time": 1730503356.8754723,
    "old id": "a3218be8f401c1dcb4e70b87135635c73cb0bf02c346a8652978fe0e3f0f9588",
    "use_input_gate": false,
    "use_forget_gate": true,
    "use_output_gate": true,
    "use_state_gate": true,
    "use_new_state": true,
    "use_old_state": false,
    "use_residual": true,
    "n_layers": 3,
    "state_size": 512,
    "id": "45d959b9e11bf4aa486dfddc0a9b20dee64912960cf7e193f6594e18d03a8aaf",
    "loss": [
        3.4457806287611388,
        3.150890550994862,
        2.9068205098747266,
        2.708925313287434,
        2.6623909532133,
        2.5690021822281794,
        2.492838095186364,
        2.416830157120789,
        2.371485092683703,
        2.391912510280011,
        2.2794057253354514,
        2.227620602970913,
        2.2315194019393427,
        2.1725517106237517,
        2.137508862603319,
        2.0712223811124386,
        2.0276087718180342,
        2.015407327994614,
        1.9971184633721257,
        2.0257962797336164,
        1.9726229746907185,
        1.9308619719479638,
        1.9169560163683457,
        1.9743175678923848,
        1.9125826109805357,
        1.9004116048497433,
        1.888863907995215,
        1.82885849185354,
        1.8202716421728264,
        1.9741978052198228,
        1.9051663908361545,
        1.8355509131436831,
        1.832460988396489,
        1.8503597294562644,
        1.7807514918104497,
        1.8078404874512966,
        1.7932635339924403,
        1.7928293421389292,
        1.7789725887810746,
        1.9039411051618935,
        1.8822167726320653,
        1.8148260711545012,
        1.8028892912842642,
        1.7430334443769737,
        1.752350632988581,
        1.7706811924947272,
        1.740353488464374,
        1.7290494639284244,
        1.743061997725243,
        1.839408979634365,
        1.716594373787488,
        1.7464477368510651,
        1.7202398300631756,
        1.731946451742274,
        1.697775857340746,
        1.6746520974890278,
        1.6939698109351937,
        1.7166100294688864,
        1.6242738350101917,
        1.8527969871594658,
        1.727631394764614,
        1.6663350193986701,
        1.6970229057911104,
        1.6870567483356784,
        1.631120069839648,
        1.661117766796806,
        1.6726228720138476,
        1.6770957440486924,
        1.6679270841581257,
        1.8512521732887732,
        1.7679483598196377,
        1.680064344815361,
        1.7190107957796772,
        1.685258897496087,
        1.7017443164465065,
        1.7024944088254401,
        1.6279461641749753,
        1.687417823797159,
        1.6865049450833653,
        1.79384399459112,
        1.6593051982793536,
        1.7032049678894603,
        1.635743664858278,
        1.6281438369287282,
        1.6516613433343614,
        1.6126844639425795,
        1.5912798018779684,
        1.595973245183201,
        1.6294861811781278,
        1.771497947089183,
        1.730040650484394,
        1.664782539463133,
        1.7104550137613412,
        1.651900144188459,
        1.638062874013282,
        1.6511212885409285,
        1.6344819576238485,
        1.636829157014619,
        1.61075135324983,
        1.7600443339482887,
        1.6816999752283879,
        1.6634580667316032,
        1.6390260682113678,
        1.6237343534943387,
        1.6283764902795534,
        1.6229140481512951,
        1.6293910990967113,
        1.6158852261287053,
        1.6409395874696198,
        1.784911690569155,
        1.6810903748872037,
        1.6646777926871414,
        1.631038228081868,
        1.6159924064445694,
        1.6274200661351677,
        1.6306857710089655,
        1.681517536330862,
        1.6407163603966919,
        1.5673512509074734,
        1.737078058213589,
        1.6582485876481456,
        1.6569516334901842,
        1.6646152288366083,
        1.6342913551171492,
        1.6852860803447507,
        1.6784213231759921,
        1.6807302323190156,
        1.6045022666834199,
        1.6650327819152888,
        1.806505125002371,
        1.6487930736124388,
        1.6120533301793467,
        1.6552833794174322,
        1.606324062281807,
        1.6244898008515338,
        1.6649088193368196,
        1.6638938574820155,
        1.5723918973508981,
        1.5570747543274739,
        1.74421654241167,
        1.6228702354430176,
        1.618615594418364,
        1.6029706976817368,
        1.5851418484404909,
        1.577392198991382,
        1.6386713000274895,
        1.5629637439180597,
        1.5748687500552736,
        1.5889898571226528,
        1.7483341623334299,
        1.6678517461136924,
        1.5862148432360588,
        1.6224770142719147,
        1.6515476387160146,
        1.5914513206039975,
        1.5903225788305404,
        1.6236092797452897,
        1.5960775099012596,
        1.622214653005559,
        1.7636384246152244,
        1.692551959892411,
        1.6439822637804418,
        1.6547952148612026,
        1.6067972876472818,
        1.6078228268802308,
        1.6018787891302682,
        1.57025563415234,
        1.5798778083527474,
        1.5971203943319776,
        1.728026333909726,
        1.6064551582276274,
        1.6431181058970687,
        1.6099326144885637,
        1.570127114029503,
        1.5744344498858949,
        1.560426921256572,
        1.585385261985221,
        1.5674563396905616,
        1.5764369536550065,
        1.704752946015136,
        1.6224136476614381,
        1.6093911575570015,
        1.6252568776568959,
        1.6051051870375865,
        1.5997346530447616,
        1.591730838055124,
        1.579802546005728,
        1.5483519367970526,
        1.5549252684648909,
        1.7347204462518682,
        1.6530867362960084,
        1.6547129119359967,
        1.5837200578900208,
        1.6369945952330531,
        1.645104060932773,
        1.6501153418246601,
        1.6743545002251778,
        1.6189190722357114,
        1.6188754854105323,
        1.729475929956599,
        1.661047389984278,
        1.605765799028711,
        1.6086546025872055,
        1.6080305626895108,
        1.57833916623456,
        1.520508142171355,
        1.6360434596785705,
        1.577694180055612,
        1.60855479328988,
        1.7101820990963756,
        1.6648756503291393,
        1.669978813968133,
        1.6287262240307734,
        1.5893278749963358,
        1.6102596768584168,
        1.6143952158907935,
        1.5839227510773337,
        1.5867864205259437,
        1.5698672448796744,
        1.6950360240193718,
        1.6245201486231613,
        1.628674548620874,
        1.6287562026520845,
        1.6172483286410555,
        1.6077509364178468,
        1.5953165904645057,
        1.612727919643932,
        1.6016234027312821,
        1.6004082090105505,
        1.6730809274288534,
        1.6186527638071795,
        1.5897934607186652,
        1.5452629782479161,
        1.6402268235359208,
        1.6238566956839142,
        1.6071326528821628,
        1.6222193130199478,
        1.621465008826817,
        1.6111492789318327,
        1.7059093499289995,
        1.6167587728424184,
        1.593928904606232,
        1.6010278959332624,
        1.6266636828172114,
        1.60085328796373,
        1.5796128640823144,
        1.587356986492271,
        1.6217477059579566,
        1.5836954021288063,
        1.7261620786549356,
        1.575493334388136,
        1.6205947612179927,
        1.6584024176804217,
        1.6259388437498747,
        1.6409374066868232,
        1.6094238515175954,
        1.568614006792148,
        1.593043083299316,
        1.6014334816983204,
        1.7147255618421562,
        1.5946708061858295,
        1.6083207715177803,
        1.6199680450166618,
        1.6190198624985368,
        1.5862794009911307,
        1.5661228415738777,
        1.5988855966816393,
        1.5913537115368774,
        1.5853571968406721,
        1.6486469350107449,
        1.6082927204453912,
        1.6439172845548824,
