{
    "start time": 1730496972.5434895,
    "old id": "3fdf2f93390cb638566f51d370d541fb92f40ea0687994b88d1f7b0f7f36aff5",
    "use_input_gate": true,
    "use_forget_gate": true,
    "use_output_gate": true,
    "use_state_gate": true,
    "use_new_state": true,
    "use_old_state": false,
    "use_residual": false,
    "n_layers": 1,
    "state_size": 256,
    "id": "46a83bc93dd5f7bd02d06327a9a24e1f1cf0868fa7308268195968a605b789b5",
    "loss": [
        3.5000130822915736,
        3.187210729890362,
        2.874959918639172,
        2.758578581631759,
        2.631434460901997,
        2.5605436007127276,
        2.4970495051243833,
        2.447864520648422,
        2.375503478202353,
        2.3964588238889935,
        2.3389705279803064,
        2.294118845947274,
        2.2587386991716816,
        2.25280192542021,
        2.1728040043616312,
        2.1515628562549516,
        2.0964553367262013,
        2.1200894866318465,
        2.0935908757645434,
        2.1768814978077904,
        2.1044053998790524,
        2.0564206824843727,
        2.0055680570366343,
        1.9838342726845497,
        2.0019842235819523,
        2.018999284374926,
        1.9785853099003234,
        1.867035431599999,
        1.8636117353498913,
        1.9972780166227004,
        1.9741801358222337,
        1.9537920392168031,
        1.9505982224917513,
        1.9093391638514976,
        1.9178248758404761,
        1.8654414372280432,
        1.810276931050279,
        1.8750207237666061,
        1.8849576622633215,
        1.9850075303839334,
        1.8921802215768848,
        1.8687089796601317,
        1.8799036352539318,
        1.8529961521685985,
        1.8043161267714334,
        1.8320824384703471,
        1.8260190948330237,
        1.8364769135894923,
        1.8105867783461345,
        1.9307709758447846,
        1.8084579695577299,
        1.783556678726451,
        1.797762647032165,
        1.785588176884696,
        1.7746254686610825,
        1.7994122875497103,
        1.7652040905950048,
        1.752121769256652,
        1.757811935818881,
        1.9103404745247516,
        1.7566216454234809,
        1.7569292273799628,
        1.76774409589377,
        1.8006754455629699,
        1.8165983943457118,
        1.716858195784085,
        1.7376400920831137,
        1.743481836009205,
        1.7260865658093345,
        1.8585892010762588,
        1.7705596022944121,
        1.7154059735613174,
        1.7919607082371467,
        1.7413455429952682,
        1.765419376587858,
        1.7633613911531252,
        1.7299942136085795,
        1.728699987150795,
        1.737422589337568,
        1.8293194097317698,
        1.7177131014941884,
        1.7625770763204633,
        1.702228498565147,
        1.7332564236269696,
        1.7331114241313015,
        1.6829148807915868,
        1.681771824553225,
        1.7004816166762617,
        1.6910882655303634,
        1.8571407881329234,
        1.7561227877514594,
        1.6994766033822857,
        1.7101787096412955,
        1.6599402624331436,
        1.6969806177613476,
        1.6623525447800105,
        1.7150406797898587,
        1.71772082522399,
        1.6961719872086618,
        1.8368314127443168,
        1.71209901756135,
        1.7058645556567698,
        1.7342872434159524,
        1.7089119598266436,
        1.7141171673172084,
        1.6825733657456403,
        1.6798749296138524,
        1.6958261094941662,
        1.6261322653410908,
        1.793167918455266,
        1.6980509021934056,
        1.7040967157826155,
        1.7001416218745906,
        1.6743042771826224,
        1.6587423081109527,
        1.6692556802720224,
        1.6764830072881702,
        1.7367415128695856,
        1.6704279015290993,
        1.8157398138224696,
        1.687829428011535,
        1.6776365022838808,
        1.719676116449491,
        1.7177916416616656,
        1.7052902701394714,
        1.6492408689814144,
        1.6581907567316843,
        1.6429894443942668,
        1.6112519177681504,
        1.7782955482680582,
        1.6862340648073673,
        1.6598329845484392,
        1.6700660421790088,
        1.6846508673816407,
        1.7207571196566513,
        1.6530943835497365,
        1.648082027055294,
        1.705841309968105,
        1.6311234382322546,
        1.7712861370859467,
        1.6975207585781458,
        1.6297722366497602,
        1.6189134685055506,
        1.608153191775033,
        1.621885945560604,
        1.653017352870487,
        1.6651534328262156,
        1.6359079253431974,
        1.6463420935228463,
        1.7789077944829743,
        1.6381735920856106,
        1.6654341117855227,
        1.6394680883981385,
        1.6333248535379947,
        1.5969483513337643,
        1.63341955772123,
        1.5926083501208108,
        1.6495774174384998,
        1.659083872957402,
        1.7518740224745921,
        1.6644321583069022,
        1.6450335218251388,
        1.6361190618953294,
        1.6371054785045007,
        1.648447780580724,
        1.645469820342536,
        1.5941257324032745,
        1.6057004764974105,
        1.6335714023550367,
        1.7452266091538207,
        1.6573336693886724,
        1.6116762716531978,
        1.582958949821789,
        1.6410002181007324,
        1.640678674259107,
        1.5801942839864564,
        1.6094097677834787,
        1.6125880573328772,
        1.614856938326525,
        1.7348830516180334,
        1.696939542975089,
        1.6114185150643117,
        1.609902497549555,
        1.6225590539818882,
        1.6366556681242785,
        1.581719797417414,
        1.6363898757089577,
        1.6086534344252863,
        1.6231217068808015,
        1.7373631260082805,
        1.6138562516661008,
        1.6335275142901922,
        1.6144925193011197,
        1.5989402624419067,
        1.5730609574727406,
        1.6253848311106793,
        1.5714934206694953,
        1.6171884601437447,
        1.6049944509878837,
        1.6900175822574477,
        1.6338717946483117,
        1.614204526524967,
        1.6223026923816075,
        1.5692245827712412,
        1.6222535960257332,
        1.5925950470249244,
        1.6494816696393446,
        1.6049930342863974,
        1.6368304145311088,
        1.7195942059701563,
        1.6972191738817497,
        1.6256318853806833,
        1.6647443488801679,
        1.6415415897087737,
        1.644257908458578,
        1.6170181443822607,
        1.654027275238147,
        1.6416438536519324,
        1.5850099277700838,
        1.723613329522461,
        1.6583604795789726,
        1.5951012063033594,
        1.6606038198081334,
        1.5800996253805564,
        1.6289694050677663,
        1.6177323406993285,
        1.618271138166315,
        1.5705754927924125,
        1.5838909579595601,
        1.6939521566101752,
        1.5909354405014668,
        1.559016091478521,
        1.5427596977749958,
        1.5436618154247084,
        1.5698759387303558,
        1.5684893277081287,
        1.580406208859627,
        1.6182425900608888,
        1.6394699299828297,
        1.7389772562933816,
        1.6899795336366135,
        1.638104583432871,
        1.6398565082437961,
        1.6051027563575255,
        1.6058243583204992,
        1.6633320175782562,
        1.6139722267270562,
        1.6545392762125735,
        1.6073525608441366,
        1.7681039788185244,
        1.6403935373046643,
        1.6279625572791974,
        1.5958830249713247,
        1.6083301310553524,
        1.6212203662726994,
        1.6373947937160622,
        1.604103263311389,
        1.5663903675602924,
        1.573060862286053,
        1.6996359341307292,
        1.6426955221276496,
        1.6473864269564775,
        1.6342741461912256,
        1.581150938250374,
        1.5677587857562183,
        1.6303028775528787,
        1.6079919793823467,
        1.5796589377524621,
        1.6360296339421823,
        1.6710311120178636,
        1.6233467034492604,
