{
    "start time": 1730495478.6743195,
    "old id": "b2ef0d9c20df88be2a17549874b84be54efb383cbdc44b80e99e7fb49dbce9fe",
    "use_input_gate": false,
    "use_forget_gate": true,
    "use_output_gate": false,
    "use_state_gate": true,
    "use_new_state": true,
    "use_old_state": true,
    "use_residual": true,
    "n_layers": 3,
    "state_size": 512,
    "id": "4ddfc28261b448d95fb4d5e9b907d566ef34b4b269caf4219f6baa2ae0471cbd",
    "loss": [
        3.4168316249971693,
        3.0118376375759484,
        2.7191052568940424,
        2.666299513441761,
        2.6074770006630557,
        2.5182476772280467,
        2.4263431337713297,
        2.415603644158802,
        2.357606167083415,
        2.3075580494270973,
        2.2070904750523557,
        2.1423154992015756,
        2.137684432813102,
        2.1170028036063857,
        2.058528144100156,
        2.025980198431002,
        1.9900388540550555,
        2.0174885652993737,
        1.941981526632631,
        2.0059112122731997,
        1.9713880107433062,
        1.973640590889706,
        1.9015766321037209,
        1.897367931061969,
        1.8681600548052406,
        1.9203778668488747,
        1.8560145737315135,
        1.8137584203614772,
        1.7914561993117812,
        1.9395395751655948,
        1.8667145107337888,
        1.8918602135363798,
        1.8800538717536481,
        1.84062670851751,
        1.793554905451275,
        1.719097734339819,
        1.7809319423753345,
        1.736263620984696,
        1.807168892550956,
        1.9265198391777498,
        1.7824346861562215,
        1.7727566417522838,
        1.7588284030877444,
        1.7176485520157823,
        1.7273159690741204,
        1.7358387218242386,
        1.7283092896238792,
        1.7525701936065072,
        1.6993260035488107,
        1.8629857389437567,
        1.7570094734484487,
        1.7805779699354303,
        1.72877470882553,
        1.7245343851706278,
        1.7345218235599162,
        1.7572801139513716,
        1.697638280542341,
        1.725018735013465,
        1.768173333418673,
        1.8542010304252474,
        1.759342981921466,
        1.6885026467985862,
        1.6984756691299356,
        1.7064249855107463,
        1.666390048768241,
        1.6757599725992345,
        1.675176101086373,
        1.6788588693177968,
        1.6542111770152879,
        1.767840182282241,
        1.73251335347253,
        1.7021255991670015,
        1.714517568410084,
        1.7098804593663064,
        1.6939383721051233,
        1.6727117665397278,
        1.715102988131547,
        1.6529384905424653,
        1.7062701690044382,
        1.8578657785526203,
        1.6868800277374416,
        1.6713766349363763,
        1.670392605175618,
        1.60022678464995,
        1.6296563725664435,
        1.6550552625722434,
        1.69838075733515,
        1.675246559076803,
        1.638461393988251,
        1.8086480492744785,
        1.6708733746562348,
        1.670968113385034,
        1.6619475884844397,
        1.6254188491336947,
        1.6415376369725514,
        1.6509812273065165,
        1.6818923227273783,
        1.6355819729884913,
        1.6703957508337313,
        1.7783173972478536,
        1.7163266854184773,
        1.6826414395691198,
        1.7038557941656127,
        1.6844424504741642,
        1.6813416878088425,
        1.6910774675173343,
        1.649020347811434,
        1.6379576237939384,
        1.626928899585473,
        1.7740286998110057,
        1.789487704838024,
        1.7199123381164343,
        1.7073905051677143,
        1.6476447071150615,
        1.652047581487609,
        1.6764984640719836,
        1.6428029925267624,
        1.628162414421651,
        1.6603744480155316,
        1.8113103725078656,
        1.6442355903387975,
        1.7163443560778817,
        1.7071430145488626,
        1.6848371909540827,
        1.5901016859285804,
        1.6309708840834483,
        1.6135005909234945,
        1.5986682909421506,
        1.6468492046686511,
        1.7405075519786304,
        1.6196464808566027,
        1.6107070752665402,
        1.6317456609583836,
        1.6556854982569071,
        1.620595527825269,
        1.610431207399496,
        1.6041892751992153,
        1.5930498870617704,
        1.586563039437606,
        1.7619073896758217,
        1.7118461400809912,
        1.6520655135709343,
        1.6754602375784438,
        1.6390709116587208,
        1.6790828279611687,
        1.6077993622010358,
        1.6323691023861024,
        1.6468829371919296,
        1.6720527497782103,
        1.7473326233015678,
        1.6356354930680137,
        1.6606553270758542,
        1.6354498929277752,
        1.5879239140865056,
        1.6299439372523976,
        1.6319058250942022,
        1.5884193102101616,
        1.6310142451479024,
        1.612247531954609,
        1.6914279934388923,
        1.5880233884244095,
        1.669875835359611,
        1.5916908968262713,
        1.58679706110136,
        1.5644512714117729,
        1.5890067032209103,
        1.547387779435558,
        1.5979468331233142,
        1.5721778331004594,
        1.7616443858233448,
        1.6965217750515427,
        1.6486687373939453,
        1.7624732469129536,
        1.6622358763019962,
        1.5992591394575846,
        1.624608784127314,
        1.640019679142792,
        1.634355190265931,
        1.6590679007191953,
        1.7784815020434506,
        1.6807592037965815,
        1.5991408328980645,
        1.6216806187250328,
        1.5755769426257877,
        1.624243460828729,
        1.6182137194352875,
        1.5793642480906087,
        1.6004731222134823,
        1.5666611613183077,
        1.7596826247259967,
        1.66021033989325,
        1.6276681612746016,
        1.6324265044479616,
        1.6255848378727404,
        1.610726777512277,
        1.6320242975788115,
        1.6338930818151887,
        1.648504147289191,
        1.6119948915911055,
        1.7505431210281308,
        1.6338435409389762,
        1.6093968667590461,
        1.6070769853986604,
        1.5710913506907307,
        1.5715456205183975,
        1.5885606819798221,
        1.599347942643373,
        1.6008455375321342,
        1.6101575504621641,
        1.7195912613453674,
        1.6788050124240002,
        1.6105695642613236,
        1.5607277684599417,
        1.6006941956757517,
        1.5540974683271584,
        1.5584357290156305,
        1.5696493045062305,
        1.5614386592775638,
        1.5836736836837682,
        1.7137263173160369,
        1.637417891585313,
        1.6137072577391844,
        1.6118471790289601,
        1.6215279342160593,
        1.6182171629671978,
        1.6196095416420628,
        1.59723487400499,
        1.584961079809884,
        1.6186390735859633,
        1.6992643700905523,
        1.620544038933682,
        1.609509020922343,
        1.6121084408897037,
        1.623824753989137,
        1.6162139476493393,
        1.6136867836641278,
        1.6325324877863794,
        1.60473956906074,
        1.5605789878086895,
        1.7139867963308644,
        1.6272763173750378,
        1.6740660620589936,
        1.6227138256533125,
        1.5968183435100476,
        1.5950615042053407,
        1.5934463147414293,
        1.5552919646871262,
        1.551493640854102,
        1.5925859408984935,
        1.7041796061426349,
        1.662065884095286,
        1.6318238149163187,
        1.615354330779758,
        1.6186919449482875,
        1.614032344771151,
        1.6018451768786672,
        1.614411602944651,
        1.6262289199423545,
        1.5620325203240117,
        1.721459264052104,
        1.6858298040061965,
        1.685736266418362,
        1.6586027442771083,
        1.5940056280676427,
        1.6317420385393766,
        1.6487910775447692,
        1.6296157323852536,
        1.6330479682717551,
        1.5831977505608217,
        1.6806702612527902,
        1.6268801052993023,
        1.6044686224497182,
