{
    "start time": 1730500418.8299625,
    "old id": "0830936bd22cfe2a006fa3bcbdc62e818060d201c44dec67e616dde9b7de6b92",
    "use_input_gate": true,
    "use_forget_gate": true,
    "use_output_gate": true,
    "use_state_gate": false,
    "use_new_state": true,
    "use_old_state": false,
    "use_residual": false,
    "n_layers": 1,
    "state_size": 512,
    "id": "535030ab2d73371dcb0014dd6e97fde322516786d324ae9b9a1133668a76d2e9",
    "loss": [
        3.3946142154063366,
        2.914569676691609,
        2.6736636698475906,
        2.5911620907905215,
        2.503500414871279,
        2.4303813210863385,
        2.360362136158593,
        2.3344328021408622,
        2.2595219586375612,
        2.3196394848482087,
        2.175564622304073,
        2.1827560621161406,
        2.1692040086871147,
        2.1318285171525093,
        2.064986945894413,
        2.0942412184582038,
        2.0656866043235977,
        2.0515563701445934,
        2.0456894141817217,
        2.108733950572556,
        1.9913893771664606,
        1.9446186073656333,
        1.9174931931191994,
        1.9389451693071522,
        1.961556881933704,
        1.9184252245307385,
        1.904308026397308,
        1.8621285945631314,
        1.8890106667259337,
        2.009767793160297,
        1.895928939480147,
        1.8837767908827743,
        1.8835998856806553,
        1.8306513930196477,
        1.795093016970856,
        1.842374543909027,
        1.8042854372715176,
        1.8313338975787627,
        1.7980215340180672,
        1.9228047657632972,
        1.865857971220387,
        1.7923008615315539,
        1.7967271102666882,
        1.8078700652806778,
        1.7795089890987987,
        1.8026338295641662,
        1.7797434784688315,
        1.779425084674393,
        1.785271558150797,
        1.8807740256904657,
        1.7995158684761425,
        1.7720891857659287,
        1.7721089311001643,
        1.7977543844117183,
        1.777447010280563,
        1.7708736124123858,
        1.703810274995301,
        1.6925668438132895,
        1.6954273257026724,
        1.8472133528607981,
        1.795761464909065,
        1.7477096634354568,
        1.7257463241756839,
        1.7166717548206183,
        1.721819807210472,
        1.6955419028067085,
        1.6672989186891949,
        1.7062117929509912,
        1.770244283820398,
        1.8861368534067975,
        1.7080528826098234,
        1.7019650352195008,
        1.7240170088353035,
        1.6806764039736652,
        1.6740416800591404,
        1.7220208307475646,
        1.6598286456585654,
        1.643817039423068,
        1.6097348429104552,
        1.8081382755196753,
        1.709695531301581,
        1.658443640376751,
        1.659668921675336,
        1.670053461092738,
        1.6677616045459498,
        1.6178628886430617,
        1.6756434206159352,
        1.632466743267738,
        1.6396714447811283,
        1.8259014650974397,
        1.6410885845431336,
        1.6692196694259838,
        1.6661740357864507,
        1.6445482205544215,
        1.635124212487793,
        1.6312934117538336,
        1.6230333555445995,
        1.6039929020716281,
        1.5455765594684985,
        1.7620540431474883,
        1.727820742205808,
        1.6853844838887435,
        1.6838877953563076,
        1.6665305029467066,
        1.633833677864177,
        1.6659332057437664,
        1.7199889858220379,
        1.6491345892533478,
        1.6006152576498796,
        1.8089745573865579,
        1.6607863787091837,
        1.7217527323192687,
        1.623938223184823,
        1.6161915069062125,
        1.5952516032539001,
        1.631200361369767,
        1.6329665632918546,
        1.6527883526830622,
        1.6218643864506455,
        1.7702158713792826,
        1.649674182496863,
        1.6640812930229298,
        1.5830015721780861,
        1.6276646881288852,
        1.5990871683849377,
        1.6143862280494703,
        1.569614919237783,
        1.5738904075959275,
        1.5565963766012392,
        1.7436275328910236,
        1.5855198915883983,
        1.6301304365271092,
        1.652862378324021,
        1.5921787560348901,
        1.5956640713951322,
        1.5703792829947472,
        1.5787849656857047,
        1.5868262916384885,
        1.576476175193968,
        1.7019342616233084,
        1.6740750181394388,
        1.642925910240046,
        1.651535907828187,
        1.6687162156412094,
        1.6092160570083975,
        1.66566790527144,
        1.6527473136564013,
        1.656742853081377,
        1.5916004774665327,
        1.7965663019160143,
        1.660775789685617,
        1.6346100706151978,
        1.6169750440499704,
        1.5741096322998285,
        1.5701212941178173,
        1.5753866111173664,
        1.5884554122578058,
        1.5949046971761789,
        1.576895574531624,
        1.732778197397611,
        1.7321994912344896,
        1.6658526340057886,
        1.6229180034805204,
        1.624050119804054,
        1.5690392842284766,
        1.6072160866610956,
        1.589669562179242,
        1.6008253121202605,
        1.623738363649511,
        1.7365341715463545,
        1.6183031561350316,
        1.563830321719548,
        1.6182648841761165,
        1.5859562166123842,
        1.5932068479794885,
        1.6051481455225756,
        1.5897002805113003,
        1.5864237627118243,
        1.5602588328672524,
        1.7429719323399173,
        1.6234576175821613,
        1.6194622383910087,
        1.6317059052081813,
        1.603542302685245,
        1.626395287715681,
        1.5877177310305233,
        1.5500223477039536,
        1.5918366742040346,
        1.607275623207814,
        1.7174802521313892,
        1.6616427363488908,
        1.6258246427290113,
        1.6088678901567288,
        1.609277248897037,
        1.589392897061767,
        1.5937938764651045,
        1.572791893019568,
        1.516538475759942,
        1.5890396948555432,
        1.7323090349752701,
        1.6568062232163514,
        1.596544272900966,
        1.6250339626975414,
        1.5719985744133378,
        1.6400463914056143,
        1.623073278533026,
        1.6136485914858332,
        1.5779916670506788,
        1.5956558916459849,
        1.733573413604064,
        1.6345385972897792,
        1.5992227319938384,
        1.6163490243040497,
        1.5835793555533635,
        1.669234815839147,
        1.6172421002424406,
        1.5513105745867592,
        1.5419304915794494,
        1.5676658873798244,
        1.7130890254828917,
        1.6092599436302004,
        1.5949991671690185,
        1.5878873450750741,
        1.5994191850845811,
        1.5948096763994533,
        1.5920121866725716,
        1.58538929923772,
        1.567300540339932,
        1.538761092689475,
        1.7030308971991004,
        1.6238697833218265,
        1.6050389965506098,
        1.6007910847503168,
        1.5743818251950294,
        1.6171606106410568,
        1.5940976620730851,
        1.6051216595928595,
        1.5956737988660983,
        1.6006011800503732,
        1.718546448583691,
        1.612617128635928,
        1.5907409362225495,
        1.5717305660970327,
        1.6093400067457588,
        1.6141224165064687,
        1.5757233296190634,
        1.583982285452884,
        1.5811595675498247,
        1.6061000915541064,
        1.7193815204194882,
        1.5727102083706583,
        1.563572438412201,
        1.5662941715176033,
        1.561973414503961,
        1.5468945639307217,
        1.599300418600589,
        1.592528208610994,
        1.5786603912515873,
        1.5921901963341254,
        1.6733615667798252,
        1.6109468017739594,
        1.6390589535263889,
        1.5513168976062093,
        1.598651649095371,
        1.5787435802684693,
        1.5882520465155359,
        1.5974096426689528,
        1.5765794527890886,
        1.5843647019863976,
        1.6633069442306674,
        1.5346106816857001,
        1.5548283312673556,
