{
    "start time": 1730500127.0365582,
    "old id": "d6f462b530a3b970e6a57056b30537147ecf94812810e96fce5e30deefe5e4b1",
    "use_input_gate": false,
    "use_forget_gate": true,
    "use_output_gate": false,
    "use_state_gate": true,
    "use_new_state": true,
    "use_old_state": false,
    "use_residual": true,
    "n_layers": 3,
    "state_size": 512,
    "id": "53884b1bb1907863fb8e6ab701a2f4bcd93c5d0c305673b473398befbf8eeb89",
    "loss": [
        3.398746461724491,
        2.9329921276383537,
        2.8143175497751622,
        2.6987812713541004,
        2.543966088284343,
        2.439191801581522,
        2.360895056782668,
        2.2901922988444037,
        2.250039850959286,
        2.261151236260243,
        2.1262741567648638,
        2.058557517600878,
        2.028613213065238,
        2.0358391402740694,
        1.9990119678368568,
        1.9890361577148234,
        1.9678861395603278,
        1.9694885658693186,
        1.8968218710704212,
        2.0042208548992098,
        1.957078130655587,
        1.8851966339003008,
        1.8353986861526723,
        1.86018266422973,
        1.8321762905651922,
        1.8513945269424894,
        1.8301289673101349,
        1.8281647143967787,
        1.8231183245809275,
        1.9571833649891257,
        1.809598928725204,
        1.8390569278913615,
        1.7813504181097133,
        1.73637704441692,
        1.751823625174688,
        1.8100950234771471,
        1.7387314178975268,
        1.7432185177632007,
        1.7099549449068399,
        1.9146123879249861,
        1.8597622862830823,
        1.7826611122372686,
        1.7861512796692514,
        1.772883421700725,
        1.7056114884809153,
        1.7203350557041999,
        1.7464984480112096,
        1.7648121370876422,
        1.7096591500696563,
        1.8748759756162798,
        1.8095660917283845,
        1.7325125992984758,
        1.7356237547330966,
        1.7326673799282302,
        1.6826911637290909,
        1.691065287116382,
        1.6693224925539745,
        1.693026427852857,
        1.7031414230496726,
        1.8278589741469802,
        1.7553587259743975,
        1.7026824067562432,
        1.6985567559007348,
        1.7147954944473711,
        1.7331117080745628,
        1.7463944074420856,
        1.737333867909888,
        1.675683184303749,
        1.6960248961274678,
        1.8142396143741297,
        1.7072513078616391,
        1.7073956848213552,
        1.6900051596983539,
        1.6381977876092915,
        1.6250671148141598,
        1.6315574693076698,
        1.6186919485600197,
        1.6369773990275043,
        1.6401249487575893,
        1.8164594006467698,
        1.6573579594161725,
        1.6655091820510535,
        1.6624857318599884,
        1.6835753224533414,
        1.6577266695698094,
        1.6596137069891828,
        1.6772796476211402,
        1.6649174945854455,
        1.6351367550000626,
        1.8012296907278755,
        1.7147104312104344,
        1.633290314488567,
        1.6648480192970545,
        1.6671323017206958,
        1.6868238992401992,
        1.6950373054182577,
        1.6764973113489772,
        1.578655402159173,
        1.611614626018878,
        1.7945460904813968,
        1.726063854083897,
        1.6496798495708795,
        1.6443350540228596,
        1.6721572495745405,
        1.6518191027913134,
        1.601142729394666,
        1.607315925314043,
        1.6218258768144431,
        1.6303392653740945,
        1.7690988244270918,
        1.669976441957747,
        1.62848457320507,
        1.6223349170271004,
        1.6599347717322552,
        1.6080112527816173,
        1.5846400638640374,
        1.5930752851661272,
        1.5644308297854586,
        1.6146248622304993,
        1.7268624496346507,
        1.6965492249090723,
        1.5878071049361402,
        1.6049098137965807,
        1.5922646745976599,
        1.5920373608667728,
        1.620088462103132,
        1.62219151850797,
        1.6092168129475806,
        1.6326721073332728,
        1.7750018973785735,
        1.675930380558325,
        1.644187937856313,
        1.6471644794190385,
        1.623365139796793,
        1.6320849324412179,
        1.6128347513894217,
        1.6374142909655023,
        1.645358416690425,
        1.5884734910888647,
        1.7696639333741953,
        1.677125690249438,
        1.6555517328397416,
        1.6491741001775873,
        1.637786086948828,
        1.5912393486583172,
        1.5981658129678313,
        1.6159531524440267,
        1.6090706452560066,
        1.5970982532554767,
        1.7825356728612547,
        1.6033279906905327,
        1.5944921742268707,
        1.63906242156936,
        1.632156378611705,
        1.5814760734785254,
        1.5918759202023003,
        1.5829482189971171,
        1.5926200411095734,
        1.6297696934169197,
        1.7670114558103271,
        1.6813232046922537,
        1.6086619168029552,
        1.6496689654215881,
        1.6724948467278955,
        1.6426722734565613,
        1.569451261999085,
        1.6168600258708754,
        1.572572000828701,
        1.5455966064385365,
        1.7643698471306462,
        1.5984416811545126,
        1.6058332819376595,
        1.6121986093704646,
        1.6106844091350254,
        1.6071271468305282,
        1.6233444637258168,
        1.5989931821029888,
        1.5858994829984363,
        1.5843560987739027,
        1.7126779461141812,
        1.6451372012916652,
        1.6629529064188073,
        1.6346637789428142,
        1.627871950247981,
        1.6334365966240214,
        1.580614350277957,
        1.6367123290672776,
        1.6186458111011697,
        1.5813842125190274,
        1.7638377522337865,
        1.6623050766430225,
        1.6804664831447933,
        1.6310587475748703,
        1.5631220300018285,
        1.5913518923228518,
        1.5908221960736155,
        1.5486249230637412,
        1.559925952842874,
        1.5335870807840377,
        1.691376375894577,
        1.5970349493838638,
        1.6038436828755285,
        1.5426293348154818,
        1.535522304907109,
        1.572401933773845,
        1.542625980417146,
        1.5812160862960156,
        1.5878022733136543,
        1.6116750381727798,
        1.6708919569627037,
        1.6039495862675899,
        1.5987083435986054,
        1.5992002548384507,
        1.598725307104988,
        1.6102675135678777,
        1.5451747227036354,
        1.5960109766406578,
        1.5514297795095897,
        1.5702990447781564,
        1.6950195247490478,
        1.60155121795265,
        1.5815267657467433,
        1.5979599611461859,
        1.565760185656794,
        1.545337547228262,
        1.5612095370550734,
        1.5762423161563666,
        1.589079686033233,
        1.5764663907166547,
        1.7000332603761588,
        1.5738709203493326,
        1.6486000571682828,
        1.6452069161810716,
        1.5839426285133804,
        1.5657681322109382,
        1.5755910452227477,
        1.5768474245344313,
        1.5671964204434232,
        1.6003285315282954,
        1.733121177884187,
        1.6255416365633548,
        1.6326017066002148,
        1.5898651651151567,
        1.5926569689835735,
        1.5701879080183327,
        1.5787247089302456,
        1.6027154446955507,
        1.5718765716304213,
        1.5887300788372567,
        1.7004040662924798,
        1.6042082352401392,
        1.5775768346423196,
        1.5673452539392037,
        1.6023209847788848,
        1.5309152291240318,
        1.6033852631215577,
        1.5971068061599538,
        1.5839306153493962,
        1.5496812444090018,
        1.6773937131125158,
        1.5759756646419703,
        1.6145926828525512,
        1.595341681600063,
        1.5373334207757485,
        1.5852150799288982,
        1.6108453439529562,
        1.5729782948943567,
        1.56620163212258,
        1.5478683250947687,
        1.7366458398877271,
        1.6802565243145526,
