{
    "start time": 1730503137.4479294,
    "old id": "1643885c4f616623f6767b309b0478afd6ab576fa4e6421d5bcb3a6f8c3ca9c7",
    "use_input_gate": false,
    "use_forget_gate": true,
    "use_output_gate": false,
    "use_state_gate": false,
    "use_new_state": true,
    "use_old_state": false,
    "use_residual": true,
    "n_layers": 3,
    "state_size": 512,
    "id": "580370600c50d4953b74c3c4dc5891c66c239569d493c1ac61cc3d557ea9f812",
    "loss": [
        3.3231573958691354,
        2.917515638915356,
        2.714307296206334,
        2.597978684245816,
        2.4827607390431994,
        2.369501713733069,
        2.278583235042876,
        2.264842236635034,
        2.202722076300042,
        2.2342846534392953,
        2.162481830512212,
        2.084407723107393,
        2.0953613780589335,
        2.089223950164148,
        2.0422584836572515,
        1.990791730188991,
        1.9846490291751075,
        1.9449313505855292,
        1.9187543906786941,
        1.987504852635011,
        1.9470620060473158,
        1.821285212271654,
        1.8436869672560647,
        1.8501043284191288,
        1.8192992695445431,
        1.8755536766052023,
        1.8216618735024532,
        1.8158197976443726,
        1.7806522830259388,
        1.9370640378087491,
        1.8133576330454744,
        1.8111055309317663,
        1.855335328507128,
        1.8251841459575697,
        1.742044104741368,
        1.7420060878351504,
        1.7263152563553084,
        1.7273064672723617,
        1.735902548282699,
        1.8743458787981664,
        1.756966757518916,
        1.6777731731476178,
        1.6766062248166764,
        1.7094018805419058,
        1.6734133441169148,
        1.707081081580702,
        1.7168132363502475,
        1.667175339360236,
        1.7025342090880413,
        1.8455029869814303,
        1.814669350550923,
        1.7620640867708657,
        1.7113467620441596,
        1.7258268043980067,
        1.6562525056648145,
        1.7000041677673388,
        1.7073445242858656,
        1.6997961805233293,
        1.7285672960401295,
        1.8839270301526028,
        1.7140301093833081,
        1.7436713749901052,
        1.7495360031676557,
        1.720149051315208,
        1.7083758291672133,
        1.7031373248322623,
        1.6463250934295444,
        1.6436302005994745,
        1.68415790143738,
        1.868705296189651,
        1.7436121389330714,
        1.7232000753138712,
        1.7159021815287514,
        1.6901782757468373,
        1.6512278989113536,
        1.6449598195749868,
        1.6500306788859658,
        1.6358764907131873,
        1.6529720443262628,
        1.8307067522111495,
        1.7294138838196862,
        1.7360353877177466,
        1.6953562848188657,
        1.6457610404566967,
        1.6471556986616314,
        1.5778900923903572,
        1.6039372575504154,
        1.6456092142068057,
        1.610882866895546,
        1.8230563942975428,
        1.7125139789677617,
        1.7393413124898163,
        1.6615231174154743,
        1.6993753984525033,
        1.6245928381579122,
        1.6446386408416642,
        1.6634342070473442,
        1.639591266978078,
        1.6408587959832488,
        1.8338672711366917,
        1.7191080756948254,
        1.670382312739985,
        1.6415558872162446,
        1.6590300902183623,
        1.6345930199117544,
        1.642118559313566,
        1.65131705277777,
        1.6272104143931256,
        1.6137386672856775,
        1.7893809859762788,
        1.6499861061256806,
        1.6028385258970725,
        1.58598889468179,
        1.6023789502741579,
        1.611335355212923,
        1.631919502205441,
        1.5976788770404944,
        1.622873560276362,
        1.6344930826412638,
        1.8003819179619531,
        1.7370934396588562,
        1.706775819494444,
        1.6422154530051782,
        1.6906705114165166,
        1.6449156931115039,
        1.6749837031304446,
        1.6479985048032917,
        1.6306606310158236,
        1.644082993340416,
        1.7980760088591516,
        1.6945778306713215,
        1.679255940314265,
        1.6954514611779612,
        1.701968701228097,
        1.6452042581293118,
        1.6831304200902684,
        1.6759764483097574,
        1.6560172168150675,
        1.6149757436308632,
        1.7972091521419697,
        1.7049153940696624,
        1.6481900414116124,
        1.624972283564587,
        1.6459891514460374,
        1.6465486246043632,
        1.6710688991640008,
        1.6361727595364297,
        1.6228273664395467,
        1.6256461038116383,
        1.7937382137269031,
        1.6947661788430382,
        1.6931895479986538,
        1.6981299055088628,
        1.6629863221260248,
        1.6326199970210704,
        1.6607826025520152,
        1.603549966173339,
        1.6347984520201604,
        1.6334587886380176,
        1.773664336195224,
        1.6541367148002184,
        1.6647993369327652,
        1.6562845172342482,
        1.6371093753108448,
        1.6137230699294542,
        1.5920518270180273,
        1.5945252442476536,
        1.6490073091390682,
        1.6233144208041557,
        1.739741890406525,
        1.6891722005812115,
        1.6932261263301376,
        1.6946573179000692,
        1.6656777018270532,
        1.644079138659313,
        1.6437594229138313,
        1.6473559242845943,
        1.6301251029619759,
        1.6206432178480832,
        1.7869525010508334,
        1.6801498786323041,
        1.619082351620265,
        1.6234746311023633,
        1.659683604564275,
        1.6368158708109568,
        1.6363990441952527,
        1.5899435958684585,
        1.5729118475364432,
        1.6191532371369963,
        1.7548761219577556,
        1.6694533972479673,
        1.645613260928859,
        1.6359185800359162,
        1.6513862048775636,
        1.6376839237439795,
        1.613979290806342,
        1.6407751982639707,
        1.595599872504782,
        1.5980049335213666,
        1.7544136597220452,
        1.6855210891080252,
        1.676076350635435,
        1.6413020059393806,
        1.5920199029228272,
        1.6171567090508523,
        1.6066559541640837,
        1.6405977956956208,
        1.6275555756112143,
        1.6584780510518309,
        1.7118349339199253,
        1.6945571143617524,
        1.6249922234840382,
        1.6262848845670645,
        1.593954501164316,
        1.6858519124870224,
        1.6637391086320021,
        1.6902353440799556,
        1.6504314116883079,
        1.6355916099687748,
        1.7383088343603714,
        1.6665242104625948,
        1.6266955742230573,
        1.6400775519391109,
        1.6020776589668895,
        1.5934210864462763,
        1.6041680197272967,
        1.5821599986303359,
        1.5875253356382115,
        1.5796436689082185,
        1.771917103824514,
        1.6741273143139712,
        1.6718165682247428,
        1.6270022132688409,
        1.6202057318338456,
        1.6591627421694273,
        1.6654945752649275,
        1.6202600493121246,
        1.6330939067561747,
        1.5917619818922326,
        1.7319312106856635,
        1.649090740288623,
        1.6316802820045238,
        1.6291033769003649,
        1.6583675149395858,
        1.6511382513812793,
        1.6314603244402521,
        1.6396555671597435,
        1.6562660751564622,
        1.6283532156934324,
        1.7510201142333064,
        1.6789375074240631,
        1.6874074794499365,
        1.649915614775884,
        1.6445545781204198,
        1.6346095680480157,
        1.6247984778666242,
        1.6378076387457983,
        1.6031631383623928,
        1.62391869114905,
        1.7807664374603969,
        1.5896000776905361,
        1.6170455330167388,
        1.6205942220934484,
        1.6308798904969934,
        1.5886927279305518,
        1.6469446637708667,
        1.634569677844919,
        1.607322050507187,
        1.593416417793856,
        1.7008695381647085,
        1.6976307138192417,
