{
    "start time": 1730488644.421298,
    "old id": "76dddc889df73bf380362e174853bc8d0afa486fb0547b4e4fd09ae1337c55cb",
    "use_input_gate": false,
    "use_forget_gate": true,
    "use_output_gate": false,
    "use_state_gate": true,
    "use_new_state": true,
    "use_old_state": false,
    "use_residual": true,
    "n_layers": 3,
    "state_size": 512,
    "id": "5fc884efcc26fc382b46fadb0205895cd490d4de9763fcee141b0600ecb0aec2",
    "loss": [
        3.3929437832609755,
        3.034360100561014,
        2.8136470260758766,
        2.6374056131682333,
        2.517978454939535,
        2.4653276165996822,
        2.464954901810796,
        2.3281744275656813,
        2.311026064150255,
        2.2743684002207005,
        2.216369701079193,
        2.1070167558946795,
        2.111521775349504,
        2.070184798693036,
        2.050388321755462,
        2.0253170213078127,
        2.012888471116346,
        1.9199637046923888,
        1.8827393631097658,
        1.9957518761730784,
        1.9234589784265705,
        1.8801083652623316,
        1.843798557924296,
        1.828669277197061,
        1.8255799274435518,
        1.8429595737580957,
        1.8349994605650766,
        1.8606085963599603,
        1.807743171024672,
        1.8908840511064722,
        1.8100236887848729,
        1.7783106457364655,
        1.784241035177293,
        1.7437900129818942,
        1.7624385901490927,
        1.7632608303426212,
        1.6941460023420027,
        1.689486281246237,
        1.73503930946375,
        1.8948656041717955,
        1.7712272795122204,
        1.767366285862613,
        1.7190371134895548,
        1.7430845926814942,
        1.7030305428130819,
        1.7011173136410436,
        1.7486095027421271,
        1.65913992827715,
        1.6995532177947,
        1.936378030994448,
        1.771071298089305,
        1.7513239461507217,
        1.7475294723292314,
        1.71117472662691,
        1.7100452845069498,
        1.6984609481911326,
        1.6455648905132825,
        1.6581215347615186,
        1.6484350270615,
        1.8214831932876385,
        1.7540890017247748,
        1.727433438325634,
        1.7422189980981442,
        1.708123897288943,
        1.7399058550526971,
        1.6615362647476573,
        1.7163441375890423,
        1.680785942411713,
        1.6592292959573143,
        1.8382029058594869,
        1.7086199559178403,
        1.6578931815660671,
        1.6996893777797197,
        1.67363610768532,
        1.6745398310507809,
        1.6686243097747173,
        1.6504271785415203,
        1.664127819426173,
        1.6310017961352477,
        1.8407902427046492,
        1.7256641467173985,
        1.7142451874164135,
        1.6736947533630075,
        1.6552808519166267,
        1.6343277649978223,
        1.6528722373223161,
        1.6170215639026546,
        1.59003924908101,
        1.6571321161664576,
        1.7803861051875418,
        1.7370014110754717,
        1.66332742487429,
        1.6424276867401655,
        1.6356959016798402,
        1.6011140347428028,
        1.6218777565807079,
        1.613668061052068,
        1.600487507319777,
        1.6263998694835144,
        1.771299626007751,
        1.6466416992593067,
        1.6409565099881716,
        1.6363181418896235,
        1.651618415993267,
        1.6718439672806968,
        1.6493368348631414,
        1.617793826371681,
        1.6220876899770946,
        1.639290551112302,
        1.7635782150023598,
        1.6797403684007761,
        1.674872981454952,
        1.602958712484174,
        1.6145259542992747,
        1.601966496136505,
        1.5193547552497828,
        1.6060889647083907,
        1.5607471859412185,
        1.5656517847171327,
        1.698083823711198,
        1.6487606012114207,
        1.6009630473712329,
        1.6367392236618494,
        1.603335905642073,
        1.6410946157141266,
        1.6236625281307664,
        1.5996146797906339,
        1.6319808273830987,
        1.5929741647003626,
        1.7247768829020893,
        1.5835871696684314,
        1.5625246599598737,
        1.583653546942721,
        1.5701896225284513,
        1.557587755018402,
        1.517034290764594,
        1.5419385121150633,
        1.5668677957903565,
        1.5845059376122175,
        1.7166745319862553,
        1.6752127387316487,
        1.6354721590832313,
        1.6141231111433023,
        1.6165556133957435,
        1.6499558734188722,
        1.6090722607279748,
        1.5944623919751582,
        1.6355444741316851,
        1.6420743970106468,
        1.7224038710840661,
        1.661957307908765,
        1.6159324601892768,
        1.5959414124435354,
        1.6176770415709458,
        1.5958530804859414,
        1.5656717719596351,
        1.5432088199932532,
        1.562608028062926,
        1.561690659388521,
        1.731510284846893,
        1.600402605865864,
        1.6124871323132095,
        1.6256073192909144,
        1.6159115195109386,
        1.5744957123204308,
        1.5757609394845504,
        1.542283979752372,
        1.565179244761997,
        1.531330083793885,
        1.7024482343753435,
        1.6708001221513493,
        1.611074102304052,
        1.6510477439005677,
        1.5416938256671922,
        1.5508798877348073,
        1.5976426703809288,
        1.578174021402297,
        1.5863639853998428,
        1.6017937198263363,
        1.7386816400606526,
        1.6208034841912842,
        1.5916720285771486,
        1.5969536800251074,
        1.5850180626212054,
        1.6097748349087626,
        1.5558044972849936,
        1.5634107154924892,
        1.5222537497810364,
        1.6019625026417135,
        1.7004538024428726,
        1.6410904826801833,
        1.6279135015123078,
        1.5871935867727416,
        1.6128562528301695,
        1.619830187185991,
        1.6010588646791393,
        1.6024199499155827,
        1.590220257337634,
        1.5713190590727706,
        1.7172455147873487,
        1.6370152721034166,
        1.5966242726523094,
        1.6210585733815455,
        1.624977437828898,
        1.5510365539050226,
        1.5372899210667577,
        1.590571004613461,
        1.611675215209457,
        1.5796134063843847,
        1.7100601166639742,
        1.6515709832685288,
        1.5828880912335606,
        1.5852929325827545,
        1.5976119619212463,
        1.5662525777060907,
        1.5743242810715532,
        1.6152693079093932,
        1.6332575567075733,
        1.585257668891001,
        1.6935660440249403,
        1.6315060466263374,
        1.555382529001144,
        1.6028103649812682,
        1.6027282520743797,
        1.5858611304941397,
        1.6270733231521848,
        1.550573481011278,
        1.5637719793199376,
        1.6172852721608337,
        1.7007274498887288,
        1.6983874770260552,
        1.6404982460490625,
        1.6209755570672266,
        1.6226729527197838,
        1.6097360443102724,
        1.6452487543285372,
        1.6330335984813311,
        1.5737180408666875,
        1.6071407266424027,
        1.7103551954755802,
        1.5854126589832451,
        1.6246824415801768,
        1.5879844978637805,
        1.5877953278563188,
        1.554416776599171,
        1.5789417737389186,
        1.5481635434378755,
        1.5772857295969933,
        1.5818507809356097,
        1.7075998509236945,
        1.6600411664308439,
        1.640460665235527,
        1.6246137421358644,
        1.5982596517629224,
        1.5555481023917128,
        1.5849028363586553,
        1.5536489358765881,
        1.5767691949060207,
        1.5256707364740982,
        1.6900279872516468,
        1.6177573545785318,
        1.6177466282542992,
        1.6090097087803918,
        1.5661930495873442,
        1.5970577436339666,
        1.5352190012184683,
        1.548667009938443,
        1.5796063397795779,
        1.5674213679931046,
        1.66234092128577,
        1.593799961807709,
        1.5441013959575496,
