{
    "start time": 1730492944.7875881,
    "old id": "16c3abf7c631eddc38b6e314087edbd5274cd1a54e57e9c78db7918bee096953",
    "use_input_gate": true,
    "use_forget_gate": false,
    "use_output_gate": false,
    "use_state_gate": true,
    "use_new_state": true,
    "use_old_state": true,
    "use_residual": true,
    "n_layers": 1,
    "state_size": 512,
    "id": "60d3ffad50daa3dd967d1c9c7d41c9cdd49c1df1b3a598295aaf0326b7d5d5de",
    "loss": [
        3.158543168811008,
        2.729797571432749,
        2.5604933369487597,
        2.418828927309399,
        2.335877680476198,
        2.2906662299844434,
        2.2381709103495533,
        2.175258418174247,
        2.1220223523843327,
        2.1472501732269733,
        2.10872742177635,
        2.0578019264639256,
        2.0155164131063334,
        1.9669522546771547,
        1.9972493968441802,
        1.999665511539299,
        1.9701277207220949,
        1.9371755049828971,
        1.891541437008384,
        1.9995913305201374,
        1.9079758084623024,
        1.9083325747415045,
        1.8444000196849144,
        1.8018837743598208,
        1.804375292303397,
        1.8425501982449735,
        1.810548792311203,
        1.793200965181479,
        1.7880169094438665,
        1.9102129488696942,
        1.8435452203817035,
        1.7815600058128622,
        1.7853702104055804,
        1.8483786314936097,
        1.7302379063915068,
        1.7636109573108185,
        1.695566300793029,
        1.7206472143031375,
        1.6701021712672246,
        1.8614125608379652,
        1.840968773381188,
        1.7832044077970923,
        1.7765859220898168,
        1.760971956772845,
        1.7388223611775881,
        1.7189910077666168,
        1.7766817009716709,
        1.7504783908738735,
        1.737022868642838,
        1.8833767606928988,
        1.7590853142943643,
        1.707335355678398,
        1.7074639525349526,
        1.6875029456056132,
        1.6889300227927926,
        1.7093717388018803,
        1.710004283376217,
        1.6882301259459964,
        1.7157058908241203,
        1.8524742006016282,
        1.7366553320351419,
        1.7031777335910583,
        1.6967478328073058,
        1.7319356830002253,
        1.7346830629156387,
        1.7236675071028054,
        1.7243828681638511,
        1.7192648442485914,
        1.716794063814687,
        1.8497496127796784,
        1.7885473307538664,
        1.7388030439216626,
        1.6832457398915182,
        1.7472714636132258,
        1.698686517818409,
        1.6942416262040252,
        1.6224375458944629,
        1.6735555874933283,
        1.670205073097299,
        1.7877634451004816,
        1.6847124054375973,
        1.7063044300295664,
        1.7335018092481438,
        1.6728739988263164,
        1.6793941015125415,
        1.6991272307227634,
        1.6958420786794128,
        1.6846693385573703,
        1.7212406434844048,
        1.8029755808235064,
        1.6498907497939328,
        1.643397773134228,
        1.6861835187069485,
        1.6665128213249505,
        1.6526258231494961,
        1.6896311058092408,
        1.6357393265133615,
        1.6601464528308367,
        1.6531107679718855,
        1.8216328742088277,
        1.738191556933968,
        1.6988927747876639,
        1.7221766303487518,
        1.7200594689230604,
        1.705353422955388,
        1.7119141942701792,
        1.670362681486385,
        1.6690668065865168,
        1.648439220799419,
        1.8208312583713184,
        1.6887108735714071,
        1.688760002624786,
        1.6468591764987106,
        1.637669871227286,
        1.6380477576332413,
        1.6526775331064247,
        1.6437764302630782,
        1.6323739935774946,
        1.6652408864937494,
        1.7962588420845471,
        1.704494109841358,
        1.6299486697909984,
        1.6442589794232325,
        1.6234689258640769,
        1.6386833377805654,
        1.6889804896640586,
        1.648206353186443,
        1.6678591415017319,
        1.6560952915639282,
        1.781829019641511,
        1.727475925201995,
        1.7118429930708543,
        1.6860114925377132,
        1.6615057020750132,
        1.6913740003932605,
        1.6721281453025736,
        1.6650483540433794,
        1.6600512168754542,
        1.6600867781198752,
        1.8019935154269813,
        1.6947098716954438,
        1.6537624374286302,
        1.6472710350006459,
        1.687050789251484,
        1.6132190301441751,
        1.646443974164735,
        1.6646211416965626,
        1.6157778989934302,
        1.6157310999867447,
        1.787823326399846,
        1.6759842801958547,
        1.6158113146852238,
        1.6419501582109075,
        1.6766702587319615,
        1.6409771826754915,
        1.693708560284747,
        1.660155437779909,
        1.6682582072689622,
        1.6794732462280018,
        1.7602648812468817,
        1.7096790794365937,
        1.681948706717256,
        1.6294357584816943,
        1.6540148725477004,
        1.6404027412244915,
        1.6446631334675963,
        1.6445502211223915,
        1.6449676947459846,
        1.6167009760906679,
        1.7944962815910224,
        1.6141088247127933,
        1.6883288047448253,
        1.6229123320901784,
        1.6772644039560562,
        1.5913253865979926,
        1.6208172999688324,
        1.606543255358667,
        1.5967263123224866,
        1.64040368629915,
        1.7126533930493797,
        1.691989150219525,
        1.6566060202774437,
        1.6605001466884182,
        1.658592142215953,
        1.6690087625054175,
        1.6060396870929479,
        1.6560439243753469,
        1.6667065552383191,
        1.653662494566858,
        1.7657176345582541,
        1.7124851862531203,
        1.7358891854728369,
        1.6521773634449224,
        1.6751187147016995,
        1.6685688895947697,
        1.6378122053503166,
        1.649353986735284,
        1.6855391180230992,
        1.6682745457262895,
        1.7271854682591052,
        1.6505388302203592,
        1.6723368640678065,
        1.6831642319263957,
        1.6288364107841449,
        1.6640635588641333,
        1.6198576261131472,
        1.6060569165193344,
        1.577480132329501,
        1.571615135612954,
        1.7696421924357801,
        1.7383436008318225,
        1.6660945861763017,
        1.6977432235737842,
        1.6520014639700722,
        1.5922692719846956,
        1.647208867555987,
        1.6237069303979381,
        1.6176901744198935,
        1.6653534579071008,
        1.773801275147311,
        1.6308851509407978,
        1.671804121633174,
        1.6677109118204958,
        1.6531935584611241,
        1.6264230300821774,
        1.6723930473214144,
        1.6845788873120764,
        1.6420319731647013,
        1.618890471007925,
        1.7174152079614207,
        1.6641895367746482,
        1.6606079313128963,
        1.6518821292182453,
        1.6608737802305091,
        1.6486218386659,
        1.6015054377525535,
        1.589648434407117,
        1.6212814165982374,
        1.6186681861638907,
        1.739896442073627,
        1.6791359204772356,
        1.6764381677056297,
        1.6695764776445468,
        1.6667465701593955,
        1.6449724401505268,
        1.647114402655756,
        1.6448344643595232,
        1.6809682615680939,
        1.6297736639386566,
        1.7521972461053161,
        1.693360476248822,
        1.6883820323466652,
        1.7033584942569346,
        1.636990169689365,
        1.680806580261529,
        1.701352719110941,
        1.6374611204978051,
        1.6343780652484086,
        1.6638235362137328,
        1.7768330960084329,
        1.7197883469502435,
        1.7025898804921307,
        1.6547597718477574,
        1.7119462753679617,
        1.6628353711852015,
        1.6755418384002645,
        1.6539125192498605,
        1.6028335008718895,
        1.6041654574204043,
        1.781371180200441,
        1.6918277638933261,
