{
    "start time": 1730487673.5849388,
    "old id": "4244127c6bf81361f5c5d4b822e7ef629ffb06f2732267c8c984787147c3b34b",
    "use_input_gate": false,
    "use_forget_gate": true,
    "use_output_gate": true,
    "use_state_gate": true,
    "use_new_state": true,
    "use_old_state": true,
    "use_residual": false,
    "n_layers": 3,
    "state_size": 512,
    "id": "67986217ab868cf3e08e90060a63675f4b9031921ff521807d00ec5049175f57",
    "loss": [
        3.5600356505526065,
        3.3842235497561677,
        3.111837176874936,
        2.9839494786709113,
        2.8452424303291974,
        2.7212809465684242,
        2.7047856606423695,
        2.654731694310247,
        2.6270927923217986,
        2.601620451073969,
        2.529019146131354,
        2.512888988008162,
        2.493186343261856,
        2.3966829710007413,
        2.386000011410725,
        2.3802880287003743,
        2.389255008786268,
        2.3823963597061972,
        2.305556161763088,
        2.391103958267467,
        2.394857020464195,
        2.3118154402463373,
        2.2902632158224425,
        2.245463056517615,
        2.216884269511953,
        2.2101689101089192,
        2.2369802665859404,
        2.2347792177339474,
        2.269887081809772,
        2.337712061843323,
        2.2599257781560818,
        2.19642788870227,
        2.2559115897704447,
        2.1874573802244,
        2.218765704084238,
        2.1353965651729547,
        2.202832370916998,
        2.199002526974552,
        2.1944352664541174,
        2.268599023391727,
        2.202357994893482,
        2.1271586290057676,
        2.168765663931538,
        2.1749149521798192,
        2.1960936134232942,
        2.163848118896975,
        2.128219460100417,
        2.1457547870100075,
        2.1712233640996015,
        2.2261386723460324,
        2.1656927454402464,
        2.1368378517116957,
        2.124984558628119,
        2.120999618362771,
        2.1013423777918288,
        2.085272354008806,
        2.102020441883579,
        2.087316891782625,
        2.1029524995793563,
        2.120855634579826,
        2.081484625350947,
        2.0362755800705488,
        2.0413874841372968,
        2.051381748533583,
        2.0780722544925894,
        2.0993468159144224,
        2.03605255382631,
        2.0421980508852644,
        2.027598295691798,
        2.1242168146791696,
        2.093550851920183,
        2.0509942924021285,
        2.0880072090263897,
        2.0124505955189234,
        2.0592513598118494,
        2.03702638832308,
        2.0220066265536367,
        2.0628509142158435,
        2.1126223537307456,
        2.1519075071062392,
        2.0967246020312453,
        2.033993909188411,
        2.0291023357466984,
        2.060520278900868,
        2.070549549448388,
        2.0611613691680493,
        2.0821234100461616,
        2.076285816976257,
        2.0114468793069844,
        2.1512411570386067,
        2.0500882071307682,
        2.0294467212411638,
        2.008945475165735,
        2.0288451256303914,
        2.0460330259550545,
        2.0284325216024905,
        2.0676982892659703,
        2.0500286677367705,
        2.0316189273271803,
        2.139212610744864,
        2.026933499205048,
        2.0710075997991786,
        2.075758542613557,
        2.067597164889821,
        2.0577380332600974,
        2.054514415287175,
        2.0161980930933514,
        2.0082312696057665,
        1.9813486641345117,
        2.0902971870791434,
        2.0442668406631097,
        2.003415482767376,
        2.0312737869978137,
        2.0355763548442702,
        1.959428197155283,
        1.9959948804809438,
        2.013425832999432,
        2.0181284686626175,
        2.057486720094051,
        2.1547426303429895,
        2.0493095118615314,
        2.075869793176942,
        2.076204423518874,
        2.0467059216565318,
        2.078945819912774,
        2.073100955013991,
        2.079137503743633,
        2.0287726856483244,
        2.017201891459256,
        2.0781922438394473,
        2.057549674674992,
        2.05127598329212,
        2.0186471487122186,
        2.0387157775994647,
        2.029229172579092,
        2.067729984330458,
        2.0004224669657713,
        2.010572855598281,
        2.045574382937149,
        2.1426145257022533,
        1.9996565990522206,
        2.044924471488691,
        2.017950164297771,
        2.045928422611653,
        2.069874635507185,
        2.0279949088403524,
        2.0192787413141757,
        2.0120529895634283,
        1.9410388149162583,
        2.0879332404802518,
        2.0466152050297226,
        2.0361420947624906,
        2.0248661509807495,
        2.052857664060839,
        2.0180064527308645,
        2.0393585927874063,
        2.074722929781081,
        2.0829575078375164,
        2.083831922639267,
        2.150919711149379,
        2.060462030547929,
        2.0127011155467174,
        1.973984095281204,
        1.9912481839446783,
        2.006465672932394,
        1.992818961806734,
        1.975828598165159,
        2.029055344151668,
        1.979533075705253,
        2.133977344833722,
        2.063513994133847,
        2.0744144932310578,
        2.0695601546789493,
        2.056019908795394,
        2.098205346101132,
        2.0172329736885466,
        2.056884084921455,
        2.0767767901430143,
        2.0379693045347773,
        2.1100623443029267,
        2.072432644905876,
        2.03403193616178,
        2.087905885472991,
        2.047817458508602,
        2.0453752478785097,
        2.083635259976568,
        2.0311506506129944,
        2.053032404914634,
        2.0761726174779844,
        2.1025448727220444,
        2.1218103640232115,
        2.0517645974327654,
        2.0476160620747867,
        2.052718781329241,
        2.0078846098177747,
        2.0948799575722843,
        2.033518077031151,
        2.0544173399051897,
        2.0721295406832096,
        2.135867080284252,
        2.084075628011956,
        2.0236707128889604,
        2.0816802039208966,
        1.9950694581674535,
        2.04549346426641,
        2.0458450088040485,
        2.0573742603391842,
        2.094156577710939,
        2.11201584166442,
        2.0887103573765096,
        2.050869764064971,
        2.032176677838205,
        2.036371189508439,
        2.0112597038403064,
        2.0501517384739545,
        1.9897585038987264,
        2.0372068542739807,
        1.9882198867041865,
        2.040611706161086,
        2.148061831983683,
        2.1027716848336957,
        2.105801147022609,
        2.0149591584450275,
        2.031097119333497,
        2.0882714901517754,
        2.032331421465293,
        2.038972566400171,
        2.0284220875133765,
        2.0493611357877133,
        2.127291079291576,
        2.082665757301462,
        2.021899866890451,
        2.0596092585777055,
        2.027000932150044,
        2.007221976517673,
        2.040634627053875,
        2.0589570677400375,
        2.0367734454724022,
        2.0433936039994416,
        2.0977802096140348,
        2.0787484482906073,
        2.07871685271542,
        2.0812180545801873,
        2.0742711347942118,
        2.1001674070074325,
        2.064929762032527,
        2.024413283658061,
        2.0121396148513293,
        2.0169478519864876,
        2.0915516600329283,
        2.0499564821927803,
        2.1085159949018735,
        2.028245601596585,
        2.070952417382404,
        2.0251956398234463,
        2.045631080155949,
        1.9858026247482397,
        2.0460568624591877,
        2.0583445394300512,
        2.110171654789269,
        2.07802538669415,
        2.084103825006807,
        2.148947384250502,
        2.1014874215109165,
        2.100097973436711,
        2.0645360882920882,
        2.044221917742762,
        2.069379770567496,
        2.0961322396528757,
        2.137130070734918,
        2.0952329189661625,
        2.1007302544155455,
        2.110147179919073,
        2.1071009049365452,
