{
    "start time": 1730499574.8670235,
    "old id": "3fdf2f93390cb638566f51d370d541fb92f40ea0687994b88d1f7b0f7f36aff5",
    "use_input_gate": true,
    "use_forget_gate": true,
    "use_output_gate": true,
    "use_state_gate": true,
    "use_new_state": true,
    "use_old_state": false,
    "use_residual": false,
    "n_layers": 1,
    "state_size": 512,
    "id": "6e2d617e5206801a0113667b33424dbcd506c766e0e2fbbbeddc447ddd1e1975",
    "loss": [
        3.4694830829245467,
        3.1154820103965277,
        2.837947840248924,
        2.6645131185625446,
        2.5287166147695754,
        2.421759609648753,
        2.4043600795504747,
        2.301669067544168,
        2.289179801039509,
        2.2253991379151197,
        2.172145941080694,
        2.089958301730952,
        2.0884535511199718,
        2.042589653600585,
        2.0223240836929253,
        2.0459134330383657,
        1.9782331114597231,
        1.9745234509974554,
        1.9830670824595036,
        2.0552148742159257,
        1.9741691730547812,
        1.8907912722375164,
        1.8856702429671155,
        1.8755305361347379,
        1.8129739210930236,
        1.8246411993579252,
        1.8156127224231404,
        1.8135624354754134,
        1.798764274378763,
        1.9276162915785346,
        1.809335832800346,
        1.8361995595257945,
        1.7750514945581537,
        1.760204926230577,
        1.7230691591071268,
        1.7812856592998678,
        1.755916231804467,
        1.733880917704475,
        1.7197181611948795,
        1.8928607842311482,
        1.7047540020792449,
        1.7242112796781248,
        1.7096747685840064,
        1.7108146869151253,
        1.720968171825282,
        1.695302210957553,
        1.6862649164619814,
        1.640907269600256,
        1.6403356010158086,
        1.791401492863958,
        1.7271086735050452,
        1.7259489079767005,
        1.7266841640491029,
        1.7059666993944642,
        1.6491647651795658,
        1.6492212734404028,
        1.6772958953334172,
        1.62958371011433,
        1.6787655063881197,
        1.8582739829479529,
        1.7440162539767872,
        1.6877159249829314,
        1.675051841135586,
        1.6414837642495808,
        1.6405452309542985,
        1.609692133198362,
        1.6711541133232128,
        1.6810577248107543,
        1.6513044733326434,
        1.8052915473318591,
        1.7135235922602705,
        1.6576308786947722,
        1.617935074155408,
        1.6165219432934685,
        1.6379139515792485,
        1.6314041753258628,
        1.6338168694077786,
        1.6665558776930292,
        1.631843437815128,
        1.768412757911173,
        1.6105392429841787,
        1.6325879585174086,
        1.613146012975375,
        1.5933907099394475,
        1.5429958292404693,
        1.5520494860863436,
        1.554101757180931,
        1.555913823486785,
        1.5370821219339217,
        1.7440494592427132,
        1.6789025849211658,
        1.6446371067985508,
        1.6426347173187994,
        1.6612650252919363,
        1.6522155846774382,
        1.5930283851329314,
        1.655369649267441,
        1.6067687038196257,
        1.6010277870131544,
        1.71099394988219,
        1.6274451793536964,
        1.610605148403485,
        1.5747678348715075,
        1.5638799762612714,
        1.6019851689282736,
        1.5571326938081265,
        1.6259052280336732,
        1.5740221125743292,
        1.606623072284104,
        1.7242951202863057,
        1.6510948385121615,
        1.5690628581840589,
        1.6045136380174554,
        1.581052282021065,
        1.572158176692665,
        1.580409597978079,
        1.581969565902585,
        1.5766799739988115,
        1.5982314833338578,
        1.7279591257141578,
        1.6491816213296002,
        1.6034382143171662,
        1.5895560860171372,
        1.58264884953266,
        1.624187957035979,
        1.5959241214864304,
        1.6049112850061085,
        1.5666546152286462,
        1.5533824690557532,
        1.7239542097332587,
        1.6437213220440965,
        1.5734599838079804,
        1.5765280772955652,
        1.6325143208519577,
        1.595100640609817,
        1.5579872482190358,
        1.568479765962715,
        1.558755596094556,
        1.596974715399377,
        1.723505747400168,
        1.610756808334548,
        1.5994454666660383,
        1.6396246678875182,
        1.627827891410968,
        1.550483307166103,
        1.5402591318243941,
        1.5288529226482153,
        1.5514455603162964,
        1.5523343254942823,
        1.7192499799764287,
        1.6103712425725736,
        1.59895894489186,
        1.5669522770017512,
        1.570814203508122,
        1.5534522372476225,
        1.5860021807849998,
        1.5667830756178633,
        1.5691891091203518,
        1.6170219128542151,
        1.7283019841851757,
        1.5984051457803323,
        1.5975479802888661,
        1.5773112970583767,
        1.5902945914590927,
        1.5541362910288217,
        1.5715553407955885,
        1.597695864999034,
        1.5628359595865018,
        1.5208049947479363,
        1.6564870576316977,
        1.498415959098411,
        1.5596476333230427,
        1.5747310406434196,
        1.5632049797280583,
        1.5721024659742657,
        1.5350607739880735,
        1.548825539381245,
        1.5631933492465289,
        1.5674484060084917,
        1.6713607644862494,
        1.5660046544989144,
        1.5774993678139166,
        1.5702669143984846,
        1.4931371529707698,
        1.4927534675090823,
        1.5382819158209957,
        1.5357130682348292,
        1.473995716900571,
        1.5513879743661407,
        1.7171567308880291,
        1.6297671071983129,
        1.606702180387912,
        1.5865818579701243,
        1.6057965729738295,
        1.5755283775754627,
        1.565675018058731,
        1.59681620764238,
        1.5744280407733255,
        1.6107442699380226,
        1.6800841816914307,
        1.5768056998180722,
        1.550106918433196,
        1.5863729548249752,
        1.5633006631134094,
        1.6134356673705537,
        1.5795470275258243,
        1.590685548722193,
        1.5866130059676282,
        1.5716264094552728,
        1.6782629666130036,
        1.5995912893441022,
        1.5800633887778044,
        1.5650106887171562,
        1.5439241678949616,
        1.4998275426851537,
        1.5338180609153558,
        1.4987576856096483,
        1.4904522052080114,
        1.5090151372057767,
        1.6484116108565159,
        1.5847755500414948,
        1.5157063656279122,
        1.5109779911234154,
        1.5372308268684645,
        1.5310442792061711,
        1.5374800680681238,
        1.5740101894261513,
        1.5465845792827722,
        1.5096889830658182,
        1.6583312489849145,
        1.5777983324409097,
        1.540381411296138,
        1.5810816045977911,
        1.5233546565662082,
        1.5440824318655098,
        1.5449804922444683,
        1.5515113289569546,
        1.5251808019083632,
        1.5116943706142272,
        1.640322019049123,
        1.5396828086678003,
        1.5194341201547044,
        1.521437688219594,
        1.5009890714960934,
        1.5407988334352791,
        1.5498040070448653,
        1.4865582252845386,
        1.4997330952981907,
        1.502917201215878,
        1.6667281581516795,
        1.5321631278960988,
        1.5223832960104724,
        1.5408529587784272,
        1.5642758834297847,
        1.5539367837634184,
        1.5270727195367682,
        1.5441049670777225,
        1.5073061024001502,
        1.522017051712672,
        1.6100794245063685,
        1.5889640465054136,
        1.5290383838304933,
        1.5577766070011232,
        1.525428529514769,
        1.4920127540179307,
        1.5188390694325251,
        1.547372757079442,
        1.556923821796017,
        1.5259855799758797,
        1.6444620988857404,
        1.5611036070551303,
