{
    "start time": 1730488627.043531,
    "old id": "a4c61a1a16f01f5f4bd6276bcd8b5a286ff55e9c6e6fcf772ecb05da4241829d",
    "use_input_gate": false,
    "use_forget_gate": true,
    "use_output_gate": true,
    "use_state_gate": false,
    "use_new_state": true,
    "use_old_state": false,
    "use_residual": false,
    "n_layers": 1,
    "state_size": 512,
    "id": "7072b6f30490b56d63a7ded8d08bca7a4b7ae1e73091ed2d6f6abd0bcc43d2ad",
    "loss": [
        3.308064095355518,
        2.877371804582166,
        2.6233384388699426,
        2.4908295621289835,
        2.4301360046737046,
        2.2945491488120213,
        2.266894643610273,
        2.2162477635321864,
        2.1360071178268836,
        2.1646952268372868,
        2.1293655487964767,
        2.019167272170134,
        1.9566339260286507,
        1.9796182356223357,
        1.9638237692166352,
        1.8456608292015044,
        1.8946414958659832,
        1.889553780947997,
        1.9051042555199798,
        1.9769341014836117,
        1.9092027273389613,
        1.8673878522515637,
        1.8337185545581136,
        1.8057922674483962,
        1.7843994758277082,
        1.7972137552057939,
        1.7823638989871686,
        1.7968195216272675,
        1.8258161443854966,
        1.9030084292964937,
        1.8050937292453961,
        1.7452698543828142,
        1.7707759449114318,
        1.7379958780269174,
        1.69044928815095,
        1.7163418600637361,
        1.689777523723342,
        1.6628969857368188,
        1.6750375508040265,
        1.837071381061675,
        1.766910233172612,
        1.7476206119179425,
        1.730642859446768,
        1.7337260771650984,
        1.7311257363722607,
        1.7026843366703408,
        1.6376207307579327,
        1.607807424404553,
        1.704349050581771,
        1.8506930566787314,
        1.7548949210783946,
        1.7532258743803073,
        1.6672885188635211,
        1.6846789493741359,
        1.6495548754294482,
        1.6691253742229781,
        1.707947795055273,
        1.6814767620926638,
        1.6640378739340411,
        1.8085292239844342,
        1.7335024191941335,
        1.689644821775602,
        1.6752975618210975,
        1.665315027882981,
        1.6806283093244712,
        1.6645334138230696,
        1.645118743434677,
        1.6799748327131498,
        1.6177492666949613,
        1.790622649273735,
        1.7002745971625215,
        1.7145346774423142,
        1.6903151075589808,
        1.6398175643737112,
        1.6530963837091939,
        1.6348806578077433,
        1.5975511324162472,
        1.620696205838699,
        1.6581073142998717,
        1.7621507979041595,
        1.6745153001123052,
        1.6418921350358417,
        1.6434676609991334,
        1.6503078287627595,
        1.635382147074887,
        1.6726193608445485,
        1.6265817890453047,
        1.6255346710871332,
        1.6333703429206365,
        1.7915599225632217,
        1.6926853260474828,
        1.682127056627153,
        1.6789636975755742,
        1.638273886838594,
        1.6272587776736445,
        1.6510340043861889,
        1.6508670993590109,
        1.5978128803529696,
        1.6142089431356563,
        1.7941618072760654,
        1.6647967021455805,
        1.650213612008773,
        1.6228819414490014,
        1.6569018157243025,
        1.6144461567903026,
        1.5998379379329373,
        1.622474795678938,
        1.6273650747909898,
        1.5815281572139535,
        1.7352133043096643,
        1.6792810361895312,
        1.6861711264004398,
        1.6291548848623407,
        1.6440954594594857,
        1.627145149337835,
        1.5675801395873026,
        1.5415007373573932,
        1.606950071893126,
        1.5759651374557333,
        1.7059055419572753,
        1.657379514068144,
        1.6722248534165762,
        1.6168316266062541,
        1.632360403489153,
        1.6349512098105148,
        1.6237721943695846,
        1.6298877631914641,
        1.6659344769591349,
        1.63857138068415,
        1.7605638256509752,
        1.6648902658937486,
        1.651480165775943,
        1.5878603482159834,
        1.6370409894619404,
        1.612620592746166,
        1.5569538373698377,
        1.5689281783500366,
        1.573035609913405,
        1.6418111771614938,
        1.7877076226519708,
        1.7426989291055779,
        1.6842939205238505,
        1.6443800391713217,
        1.6606348455214148,
        1.6806542798030093,
        1.619752162139167,
        1.6182938436915923,
        1.6330330348816648,
        1.6013627560110426,
        1.7725160278236818,
        1.671588445574154,
        1.6547666691595149,
        1.635527390638206,
        1.6682327043754168,
        1.676662118336974,
        1.6285462687402226,
        1.6294027458033724,
        1.6128121723945883,
        1.5949720983402154,
        1.7557619684870163,
        1.6826324963445423,
        1.6463912398416014,
        1.6999783933462551,
        1.665496667015188,
        1.6312319198120149,
        1.612012841206671,
        1.599365530939848,
        1.6424330153320585,
        1.6136583029898668,
        1.7332788476447356,
        1.688561013734104,
        1.6420480798409143,
        1.5944675557262622,
        1.6331306333594733,
        1.6313348737793552,
        1.6243507450182353,
        1.5915764154138732,
        1.6285034877003763,
        1.6280110912659136,
        1.793095285765749,
        1.6819706049528966,
        1.6215866895707978,
        1.6630062536080572,
        1.6102319071212998,
        1.6666957722260833,
        1.6293356385037547,
        1.6542851405702739,
        1.6574089598359107,
        1.622631648143218,
        1.7450459547481032,
        1.6916208673771778,
        1.6372921890046759,
        1.62506480114583,
        1.6361835886824152,
        1.6209551549883165,
        1.595989239717263,
        1.6213064959929153,
        1.5963445075969642,
        1.567641830197063,
        1.6949552637776668,
        1.6646845337312934,
        1.6454609909551352,
        1.6256502904941041,
        1.611338643843226,
        1.624383968465042,
        1.5511974772729826,
        1.6111736874867892,
        1.6348722873640456,
        1.590170323839708,
        1.744530985405522,
        1.6609208080539417,
        1.6322433883234937,
        1.6451622357734499,
        1.588849861002128,
        1.5979986346347124,
        1.5971764016310466,
        1.5846983509724204,
        1.5883313421339764,
        1.5865616788780745,
        1.697315314604424,
        1.6384306714043333,
        1.6235385346161775,
        1.5926851224563885,
        1.5369486589769052,
        1.5806857520177193,
        1.5769555843923269,
        1.6084273366059882,
        1.5465572370028535,
        1.5778513360990887,
        1.7360189586928845,
        1.6627054541249766,
        1.63268627531769,
        1.6390008493198192,
        1.6499647059007372,
        1.5374424673600957,
        1.598938132874263,
        1.5923294488429087,
        1.6013783637757688,
        1.5856403921307562,
        1.7225448877680105,
        1.6785513188246879,
        1.7127326029439798,
        1.640558817956269,
        1.6200799531345365,
        1.6520379112336292,
        1.6182832369967788,
        1.6127804068231384,
        1.6304617466523694,
        1.6223230114398035,
        1.7347250919411972,
        1.705943099189855,
        1.632536492527932,
        1.622315290707106,
        1.6300977320134473,
        1.6590297789894621,
        1.6347817033675327,
        1.6239172532976465,
        1.617152283941357,
        1.6373991996537303,
        1.742459473768826,
        1.678621257065405,
        1.6329541349049104,
        1.6436455032433124,
        1.608683190390063,
        1.6052920232892403,
        1.5682691566934954,
        1.6472638465434233,
        1.605326992934166,
        1.695482098221795,
        1.7312227121977652,
        1.6552275302834636,
