{
    "start time": 1730494830.9847844,
    "old id": "6c43b9ed096425042410703f4905afca429dbabbc9907ae45fa73369706b0db4",
    "use_input_gate": false,
    "use_forget_gate": true,
    "use_output_gate": false,
    "use_state_gate": false,
    "use_new_state": true,
    "use_old_state": true,
    "use_residual": true,
    "n_layers": 3,
    "state_size": 512,
    "id": "710ce8974ea13098241cdbb3aeeadf589b7ae6f33df0609a1887bf5639f867c6",
    "loss": [
        3.3925403766928626,
        2.9565667419705206,
        2.7219465237950646,
        2.612464062338563,
        2.5150288161151284,
        2.44734547046003,
        2.369078645507967,
        2.2901845805637735,
        2.2317411532422384,
        2.235185900785108,
        2.198549274555794,
        2.1976343097265065,
        2.141299187089678,
        2.0765422414229224,
        2.101354369666357,
        2.112418097991489,
        2.0014473804345316,
        1.9771423096076521,
        1.9786556909909472,
        2.0106783268803663,
        1.9345095680743245,
        1.9406716397919528,
        1.9061836862810613,
        1.8961049474545641,
        1.8859354012797491,
        1.8484330102230577,
        1.878860312089603,
        1.8476157121469359,
        1.8367112976254167,
        1.9920099479040785,
        1.920099356632539,
        1.8498181583008892,
        1.8382478573098622,
        1.8417875896228648,
        1.783884632486512,
        1.8356051073434516,
        1.7805018392943845,
        1.7502970624948337,
        1.7793819299330982,
        1.9436866855039787,
        1.7762451432976474,
        1.789591739869054,
        1.7582767760343558,
        1.7698506234843723,
        1.7818579075151646,
        1.8015429132481537,
        1.7959422937943161,
        1.79642986566235,
        1.8336665554727098,
        1.9432290222339175,
        1.7334025703363378,
        1.7275018552237493,
        1.7446064395347134,
        1.7851836368526988,
        1.75200790642498,
        1.7337143776039143,
        1.717390077820642,
        1.6727400177088025,
        1.7203833581511727,
        1.9158944551786778,
        1.802236308136734,
        1.7497786508681141,
        1.703366623511843,
        1.7365146189817007,
        1.6834461219494807,
        1.7117543611001462,
        1.7443580984121547,
        1.745363587401752,
        1.742416342631509,
        1.849674334099801,
        1.759382283668361,
        1.7233116125048258,
        1.7304840752291404,
        1.7015010717667447,
        1.6798883088414525,
        1.6913635517262053,
        1.6749247439514885,
        1.70534319932613,
        1.7709138012797707,
        1.8601073898588538,
        1.670247205186433,
        1.7062449738443586,
        1.74550721221696,
        1.6927493317575608,
        1.65417464500448,
        1.701626719444543,
        1.7249437135556211,
        1.7376103391794093,
        1.6914993705915868,
        1.832608903586997,
        1.8245553950887576,
        1.7043176939462836,
        1.7170349998988468,
        1.6896557874540366,
        1.7111575334389837,
        1.6753427222195008,
        1.6597089540525727,
        1.673535529227427,
        1.649438304968039,
        1.810120760953758,
        1.7644434273276626,
        1.7008561464484955,
        1.7085989028577901,
        1.7274769066058018,
        1.7134017944681623,
        1.6816953313563465,
        1.6880568041859694,
        1.6588913471016267,
        1.69688103507985,
        1.8018600594927168,
        1.7327966198631024,
        1.6989105403871108,
        1.6898442112244587,
        1.6791998820920202,
        1.6712400365987186,
        1.7150566211498182,
        1.6496135889482426,
        1.7237759447804313,
        1.6444806061064583,
        1.7752177584514874,
        1.7277653466138194,
        1.7391240329173598,
        1.6906163691941045,
        1.7424508905535316,
        1.717403539440216,
        1.7443122717384048,
        1.6978624079304097,
        1.6617388567452174,
        1.6472631774345836,
        1.7841046328457406,
        1.670378885043118,
        1.6889823290521457,
        1.653715181216586,
        1.6121603697908573,
        1.593570756799955,
        1.6412832544324176,
        1.6415776786510312,
        1.652283396383902,
        1.6829062372894579,
        1.7664018317543762,
        1.6892103600511719,
        1.6528818366724194,
        1.6949300302202273,
        1.6101870602906656,
        1.6204924004450572,
        1.6341561183831808,
        1.6127263332977184,
        1.6266029578503423,
        1.6753920821683133,
        1.7788415457746647,
        1.7032150540452757,
        1.6201763547333246,
        1.6201691921019101,
        1.662793843800813,
        1.6607062368096766,
        1.6920155556657337,
        1.7012661733276426,
        1.6325760376779699,
        1.662134245136767,
        1.7830218344538795,
        1.7147857737181467,
        1.6590173541490423,
        1.6765165080656057,
        1.6469342428917928,
        1.6746125632041402,
        1.6817231487982387,
        1.6877111490631211,
        1.6733435050306011,
        1.6776230632761218,
        1.7758855061760308,
        1.6420457348805206,
        1.6449239700686573,
        1.6396881157725773,
        1.6439975738707906,
        1.6169699345333037,
        1.6303600808582928,
        1.6321422839245188,
        1.6090362423807725,
        1.5987393133867769,
        1.723967524963476,
        1.5947997551454796,
        1.5805235985395958,
        1.6173920349612612,
        1.5453454361493844,
        1.624586016722973,
        1.587549700467144,
        1.5519471256888904,
        1.6456327897426775,
        1.630357464363607,
        1.7482375891108566,
        1.7007993029308983,
        1.6360371536533715,
        1.6999745599607217,
        1.6525199982138161,
        1.64472870809011,
        1.681541026225062,
        1.6769390315864545,
        1.6685452460979266,
        1.6067831151491039,
        1.7846228933446568,
        1.7019402986187733,
        1.651216906685326,
        1.6430718099305237,
        1.610088683659896,
        1.6782458952584975,
        1.6180793497739374,
        1.627218867164153,
        1.6703754189295785,
        1.610099637588805,
        1.7559167681471834,
        1.6365994742075407,
        1.6440602448677304,
        1.6880373278804606,
        1.7232919179822053,
        1.6816048812835367,
        1.6848739462172164,
        1.6419676928401945,
        1.6919938399912686,
        1.6504959435741005,
        1.7137319124133175,
        1.6088436277785332,
        1.6055403720985058,
        1.6277340109991505,
        1.5953620577096583,
        1.599220403486452,
        1.5851491631667423,
        1.6413258870956837,
        1.6389066341292018,
        1.6083571941603632,
        1.7587915354709083,
        1.6837305002922096,
        1.6296055241143759,
        1.6337853193318757,
        1.624155006136508,
        1.6199815002940727,
        1.6252415914501603,
        1.663233407872977,
        1.5665936125430875,
        1.5701461780989945,
        1.8052386951014396,
        1.7593839587684588,
        1.6715362741909623,
        1.651172096139531,
        1.5925595278359237,
        1.6449155109702263,
        1.6515297726421918,
        1.6176074047882545,
        1.6462352877978594,
        1.6225728033132294,
        1.7279409983910585,
        1.6552469921809263,
        1.6514246471862937,
        1.600506743265957,
        1.6027383034114848,
        1.642825331039791,
        1.627826294869194,
        1.63091253911717,
        1.601428894886369,
        1.5724045316966329,
        1.7561177247925912,
        1.676170628567881,
        1.678959049994011,
        1.6765725091098769,
        1.6595415280950172,
        1.6544221382672275,
        1.6440261541428876,
        1.6359247436147728,
        1.6711184544389952,
        1.6203115409201512,
        1.7160199449142677,
        1.6719507044462938,
