{
    "start time": 1730487190.1424277,
    "old id": "823c3e786b3a3513436e23578685447f5dd872de76dc68cab3c83a1034a0f1d1",
    "use_input_gate": true,
    "use_forget_gate": true,
    "use_output_gate": false,
    "use_state_gate": true,
    "use_new_state": true,
    "use_old_state": false,
    "use_residual": false,
    "n_layers": 3,
    "state_size": 256,
    "id": "72597a089cdef0581eeb2a5ad2a77eba3a46c8bac91c969b3054eb06c9c7f4f1",
    "loss": [
        3.550533783066947,
        3.432933398628275,
        3.1983932084788576,
        3.038664568288022,
        2.876695010941159,
        2.76249588002328,
        2.6952894273202315,
        2.6892077573711273,
        2.6213873998700388,
        2.6717499398208817,
        2.595103658658519,
        2.540101122130611,
        2.486291472961766,
        2.5083852418532455,
        2.4636530935830456,
        2.487030275369872,
        2.434951102394773,
        2.441581972883947,
        2.3869721669068857,
        2.4891751715631063,
        2.4001510727215796,
        2.3592384763937218,
        2.353292676841004,
        2.2910224995313913,
        2.3144195775927314,
        2.2842335047501234,
        2.3081299827360957,
        2.2734262277908535,
        2.310216274097616,
        2.4127992816477666,
        2.279742632956447,
        2.2363241145696002,
        2.27638702246312,
        2.173190961552826,
        2.1854346726920006,
        2.183597275860016,
        2.1843940566699644,
        2.2218112331927156,
        2.2056465735137416,
        2.3358717441783754,
        2.178204598001358,
        2.2029577504336344,
        2.2118390398417844,
        2.2054973146726495,
        2.186774111279639,
        2.2133400615548884,
        2.147153181285701,
        2.1224736116486644,
        2.133251007196535,
        2.2929553360845474,
        2.165538514968964,
        2.1284675255837375,
        2.1311456072876283,
        2.127143099816257,
        2.094525700431849,
        2.0900217814876805,
        2.0780905623841552,
        2.040254614167539,
        1.9930397096011243,
        2.2107529245418167,
        2.1464128391162287,
        2.048370632749902,
        2.068733695466368,
        2.1147792272747967,
        2.099903650865768,
        2.0028843415622877,
        2.024939853813992,
        2.0233961016581596,
        2.0364810744225483,
        2.1576918974160013,
        2.068389984721112,
        2.096254916568297,
        2.052241612272714,
        2.0316725115891807,
        2.0051160900005343,
        2.055103490238766,
        2.0191507291530115,
        2.054224481594401,
        1.9939358685315591,
        2.138909499063641,
        1.9957852033827712,
        2.0227478199277984,
        2.0151087580367726,
        2.0070165367569803,
        1.996944738091518,
        1.9697218048249252,
        1.9564463429326417,
        1.9330658845954287,
        1.9562897273590745,
        2.151464573322551,
        1.9996001653656685,
        2.0053463360893558,
        1.9311217286755038,
        1.9173397070742149,
        1.914414994938795,
        2.0063288230515615,
        1.9692143012587475,
        2.0052770403842364,
        2.012389673875291,
        2.101735139794769,
        1.9186820864183671,
        1.8872172847054591,
        1.9034997074878983,
        1.8869100900150364,
        1.897685628447549,
        1.9144221297947794,
        1.853853442766778,
        1.928724428280487,
        1.8908922380113011,
        2.009078070758387,
        1.9490701434020592,
        1.8951036482801011,
        1.913460574741153,
        1.8955836572194762,
        1.8573084832971662,
        1.9081395347609622,
        1.86912402882335,
        1.81831822994272,
        1.8623657346306057,
        2.0116957562933075,
        1.8724182630886672,
        1.8477514319971717,
        1.85145584484478,
        1.8703587783370494,
        1.7850513997914117,
        1.8134340846648165,
        1.8246726271786151,
        1.828857378983853,
        1.8954538353291666,
        1.9952921578656362,
        1.911149200608768,
        1.8264395213357891,
        1.845765495269439,
        1.824758727790932,
        1.8453058853142255,
        1.8338275962528567,
        1.8808627823794684,
        1.8044596420307562,
        1.8351940556071984,
        1.9502244081608826,
        1.9024335483246353,
        1.8386611513761484,
        1.8624023777714975,
        1.8148926169676938,
        1.7821458178702096,
        1.7828091091506006,
        1.8392611938030494,
        1.7824535640156765,
        1.7889112122408604,
        1.9518207733136808,
        1.8134091962345196,
        1.7893407296733326,
        1.7628154187331713,
        1.738586892032948,
        1.7357880534140175,
        1.733394676543894,
        1.7227901578575133,
        1.7697691732976752,
        1.842365540041758,
        1.9163555187999999,
        1.826258439035981,
        1.8495879347157411,
        1.8734744195105648,
        1.7880794963409867,
        1.7710635889663153,
        1.7863813706369351,
        1.7898027196738029,
        1.8237170507898441,
        1.786341775241669,
        1.9056210459211844,
        1.8066061185006563,
        1.8053508295837746,
        1.7246391266273593,
        1.7961523174564016,
        1.794858128769944,
        1.7788077674217808,
        1.8076236020673873,
        1.7771128921716834,
        1.7651634769247886,
        1.9409877959808068,
        1.7900699879900879,
        1.7713294700792728,
        1.736003157590217,
        1.8083254969231832,
        1.7704425224603204,
        1.7766292877034773,
        1.734325560608228,
        1.732998098265918,
        1.74609203476908,
        1.8951681427411013,
        1.7612471599662154,
        1.7517990140399664,
        1.7676771351327556,
        1.7015950347871729,
        1.6865472932458807,
        1.7226211484697247,
        1.7845464018933737,
        1.758743691107714,
        1.6993959134360972,
        1.86210651092121,
        1.756480445964284,
        1.8052206163987539,
        1.7408831821948043,
        1.764687965928462,
        1.7794691106123457,
        1.7523527864914057,
        1.7613990078460426,
        1.72882363832324,
        1.6722807513939406,
        1.8280219969591494,
        1.7625876955467756,
        1.7502504385734154,
        1.7241110556251527,
        1.7083662529782595,
        1.7284762138891199,
        1.7034899859059756,
        1.6759094950406535,
        1.743856250303627,
        1.6913834252212439,
        1.864149135693571,
        1.759589578600195,
        1.7505625354043446,
        1.743340668535121,
        1.7502188109883772,
        1.7076889417587346,
        1.7823473899016784,
        1.730235615314006,
        1.7222914519700236,
        1.7137390683486557,
        1.8479151138819738,
        1.7659824993347848,
        1.7384699947119213,
        1.6657221759122647,
        1.701757081081378,
        1.691130928607157,
        1.7255507321271053,
        1.7190518722276085,
        1.7115852947375199,
        1.6845960893455347,
        1.8911062687125806,
        1.7134325737328162,
        1.6888376151379598,
        1.7373614684351908,
        1.785911371582339,
        1.7572001700339075,
        1.714834529957915,
        1.6860730730142186,
        1.7315611688629076,
        1.6774875695706462,
        1.8119397326800146,
        1.6937486533734072,
        1.7042344098015165,
        1.7042659729107419,
        1.7025191144028673,
        1.71822239983248,
        1.688006541653136,
        1.714111947067523,
        1.762440768384806,
        1.7602661521803833,
        1.7994357988711245,
        1.685213709876797,
        1.6724631043153102,
        1.6807698283262065,
        1.684717977098361,
        1.645628231497823,
        1.700143854901552,
        1.6372874421556747,
        1.6654260588568566,
        1.688723024389854,
        1.799776393884196,
        1.7149696274493629,
        1.705118748266338,
