{
    "start time": 1730492207.1883051,
    "old id": "d9de940c9cf1f4234a1e21916c2b9ba5743ea93a3a695c69b06af79a5c2deeac",
    "use_input_gate": true,
    "use_forget_gate": false,
    "use_output_gate": false,
    "use_state_gate": true,
    "use_new_state": true,
    "use_old_state": true,
    "use_residual": true,
    "n_layers": 2,
    "state_size": 512,
    "id": "7b114b33486905c72592d1021b806b512ad80944f7766b321933250ee9c0e800",
    "loss": [
        3.379937295660027,
        2.84796886609432,
        2.723646819537149,
        2.586886957004272,
        2.4927033886002703,
        2.4492650079427567,
        2.4222107614150974,
        2.295802736153992,
        2.2932947378244757,
        2.322258903608818,
        2.227590105490281,
        2.173605035765414,
        2.1179908089596835,
        2.041427567126659,
        2.0668885376119888,
        2.0347348581434503,
        1.9840433386669634,
        2.015191316402186,
        1.908798561333935,
        2.0098717742705836,
        1.9429011011625608,
        1.9187963384352749,
        1.8964263560771883,
        1.8896726975804785,
        1.8790847350105846,
        1.8924762010111194,
        1.9101844383643347,
        1.8168419357708105,
        1.8887892707962721,
        1.979657667712511,
        1.9435778668278174,
        1.9201897091403832,
        1.8931798626951333,
        1.8030071603683786,
        1.8315041521317945,
        1.812997321718118,
        1.7964515778933954,
        1.863480376395354,
        1.8268076609579114,
        1.9162582786977556,
        1.886537233797419,
        1.84653359355695,
        1.8248912180070207,
        1.7927838251891914,
        1.806444876866076,
        1.8239776373994414,
        1.7833489968959464,
        1.7842500309237381,
        1.7656834694241608,
        1.8794243584956007,
        1.8436401543956675,
        1.8726770966107427,
        1.8085287974376136,
        1.7807639344777457,
        1.7508797455729852,
        1.8051480209957098,
        1.7681117075043848,
        1.780830391317312,
        1.7769143179807414,
        1.9046373394234142,
        1.823919032826172,
        1.743612571722453,
        1.729679671109719,
        1.7582512803182484,
        1.7560854182279142,
        1.7432777705944333,
        1.66069079811922,
        1.6798669758181954,
        1.6778906877700308,
        1.831520100322224,
        1.7932686015669175,
        1.77637380119694,
        1.7597253720358066,
        1.7486503690634143,
        1.750957688150501,
        1.7534541858396218,
        1.7335807747693261,
        1.7246974167543612,
        1.7164738766029983,
        1.8382631630556518,
        1.7955522775210118,
        1.8111946894044284,
        1.804342413918564,
        1.8002271372609568,
        1.7356815519212472,
        1.7755974753201156,
        1.6840263068873609,
        1.7291470302387923,
        1.7576420477450165,
        1.8836734303924312,
        1.8130004295195874,
        1.7819892475613752,
        1.800952839181553,
        1.7928073729423952,
        1.733038045058126,
        1.7825288880643737,
        1.7412452802856877,
        1.7448547323843608,
        1.754581377748884,
        1.8670625532962004,
        1.808608508639393,
        1.7422390590899353,
        1.765251092931838,
        1.7941098867938354,
        1.740081562016499,
        1.7495652985306025,
        1.7191498475096416,
        1.7183273755413484,
        1.7122416042055313,
        1.8782370816124772,
        1.8117791762927473,
        1.7865660766828724,
        1.749726481531759,
        1.7393681989559908,
        1.7322164828623412,
        1.7538241318819534,
        1.7030906573379645,
        1.721982384969181,
        1.7378404366399811,
        1.8719673869757383,
        1.710108130700857,
        1.6827473327433011,
        1.7597552915457415,
        1.683869449174693,
        1.7112759928827992,
        1.6987714205382347,
        1.6519090808103454,
        1.6505996285418751,
        1.6567205242539942,
        1.8538652550067893,
        1.7684896056675359,
        1.7265812538446579,
        1.7089636271092197,
        1.714833153110151,
        1.7176758156240721,
        1.7383733913462804,
        1.6368206026672087,
        1.7320007405387794,
        1.7354604258958923,
        1.825340440875256,
        1.7367391573946254,
        1.7259774003369162,
        1.7304527669695993,
        1.6921472154401267,
        1.741833123507325,
        1.6884291483362697,
        1.681243809083711,
        1.70776127348327,
        1.6552185694685435,
        1.8516856341209371,
        1.7269592062021573,
        1.7097370888999532,
        1.681599079790885,
        1.6823006477551792,
        1.69453270430522,
        1.6662288380848038,
        1.6816238913954962,
        1.6730555077521108,
        1.7048976752339062,
        1.8483575368741958,
        1.733704448938844,
        1.747654036873854,
        1.7380552017022377,
        1.7686187378259928,
        1.6600434088717235,
        1.7293250933993076,
        1.6552755301852078,
        1.7174339249202453,
        1.733043507661999,
        1.8740633503998205,
        1.7925456139557088,
        1.7797084512016872,
        1.7213504912001687,
        1.7028068624618808,
        1.7383433121372893,
        1.7423031477345141,
        1.698578836942412,
        1.6942125756596658,
        1.7118096358959622,
        1.8584212408695757,
        1.7871149875434043,
        1.730895088031363,
        1.7156805113279316,
        1.7569252720134674,
        1.700559922655607,
        1.7158281403989921,
        1.6949630726060152,
        1.7480520259500627,
        1.728480837963551,
        1.8254325211316362,
        1.7647220259893304,
        1.7104759713198452,
        1.6887706704170038,
        1.6982861961448594,
        1.6738199716347346,
        1.6899450797576578,
        1.662442217011971,
        1.6460022521586664,
        1.6628607632925756,
        1.8533477515364556,
        1.7643341797221497,
        1.7353062661024314,
        1.7186554570494885,
        1.7010933389097276,
        1.7144015750652273,
        1.7353173031152664,
        1.705797900383882,
        1.7267575930926924,
        1.6853639261829707,
        1.8131906010094627,
        1.7927163412922364,
        1.7280494722235515,
        1.6825752005693506,
        1.7402029346608885,
        1.6759993203145136,
        1.7471320126594219,
        1.677648325402215,
        1.6741237336282753,
        1.6545423529554655,
        1.787298940717837,
        1.7435557319666513,
        1.7812120450006836,
        1.74441412547857,
        1.756798563200596,
        1.7525371587142258,
        1.6960905414486782,
        1.7073353717458268,
        1.680276583045929,
        1.712366201849052,
        1.81769250420249,
        1.8186544087203214,
        1.725302413358877,
        1.727073013654634,
        1.7028619290805844,
        1.6792319491033734,
        1.6850289505473863,
        1.6881607082732515,
        1.6627298282072807,
        1.648982386146965,
        1.808479134922745,
        1.7146652202564734,
        1.7465589503933103,
        1.6777534735613173,
        1.6979975386094497,
        1.6631185989335115,
        1.6679838861582483,
        1.6919814122968326,
        1.7086449021882262,
        1.6992085926407092,
        1.777954584671261,
        1.6553231173820924,
        1.6548519537022968,
        1.669260963579674,
        1.6868027489639683,
        1.6509273111263838,
        1.6974248258518918,
        1.6477762316020677,
        1.6583182588903782,
        1.6941630820215354,
        1.8638649341228724,
        1.724668498756372,
        1.7130670151044434,
        1.7692601520420579,
        1.7054234989959283,
        1.679503302721185,
        1.6738536871720535,
        1.7023247057739095,
        1.6786828871352724,
        1.6321169864728509,
        1.8087380652842915,
        1.7364266969203461,
        1.7057517908004303,
