{
    "start time": 1730493349.1129074,
    "old id": "d6f462b530a3b970e6a57056b30537147ecf94812810e96fce5e30deefe5e4b1",
    "use_input_gate": false,
    "use_forget_gate": true,
    "use_output_gate": false,
    "use_state_gate": true,
    "use_new_state": true,
    "use_old_state": false,
    "use_residual": true,
    "n_layers": 2,
    "state_size": 512,
    "id": "7d226fd4db05dd84553ca54d4fbdbf4e3226cf8ec4cfcca67ace31d82890f6fa",
    "loss": [
        3.266934222706285,
        2.90161424977006,
        2.6443879679954927,
        2.5274685911338204,
        2.4126546682220567,
        2.3345389107430217,
        2.2479021656245513,
        2.2303397059025336,
        2.1832285139482,
        2.184143745741515,
        2.083102377172407,
        2.0104263152757063,
        2.0155993711063696,
        1.964659462661426,
        1.976651933451648,
        1.8841309957204004,
        1.9113424396135446,
        1.904895065713768,
        1.858955721967086,
        1.9658082899506315,
        1.9149030048570865,
        1.8554667216257834,
        1.8427495930102271,
        1.8309391222685383,
        1.8229201965114266,
        1.7809429459979849,
        1.7924811747108955,
        1.7539854676259576,
        1.7457475508048566,
        1.8839784919119127,
        1.8358685371168577,
        1.774115729885708,
        1.7999312721498752,
        1.734263001082366,
        1.7694205121221758,
        1.7018094107220834,
        1.7299162673875146,
        1.7413874042087711,
        1.7050242637558346,
        1.8774562013498846,
        1.7604151768129719,
        1.7196728653784183,
        1.7258140998101918,
        1.7228328182912154,
        1.723825068056241,
        1.7078281095367485,
        1.7288904740650224,
        1.6899274125558976,
        1.6933758371468162,
        1.8627151067156118,
        1.7121740688526137,
        1.6532024891703103,
        1.715213321467486,
        1.6814786313998697,
        1.6609286562370893,
        1.7025084505454526,
        1.6432471283957892,
        1.6893341555498749,
        1.66477322844045,
        1.8210146511981689,
        1.6944965457266497,
        1.6855630665060215,
        1.668725098546958,
        1.6477485476650895,
        1.6537473487178138,
        1.663759133356991,
        1.688542008697051,
        1.6700352550980568,
        1.6728358028900145,
        1.821117304144445,
        1.6410932681761274,
        1.6339758126471227,
        1.6436045557621357,
        1.6957801194215592,
        1.6177261574425208,
        1.6188087577365615,
        1.6375249940936565,
        1.6475236100626616,
        1.633842393254936,
        1.8592441980283188,
        1.670634838567185,
        1.656777960381896,
        1.6399633264635778,
        1.5967827631416713,
        1.6355592546641309,
        1.5979996681343387,
        1.6450857554269027,
        1.6335375852936547,
        1.6530763667058512,
        1.7185606647718685,
        1.6390916958602055,
        1.6241801795249273,
        1.6591838344025915,
        1.61418030991286,
        1.6278901784490358,
        1.635356660008939,
        1.6228525237934304,
        1.6009906389286492,
        1.6062023084914583,
        1.8236660386632109,
        1.604710738748458,
        1.6064230138313358,
        1.576767082055437,
        1.5718454620624986,
        1.5719394811375806,
        1.5569174832384536,
        1.5787798084673503,
        1.5725066615988743,
        1.5872383466370248,
        1.750635478341912,
        1.6360488944867548,
        1.6340780356026063,
        1.577068850294636,
        1.613745835778396,
        1.569946750426666,
        1.5967474150321317,
        1.6342309256980074,
        1.5912237860229816,
        1.5755230920271734,
        1.7364496948446466,
        1.6057473224059606,
        1.5865686811614443,
        1.636549235516829,
        1.6258282636355421,
        1.5545149645565337,
        1.5770105839854578,
        1.5618773382394622,
        1.6454583655539299,
        1.5926500025527044,
        1.6972562272085636,
        1.6812059009731934,
        1.660403220205975,
        1.634920270101634,
        1.6045755350246407,
        1.5911938890164439,
        1.5796690546971355,
        1.5345132648931383,
        1.563056871637864,
        1.5695019155416379,
        1.7554877781482907,
        1.6746728109395144,
        1.6306669925643853,
        1.661771822240039,
        1.6112596568744681,
        1.649443747060577,
        1.6117337942991246,
        1.6529647424873122,
        1.595890180037989,
        1.6244086560347348,
        1.71591330507487,
        1.6405359976349982,
        1.5504950108566329,
        1.6042823200347796,
        1.582564197380988,
        1.5993973021897074,
        1.5983797510005089,
        1.6208754953926352,
        1.5810981177154775,
        1.5877995979642645,
        1.727770391466531,
        1.6056624919667954,
        1.5910752985420644,
        1.5793812910844054,
        1.5451199878737572,
        1.5444838897297766,
        1.5673380948047846,
        1.5806589419910735,
        1.575339215004716,
        1.5742377816424928,
        1.7177868760550727,
        1.6279992254976574,
        1.5931284518292892,
        1.6219972518138366,
        1.5454264033137914,
        1.5791097571378643,
        1.589978045265152,
        1.5690794257726364,
        1.5979884195614222,
        1.554412398042113,
        1.752069431567499,
        1.615169899524879,
        1.5979013512448914,
        1.5929845865685963,
        1.6653957941805237,
        1.5712657626548665,
        1.5771855042359773,
        1.6140850346932671,
        1.5692617624047587,
        1.5634777213723474,
        1.729644938296285,
        1.6318144954323084,
        1.5972207117221835,
        1.6106438313565608,
        1.6001716996694393,
        1.6146431759399622,
        1.6202972462602094,
        1.598572001992559,
        1.5990874536518418,
        1.615500314817259,
        1.7201055151495528,
        1.6874774531681855,
        1.6478076305141827,
        1.6225518008493662,
        1.6295718070146556,
        1.6603635167096849,
        1.5993596117350593,
        1.6099178478366114,
        1.5747973303572114,
        1.612385666753838,
        1.7655539562094975,
        1.5974220378624264,
        1.5881088674975021,
        1.6692195952334545,
        1.5604439193449393,
        1.5485518293710359,
        1.5543464417094668,
        1.6025742829455774,
        1.5992604325866142,
        1.6533225905256865,
        1.661221845345106,
        1.6486600909374878,
        1.62221439016865,
        1.5505703840007858,
        1.5411646067059044,
        1.5441717402882842,
        1.556302460951418,
        1.5728653370556474,
        1.561033919952397,
        1.5331780962476285,
        1.6763073523867515,
        1.6357878118314533,
        1.6167967979334508,
        1.577115919753516,
        1.6201116367305866,
        1.6066475138721323,
        1.6301292863789656,
        1.5776935199869593,
        1.5186195733616594,
        1.5449565300482984,
        1.708378206610821,
        1.5932043040114672,
        1.6088011944993774,
        1.6219760298815984,
        1.5801326725229772,
        1.5527529713148083,
        1.573382564289565,
        1.5218102431483749,
        1.5736020532127706,
        1.5348407654158887,
        1.6760099343967068,
        1.6091300424373873,
        1.5985546625320648,
        1.5851278547087457,
        1.5485946563795336,
        1.5654539216465893,
        1.5603048003921596,
        1.5656800429617963,
        1.5443113585688069,
        1.548079898765577,
        1.6836440737285403,
        1.6064702163114692,
        1.5810309283019706,
        1.5835642290556324,
        1.5623384357549508,
        1.5480747873211407,
        1.56320465073262,
        1.5491373091745089,
        1.5822105825091217,
        1.556836147725871,
        1.6901788557846846,
        1.5833805551997062,
