{
    "start time": 1730486570.454124,
    "old id": "c0ec89c077d91cad9e188b3bb6efb101722ddde3febba3a0c3da1ed2a22cc0ed",
    "use_input_gate": false,
    "use_forget_gate": true,
    "use_output_gate": false,
    "use_state_gate": true,
    "use_new_state": true,
    "use_old_state": false,
    "use_residual": false,
    "n_layers": 3,
    "state_size": 512,
    "id": "80fc7c5b68be2ea25a9baef828bcb583b7ed771251e1407859327f3cf4ddecc5",
    "loss": [
        3.5457268526206422,
        3.2071624078569956,
        3.0014514084591823,
        2.821382789327712,
        2.815264001646389,
        2.678403376685346,
        2.543742636800482,
        2.57671111412955,
        2.492941166404745,
        2.4954957130423976,
        2.454341705421744,
        2.4365423568766045,
        2.3602697827209442,
        2.3143130689682843,
        2.251054558249306,
        2.2468579294197837,
        2.236852849554141,
        2.209394596472703,
        2.1604169664458315,
        2.230575705199283,
        2.1876415461316756,
        2.1069792831202454,
        2.1452277268715325,
        2.0947396417478887,
        2.0852243895549165,
        2.1183630309468247,
        2.0198324400054535,
        2.098649560634365,
        2.085997645419292,
        2.1474838745917597,
        2.1053898339872505,
        2.036361581484424,
        1.9896320496459714,
        1.9733333344181596,
        2.024672831007059,
        1.9750215430831781,
        1.9477108008321595,
        1.9433088605525572,
        1.935336108132849,
        2.0892745961819603,
        1.8885013521674416,
        1.9573874795663284,
        1.987092640726638,
        1.9059368255929456,
        1.9162105735378747,
        1.89251703763807,
        1.8671471637322556,
        1.8809873351022348,
        1.861235858375478,
        2.01882158898401,
        1.8347413234473895,
        1.830976933217049,
        1.8385963307836,
        1.844103220728588,
        1.8046521117524181,
        1.7974458557920083,
        1.812317224615127,
        1.8024597148296555,
        1.822207927072005,
        1.9327470552569392,
        1.8625171008216763,
        1.8248304091127476,
        1.8390960047342988,
        1.7898010178839534,
        1.7961944938371257,
        1.8095022526167481,
        1.7370161799037853,
        1.7545280640884362,
        1.7556294941252781,
        1.9123642714363933,
        1.7615786149087482,
        1.7504507073618756,
        1.809089998663674,
        1.730383134500318,
        1.7444025108377792,
        1.745653400596965,
        1.6812669515085574,
        1.7170728241261972,
        1.7034293514227343,
        1.855168916551558,
        1.7151582039862685,
        1.7309230316256097,
        1.7590797203904287,
        1.7446521364135386,
        1.691699292612039,
        1.7062787991634314,
        1.7055821066561874,
        1.7317149810500407,
        1.7058803234497804,
        1.884107243230469,
        1.7811441714599954,
        1.751150772031766,
        1.772000397105703,
        1.7206099294691142,
        1.696086414166726,
        1.7364740183802583,
        1.7228236434944373,
        1.7355762871175477,
        1.7257239800426811,
        1.8444506501649542,
        1.715014004875242,
        1.7001357694916857,
        1.7168812165629226,
        1.6599134098499317,
        1.7068526915192135,
        1.6775876771427718,
        1.6659250301288888,
        1.6726722274056451,
        1.664350650758804,
        1.8461788807441297,
        1.7575660655717782,
        1.7301119462552677,
        1.6706605686460598,
        1.6901292542324802,
        1.6755021675462463,
        1.671559105264091,
        1.6440715169709401,
        1.6575704749791906,
        1.6402067576849613,
        1.80931521538079,
        1.7348475043460425,
        1.6653135038047,
        1.6538971567879912,
        1.6645672010824042,
        1.683593397379287,
        1.6877698858827506,
        1.6666796824557673,
        1.6665362719229038,
        1.7497729342275425,
        1.8187719332683425,
        1.63957992186709,
        1.6567802227774762,
        1.6948889256023514,
        1.626563603438322,
        1.6435804538405598,
        1.633367828798524,
        1.6473166002005735,
        1.6463061350106156,
        1.6521864731493923,
        1.7818808114570186,
        1.688028526830252,
        1.6698830723046247,
        1.6447689273461004,
        1.6583517138947943,
        1.6354041895275269,
        1.6466426849628661,
        1.6707079160509473,
        1.6308225352619632,
        1.5844505675924059,
        1.780651567723014,
        1.6570965885243367,
        1.6395642283287792,
        1.6393376807821585,
        1.6057885795924416,
        1.6390876591262131,
        1.6050131188533774,
        1.6288385933850258,
        1.6108941140172468,
        1.6074158046702005,
        1.7581405898810953,
        1.6611229347836793,
        1.6281125938654402,
        1.605742121502815,
        1.597913432967065,
        1.6388163462837348,
        1.623816650720912,
        1.6561707255755722,
        1.6246107788273307,
        1.6645138597229463,
        1.7773323993607388,
        1.6651269077962871,
        1.6488669634417734,
        1.6298286653462113,
        1.6076283448741393,
        1.636409495187835,
        1.630859169496029,
        1.6103878244076406,
        1.5734399022969352,
        1.5741752746002082,
        1.7994862584601676,
        1.6421281405527486,
        1.6376597657408944,
        1.6498000493270775,
        1.6541710251082868,
        1.606442511430468,
        1.5964147444936587,
        1.662136643762331,
        1.6012073728311684,
        1.6046331534714116,
        1.7850828063494357,
        1.649598780400626,
        1.640083287729253,
        1.6404829777926895,
        1.5987937381626334,
        1.652744884931487,
        1.5710101264785565,
        1.6177401936675733,
        1.5956939728716328,
        1.5939645392468351,
        1.735495088860906,
        1.7077649098255403,
        1.66974946773896,
        1.6125740326863016,
        1.5948929298498373,
        1.630142459342588,
        1.6151233312689939,
        1.6185033814609446,
        1.6215720158553333,
        1.6185430103295668,
        1.7653179870218487,
        1.594846276376695,
        1.5811300046920458,
        1.6236582368610173,
        1.5636901215609922,
        1.5990203194479229,
        1.544509265710463,
        1.507678915994657,
        1.5738710012631631,
        1.5854687017260034,
        1.7520178305947995,
        1.6738442979361932,
        1.6324603417850052,
        1.6250104215173222,
        1.6327920279479282,
        1.593949826574073,
        1.5756992503306373,
        1.5504173602236395,
        1.6011296531884467,
        1.5285651166605634,
        1.7274154020863843,
        1.6801407331505962,
        1.650162378274973,
        1.6609088695051237,
        1.5752694835789682,
        1.6455928457642612,
        1.5814631187244295,
        1.5879859108010033,
        1.6034560961851263,
        1.6123123471743677,
        1.7692475452086815,
        1.6350329579371536,
        1.591440064331231,
        1.6066987358963203,
        1.6445976691297493,
        1.5766975238472623,
        1.543347880386215,
        1.547857971077469,
        1.5575653022899336,
        1.5501863333216785,
        1.6905082177583985,
        1.659163201385545,
        1.6321697446131507,
        1.5869413452121914,
        1.5996530145699936,
        1.5944690854292685,
        1.6129172485763976,
        1.6060580495583332,
        1.583393044469011,
        1.5737511132927955,
        1.7377967523457603,
        1.6091180461075094,
        1.6528955376806638,
        1.6402103114468918,
        1.5783262212007123,
        1.6104668928499517,
        1.5697647377235875,
        1.5791808513709658,
        1.5935047713938626,
        1.6217199149866894,
        1.7241134135583893,
        1.6706165962162007,
        1.6556632616089726,
