{
    "start time": 1730499872.8140414,
    "old id": "3e7964338ff786c852db73bf7108396a1dfc474544b96497e18d802a7e8c9f68",
    "use_input_gate": true,
    "use_forget_gate": true,
    "use_output_gate": false,
    "use_state_gate": false,
    "use_new_state": true,
    "use_old_state": true,
    "use_residual": true,
    "n_layers": 2,
    "state_size": 512,
    "id": "905d2c87d01303445365af34521a2b7976d798fd2ee87f39b8725b9a9fdaa4e2",
    "loss": [
        3.3702645606467536,
        2.8808973777815323,
        2.7361587957983073,
        2.6070107462240824,
        2.5232645797731683,
        2.4247488104070514,
        2.387971510604168,
        2.3517091979642406,
        2.331742982697929,
        2.3030874652155893,
        2.3116042268265,
        2.2170601935558687,
        2.195607817942195,
        2.1555602507551432,
        2.1027736039665412,
        2.1273127142203485,
        2.0370974150266634,
        1.9990670168448796,
        2.049170371252747,
        2.067211004001448,
        2.0524591052613403,
        2.026599917720157,
        1.9392453175884263,
        1.9504417374963885,
        1.897393862803645,
        1.9158500003528867,
        1.9392491049731466,
        1.92949932893879,
        1.9001503829675752,
        2.0316381023918786,
        1.8911600040421095,
        1.8806000816354758,
        1.8629896417787521,
        1.7649867806074129,
        1.8036907566564608,
        1.7723892506865344,
        1.8058183788463504,
        1.7989452066329839,
        1.7970906202017634,
        1.9266252668841224,
        1.8093542876893096,
        1.8094033427213672,
        1.7878284340502375,
        1.7855798796260236,
        1.7203509418115028,
        1.7736058151292862,
        1.740218788883139,
        1.7385436541313215,
        1.6886319078062635,
        1.8853318584992487,
        1.796910727565631,
        1.7216803736395334,
        1.8039170384081524,
        1.7687616019407058,
        1.7239004629639167,
        1.693126377042297,
        1.7149593934497342,
        1.7306737894304336,
        1.6699602818276795,
        1.851264431798588,
        1.7566443083172998,
        1.6911570414025807,
        1.6899110449563817,
        1.6914367657272997,
        1.6982027651927454,
        1.6869954591842673,
        1.6969905160696828,
        1.6726048556622801,
        1.7163827488466077,
        1.8837024293361533,
        1.7726609935971582,
        1.709879900989836,
        1.7165259683311929,
        1.7143508360255162,
        1.7068974484029176,
        1.6667711133221395,
        1.6712238352460091,
        1.6660948189716855,
        1.6855948992194794,
        1.8648498970719192,
        1.7491884159140785,
        1.7297954195186334,
        1.6936779263941382,
        1.6869550155760868,
        1.6539566943899944,
        1.6820420303396935,
        1.678232990174964,
        1.6193649931574705,
        1.691278732413559,
        1.798509232754853,
        1.7054244535842276,
        1.6839748019163592,
        1.7057027719446682,
        1.652057476583849,
        1.6596406385504145,
        1.5806713599912428,
        1.6460192766275807,
        1.6207829907925682,
        1.6473102457481685,
        1.7747950229716758,
        1.7189634579264268,
        1.7117222179150566,
        1.7011034827947762,
        1.6815348811549113,
        1.6498691858165444,
        1.642643084280407,
        1.6615603498862934,
        1.6948405081990674,
        1.6488586386526773,
        1.799746584377151,
        1.7607059402894394,
        1.749479619951957,
        1.712612454337256,
        1.6951764487547123,
        1.6757382049634155,
        1.6548952843751288,
        1.6346009780161155,
        1.6840256642642746,
        1.658752776117133,
        1.8037879272379986,
        1.6594869423243161,
        1.6754453968528171,
        1.6455010318770051,
        1.6115965265777574,
        1.6665791106469248,
        1.6283790690987678,
        1.6951513394857127,
        1.652413332066425,
        1.6587793885603215,
        1.7565101892229655,
        1.6979084425098072,
        1.6707975448570305,
        1.589455994557875,
        1.602977058343268,
        1.6836208056053517,
        1.6643380104250536,
        1.6195811389459889,
        1.6269067001281454,
        1.6267843294313704,
        1.8091345919552677,
        1.715434945771332,
        1.665077550395395,
        1.631521405556061,
        1.652855936553723,
        1.7006866186428682,
        1.6045443932348502,
        1.6432213320434914,
        1.644116888794851,
        1.5856319664435587,
        1.7289807451812766,
        1.6513797189539665,
        1.6277491844117726,
        1.6381139359095749,
        1.6184220609880309,
        1.5959496520164658,
        1.5558785129915524,
        1.5822364864624683,
        1.5697074742821446,
        1.5800551723821827,
        1.8085595156933796,
        1.6618822921187282,
        1.6003755190073141,
        1.6286365437907337,
        1.5789562166252624,
        1.5659848092051056,
        1.6348075431800386,
        1.6617500521524107,
        1.6148595972892692,
        1.6180489530020818,
        1.7433786790752297,
        1.6958361962493387,
        1.6948494249844213,
        1.6638854895815527,
        1.6854572006419495,
        1.6398651354362541,
        1.632481476981658,
        1.6315016360522763,
        1.6401945012969217,
        1.6598632478517275,
        1.6899728760687072,
        1.6501768534537984,
        1.6527824335453776,
        1.6382891901188659,
        1.6456413028043069,
        1.608302832634749,
        1.6379141879841275,
        1.6140126978362246,
        1.5613112161348428,
        1.562289074573818,
        1.7186124913485348,
        1.594374590213726,
        1.562817120457974,
        1.5640225374418055,
        1.5834533371517159,
        1.5991735765751434,
        1.5842178646006753,
        1.5958508232939919,
        1.572658138460137,
        1.5955658574480123,
        1.7377714374780444,
        1.6794853125546514,
        1.5939541108581503,
        1.6123844120005701,
        1.5898063636047688,
        1.5865062749399974,
        1.5943489340913717,
        1.6132326853122776,
        1.614088762987939,
        1.5776521578720353,
        1.6962502433927844,
        1.6509110471153732,
        1.6459134712536772,
        1.6261758308869205,
        1.6083256591995356,
        1.619353978743279,
        1.629233125708707,
        1.5752763043996278,
        1.6118553938679872,
        1.5820247390596147,
        1.7766246682399331,
        1.6275050773509887,
        1.639098616512975,
        1.6429085780734591,
        1.5723971329113555,
        1.6135373313831127,
        1.5930904996338124,
        1.609814541173407,
        1.6008023696951592,
        1.6312697702862795,
        1.7374439868782405,
        1.650865631791799,
        1.6017956472074424,
        1.5996467257215174,
        1.6047542243670712,
        1.574131460408184,
        1.5846699871012266,
        1.5701661924108832,
        1.5940342804113659,
        1.5851998641308136,
        1.7593952484398558,
        1.621026452087998,
        1.6307934609561714,
        1.5913557442364223,
        1.6085739020610337,
        1.6249185711481804,
        1.632892602794709,
        1.6143111269494907,
        1.5793333882497622,
        1.601002963730955,
        1.7198751276209818,
        1.6573686244508465,
        1.6429894452777667,
        1.6039388161201606,
        1.5873615764008995,
        1.5939855912822387,
        1.5558849110932864,
        1.646189845259315,
        1.540111115918165,
        1.6145551682863646,
        1.7327264234134536,
        1.686560743154828,
        1.6598952057382932,
        1.6139657216973906,
        1.5911493037578026,
        1.5894732371209594,
        1.581703230151153,
        1.6460417311192306,
        1.6333889839937012,
        1.5675823495253491,
        1.7328523031830618,
        1.6480866413555513,
