{
    "start time": 1730501080.3224664,
    "old id": "d16dcb673abf03ead4871b21393639f1718ac13750c7e4fc84ce649a8dd9517c",
    "use_input_gate": false,
    "use_forget_gate": true,
    "use_output_gate": false,
    "use_state_gate": true,
    "use_new_state": true,
    "use_old_state": true,
    "use_residual": true,
    "n_layers": 3,
    "state_size": 512,
    "id": "9436abdbc4258b293eb29914fc106d4f1783433d838a8f89b4c1241c02787543",
    "loss": [
        3.4583589368972945,
        3.043026490898664,
        2.795189030201814,
        2.707983388499925,
        2.5548055371259317,
        2.4598351315748967,
        2.3994761428747244,
        2.344298536378201,
        2.239451882065485,
        2.2694028571944562,
        2.2161365767121457,
        2.1861184915978504,
        2.1243725622029954,
        2.071751645874806,
        2.0368667760890524,
        2.0103836721510993,
        1.9805961983098928,
        1.9538905484873994,
        1.9336952472695565,
        2.0109652787934795,
        1.9575231991382973,
        1.9471842517239273,
        1.880451905432231,
        1.865252257535733,
        1.9104568784445752,
        1.8373569207857838,
        1.8523876180315935,
        1.8203076407161127,
        1.7875205411290482,
        1.9595452873802353,
        1.8853292653003046,
        1.8532969386218712,
        1.8508113758926195,
        1.8202229647231063,
        1.812694820725563,
        1.8317563363245306,
        1.8202793046199925,
        1.8097839353952074,
        1.7697549231964091,
        1.9044895640269226,
        1.831687800739222,
        1.7710847937534115,
        1.7552399727768468,
        1.6947373092746887,
        1.741662852806531,
        1.7052116730469475,
        1.6824483865665127,
        1.7406656340222308,
        1.7497480198239934,
        1.890441879103124,
        1.7415754251646098,
        1.6835398937126644,
        1.701003634194133,
        1.6402460935600516,
        1.6683086399154619,
        1.7225452029509813,
        1.6799296121623812,
        1.6633387117896472,
        1.6679709308716684,
        1.8142048996575495,
        1.7788976607120823,
        1.7166988156938203,
        1.7044561366832511,
        1.6725747582083155,
        1.6475455653316147,
        1.703815218123432,
        1.6737631585089259,
        1.6578327199581047,
        1.6846334634276587,
        1.826473499997198,
        1.732832540651786,
        1.686251063241324,
        1.6594030774880935,
        1.6479744886624672,
        1.7390865491172802,
        1.6350281477107524,
        1.6599133694814707,
        1.697085219143672,
        1.5846222619179484,
        1.783088286177192,
        1.7292045911096174,
        1.639146050564837,
        1.6647566059535006,
        1.6728989631232747,
        1.6612953791564566,
        1.6268097617844304,
        1.6190811218295962,
        1.6319401672004494,
        1.6459947264027774,
        1.7366965600872735,
        1.5955839923317723,
        1.6427940436199624,
        1.6399818763954195,
        1.6061164902073481,
        1.5996164318254316,
        1.6062379736586478,
        1.5908671366708242,
        1.6082594352859276,
        1.6444545496085599,
        1.8203436639073773,
        1.7735078615264506,
        1.7037707773253485,
        1.6446090635776351,
        1.6859488839677041,
        1.676608377887771,
        1.6315620319345168,
        1.611261211028812,
        1.6795178601418572,
        1.6915752600699894,
        1.7707194941695987,
        1.6214595817400963,
        1.6505957434318712,
        1.6707928604989812,
        1.6594387449772787,
        1.6379477320972704,
        1.6531005087788262,
        1.6243536225517556,
        1.6014651998308065,
        1.6321833553449605,
        1.8248960426373977,
        1.7167256278596708,
        1.6311148250342793,
        1.6443102767320807,
        1.671123808348593,
        1.6289644831385786,
        1.6259036707705934,
        1.5998694905327597,
        1.5985002363466165,
        1.5928008548027808,
        1.7523175106210405,
        1.6757003295677102,
        1.6377244477432136,
        1.6514342651457816,
        1.6062131774189699,
        1.597902015654286,
        1.6817963485560963,
        1.629738524212588,
        1.5610180250623504,
        1.582694002889203,
        1.7480250775200812,
        1.6651496954887133,
        1.6539445808309163,
        1.6268441306991053,
        1.6525655395932566,
        1.6252176329452197,
        1.591352644416518,
        1.62731992847131,
        1.592931400199141,
        1.5835352638901925,
        1.7556369096298496,
        1.6064698005009055,
        1.6267112472038525,
        1.6000786189308176,
        1.6071819001025105,
        1.566470979638916,
        1.6083318844517602,
        1.5822497049975894,
        1.5714831531890032,
        1.5756135701012322,
        1.7358292283869767,
        1.6962346759780917,
        1.6663016967074593,
        1.6271464527963062,
        1.6412186019559543,
        1.6715948065651502,
        1.641733819165602,
        1.635351735382212,
        1.6177102980533047,
        1.6499489691435816,
        1.758614651028437,
        1.5901881108764162,
        1.6136073331762886,
        1.6039069357789035,
        1.5928749125223336,
        1.6191342366834853,
        1.6025438863204837,
        1.5658715304928161,
        1.6245061193027115,
        1.5945421925489869,
        1.7583152300767673,
        1.6381950644021508,
        1.579993869311516,
        1.5647883485579537,
        1.6091347777365648,
        1.5692062207990825,
        1.5278925526283198,
        1.5623283236532963,
        1.5724307408376925,
        1.5346903664833522,
        1.720936251807418,
        1.6394551687124392,
        1.6617733093371077,
        1.6755744692661911,
        1.6553129854691602,
        1.6319149679358032,
        1.6285886911025835,
        1.6016963133272897,
        1.6411370962209544,
        1.6550164046590383,
        1.7604153318933597,
        1.6723406902745233,
        1.6625405394031487,
        1.6323476822236724,
        1.629295926532212,
        1.6315044006266006,
        1.593906565309336,
        1.5995726840365867,
        1.623411168253811,
        1.615719598074503,
        1.6994159843685204,
        1.6174835772467484,
        1.6463264963540898,
        1.605189162426806,
        1.5832718106357215,
        1.5744301428843308,
        1.5847940677058407,
        1.5817618015152395,
        1.6195396897136805,
        1.6177309627320284,
        1.7613110041383542,
        1.6230006544206874,
        1.600834493305474,
        1.572208444769795,
        1.6290217712097246,
        1.5954830198385463,
        1.580397892972051,
        1.6237315215991202,
        1.576280587505259,
        1.5838371263412772,
        1.7375460176235036,
        1.6788126301433473,
        1.6403993919524174,
        1.6653087322375504,
        1.5879958142084363,
        1.564042770591412,
        1.607488438579599,
        1.575313322279949,
        1.6023375841576184,
        1.6074025000496537,
        1.6869096279471898,
        1.6311725382197977,
        1.6498329557279925,
        1.6047344533273538,
        1.5609515762954813,
        1.5674779423966836,
        1.603447241737742,
        1.5792004563234001,
        1.5263875831493992,
        1.6069690528812228,
        1.7074404897261497,
        1.6627379693430986,
        1.6664555913940748,
        1.6549634517691245,
        1.6354690165471935,
        1.6191882117398302,
        1.6183295202395924,
        1.6155672969904549,
        1.614485544753424,
        1.6378904924150963,
        1.6755960946985888,
        1.621053960240674,
        1.6174971592615979,
        1.6387327523581998,
        1.5509049945754811,
        1.5560971421026926,
        1.5713681442913123,
        1.5774010472583615,
        1.5887713027624755,
        1.5724020120535829,
        1.6867866312342188,
        1.5898826735127372,
