{
    "start time": 1730504301.0766895,
    "old id": "16c3abf7c631eddc38b6e314087edbd5274cd1a54e57e9c78db7918bee096953",
    "use_input_gate": true,
    "use_forget_gate": false,
    "use_output_gate": false,
    "use_state_gate": true,
    "use_new_state": true,
    "use_old_state": true,
    "use_residual": true,
    "n_layers": 1,
    "state_size": 256,
    "id": "9d389e7f6436c96c14f3257a1a7f73a0484dfb72fd463b27533fd18c7d7402de",
    "loss": [
        3.3439100731913367,
        2.856590736832201,
        2.6755553946720374,
        2.565338401707784,
        2.4887776219082474,
        2.4073184604656435,
        2.400493465393805,
        2.3240651923169984,
        2.2922131201161475,
        2.2595255708061743,
        2.249911354647487,
        2.2201691317442074,
        2.1867597869902253,
        2.1752320075888325,
        2.135482785197731,
        2.12397555095449,
        2.0625038498464168,
        2.090773426967039,
        2.0153170909476397,
        2.072159035494074,
        2.0321155035109526,
        2.043311690956732,
        2.019100474460709,
        1.955538956534096,
        1.9968163010627893,
        1.9504480407164024,
        1.9154033872074847,
        1.9424466492762897,
        1.923974569979052,
        1.9848381727840296,
        1.8867171778550142,
        1.8847628412188602,
        1.9060730585661554,
        1.8584905277906454,
        1.9147982031916886,
        1.8429727317782933,
        1.8469117690787737,
        1.860116616412532,
        1.8325118128392042,
        1.9501159307023528,
        1.854909468850351,
        1.8779023367588683,
        1.8327256936422298,
        1.795747650947053,
        1.8320312172727113,
        1.787161266100575,
        1.8013035882997832,
        1.744777482510931,
        1.7873763172062673,
        1.924990752462325,
        1.8286144930645114,
        1.850737161416317,
        1.7784881885172028,
        1.7874664721382378,
        1.745940475875677,
        1.7427454706452772,
        1.7099525093617451,
        1.7121753474148196,
        1.7128286400421753,
        1.9148986244303337,
        1.7847404917644851,
        1.7930162287465072,
        1.7554180751464117,
        1.775989143810339,
        1.7833272349789233,
        1.7006364658686952,
        1.770048282538305,
        1.7669706136401846,
        1.7625251753269235,
        1.8629262376043185,
        1.8018923686126587,
        1.7872639270212265,
        1.7489616824639551,
        1.7728122118600256,
        1.727456533904796,
        1.7298727014568895,
        1.7079158502960359,
        1.759707078275958,
        1.7251095392170144,
        1.8934755653011657,
        1.755791711768242,
        1.7454735199515945,
        1.756248030888457,
        1.7288437007429451,
        1.725340968201438,
        1.743663126384999,
        1.7970411104055832,
        1.7143931168867337,
        1.7081704220644445,
        1.8601175425140561,
        1.7968048482833339,
        1.769663382315878,
        1.742066906150541,
        1.7043121342760799,
        1.7349817341409137,
        1.7809232174286271,
        1.759714349753092,
        1.708444442530407,
        1.7001124439059156,
        1.8498326754837757,
        1.7207050627629512,
        1.7489601828194001,
        1.7373576022871902,
        1.7439509078370516,
        1.7263176880288607,
        1.7643533227348227,
        1.8105165840619593,
        1.7273334954762543,
        1.7573004098777256,
        1.8240799750648113,
        1.728265285315585,
        1.6981347459794622,
        1.6970711044127484,
        1.7439925653883366,
        1.7191948038434495,
        1.6919492056165768,
        1.6817533170012462,
        1.6894896560887802,
        1.720098290440271,
        1.87503199088731,
        1.7320763148053122,
        1.7319924776353777,
        1.6921880236289208,
        1.7445720817611774,
        1.6526366400082393,
        1.6970946217284801,
        1.6889653768867858,
        1.7353459146119845,
        1.7078189591108106,
        1.8277895880058552,
        1.7415766567372446,
        1.7227024750861761,
        1.688029547554517,
        1.7122100961117723,
        1.6794524462260716,
        1.7524747813777588,
        1.65540988458489,
        1.6661623292350662,
        1.6868754244970876,
        1.802449462759551,
        1.725411778122708,
        1.6952194995739498,
        1.61961532428273,
        1.6551473079653987,
        1.640789077393454,
        1.7067544708680722,
        1.6976955576022421,
        1.647905033981834,
        1.6498173945730978,
        1.803853507401397,
        1.7120831680859112,
        1.7056364780184523,
        1.7029836530192763,
        1.6808144463928327,
        1.755308157718801,
        1.7064097800744065,
        1.7244526319912616,
        1.689528536671671,
        1.7008772563246115,
        1.7823810745725648,
        1.7299942651370546,
        1.715699706067859,
        1.6929806072937101,
        1.6489324551024236,
        1.7014154568473057,
        1.6903560179028427,
        1.722172157900989,
        1.6714824954328809,
        1.6932745705126437,
        1.8108361136708624,
        1.774219899051743,
        1.711083083901641,
        1.6761326236098648,
        1.701771583752199,
        1.7061191726848162,
        1.6787757070562468,
        1.6913437704516912,
        1.671209159842241,
        1.6295960892898582,
        1.8380268773381612,
        1.7773139979060004,
        1.7191595933410677,
        1.733256379161164,
        1.6920281311179293,
        1.69325261354312,
        1.7676411243508894,
        1.7132723934439735,
        1.7073496701892112,
        1.7444537506163238,
        1.7756679124659094,
        1.7435277602485222,
        1.7215564239891152,
        1.707016151357208,
        1.7192677126455433,
        1.6621591075356883,
        1.71308582579821,
        1.7037099767184078,
        1.6968032292995514,
        1.6992654809375327,
        1.7989302254859596,
        1.7588561376221432,
        1.7430076860099841,
        1.753027583731758,
        1.7246282892202651,
        1.7596739860632955,
        1.7284167837579012,
        1.710390564235984,
        1.6984051633379469,
        1.6593408441923068,
        1.7573464529674818,
        1.7048320847349678,
        1.6713296800296775,
        1.6605711198722073,
        1.6257847527851614,
        1.615641963721438,
        1.6401958548587339,
        1.6067809879655317,
        1.6394930377179624,
        1.6444650672563184,
        1.8001543966739033,
        1.743109558266545,
        1.6830723265698382,
        1.7100395245418103,
        1.6687920493157917,
        1.6602387021543394,
        1.6742777685140842,
        1.67653274168286,
        1.6740965161831216,
        1.6793478301381621,
        1.8014217951615161,
        1.7130309709330493,
        1.7288299255856099,
        1.6790290994419927,
        1.714474502513883,
        1.6630696573811123,
        1.6586902417462808,
        1.6459148826903145,
        1.659532975807516,
        1.6196382272066034,
        1.7148600422321576,
        1.6619105397458276,
        1.6151698324734562,
        1.6321784808155857,
        1.6425148577369084,
        1.6454875911924294,
        1.6391345203682879,
        1.6319332024006086,
        1.63079248829304,
        1.6076791582765169,
        1.7440240248729557,
        1.7139585010444762,
        1.7083676513121717,
        1.7371450031728468,
        1.70345329380731,
        1.690535555918682,
        1.6713324374513583,
        1.660449306646885,
        1.671670880558968,
        1.620068801242498,
        1.739505418704282,
        1.7030434103956227,
        1.6511641474989607,
        1.5966609672385537,
        1.6761603176226798,
        1.617500997043336,
        1.6158051177946873,
        1.6295677222042988,
        1.638602493155923,
        1.6135651050824664,
        1.7438303514721172,
        1.6822078967126044,
        1.701843404210419,
