{
    "start time": 1730492744.7922506,
    "old id": "10a9055de43fa485fdf3cb396b4b57d37745a6c135d29c44cce307f91ce23479",
    "use_input_gate": false,
    "use_forget_gate": true,
    "use_output_gate": true,
    "use_state_gate": true,
    "use_new_state": true,
    "use_old_state": true,
    "use_residual": true,
    "n_layers": 2,
    "state_size": 256,
    "id": "a5f17385c478434f8a82330eb93d7e89a91c66eb10809edcb45d94cd8d1f84fb",
    "loss": [
        3.516130618771603,
        3.082194108798549,
        2.90319757037565,
        2.73475640161575,
        2.634430403281061,
        2.5736703159904257,
        2.504655339137311,
        2.4730719506350334,
        2.3874255304317393,
        2.375118011941672,
        2.448305171445286,
        2.374972281751988,
        2.3513532117694145,
        2.2535319541573178,
        2.241912637334261,
        2.211543554472961,
        2.1930001653193063,
        2.137333634986506,
        2.0767292076976687,
        2.177105501882629,
        2.0940836710156714,
        2.085350956612297,
        2.0454814723067436,
        1.9998762659798448,
        2.0059646367417727,
        1.9913768652133232,
        1.9622028745143436,
        1.9293438290567946,
        1.9433378870088698,
        2.0143012476025843,
        1.9024996954943927,
        1.9561163524289282,
        1.885500147670903,
        1.8914128144020663,
        1.8671890002019143,
        1.8714935286871586,
        1.857474972661223,
        1.8333336315728623,
        1.8259044832680444,
        1.9108517062757837,
        1.8688332949390554,
        1.851988539213725,
        1.8447867029713425,
        1.8425448903747323,
        1.8240692049335439,
        1.7799777529734582,
        1.717274939599472,
        1.7776306537830993,
        1.7962212664599162,
        1.9216642082905098,
        1.8402898822767544,
        1.8173328678873106,
        1.7768676880073502,
        1.78498957926266,
        1.7720329467612608,
        1.7936511684002423,
        1.8135482133946672,
        1.7457274490315622,
        1.726529429556046,
        1.8994341881138048,
        1.7657290310111529,
        1.749851167221044,
        1.7569380984413294,
        1.7576380404141427,
        1.7153165361503426,
        1.7291730321944465,
        1.7550950617754633,
        1.7397830370455363,
        1.729780076044137,
        1.8737948608368036,
        1.7774375665339033,
        1.8258672382655763,
        1.7800569471661065,
        1.7724681189258458,
        1.7816619848386694,
        1.7385098255627878,
        1.6871519414246932,
        1.708670895225245,
        1.7178199683345368,
        1.84726018281813,
        1.720486999849809,
        1.7124002146376027,
        1.728572177250222,
        1.7154546230349206,
        1.6864325839248706,
        1.7104720590131868,
        1.7111776044419154,
        1.7526204096283997,
        1.7139451937652268,
        1.8192212595255877,
        1.764733017111175,
        1.764413820711274,
        1.726917543295665,
        1.7293980530513748,
        1.722663092338997,
        1.7220659634695092,
        1.7007686099229395,
        1.6912681762089092,
        1.704530286437451,
        1.8552496626628672,
        1.7444148366622163,
        1.7642344417294002,
        1.7325151308795341,
        1.6807745361285686,
        1.687002121847688,
        1.673957826165927,
        1.6805097124593473,
        1.729992458600199,
        1.657251251425072,
        1.7478095019797788,
        1.6866137663502898,
        1.6529234669090132,
        1.67705517143659,
        1.7134372242288205,
        1.6368142535152546,
        1.6822926532399851,
        1.6812463758262288,
        1.7015543568328269,
        1.6704827854674078,
        1.80323164203296,
        1.7267511949180134,
        1.7199955271617173,
        1.7039732473517515,
        1.7509520980387692,
        1.7316403543117984,
        1.663672750572787,
        1.6700759670839596,
        1.6667167488222283,
        1.6372398268361268,
        1.7880432092915655,
        1.7523873619766517,
        1.6735712999237171,
        1.6790708609475755,
        1.6860789695685312,
        1.6989654447057332,
        1.700598876110785,
        1.6857128061499747,
        1.6877912486566884,
        1.688995708917298,
        1.7948118385754608,
        1.7089121763160495,
        1.6804042561037928,
        1.6642212912132675,
        1.6489909599080863,
        1.6666686807770066,
        1.6134521920812994,
        1.6507338414806587,
        1.6343154588500561,
        1.7032952385232745,
        1.8206740920792495,
        1.6448938822367696,
        1.6463639786388633,
        1.702760462705419,
        1.6622796672619855,
        1.6598237327075958,
        1.621182617425399,
        1.6296494812252373,
        1.6270217499070263,
        1.6411211630610463,
        1.7882496659587594,
        1.6371938377998045,
        1.6835430143334886,
        1.673878463035347,
        1.6820391790241134,
        1.642467436806824,
        1.610729943865608,
        1.621144335801255,
        1.632918036299349,
        1.6373822033805792,
        1.7836018355050518,
        1.6728902241340295,
        1.6999987279484345,
        1.6480244934639918,
        1.723736458904845,
        1.6595442028932677,
        1.7050024877836363,
        1.6414005577498358,
        1.6848774688369796,
        1.6094531392804556,
        1.738903464255408,
        1.708142486469454,
        1.6590988721211368,
        1.663389728177349,
        1.6797498720133746,
        1.633989398582952,
        1.6299476417986112,
        1.6746513928598832,
        1.64710459049031,
        1.6556693520462582,
        1.755797284022955,
        1.6775099458751088,
        1.6603281273805397,
        1.6906678817860428,
        1.6566989996171277,
        1.6988722537732137,
        1.6724670658928609,
        1.674576240632503,
        1.618249281911485,
        1.6298668472983533,
        1.7426913520463063,
        1.6836188120573807,
        1.6485502233414113,
        1.6525232625661097,
        1.6808032592197948,
        1.709572360039146,
        1.698077308030699,
        1.6729043705858948,
        1.658106925606594,
        1.6381567215898634,
        1.7584204307065532,
        1.7118703058010303,
        1.7087330462562391,
        1.6630034229770305,
        1.6623821090163282,
        1.687360216403624,
        1.6754177295060801,
        1.6063848038778583,
        1.645901171614832,
        1.6379259193069962,
        1.7229523561348965,
        1.6694470163154085,
        1.657615288411019,
        1.5840363306714116,
        1.630146592050036,
        1.5862614209208852,
        1.5927405297887978,
        1.6170790918126243,
        1.5695673006804838,
        1.60535062973127,
        1.7381030804447135,
        1.6677427079588283,
        1.6651977268165952,
        1.643324302333448,
        1.634002445057843,
        1.6447581800002045,
        1.6054448031285957,
        1.5928000102138986,
        1.6502594588508883,
        1.6326269303666545,
        1.7666270088250686,
        1.670564807185109,
        1.6322455549887578,
        1.6544724172837346,
        1.6657425468240301,
        1.6839088258531592,
        1.667070844727774,
        1.657306607203246,
        1.6556460025645996,
        1.6546615552303452,
        1.78717875241277,
        1.6848636867572206,
        1.6659605178451187,
        1.633937219290671,
        1.6134764413661553,
        1.5730966072366204,
        1.5952872767253101,
        1.5986364246601599,
        1.621223276850883,
        1.6106108210929053,
        1.7534820211756752,
        1.6685615446183908,
        1.6526274519367308,
        1.6101628278458833,
        1.6290488951079791,
        1.6030465525864064,
        1.6033418477753527,
        1.614190189093401,
        1.595802075167369,
        1.6189971745664138,
        1.7036347585684228,
        1.6278215031636345,
        1.6478183167516174,
