{
    "start time": 1730504734.7976568,
    "old id": "d16dcb673abf03ead4871b21393639f1718ac13750c7e4fc84ce649a8dd9517c",
    "use_input_gate": false,
    "use_forget_gate": true,
    "use_output_gate": false,
    "use_state_gate": true,
    "use_new_state": true,
    "use_old_state": true,
    "use_residual": true,
    "n_layers": 2,
    "state_size": 256,
    "id": "a7064d68d6e06dff583e8b0985e55dd5e0f41fa637afc132641a53c9a621ed30",
    "loss": [
        3.4682617063624166,
        2.970311331792663,
        2.7820562166662257,
        2.6525745808869434,
        2.532643050290367,
        2.4568160741177416,
        2.3874797938827133,
        2.3737748130902583,
        2.2656843386947965,
        2.3584279961099615,
        2.2101488247782477,
        2.1451505829970667,
        2.1227974972190853,
        2.1214228813625846,
        2.080438059258869,
        2.039566907500285,
        2.027388849104983,
        1.9798678744806566,
        1.9643005028207994,
        2.050659570487618,
        2.0435768676142447,
        1.9871786902647497,
        1.9632903607925338,
        1.897690094739914,
        1.925791195209022,
        1.8890958556072626,
        1.9086465600812006,
        1.8765804772520074,
        1.8117713590104714,
        1.9834935756227345,
        1.89695387337559,
        1.885601399643412,
        1.8969294631795584,
        1.8508569713562406,
        1.8045689586196525,
        1.8345450677457096,
        1.8367280148411695,
        1.7669416888793534,
        1.8101217736570074,
        1.905131148975842,
        1.8806698889250313,
        1.8559563133943169,
        1.8290466548173157,
        1.8013329012099792,
        1.7966944736299226,
        1.7865782826315362,
        1.814242163214879,
        1.744647685211978,
        1.8250150968916512,
        1.880269592802449,
        1.7911518550993,
        1.7668359625270913,
        1.7832290008515528,
        1.7656369408885124,
        1.7895510678398094,
        1.692712886417007,
        1.6713876997113242,
        1.7069512769193758,
        1.7541673290137512,
        1.8663930203018213,
        1.7413913842475979,
        1.762799751296749,
        1.7144404651381226,
        1.7650547672192887,
        1.698320396480231,
        1.709827003624851,
        1.753873649038505,
        1.753565285405917,
        1.757883204903192,
        1.8830680625386158,
        1.7427905167709505,
        1.7108417189473653,
        1.697346451652851,
        1.7374007334157178,
        1.7445316394871289,
        1.7375715482780798,
        1.7308326710210349,
        1.7546014875501872,
        1.7419428352287456,
        1.8681741220053933,
        1.7413038446507563,
        1.675707652251424,
        1.7216869651899316,
        1.734424775909886,
        1.7106375471017123,
        1.7158479892152174,
        1.7218675954578933,
        1.686127786285253,
        1.6614270922657142,
        1.8323815368002099,
        1.693431481443313,
        1.71075848405217,
        1.6972829749607499,
        1.6890505393864448,
        1.677859681807485,
        1.6863179681102407,
        1.6618659929719668,
        1.6128220829226734,
        1.6314093234143063,
        1.8155743760354768,
        1.7615238343486537,
        1.7171851771918663,
        1.6880539698936552,
        1.6639973778428463,
        1.5884289564704241,
        1.6357970523208853,
        1.6292700473178072,
        1.6745740201934338,
        1.6409684748246591,
        1.7899093150994843,
        1.7583930098181437,
        1.6869114576811333,
        1.6569501860033444,
        1.6287041349041174,
        1.6766038497337301,
        1.6676629321917333,
        1.6316716881325375,
        1.6968602354427087,
        1.648756995746927,
        1.7984912408638336,
        1.7291836009327979,
        1.7184986445020152,
        1.6824997367884045,
        1.7053632742089295,
        1.664820590649337,
        1.6664883009573825,
        1.6869867055591163,
        1.6812092506870624,
        1.6985625464278853,
        1.7975021990441222,
        1.656274212079801,
        1.6193299174642284,
        1.643253001936837,
        1.6790513205816149,
        1.6471591808015682,
        1.6232229122854602,
        1.6481262410435664,
        1.649724145430921,
        1.6282293368093828,
        1.7630812310645918,
        1.6709077293017984,
        1.6572931239963244,
        1.6471682357967803,
        1.642049326527653,
        1.620487082540453,
        1.664484831093488,
        1.6662611092766404,
        1.628576147595654,
        1.6154801658673672,
        1.760602151671906,
        1.7138149815516373,
        1.6974896980750784,
        1.6752899406783996,
        1.64543730641703,
        1.6598473438242838,
        1.6539014369129672,
        1.623032249914805,
        1.655491783687252,
        1.6680335379095528,
        1.7803732180835738,
        1.7146237858447284,
        1.6798965262576553,
        1.655816382157475,
        1.6380153312066037,
        1.6487726507868627,
        1.6230958449874804,
        1.6299685943786555,
        1.6248410079173494,
        1.6062580799382096,
        1.7355011830338112,
        1.6585157985853862,
        1.6465266343776637,
        1.6134696281149585,
        1.6627010776014757,
        1.6112283014875552,
        1.5925576086415465,
        1.633069915259089,
        1.6050551559374486,
        1.6494761544168426,
        1.7532517753621037,
        1.6481537988506378,
        1.6800500694209526,
        1.6730945545244944,
        1.665174244140619,
        1.6097839110496217,
        1.6247580627359064,
        1.5949855238220647,
        1.6198083158191658,
        1.6331286942807262,
        1.7643813127708627,
        1.6804624444580754,
        1.6997543468407548,
        1.6938295350394441,
        1.6616709714306228,
        1.6883649561881924,
        1.630154001757573,
        1.6643737934088527,
        1.623370124390339,
        1.6585079948413854,
        1.7603822502206663,
        1.6587162433578369,
        1.698184122807261,
        1.6299534314569617,
        1.6433502818487198,
        1.6637580424641245,
        1.6143034279997808,
        1.5978115505381634,
        1.6139964442263768,
        1.590597241369618,
        1.7467712763371464,
        1.707823735758593,
        1.674761626337524,
        1.630328556157615,
        1.6436109870187232,
        1.6200017891857998,
        1.6075848411814606,
        1.6038341386287627,
        1.6308104148006735,
        1.5810556461254106,
        1.7416481284621093,
        1.6878685372177138,
        1.6985308564457187,
        1.6745316145841924,
        1.63593229235942,
        1.6559404894885368,
        1.6777148790360654,
        1.6528676441571,
        1.63392652816861,
        1.5802118562761749,
        1.7543083544755844,
        1.6790784584856273,
        1.6947766658866559,
        1.623418945217096,
        1.6389262363311057,
        1.6214042343087627,
        1.6197903754266223,
        1.5747426524617192,
        1.595272762412941,
        1.6258126591852173,
        1.6663355768467356,
        1.6572112374153007,
        1.6358080237845638,
        1.6489733719978774,
        1.5938075424052138,
        1.660288664130375,
        1.6305376636340985,
        1.6383298613503567,
        1.6434578247852163,
        1.6484468333171578,
        1.70491483530362,
        1.667330451107779,
        1.637539252157414,
        1.6158148809311388,
        1.5816740578107458,
        1.613438034344782,
        1.5985148981955233,
        1.6152996322775397,
        1.6068741908102309,
        1.5983646995832765,
        1.7175242167709872,
        1.6046176348799843,
        1.572139466399756,
        1.6241448196732011,
        1.5891472012109382,
        1.6063505305331822,
        1.5705244227170998,
        1.5914349124902696,
        1.5788813048775756,
        1.5924325455880648,
        1.7304007023251997,
        1.697870078260155,
        1.6141730922790256,
