{
    "start time": 1730498871.134411,
    "old id": "9c240132581871a5dd12f40a0e7774f16bfa3c3555db3334ccb7af99e4467b1a",
    "use_input_gate": false,
    "use_forget_gate": true,
    "use_output_gate": true,
    "use_state_gate": true,
    "use_new_state": true,
    "use_old_state": true,
    "use_residual": true,
    "n_layers": 1,
    "state_size": 256,
    "id": "a8328661a8a34866d3829df4f9b69aa83e77bbb696d259cbc838c70154c5e3fc",
    "loss": [
        3.396048611373743,
        2.9863577094176006,
        2.8032938117704633,
        2.7221258722675805,
        2.676095358862915,
        2.6314882080938204,
        2.53705186581606,
        2.4469544671001655,
        2.425146399950126,
        2.432424502300324,
        2.354632412552459,
        2.3087964277989657,
        2.2822416955268268,
        2.260595662466736,
        2.227008225598659,
        2.217964843550884,
        2.1605744401534106,
        2.1717565775340457,
        2.1605811356265088,
        2.1759924681229905,
        2.103091978840504,
        2.1083432976854724,
        2.007025201007198,
        2.0506293757988563,
        2.0083028332205015,
        2.003642815547605,
        2.01954565113224,
        1.9944792508577875,
        1.975334326149584,
        2.050534792996944,
        2.0232128123213933,
        1.964830167777443,
        1.9171837125426534,
        1.8907841844698412,
        1.8858762936573399,
        1.8817434873861132,
        1.903351828203992,
        1.895842443213225,
        1.881117916686748,
        1.975969499042166,
        1.8660172847017775,
        1.8470502079365865,
        1.8727915134443067,
        1.8592757244256666,
        1.8430816078868464,
        1.8182894760505024,
        1.7926165372121436,
        1.8196834945418758,
        1.7827038644696145,
        1.9238093280607302,
        1.8809828353526334,
        1.9035407039671197,
        1.819965102461081,
        1.7871330978456983,
        1.7558158603775595,
        1.7660043481182293,
        1.7578023685031061,
        1.7306797387198178,
        1.7306798716205591,
        1.8398890620515562,
        1.8017561721217739,
        1.798106559380572,
        1.8051751761042494,
        1.7854149948449816,
        1.8243696766542083,
        1.8136405537952205,
        1.7642680087821836,
        1.756694373866259,
        1.6982136515165418,
        1.8405818885450398,
        1.8124972766083187,
        1.8023760137078453,
        1.7434781870135359,
        1.7017134320385268,
        1.7305572172712749,
        1.750256375531782,
        1.686539427331138,
        1.7283466767940245,
        1.7287872389236634,
        1.8181583637252285,
        1.7672994896948024,
        1.7157518789844006,
        1.7183537951694128,
        1.712043236184486,
        1.7490424942302785,
        1.7512447108132825,
        1.7527324439992045,
        1.7321530221220711,
        1.721572981179874,
        1.8433925628307315,
        1.729147618872012,
        1.68790922673369,
        1.6951583549763498,
        1.6850044142806375,
        1.6901597557447534,
        1.6925186419316562,
        1.7270410508276308,
        1.700275039535866,
        1.7230709496051988,
        1.8518355699981859,
        1.743783023348591,
        1.761979522868158,
        1.7155752871386596,
        1.6738369607029056,
        1.6983769063172467,
        1.7070589023946714,
        1.711877976422557,
        1.717899896438867,
        1.7271491658055445,
        1.846105111148938,
        1.7583468202729582,
        1.72448293205644,
        1.6992381464010708,
        1.6852049137799012,
        1.6936146111788586,
        1.6801962685552552,
        1.6995198431369158,
        1.6787961900244137,
        1.726677619168906,
        1.8164592890886135,
        1.7130403119906812,
        1.6938387511140414,
        1.7273152256346356,
        1.6715144433876878,
        1.7176490955437584,
        1.7221632478384237,
        1.6697532368818457,
        1.6961618829017313,
        1.6353771920649953,
        1.7611830041100778,
        1.7571956372548205,
        1.7559431617798662,
        1.7319447404407051,
        1.7026931093287558,
        1.683061545928921,
        1.6807842811799192,
        1.6775612784166596,
        1.6762971048525523,
        1.6964823185881612,
        1.8340679664240607,
        1.7199739890632206,
        1.7109398900934025,
        1.6831452478350784,
        1.6734901846845878,
        1.6952620602044435,
        1.6352290580926758,
        1.6740211978536772,
        1.7267495864853288,
        1.6828649135144313,
        1.800285377463938,
        1.7306002643573484,
        1.729187512048526,
        1.7081611687933034,
        1.6901958821493652,
        1.6831765020917195,
        1.6859636160851008,
        1.6581635444719343,
        1.720175099177481,
        1.6518981759932398,
        1.8101664339097263,
        1.7602453884728564,
        1.7109053460637833,
        1.7252497320188058,
        1.7235610815004931,
        1.6908467951461368,
        1.6811081753942203,
        1.7112233562507682,
        1.6802685191550129,
        1.6612722332060834,
        1.8238874937900489,
        1.6990361231594158,
        1.7333368255353796,
        1.6838651811663963,
        1.6400089363884343,
        1.664116118024604,
        1.7020670381126148,
        1.6817153969421594,
        1.669041540958365,
        1.675329255533407,
        1.7674766145061578,
        1.7499040041324767,
        1.7010968703377671,
        1.7240607998251032,
        1.681514668104989,
        1.7199091883976707,
        1.7013731245039487,
        1.700977804180074,
        1.6364667081873971,
        1.656539051693845,
        1.7663265698963735,
        1.729636609367747,
        1.693494941110015,
        1.6779844261800718,
        1.6705996119054087,
        1.741942602074236,
        1.666125941669697,
        1.6653244386346957,
        1.6766904362760648,
        1.6586759781792886,
        1.7465442152909605,
        1.6812563606423028,
        1.673582750908773,
        1.674792851292048,
        1.6713884742981648,
        1.6351759827705916,
        1.6646719463931994,
        1.653597409354774,
        1.6517949311960909,
        1.6384820190910674,
        1.7611970580818122,
        1.6679702128291638,
        1.6830489046749932,
        1.683321198154944,
        1.6931219923849394,
        1.6928439450289816,
        1.668526236319062,
        1.6514115694363556,
        1.6750956785397995,
        1.6939061594189537,
        1.7857390602096057,
        1.7044715418014764,
        1.7361593099525976,
        1.6520554677828552,
        1.6431219031988002,
        1.5870612196480143,
        1.603941144100581,
        1.6411561412312747,
        1.637651575126818,
        1.611779382464498,
        1.7953748464939145,
        1.7079833835894862,
        1.680263987347813,
        1.702420748122148,
        1.6848487994579058,
        1.7000308510123996,
        1.779844070622793,
        1.7005600669435852,
        1.6859657019650438,
        1.712317801056451,
        1.7692359300119629,
        1.7002387773202126,
        1.668881763748841,
        1.6762647019260983,
        1.7147624554065104,
        1.6719568021372126,
        1.6956109195764373,
        1.6813973877594606,
        1.6939779359251048,
        1.5826366062521122,
        1.7381849710492918,
        1.7069845592682167,
        1.696217078278724,
        1.672501258770637,
        1.6667806715117737,
        1.6608225120292417,
        1.6950774434584988,
        1.6450357296151754,
        1.6977137284753208,
        1.6439505475555476,
        1.7252171348181748,
        1.6958102337821872,
        1.6553438800548441,
        1.6403605622380049,
        1.6975079802872475,
        1.6887405638519843,
        1.6424968775266622,
        1.7025013537097462,
        1.6800590438271596,
        1.6849184243046007,
        1.7526111188576403,
        1.652201394625927,
        1.6506831615500208,
