{
    "start time": 1730492019.1765344,
    "old id": "b8695f3a97cec444d50f5c6425910c554aea9d15417ef0859e0094dbbed6ed34",
    "use_input_gate": true,
    "use_forget_gate": true,
    "use_output_gate": false,
    "use_state_gate": false,
    "use_new_state": true,
    "use_old_state": false,
    "use_residual": true,
    "n_layers": 3,
    "state_size": 256,
    "id": "a9296dbd01802b827cba503ac512a665c38f6efbd34c14068d5418f99dbc9206",
    "loss": [
        3.437602625128712,
        3.223417056256029,
        2.956550670859127,
        2.792277854702419,
        2.695176202236402,
        2.6081881096537325,
        2.5142050218680785,
        2.4498411752496323,
        2.4048747928784877,
        2.3747051288308083,
        2.3489838536668723,
        2.2890243172973666,
        2.263515315841645,
        2.235922670547414,
        2.178931094740522,
        2.1277235963422805,
        2.104729937152307,
        2.0969293959660584,
        2.063553026999977,
        2.120388199022523,
        2.0518735248869238,
        2.0349469466953094,
        2.0084950428240984,
        2.003565269906368,
        2.0433065866653606,
        2.0159213380942624,
        2.0196773872037785,
        1.9630053657181514,
        1.9587280745701874,
        2.050719809669076,
        1.9479424248746506,
        1.9286479486952581,
        1.9185785706781007,
        1.901075200737311,
        1.9187278554856464,
        1.9109034960227798,
        1.8818708582905572,
        1.8644484725097066,
        1.827007785599081,
        1.9542072438498392,
        1.9326305256983736,
        1.8893215260308667,
        1.8665573838290421,
        1.8225258293265667,
        1.8668827056616881,
        1.8499627838838621,
        1.8095558261784184,
        1.7736994851981505,
        1.7509750050622994,
        1.9342127892539973,
        1.8064873767106762,
        1.7952897100116656,
        1.8261651472745462,
        1.8079464657727304,
        1.75108531001948,
        1.7941184895338742,
        1.7676771502105575,
        1.749865160658872,
        1.787082305446878,
        1.8953131993002037,
        1.8163647630193251,
        1.7970110503853587,
        1.8490116635003742,
        1.8065465518207071,
        1.7495372010729038,
        1.7647905329492157,
        1.723336734302993,
        1.7714648975875715,
        1.7133198724526753,
        1.897439729541235,
        1.7747398711669038,
        1.736982055625606,
        1.6710770241542883,
        1.6913630086071707,
        1.6587502330981214,
        1.7422183223408003,
        1.7561609554137976,
        1.7337186844437598,
        1.6676289842233913,
        1.8506732257672875,
        1.7553366717474619,
        1.7183818946525256,
        1.7551994032160738,
        1.7843933730222936,
        1.723050753755187,
        1.7165130156335864,
        1.7297692479474085,
        1.7714350770389369,
        1.701729678906424,
        1.8436505487381125,
        1.7551346389573497,
        1.7132781480424486,
        1.7263963988455502,
        1.7242357159616286,
        1.7229678992032924,
        1.7340806490972434,
        1.7705066944117347,
        1.6927004745081191,
        1.7264794190619654,
        1.883032648388474,
        1.6702172785088027,
        1.6505153774538655,
        1.7030772428895111,
        1.697981565074863,
        1.686722283508597,
        1.6559930827052767,
        1.6308677606139426,
        1.6235434925622765,
        1.6565165638973458,
        1.7921048952053347,
        1.654420369970646,
        1.709937104990691,
        1.7091699701314396,
        1.67567483951251,
        1.6975320070347442,
        1.673206899518585,
        1.6577514987428736,
        1.6677595715411775,
        1.701448342227796,
        1.783647590260399,
        1.704113355764953,
        1.6603128765974278,
        1.6653288731225404,
        1.6688798882656903,
        1.6814852873913337,
        1.681250587601934,
        1.646139813625946,
        1.6865151465561414,
        1.749448391193838,
        1.8426547427157722,
        1.7171752744506315,
        1.6304348570569893,
        1.6904813753933272,
        1.6800193309982594,
        1.6957027585979614,
        1.6637525957720687,
        1.6536333325222987,
        1.6593602653083064,
        1.6528237713454488,
        1.7986526825627378,
        1.6945210148853198,
        1.6387043835123973,
        1.6227714587328759,
        1.6200613676982139,
        1.618172058741254,
        1.6288602254460378,
        1.6617989329451637,
        1.6113041169854638,
        1.5930980614773427,
        1.7744746765543387,
        1.6634367737873346,
        1.7098297869235175,
        1.6683130626614253,
        1.614117219240687,
        1.6754725127826886,
        1.6052828762764397,
        1.6147201127861743,
        1.6175151234214444,
        1.5916775791676536,
        1.7980225643478573,
        1.6986351533697497,
        1.670222530071072,
        1.6760925478048543,
        1.6108768496163677,
        1.6294677984981907,
        1.6657137394498187,
        1.6251651199627069,
        1.654273172687296,
        1.6817763915944346,
        1.765484691642441,
        1.6728738726977588,
        1.6172216441862537,
        1.6434683443195832,
        1.637527839642286,
        1.6207472399608887,
        1.6749944825402776,
        1.6341905904982932,
        1.6442370902825947,
        1.628494080860584,
        1.7645528591144217,
        1.6645793416979906,
        1.619857893166658,
        1.64020790640416,
        1.6316584132841834,
        1.611799790975746,
        1.602232420572661,
        1.6330439690880205,
        1.6307079743584676,
        1.6575161176108126,
        1.7372882918066472,
        1.6249367386668745,
        1.6533510902121147,
        1.646285402222289,
        1.6570610447651528,
        1.5673944708431988,
        1.6416614467479216,
        1.602626559929582,
        1.6452829993917877,
        1.6113289347053181,
        1.7284385896632195,
        1.6833063613777937,
        1.729225372580651,
        1.6619882423837584,
        1.6669235993375426,
        1.650026339575633,
        1.638768649987317,
        1.6470998521298466,
        1.6130389474350126,
        1.622920275325263,
        1.7426598624581562,
        1.6465751265212987,
        1.6985980138371601,
        1.6565753812189112,
        1.675553301884762,
        1.6603983605470103,
        1.6037264318765718,
        1.5858785239618876,
        1.6353852533726938,
        1.6406324313344267,
        1.7319633817673368,
        1.6603205225861746,
        1.6483965795832998,
        1.6258966036566576,
        1.6382795367743352,
        1.6425986268945258,
        1.6360834391392185,
        1.6323576702680263,
        1.591008859889644,
        1.5949258850561434,
        1.713601628353412,
        1.6795104237806768,
        1.6686444596672005,
        1.6073454718455729,
        1.6100690442020231,
        1.6018897003700898,
        1.5760698269469837,
        1.5957307549651183,
        1.6161826283068028,
        1.5799974803657597,
        1.73747721670678,
        1.6594387237615533,
        1.6269753833657343,
        1.5991127915659433,
        1.5896145486008004,
        1.6145449366830689,
        1.6085546386483822,
        1.6017971960961317,
        1.607790191418553,
        1.620951053117433,
        1.7350604215826944,
        1.601350793978169,
        1.6286302633906833,
        1.592881869525591,
        1.5756434511879664,
        1.5961018607027282,
        1.620311522170397,
        1.6535207374820182,
        1.5715900251229478,
        1.5893431882547024,
        1.6805770940940814,
        1.6084415011229367,
        1.6033500449121763,
        1.5964264104585715,
        1.6469811075659584,
        1.5960348594116673,
        1.5989441911592661,
        1.6216778563810252,
        1.6181362463625601,
        1.630510209488613,
        1.690385206048932,
        1.6581885722963974,
