{
    "start time": 1730496417.5695558,
    "old id": "d6f462b530a3b970e6a57056b30537147ecf94812810e96fce5e30deefe5e4b1",
    "use_input_gate": false,
    "use_forget_gate": true,
    "use_output_gate": false,
    "use_state_gate": true,
    "use_new_state": true,
    "use_old_state": false,
    "use_residual": true,
    "n_layers": 2,
    "state_size": 256,
    "id": "a9ce589c8c0f744d3af804f08b3af126f344f9406381cfda3a0f05a7f89d19f9",
    "loss": [
        3.343040258832539,
        2.9174148521786596,
        2.7938665354282697,
        2.6780676303503452,
        2.6069309035965906,
        2.5203510900433774,
        2.4324016312442747,
        2.3867733861198843,
        2.3204231888711724,
        2.3247234337277694,
        2.2526763707090556,
        2.198679278991925,
        2.1183605291920355,
        2.0913280892595103,
        2.088399669183265,
        2.062647440573177,
        2.0578541575794054,
        2.044650947113506,
        2.058647030099686,
        2.1123264151333663,
        2.024858236966238,
        1.9590446549136482,
        1.9076826973916214,
        1.9236080239080549,
        1.8815841635772397,
        1.8788017565475807,
        1.911807904798925,
        1.9190283111229642,
        1.862515174603592,
        1.950559788385534,
        1.9022559531784393,
        1.8481579953231966,
        1.819572321676328,
        1.8248370258408402,
        1.8552710454974066,
        1.7650998091902124,
        1.8244104015850147,
        1.7705891370344267,
        1.7889540780893032,
        1.8958556986849648,
        1.8869214932160574,
        1.876837366949573,
        1.8551352466365927,
        1.8318542884344902,
        1.8001625191325354,
        1.8359966452812573,
        1.7596461129857695,
        1.7991452285602414,
        1.7642049488236307,
        1.9319581326397097,
        1.8128324548135692,
        1.7628598807348235,
        1.7886310896559894,
        1.7795173570306073,
        1.7648169073167188,
        1.7707189820962725,
        1.756842369176521,
        1.7638685758041166,
        1.7840788653613622,
        1.9275344698755674,
        1.749256596817614,
        1.731201721039532,
        1.743995361104453,
        1.723693956231911,
        1.7513902930352232,
        1.6939742365583919,
        1.7176762064299376,
        1.6831726484422325,
        1.6670448166143417,
        1.860067533846934,
        1.7972260115526788,
        1.791866955525658,
        1.7313739723570623,
        1.740103818744598,
        1.752547929706,
        1.7409254490291046,
        1.7078390925642173,
        1.6810264886856603,
        1.6854212296746698,
        1.8853748311927598,
        1.749504674123173,
        1.7093070248690134,
        1.6748499909976762,
        1.66955700758732,
        1.6822212344958767,
        1.7087090662487094,
        1.7304900270540573,
        1.6726307305553738,
        1.6677425912433135,
        1.822696059922983,
        1.7506694084460794,
        1.7398465300114943,
        1.7362979532862959,
        1.7205548112490776,
        1.7244387098224627,
        1.7139190911655706,
        1.703392451952345,
        1.6697661422894743,
        1.7058021498903957,
        1.8468501527001056,
        1.7151010213996687,
        1.7460695750456032,
        1.695044552961758,
        1.6851989561552547,
        1.6931557038266325,
        1.6961847721237593,
        1.666029045423002,
        1.713402972803052,
        1.630299179871498,
        1.7518206346390972,
        1.6776592546852198,
        1.6769279857267085,
        1.6492947795530009,
        1.654103167864125,
        1.6376611706364455,
        1.6278405978748958,
        1.6552211357819708,
        1.6305842091695784,
        1.6164107834655026,
        1.7961486748394193,
        1.7391638375711425,
        1.7272666641474184,
        1.7046810910536807,
        1.6687939475866798,
        1.6677965199139648,
        1.644928491709494,
        1.6385824391544013,
        1.6380234970752596,
        1.6467983969128202,
        1.7745278059831386,
        1.682081377646014,
        1.6826124769387032,
        1.676262091264279,
        1.6685737112077432,
        1.6371093582017164,
        1.6483359188632665,
        1.5992606843629054,
        1.6676200989447274,
        1.6428351706633193,
        1.7795518797229264,
        1.6574561187981587,
        1.7002816680058628,
        1.6981882465782754,
        1.664393234737465,
        1.6748118689522855,
        1.6489007855123685,
        1.6550531720044976,
        1.652017548297113,
        1.6645894898567013,
        1.779821792529262,
        1.6929906109402881,
        1.6491936333298907,
        1.6660199680766274,
        1.6508414201091348,
        1.6142406423061102,
        1.6785095555792515,
        1.6739260556460847,
        1.6301848816777837,
        1.6351421693090806,
        1.7491129172957673,
        1.6682237896769907,
        1.632668633981751,
        1.6470141872316115,
        1.652109161209687,
        1.6310276539442754,
        1.6849863504782954,
        1.6154207219691954,
        1.59350192248151,
        1.6393843996850277,
        1.7277963539265468,
        1.7636409360774996,
        1.6917672057658306,
        1.6730127816377427,
        1.7039334804131279,
        1.7054919698085758,
        1.6930392966288605,
        1.6880579888293419,
        1.6430209995894738,
        1.6590307570536011,
        1.799879350170434,
        1.6898582193562508,
        1.6840291396450224,
        1.6706490715308806,
        1.6595702322092662,
        1.6622122709999645,
        1.6431414397398458,
        1.6778828359386346,
        1.5984086005620453,
        1.580252708262123,
        1.735219540148396,
        1.6932062693836267,
        1.6525464708999005,
        1.692245903543908,
        1.6665516172897,
        1.659751391065571,
        1.639350167110924,
        1.582018793961416,
        1.637472793380084,
        1.6007866169799203,
        1.796094090118104,
        1.7190650653037989,
        1.6561503331653884,
        1.6662887076314588,
        1.6088287798941343,
        1.623833304861472,
        1.6232560988370286,
        1.6564889070083666,
        1.5978813485113648,
        1.6059013329440277,
        1.7466071572084731,
        1.6364913334906717,
        1.5998332076240482,
        1.6330043765132314,
        1.6621186203936826,
        1.6294229653862382,
        1.6517365740290428,
        1.629459066723046,
        1.6831172539592123,
        1.6347422015274127,
        1.7374139717842898,
        1.6702890443850522,
        1.649482529902455,
        1.612406497532976,
        1.6272225035426022,
        1.6091331267496243,
        1.6679055216807803,
        1.6654289496875458,
        1.6375869579787414,
        1.610993848536094,
        1.721183778478737,
        1.6209788856033922,
        1.6199594004639402,
        1.6315345276698294,
        1.587740526399007,
        1.5954935886588775,
        1.5945560418812739,
        1.6057360019704474,
        1.62389607316121,
        1.6434793079729781,
        1.7631367323362774,
        1.6622563680868774,
        1.6162381948036366,
        1.6043946462402832,
        1.5640226149075587,
        1.6188051046927916,
        1.6087287566621369,
        1.6248897994892602,
        1.6418285661682224,
        1.600743097193038,
        1.741180891865083,
        1.7058926769641671,
        1.6679203641926417,
        1.6035610913237153,
        1.6462946425219802,
        1.6109261621468187,
        1.6277044820001088,
        1.5614098325114758,
        1.6197402437331838,
        1.6008724750908745,
        1.7207679859557532,
        1.6555315100200925,
        1.6291676380264137,
        1.6586080090495996,
        1.5992691788757865,
        1.5936022394927054,
        1.6395994454183616,
        1.6475850377099734,
        1.5654897760502269,
        1.611511800277241,
        1.656981237799859,
        1.7022209448280679,
        1.6943125247312432,
