{
    "start time": 1730486093.6045918,
    "old id": "10a9055de43fa485fdf3cb396b4b57d37745a6c135d29c44cce307f91ce23479",
    "use_input_gate": false,
    "use_forget_gate": true,
    "use_output_gate": true,
    "use_state_gate": true,
    "use_new_state": true,
    "use_old_state": true,
    "use_residual": true,
    "n_layers": 3,
    "state_size": 512,
    "id": "afc9f871cc5e71941ba19c1443be73424a7754542fdc3bea5bb32ca3cdb93fc7",
    "loss": [
        3.564769970060432,
        3.1553244864214096,
        2.8781628584952763,
        2.734187700313486,
        2.679828310282154,
        2.556335097309969,
        2.499919140977766,
        2.434883920342381,
        2.3891256461358186,
        2.4162561002559726,
        2.2766623347087136,
        2.274807252323338,
        2.2699166228534184,
        2.2332858069027175,
        2.204431488046826,
        2.196457821664511,
        2.1686520754278495,
        2.1065135127179335,
        2.0975076208516596,
        2.149430932399331,
        2.0806444279774374,
        2.002986553482771,
        2.019816926646199,
        1.9840918011563458,
        1.9404876014818906,
        1.9484647448775994,
        1.9380572452000868,
        1.9203069607138246,
        1.8662669715634541,
        1.991260521263563,
        1.9029233651356714,
        1.8542925599791795,
        1.8218344332065122,
        1.873468974502234,
        1.852293431431531,
        1.8251682133458929,
        1.8021857083720172,
        1.8526162789728624,
        1.7813000026880272,
        1.9154210426973113,
        1.822279714916742,
        1.8014714867695518,
        1.7941175891263368,
        1.8377312303108893,
        1.8376451886215166,
        1.7462983838119281,
        1.7360703735762468,
        1.697423261649935,
        1.7003143205390334,
        1.8292793597641825,
        1.7847859919846134,
        1.7122548537582742,
        1.7146223082030334,
        1.727120615566894,
        1.7522447338220302,
        1.7773221638536207,
        1.686090731826097,
        1.6733100308036386,
        1.6556699573200082,
        1.8335562584847669,
        1.7485431826926345,
        1.701168323979397,
        1.6824054894764993,
        1.6979602835067142,
        1.719156856887509,
        1.6789278405396675,
        1.722683756131187,
        1.702978573118129,
        1.7092154386957792,
        1.8668239073634045,
        1.7283529608503299,
        1.699227297082705,
        1.6924010231785303,
        1.6841125493470481,
        1.6716275656724326,
        1.6081974004095234,
        1.6504407361752083,
        1.674842756112276,
        1.6682633205534616,
        1.7814728614544932,
        1.7413569144768841,
        1.7196154618201867,
        1.6993777532037133,
        1.6827574051886491,
        1.6913102589834805,
        1.684468262850565,
        1.6281979237938708,
        1.640724038453581,
        1.6246113096756958,
        1.835041862805208,
        1.7140048035223379,
        1.6829268609276964,
        1.6805464668995806,
        1.6396024123638717,
        1.6497325567650336,
        1.654259195782341,
        1.6465184416082521,
        1.640045301659223,
        1.6682019802314259,
        1.8051888899272275,
        1.6862287996694978,
        1.6473968969306934,
        1.6476846663009361,
        1.6676114493784997,
        1.6267962302975054,
        1.602530157527774,
        1.6308683808685573,
        1.6373267006255765,
        1.6296673505304067,
        1.7578595033942324,
        1.6366237841196174,
        1.675148827953153,
        1.5878806409915776,
        1.6610864269149204,
        1.6159177465175973,
        1.6378070027420584,
        1.645304926447836,
        1.6284755935222306,
        1.6624545297128133,
        1.7757013535545576,
        1.6467969721651305,
        1.6265369352280867,
        1.6515396755727123,
        1.620912365187023,
        1.6391564549778948,
        1.624999761319958,
        1.6331775851587338,
        1.5954055130387848,
        1.6135607768615352,
        1.7687723522718082,
        1.570683668714797,
        1.6426606481970636,
        1.6456621733146644,
        1.5953325222401802,
        1.5802410676609566,
        1.5933785243888967,
        1.5927533081109349,
        1.5832075808285495,
        1.5510142760375365,
        1.750328837007035,
        1.6722270318411587,
        1.6694158130440304,
        1.6148265047729884,
        1.5881426420809055,
        1.6042866928046475,
        1.5617488776333925,
        1.5616996654597153,
        1.6247598486921542,
        1.545946757021023,
        1.6858390746450316,
        1.6098963726933466,
        1.540095179637049,
        1.58279330864293,
        1.5775045841586306,
        1.6166780559241312,
        1.603444916924514,
        1.5983701397731265,
        1.5835355254018464,
        1.576891033946974,
        1.7193171706086912,
        1.6945143200209933,
        1.6670610531543641,
        1.6084890484663672,
        1.556494564870321,
        1.5775997408074545,
        1.558662220488005,
        1.5505967058373014,
        1.5821160699470431,
        1.565228927557618,
        1.7498503516968151,
        1.6768740408896372,
        1.5824821404430667,
        1.5703249117308937,
        1.5906034534356455,
        1.5714197001141659,
        1.5498883451366763,
        1.5543082147872043,
        1.5824357811179954,
        1.5927785575093756,
        1.7163527164075152,
        1.5942327255327522,
        1.6238300792241414,
        1.569356872930515,
        1.5751686188289595,
        1.5932767275467166,
        1.5544804972403445,
        1.588567749402239,
        1.5775189515693018,
        1.6089200612981929,
        1.7176274083330063,
        1.6852459356117926,
        1.5978175356945363,
        1.595504937440961,
        1.6061092036838622,
        1.6118723952760274,
        1.6471133848150252,
        1.5807421313068157,
        1.6021323422715603,
        1.6228372032909708,
        1.7091566188222636,
        1.6147958734289292,
        1.5507961701546222,
        1.6202122482223804,
        1.6122412651067444,
        1.5717710995893797,
        1.595744115514979,
        1.6155381847973664,
        1.5728272219328772,
        1.5636918703011442,
        1.7267251209348826,
        1.649442188980075,
        1.6296056914387427,
        1.6127028823994365,
        1.5768142892474941,
        1.601165094504849,
        1.6070322125926935,
        1.5622194466261625,
        1.5747071314293668,
        1.6073461008042418,
        1.7191208925808321,
        1.6617725625073756,
        1.6251743742176297,
        1.6317637984990367,
        1.6284313783769697,
        1.5482531629410623,
        1.6071338232659966,
        1.5614087284353773,
        1.5972094285043568,
        1.620613783393588,
        1.6976843375937054,
        1.6208575820921634,
        1.5995374840563126,
        1.5871326687697849,
        1.5832282581713861,
        1.5466599457416526,
        1.521512304551801,
        1.5850089407438634,
        1.5599089617667445,
        1.5811842103740448,
        1.6819205055858402,
        1.6231923849722296,
        1.6034900053755707,
        1.6067084024371723,
        1.547062533805415,
        1.5502172300159731,
        1.5899891605007217,
        1.5264597139705405,
        1.5590008146003955,
        1.543709925781718,
        1.6133707615741206,
        1.644695878529371,
        1.587376566174045,
        1.578920975304361,
        1.5318219370974075,
        1.5361743391375744,
        1.5884689869644202,
        1.556038467356839,
        1.5685171007349605,
        1.5753185428177037,
        1.682426820436883,
        1.5508544071809678,
        1.5448365523632788,
        1.5847501244689564,
        1.5798872331095746,
        1.5620855496904926,
        1.5636770355501683,
        1.5206386422606986,
        1.5537605537902195,
        1.5370296842489655,
        1.6542656833891165,
        1.5977132790552206,
