{
    "start time": 1730503000.5857942,
    "old id": "f279e2cad16e35edb0d0881a1eade3d3a89327b84c0b44b78342cb3b14324882",
    "use_input_gate": true,
    "use_forget_gate": true,
    "use_output_gate": false,
    "use_state_gate": false,
    "use_new_state": true,
    "use_old_state": false,
    "use_residual": false,
    "n_layers": 1,
    "state_size": 512,
    "id": "b616f0ad7d5902cc5a9785a082f8cf1880e6693ef9f6d266b20a233673325e14",
    "loss": [
        3.374698298718161,
        2.888956271150151,
        2.6762544500819634,
        2.5878421208004485,
        2.459520915777603,
        2.412302857300749,
        2.318096016926176,
        2.235779216344651,
        2.1704941626205336,
        2.224181823014463,
        2.1793439240856016,
        2.140707455009703,
        2.0680188867337064,
        2.0212010715111957,
        2.0333514545318465,
        1.9575564696319525,
        1.9502063868514286,
        1.8798805912123429,
        1.906656452111784,
        2.0153277898904447,
        1.92692300165516,
        1.9201868532744257,
        1.9102125497072076,
        1.8855831179125708,
        1.869845420982418,
        1.8585924367929323,
        1.8246982993752823,
        1.846916263025468,
        1.8060149531975007,
        1.9307591445060128,
        1.8527037298403437,
        1.7919223099532107,
        1.8090351292771845,
        1.7594848962604908,
        1.7903369375235187,
        1.772966491650751,
        1.7386799342206718,
        1.710339730809911,
        1.776970278717693,
        1.9019800813388703,
        1.8513224376525492,
        1.8141738750629133,
        1.7876970322443986,
        1.77326041679115,
        1.773604770237683,
        1.7407517727641646,
        1.7197243285916721,
        1.715516608735902,
        1.7255999408191234,
        1.8310599577226732,
        1.7385905900109695,
        1.720390767149528,
        1.7332091929806843,
        1.7346660320182299,
        1.7067404506385468,
        1.6701856771073667,
        1.6634676149405851,
        1.6324959774477867,
        1.709979656353547,
        1.8204657036916987,
        1.727282822571883,
        1.705810521403571,
        1.6691305513760513,
        1.6717303861812047,
        1.6403473650035172,
        1.6580589572820899,
        1.667561868713185,
        1.6556183115902356,
        1.6854258470172248,
        1.795853851403148,
        1.6853274504151798,
        1.6724913926839655,
        1.6556964524399755,
        1.6076792462758658,
        1.6588945132754003,
        1.6806328819096177,
        1.7027000683077007,
        1.6755487200274402,
        1.623598131536402,
        1.7844163085346978,
        1.7217822514686703,
        1.7175098198251757,
        1.6539776693611759,
        1.6567363878873922,
        1.6979060188615183,
        1.6741334379907638,
        1.7143762473048383,
        1.6797352609264873,
        1.6801179466092444,
        1.7956266943899009,
        1.6757233095706086,
        1.6520840378848645,
        1.6436479662048433,
        1.5924239670934313,
        1.6162747798616701,
        1.6258273844187867,
        1.5923751330333646,
        1.6072169377155243,
        1.6324659718617816,
        1.7934657004165924,
        1.6877468823015094,
        1.633210904952177,
        1.6434577511092163,
        1.631131559200516,
        1.670599424413469,
        1.639541972834939,
        1.6262329019772035,
        1.6181643068529576,
        1.6297774044832667,
        1.797336164573925,
        1.6474432066734805,
        1.6371172466905248,
        1.6038580325532776,
        1.6092839747796868,
        1.6101744503423787,
        1.6484737073942988,
        1.589400008225518,
        1.6098823886586866,
        1.621952650430886,
        1.7721529625938457,
        1.6407565740362504,
        1.5980466990484608,
        1.602556873633797,
        1.5833065495688925,
        1.5774379861149335,
        1.5406819964733522,
        1.5290245889722702,
        1.5601781070843797,
        1.5158478165366616,
        1.7115407026346539,
        1.670437890578299,
        1.635664215410805,
        1.6041834310285887,
        1.6029864660618023,
        1.6014075908856806,
        1.62490653419965,
        1.62894011217545,
        1.6279927667794887,
        1.5933163677965856,
        1.7092215808652045,
        1.6048668286140824,
        1.6379263728625046,
        1.6234550589091534,
        1.5879691834077314,
        1.603548208284369,
        1.5801098817694794,
        1.5717532106428627,
        1.652214388226429,
        1.5847813315427814,
        1.736421629101799,
        1.6523473811263747,
        1.523000283503797,
        1.5881502114379356,
        1.5727893237201578,
        1.6120154221742997,
        1.622988581809528,
        1.6008941008987336,
        1.598114194556694,
        1.6116445454244952,
        1.716129782535686,
        1.633215515335647,
        1.563349253610936,
        1.56574299322089,
        1.594748661679474,
        1.5487042688673847,
        1.5442993823251698,
        1.5388166426830125,
        1.5490602346670594,
        1.5728929402331366,
        1.7003574381412911,
        1.6047012960101374,
        1.5921354818999705,
        1.6198531250619483,
        1.6111065416906987,
        1.5721507987858148,
        1.5585944965118144,
        1.5245697179830835,
        1.5476794994166616,
        1.561727867410368,
        1.696573496100992,
        1.6567176168646705,
        1.5339932654327726,
        1.5787202799093176,
        1.529256096890319,
        1.590440633464024,
        1.5738997507443322,
        1.509218709482133,
        1.5331823964629598,
        1.5595601733201387,
        1.7040670262325743,
        1.6065746486973278,
        1.5638298327985394,
        1.5384032817019444,
        1.5517429345166982,
        1.5735191261497758,
        1.5697813966698342,
        1.5386996574475273,
        1.5510220297057562,
        1.552775972975887,
        1.7425819199564032,
        1.639214601946946,
        1.6292090184403556,
        1.58034089910648,
        1.5901565149635224,
        1.5173975273950455,
        1.6015364301329102,
        1.582912258810775,
        1.4995041633912336,
        1.5298742875717204,
        1.6992763000553006,
        1.6167538813381168,
        1.5650716070810453,
        1.5809261821780662,
        1.5704607440953562,
        1.6170086699451145,
        1.568898414970447,
        1.5518255856639334,
        1.6005635943230494,
        1.567634109588164,
        1.679909253898778,
        1.5510661800204784,
        1.5628916462153157,
        1.5886265823011005,
        1.5307892648970587,
        1.5636026811679613,
        1.5615332332708425,
        1.5267667529978652,
        1.554088908852356,
        1.5677156519761102,
        1.6506504350611435,
        1.6501840265153067,
        1.6125517138015835,
        1.6094011069576468,
        1.5287257015362181,
        1.568023227959013,
        1.5663511291478767,
        1.5616011265635144,
        1.5656293786059599,
        1.560192762266875,
        1.631251833249027,
        1.6072735107831193,
        1.5894101403755692,
        1.5658353226895187,
        1.5645199612421705,
        1.5730925673170544,
        1.5778739369192296,
        1.5382720309216866,
        1.602981847465289,
        1.6032539520996365,
        1.6837914494221724,
        1.6151023547489562,
        1.5860338280644743,
        1.5738422963481262,
        1.5655760891722856,
        1.5560795010382065,
        1.5656123020318653,
        1.585870110496646,
        1.5243157491503119,
        1.567799304049515,
        1.6389224428261309,
        1.6120898833644581,
        1.5647033601052442,
        1.53326611441263,
        1.5449727698523052,
        1.5924172834364376,
        1.535334711636171,
        1.546233506367855,
        1.5780269565736245,
        1.5543699240932485,
        1.6614371152464307,
        1.6115070723262526,
        1.602046713320038,
