{
    "start time": 1730491062.7105765,
    "old id": "06f8c4320398f092001017c2ffef8074b1f4bd9d0c2f8d9750745a219d904023",
    "use_input_gate": false,
    "use_forget_gate": true,
    "use_output_gate": false,
    "use_state_gate": true,
    "use_new_state": true,
    "use_old_state": true,
    "use_residual": true,
    "n_layers": 3,
    "state_size": 256,
    "id": "b9c2c9fa7a346f58a2f31769ab578b52a7dc569016b31203404e394604935e0f",
    "loss": [
        3.482181963333464,
        3.304818823331714,
        3.0918020779712587,
        2.855627071950322,
        2.678535408743979,
        2.5629528956517396,
        2.482721026941375,
        2.458997091700539,
        2.3864736661797603,
        2.4181902261435435,
        2.297035352276702,
        2.229812196382786,
        2.2369375738551134,
        2.1858546825358043,
        2.1398832865811865,
        2.1613797187055197,
        2.11437965323031,
        2.1181744754025686,
        2.12924790153467,
        2.1527965469026045,
        2.087372718852719,
        2.0341265416978525,
        2.024927427703292,
        2.039374714106595,
        1.9788781586807458,
        1.9220604612980452,
        1.9312615899940342,
        1.9219429213416162,
        1.904973020562326,
        2.0226450669231686,
        1.918021867707821,
        1.9362567652062057,
        1.894208964322409,
        1.8941151366742826,
        1.877226712791946,
        1.8757570361327172,
        1.8594680940956625,
        1.8980081567107079,
        1.8392096483142706,
        1.9515401207397918,
        1.898799488953528,
        1.8502006695191913,
        1.8786110159889278,
        1.9083361667596874,
        1.9058770259147189,
        1.8444071046015098,
        1.8698334484440353,
        1.8587426170085892,
        1.8159528877762554,
        1.9499157946915546,
        1.8905393287016867,
        1.8085903572837956,
        1.8250722153003398,
        1.8197051758373581,
        1.8137514370828096,
        1.817781504936101,
        1.825061875445525,
        1.76508438362366,
        1.7708353074816485,
        1.907800948393396,
        1.827450979207797,
        1.8285300308985917,
        1.7970557486619474,
        1.8361596127761415,
        1.7702312266405171,
        1.7586978559148354,
        1.75964768802048,
        1.7694921864071473,
        1.732404678782521,
        1.8776395098497825,
        1.8396384173550682,
        1.7575736862161793,
        1.7601173868443467,
        1.704738941002359,
        1.7559717327934392,
        1.7675630416706891,
        1.770043551932876,
        1.7810595699844,
        1.751456483105158,
        1.875879727390235,
        1.8414398012804305,
        1.7786943656593563,
        1.804437647518876,
        1.7523809229897431,
        1.7191872548113598,
        1.7427599067880881,
        1.686097832831688,
        1.7238838121683013,
        1.7187111624331288,
        1.8468243913625686,
        1.8117203017097525,
        1.7545010939937027,
        1.7302251441685375,
        1.7508549551825652,
        1.7565766527950666,
        1.7805278910598197,
        1.7398131013135874,
        1.7508510371022519,
        1.7298212432392714,
        1.895279390807213,
        1.7411982803833135,
        1.7533166040357717,
        1.7368065090753921,
        1.7282961954496965,
        1.6796594635259998,
        1.6791795722599845,
        1.6678327469538292,
        1.7070022677649512,
        1.7253113300627216,
        1.8002178056495743,
        1.7355422423932587,
        1.7196138898400262,
        1.649400855754018,
        1.7060771783615372,
        1.7192119685846,
        1.6920630240471266,
        1.68650805980296,
        1.6534904698470752,
        1.6851515489330182,
        1.8194017961209838,
        1.698152250823207,
        1.7254973590215088,
        1.6967591206438273,
        1.708021507904291,
        1.7040173515911514,
        1.6346383709164243,
        1.6545560688510146,
        1.6631521580716184,
        1.6670632476728642,
        1.7938046718619298,
        1.7034122269780965,
        1.697396387252046,
        1.695632745913141,
        1.681170125577651,
        1.6509386906271697,
        1.651389274457497,
        1.7202469585733908,
        1.6455121549193799,
        1.6703195482052442,
        1.8158333106512372,
        1.6887262704374328,
        1.6917979422837255,
        1.678146243997019,
        1.6808282237688346,
        1.7311260133543012,
        1.7016704089487733,
        1.6699095235071337,
        1.6651067526509002,
        1.6494072720724469,
        1.7944499757192112,
        1.7321577433342925,
        1.7121895343844544,
        1.7053012376479588,
        1.6849393171058544,
        1.7012537255176743,
        1.6447548862530428,
        1.7021319023966661,
        1.598458384691975,
        1.6452836472792334,
        1.7259233700785037,
        1.7452941416690662,
        1.7236032487342217,
        1.718250210476358,
        1.6931008831267316,
        1.6996012966866068,
        1.6759886299566902,
        1.6639432159919416,
        1.6531234342720578,
        1.6685665264872762,
        1.8202905923858896,
        1.7459702981020762,
        1.7582447750311505,
        1.7132583213104033,
        1.738402423833455,
        1.6922857276916297,
        1.6583039901446368,
        1.7015940523123214,
        1.6954162540118098,
        1.6674248058430443,
        1.8041130363902242,
        1.7169664455139535,
        1.6250747590953782,
        1.6548569585140098,
        1.6859504712315139,
        1.667161211008407,
        1.6946864616255795,
        1.6690969284805688,
        1.7428418062111164,
        1.6351259300495062,
        1.824384989836555,
        1.743799521775853,
        1.7017495202846145,
        1.679492632208469,
        1.7042954134481365,
        1.6497691134059822,
        1.599989832700459,
        1.6815490913321038,
        1.653043510165749,
        1.620391272567686,
        1.80951222558995,
        1.7014006687428118,
        1.6618482847520208,
        1.6537990577411033,
        1.6918369370557151,
        1.7296940783839647,
        1.6365145488680004,
        1.6403700292932706,
        1.6533238157526458,
        1.651192075966334,
        1.7892248423636523,
        1.6443923008757266,
        1.6813076231576132,
        1.6408562045869461,
        1.64315288104888,
        1.6540976331578265,
        1.6360151444980535,
        1.6096968141357226,
        1.6921426884244275,
        1.5828419283033341,
        1.8058995770215385,
        1.6667448969050267,
        1.6255319916363669,
        1.6163136987262452,
        1.5977202614519803,
        1.6440825838915962,
        1.649623205025511,
        1.6338690235146265,
        1.5780977227779536,
        1.6129143040900331,
        1.7395579394644345,
        1.714189348476551,
        1.6937842341243603,
        1.6420257063826822,
        1.578534961778224,
        1.5840141595493709,
        1.6686002022505146,
        1.6475148990093946,
        1.66844405743471,
        1.6262578313223315,
        1.79459911717687,
        1.7089989303839033,
        1.7032935160840492,
        1.712484596823,
        1.712021107395172,
        1.6620144971487931,
        1.710337450455721,
        1.6929832593008878,
        1.672815869925382,
        1.6897571795106574,
        1.7323716961726459,
        1.751416718936979,
        1.7055880338122318,
        1.6694396234993054,
        1.6692907882251773,
        1.692165950458197,
        1.6745796444117564,
        1.6595604967909472,
        1.7032565007908211,
        1.6661305427393034,
        1.7074321800705576,
        1.6060033861837135,
        1.6226687000280955,
        1.6188889623058613,
        1.6173074627920108,
        1.5558078723543276,
        1.6173512047975436,
        1.5949918722958698,
        1.5809756379558686,
        1.6086858559482107,
        1.7507535636462956,
        1.7451763252143992,
        1.6684965979817468,
