{
    "start time": 1730494481.5351944,
    "old id": "823c3e786b3a3513436e23578685447f5dd872de76dc68cab3c83a1034a0f1d1",
    "use_input_gate": true,
    "use_forget_gate": true,
    "use_output_gate": false,
    "use_state_gate": true,
    "use_new_state": true,
    "use_old_state": false,
    "use_residual": false,
    "n_layers": 3,
    "state_size": 512,
    "id": "c342d6c8478fc5e8679066a9f1185a7e2043b591ba2a7c4988af6257718b0a40",
    "loss": [
        3.5333752926726736,
        3.356905857646052,
        3.220959137134751,
        2.9430765341778393,
        2.805397156144721,
        2.615322625654729,
        2.5968233734441504,
        2.5616578756955075,
        2.524439663341497,
        2.4606719492775433,
        2.467484304229306,
        2.3431380195560725,
        2.3308109431304436,
        2.2847522815092196,
        2.2781078221927165,
        2.2708231550014752,
        2.2406332340257684,
        2.1762731620263676,
        2.1548294920140667,
        2.2121835093688214,
        2.1287940761274777,
        2.0810820740257245,
        2.10246350376757,
        2.0941198288404292,
        2.0410594245614444,
        2.095108815895145,
        1.9957233386993547,
        1.9527362736469778,
        1.9656441370126598,
        2.0778814368938954,
        2.0292374109694005,
        1.9618866776860462,
        1.9355230541322317,
        1.9711708066927842,
        1.9506748662708833,
        1.9375127840239057,
        1.9173955960127502,
        1.9415061748614835,
        1.900342494954668,
        2.060697322663211,
        1.9480633829840839,
        1.88833730732788,
        1.8810588244516102,
        1.8476531074576366,
        1.8450691687471483,
        1.8780517493890563,
        1.8167958609527965,
        1.851003370044068,
        1.8488889901059644,
        1.9727236968302972,
        1.8714476633834158,
        1.8124517436496632,
        1.834640913587113,
        1.8481133687609257,
        1.7737564444126133,
        1.778308424649855,
        1.8137844514425696,
        1.73743538170749,
        1.7243048695063283,
        1.885556638054544,
        1.8039102132668556,
        1.7590420652159047,
        1.7200458604541435,
        1.739951612864612,
        1.783313900087537,
        1.7536631166796344,
        1.699817978153232,
        1.7825260293148597,
        1.7259416755434438,
        1.9270040599858866,
        1.7781128047024968,
        1.7919953777186555,
        1.744952582437389,
        1.7250991787643786,
        1.734028953316605,
        1.7358220205062211,
        1.7688647643308877,
        1.709924057160874,
        1.726768798107973,
        1.904023753162597,
        1.7202296673694464,
        1.6690761738272741,
        1.6869003708238695,
        1.7279657846587888,
        1.6675296352173414,
        1.681066010141786,
        1.6900966146081504,
        1.7007256161887627,
        1.6739904350059838,
        1.844869833989783,
        1.7505377478658837,
        1.740013685581561,
        1.7404485897874065,
        1.735124649454559,
        1.7058953108480477,
        1.6747383558378934,
        1.6970072005449273,
        1.673091299928898,
        1.6564244378568478,
        1.8620806194863382,
        1.7142461760688876,
        1.7005137055480921,
        1.7133151601614123,
        1.7013182359833288,
        1.6851827653953906,
        1.701650367369707,
        1.6965129021255525,
        1.664520298729191,
        1.6680354457828739,
        1.840046139101761,
        1.7039156501123525,
        1.7068278311087883,
        1.6237583071094306,
        1.6431655781012366,
        1.6173270423880757,
        1.712299269947915,
        1.6614074099551206,
        1.6734980927923317,
        1.6625200945113228,
        1.7858356931160504,
        1.6378527105786957,
        1.6895311555683739,
        1.6518930491770667,
        1.6610379775606694,
        1.6645199584135693,
        1.6578478447669935,
        1.636854065362714,
        1.6107204571327762,
        1.6006179189779586,
        1.7369943073418763,
        1.6631431429483066,
        1.7037635618013975,
        1.6450553227267957,
        1.6953519931341128,
        1.6670693343998435,
        1.633115286401091,
        1.6555758280415513,
        1.6613212541873064,
        1.59602925429574,
        1.7737880638158852,
        1.6656943258785937,
        1.686309384482602,
        1.6529509277756635,
        1.6551028165358759,
        1.59596565493903,
        1.6365188947919298,
        1.6725127573744258,
        1.6385649322451992,
        1.6470130615885896,
        1.754861880080964,
        1.6506941065297678,
        1.606075954928877,
        1.6062329842479732,
        1.6039932760847033,
        1.5714864728699989,
        1.5847844843063126,
        1.5575557977755008,
        1.5895039044742159,
        1.5999494956627909,
        1.7310730411448167,
        1.6527315259262614,
        1.6769174382118694,
        1.577257670787706,
        1.5739867187163312,
        1.6259819988580135,
        1.6303991496441623,
        1.6248932741583575,
        1.6268700075083675,
        1.589644887331928,
        1.7267237266029025,
        1.6340265544248793,
        1.649791339952349,
        1.6345980926788086,
        1.6258398753406431,
        1.5972614558290206,
        1.6028281782254128,
        1.5682848685512398,
        1.5474933167534335,
        1.5866874882103101,
        1.789121643599302,
        1.6114671765060176,
        1.6018794106018577,
        1.6127797183633106,
        1.6118191163555027,
        1.6266944062409658,
        1.5909336488595565,
        1.5661807785717676,
        1.598506953517207,
        1.616364848769104,
        1.7321131746809553,
        1.611931956241174,
        1.6230606100414224,
        1.5940334083774208,
        1.6580329444736739,
        1.6090688222460166,
        1.626414222465834,
        1.710560694904651,
        1.6182599648588367,
        1.6257883340146941,
        1.7600717415012959,
        1.6437502423527919,
        1.5555097759130743,
        1.5796058475061157,
        1.591085335788502,
        1.6058681833138588,
        1.5963314113129106,
        1.5801963250073408,
        1.5852151891629138,
        1.5762282903712537,
        1.6831011686239286,
        1.5921141005623982,
        1.6257185790128188,
        1.601392037591288,
        1.5646476520597896,
        1.593991025395457,
        1.5914594039340588,
        1.6141163253149269,
        1.5781559816470452,
        1.5863410381047776,
        1.7747509136087025,
        1.5935266029560369,
        1.583157779528213,
        1.5511507014192716,
        1.6004334863739855,
        1.5483019311208097,
        1.590532299889865,
        1.6012974501904575,
        1.5969567232250002,
        1.6017835642865699,
        1.7077900264187325,
        1.6027574828055027,
        1.6037531373288416,
        1.5643204468996212,
        1.574166935722077,
        1.5717832561227847,
        1.553825937562678,
        1.569820595417238,
        1.5804626287341963,
        1.5787290650244992,
        1.7278459680203726,
        1.605496087548221,
        1.5596096667321204,
        1.605724209312289,
        1.5882353220453977,
        1.5878818684839466,
        1.606940746264306,
        1.528144505098649,
        1.5788480652410513,
        1.6204507346703423,
        1.7133179838038612,
        1.5958559846601188,
        1.5871871392781072,
        1.5394750684844942,
        1.538090013541586,
        1.557914223576481,
        1.553441999028698,
        1.5909977523055998,
        1.5844512155602637,
        1.558132394105153,
        1.7219638915488913,
        1.6226724123742224,
        1.6097647694128474,
        1.6024455730382636,
        1.5624648883998862,
        1.5664466169815476,
        1.567258294139872,
        1.5254165717200951,
        1.5788038557691533,
        1.5637433510465826,
        1.7055844056237663,
        1.6193524488256463,
        1.5714567779354278,
