{
    "start time": 1730494170.122993,
    "old id": "4244127c6bf81361f5c5d4b822e7ef629ffb06f2732267c8c984787147c3b34b",
    "use_input_gate": false,
    "use_forget_gate": true,
    "use_output_gate": true,
    "use_state_gate": true,
    "use_new_state": true,
    "use_old_state": true,
    "use_residual": false,
    "n_layers": 1,
    "state_size": 256,
    "id": "c80c447a95cb35ff364c0ee94a1c9a068b29c4abda86348ed903c6f755147dea",
    "loss": [
        3.44435720258919,
        3.1226465096984217,
        2.807554495173629,
        2.683634860261692,
        2.580514701533081,
        2.50083880533264,
        2.416635267902509,
        2.3839161353012472,
        2.326470820357802,
        2.363124472359501,
        2.2194830702526196,
        2.1639178792013327,
        2.2138911338081404,
        2.086654648252451,
        2.1240930645669525,
        2.0747213613399853,
        2.04974177437107,
        2.047406566100124,
        1.9885452999283713,
        2.0428722677995124,
        1.9979831735654525,
        1.917752894637879,
        1.9212888476441723,
        1.926752834833744,
        1.9675259440486488,
        1.923598733970149,
        1.9116408953817816,
        1.883681082442378,
        1.874340348877127,
        2.0285047076308,
        1.9479569484337278,
        1.9235407297436664,
        1.8642977145568222,
        1.8723236050456418,
        1.867316247563911,
        1.889903134360612,
        1.8052307997859183,
        1.8047553934689484,
        1.8147011375275186,
        1.99085804454412,
        1.8246814584547404,
        1.799351767106843,
        1.7653750944334532,
        1.8125940567496772,
        1.7623436358266111,
        1.828967707755099,
        1.8327218085035129,
        1.754595362068628,
        1.7551048724999394,
        1.8895475116696316,
        1.8131353699639141,
        1.780250048153414,
        1.7609639388972977,
        1.7197292598699885,
        1.7367333186281637,
        1.7783955443354267,
        1.731618009093412,
        1.801497565384169,
        1.7636320099535556,
        1.8791618155890726,
        1.7810680245605393,
        1.8260229806226027,
        1.717679856449438,
        1.7554000014654216,
        1.7190624322439747,
        1.7786261804732686,
        1.7941204888338151,
        1.726201995075702,
        1.7248447602499244,
        1.8461683329415641,
        1.733342525390105,
        1.6868928298381278,
        1.6649400947911281,
        1.695898612428716,
        1.6879179032445168,
        1.6808628452533778,
        1.6936559384767038,
        1.6921828944173785,
        1.6953304626395498,
        1.8606172676951007,
        1.775727152468093,
        1.7660945864475197,
        1.7022674603385062,
        1.7155855037749064,
        1.6511031889290377,
        1.6788327643630092,
        1.6768960379798084,
        1.706564112306384,
        1.6972880843092544,
        1.8181449463584836,
        1.739801043982089,
        1.69955428412095,
        1.7193811868134705,
        1.6920996431511557,
        1.6923117602361155,
        1.6878106139927966,
        1.6806462054879125,
        1.7125667298016907,
        1.7260736412969897,
        1.8168939800640853,
        1.7145672225509438,
        1.6614051821775022,
        1.6878229369682625,
        1.6349008190086778,
        1.629161863458871,
        1.65816190062899,
        1.6785318362793362,
        1.6720491667380495,
        1.6607117223248034,
        1.7943786829482669,
        1.6944832466386086,
        1.6605353347998217,
        1.6529043936679282,
        1.6334228372431192,
        1.6396755682967046,
        1.635688496781867,
        1.6636595082758865,
        1.615342059322969,
        1.6786618615913909,
        1.815610766693846,
        1.707408822117566,
        1.7142350506635877,
        1.6644546066052672,
        1.7152382622821698,
        1.6572729662711791,
        1.6594264911900654,
        1.6433815387833215,
        1.625354766905591,
        1.6512058055069578,
        1.7739756356716276,
        1.675110441358251,
        1.6923578871100735,
        1.6185132339488526,
        1.6571065804071134,
        1.6509953231626389,
        1.6504849769771226,
        1.6479220862473285,
        1.6864633265431441,
        1.5751132272238957,
        1.7804762412822732,
        1.680521335867655,
        1.6568177812515132,
        1.6391892835402595,
        1.6383631473641678,
        1.6239888135516223,
        1.659530008022412,
        1.6186993010276236,
        1.6164171671831746,
        1.6177851984418803,
        1.7223548860880997,
        1.7158991698935422,
        1.6681379123045954,
        1.6633990425589649,
        1.6187832216558236,
        1.648995350307135,
        1.6354156807882336,
        1.6323127475504915,
        1.6307613673832866,
        1.6434689644344598,
        1.7423320871163603,
        1.6938710056104371,
        1.7053131499560688,
        1.6588290232754768,
        1.6020424330146714,
        1.6376540307098173,
        1.6462322014689414,
        1.6639064057227115,
        1.6060103039114877,
        1.6108819113901145,
        1.7477569924381122,
        1.679597860213743,
        1.6461268798417963,
        1.6397268054662406,
        1.6149646115769563,
        1.6327861971268998,
        1.687662390566143,
        1.639137197548667,
        1.6103430740632696,
        1.6451506838677499,
        1.7738318252331846,
        1.6615806453247317,
        1.6704660310348365,
        1.7158715406320788,
        1.6451863945784544,
        1.6433245578806754,
        1.6472203461672037,
        1.654074488244867,
        1.6204671326079647,
        1.60320091928989,
        1.7533857332151577,
        1.6593241253740345,
        1.67169294595077,
        1.6199194491904003,
        1.5872447791281905,
        1.6101119149324856,
        1.5914682425922269,
        1.6212705604645707,
        1.5842753592022754,
        1.6240180783666474,
        1.7556182648054557,
        1.7111136521140073,
        1.7386101621378802,
        1.645042369899766,
        1.6903544322365867,
        1.6987889135571457,
        1.6184638354420637,
        1.6606668063297176,
        1.6400898047793877,
        1.592652130769427,
        1.7621252802732124,
        1.7183012175729022,
        1.670694183020071,
        1.6639930430516292,
        1.6713402082013489,
        1.6649442797163616,
        1.6260650335618148,
        1.6410313943650467,
        1.6582878648368662,
        1.6774197891569174,
        1.7291383130624507,
        1.6513337796584144,
        1.6334702014136626,
        1.6351719131495388,
        1.6445762955911742,
        1.5927670724195448,
        1.6096953695920955,
        1.6271871429707616,
        1.6467998955111978,
        1.6744836474611404,
        1.718769117908321,
        1.6796002727030017,
        1.731824251229914,
        1.633326400278407,
        1.6193903646165548,
        1.6587322195305667,
        1.6637605179259454,
        1.6542651465709635,
        1.6387367417118333,
        1.626544035312813,
        1.7619513474932644,
        1.6452727622581407,
        1.6579491488617764,
        1.647181574333619,
        1.6493038884367255,
        1.651093029992791,
        1.6560723456506026,
        1.5648278172737697,
        1.6337535772288898,
        1.610393270202364,
        1.7653235857021237,
        1.6941200273773467,
        1.628883090860584,
        1.588727956167806,
        1.5820414880442346,
        1.6269846580904084,
        1.643572102226888,
        1.6550853976920534,
        1.597340155809177,
        1.6490341407224658,
        1.720512739718578,
        1.6651985375157823,
        1.6476375289090908,
        1.6484447710766983,
        1.6471728580968679,
        1.6411666451516491,
        1.6356922286440316,
        1.6589352059749944,
        1.6306894957392808,
        1.6415149280100745,
        1.7482243784276015,
        1.678736335024108,
        1.6539426928656942,
