{
    "start time": 1730498075.3433177,
    "old id": "3b71ec7689912505105fd6bee9b4b23ee3aabbdea3674ced3fc00db42fa160ca",
    "use_input_gate": true,
    "use_forget_gate": true,
    "use_output_gate": false,
    "use_state_gate": true,
    "use_new_state": true,
    "use_old_state": true,
    "use_residual": true,
    "n_layers": 3,
    "state_size": 512,
    "id": "c9d52fc7356933793c4da5dc0aef404e493e0a161e79b49ac684322682c6d692",
    "loss": [
        3.4612552257524265,
        3.1494912677235796,
        2.911072690161162,
        2.7189501489498045,
        2.6431662489589076,
        2.493176650730875,
        2.3944033733923633,
        2.3613123681690027,
        2.270777785419059,
        2.214124297930618,
        2.172998116305866,
        2.1535156970192153,
        2.1039243330735253,
        2.0717307358883508,
        2.075994342955392,
        2.0807399459465716,
        2.0105409528394422,
        1.956968445345795,
        1.9666036765999677,
        1.9833350074981801,
        1.9579819420246252,
        1.9105109863843075,
        1.9035543208027599,
        1.9212942225256668,
        1.9075509276300606,
        1.92379649694087,
        1.8633315308718517,
        1.8143527220828473,
        1.8209730793077703,
        1.9658475784402762,
        1.9029488631390945,
        1.8729514046411098,
        1.8255361890446513,
        1.8332447163083017,
        1.8015730885120633,
        1.7955688518627353,
        1.775872450781765,
        1.7997452019636548,
        1.7343984092450644,
        1.924747140843111,
        1.8101437953034019,
        1.7103641005949888,
        1.765276526926398,
        1.7436000084153223,
        1.6780544785210239,
        1.7037113738549414,
        1.6873428358046625,
        1.7075700670326373,
        1.6754202961520908,
        1.8220961000421785,
        1.7334031798538927,
        1.7357624936765612,
        1.708388836712034,
        1.7239462686208766,
        1.7307054749021995,
        1.7028155816106134,
        1.6478638328289097,
        1.6781257608415199,
        1.671845383443565,
        1.8339796405549391,
        1.7204133577304208,
        1.7201734233579837,
        1.6891320387577287,
        1.7238640853433604,
        1.6604184617637556,
        1.6503241882996047,
        1.7004269858786063,
        1.6766795997952113,
        1.6195303467653226,
        1.7851880801627866,
        1.7203171387424805,
        1.6795043096117035,
        1.666638047127322,
        1.6557300688961654,
        1.6425724168680496,
        1.6656192838744444,
        1.664687891393347,
        1.6791510888117398,
        1.620865905717787,
        1.8441140712933073,
        1.6961078949769293,
        1.7119523702260881,
        1.725317169580384,
        1.6888466165584297,
        1.6483988105902447,
        1.6568679645255326,
        1.656415062733405,
        1.6701411680572469,
        1.6395549861878744,
        1.7968292113263291,
        1.6701588804328173,
        1.6601638307442845,
        1.618224685812948,
        1.5897684632976379,
        1.5959250906968447,
        1.637579926610262,
        1.6006707433140426,
        1.5853983855913982,
        1.6186891993062236,
        1.7587513243657245,
        1.6468438997401638,
        1.6331476485867036,
        1.6813457611057518,
        1.6296889056842752,
        1.604946321924472,
        1.6404432931491015,
        1.6360835740624455,
        1.6524084214095218,
        1.6154523371395622,
        1.737029943662615,
        1.6345919781355998,
        1.5889012782939753,
        1.6031756118835092,
        1.6136147673076826,
        1.6191022841369043,
        1.6331425289469625,
        1.5844119838941741,
        1.6242272828157558,
        1.6730283986059526,
        1.7621668578081633,
        1.6868242096681305,
        1.682554669110362,
        1.5934431082526725,
        1.6385918187193695,
        1.6431627039170547,
        1.599653808884909,
        1.6035249102581277,
        1.584091962295621,
        1.59501648565982,
        1.7446254878635663,
        1.6537139045518567,
        1.586337240498418,
        1.5808413322770778,
        1.5745497266146404,
        1.5385120965974237,
        1.5933505817222362,
        1.564595774379813,
        1.5653076666286485,
        1.5948902566009935,
        1.690352263604844,
        1.6350788749196694,
        1.6475761858252087,
        1.6202303735181456,
        1.611207791026591,
        1.620668136984517,
        1.6119531866366406,
        1.5559389021381662,
        1.598189864225694,
        1.5652582204788543,
        1.7603161155709142,
        1.6780681506611235,
        1.6488208359180487,
        1.6427056929074069,
        1.582830506841322,
        1.5730410048152637,
        1.5114637618967122,
        1.5712260097500164,
        1.6289893127919013,
        1.5786376534006201,
        1.751005033391132,
        1.7365774066214599,
        1.6160063774002762,
        1.632243329019983,
        1.5983116763135188,
        1.5757695060062271,
        1.5842951710259496,
        1.5841570968503191,
        1.6264859186385665,
        1.6152440036791094,
        1.6860536942610922,
        1.5963504543812561,
        1.5932558042743332,
        1.5915656169499512,
        1.614628843124156,
        1.6281541824144166,
        1.6003586349520775,
        1.5769998525610145,
        1.5946706450548167,
        1.5705130477151974,
        1.7209255247057498,
        1.64199559048707,
        1.6405676907968076,
        1.5739454646500686,
        1.6072556453331186,
        1.5822802522077986,
        1.5975332153392765,
        1.5959977261709783,
        1.6276000608424364,
        1.6119469080581947,
        1.666893414109078,
        1.642652179067348,
        1.6196339680175416,
        1.5641725216884579,
        1.5881643296682515,
        1.523886212875431,
        1.5576629237217041,
        1.5601603277239693,
        1.590825904624863,
        1.565379386718002,
        1.6849975452866695,
        1.6368670413966135,
        1.6551926050401529,
        1.594778292354306,
        1.5718825738094866,
        1.56542618366107,
        1.579457303751333,
        1.627080477006628,
        1.5804062523366242,
        1.5449776887471993,
        1.6692064171190824,
        1.6169898353346175,
        1.5713830088842868,
        1.5692126481427766,
        1.571669300394261,
        1.6039862316858047,
        1.5671693727204015,
        1.6084603663220516,
        1.584471227749725,
        1.593162790075902,
        1.695020488472048,
        1.596726991128742,
        1.6062301341293934,
        1.5581912853614202,
        1.5647371219621256,
        1.595161624466943,
        1.5819614242273312,
        1.5903204104225988,
        1.5767454840764557,
        1.5954642731923705,
        1.6747078002832076,
        1.6116865602822132,
        1.578127857707241,
        1.5623449501680697,
        1.5758064360869095,
        1.499912699473114,
        1.581694300819763,
        1.5366325815621817,
        1.55567012391256,
        1.5255990425418409,
        1.699655776391918,
        1.6011747269428414,
        1.555870810322178,
        1.5928423267912952,
        1.6130554749073196,
        1.5498286160138102,
        1.5507648693956357,
        1.6138139120462074,
        1.5707301088493966,
        1.5792983792254072,
        1.6789700017433238,
        1.6368511847596454,
        1.602885236307408,
        1.62990595431513,
        1.593218000685997,
        1.5305171209459085,
        1.5292544827969508,
        1.563285867597978,
        1.5729798934663672,
        1.5736516308741137,
        1.6492027927914352,
        1.6159182747173575,
        1.5989458807341914,
        1.5227879297268454,
        1.5071443696444706,
        1.588445322963147,
        1.5672846255506778,
        1.5480304403375316,
        1.5518422295810224,
        1.5146949855231056,
        1.689223878039631,
        1.664150855242247,
        1.6236297429119622,
