{
    "start time": 1730495358.1128268,
    "old id": "3fdf2f93390cb638566f51d370d541fb92f40ea0687994b88d1f7b0f7f36aff5",
    "use_input_gate": true,
    "use_forget_gate": true,
    "use_output_gate": true,
    "use_state_gate": true,
    "use_new_state": true,
    "use_old_state": false,
    "use_residual": false,
    "n_layers": 3,
    "state_size": 512,
    "id": "cb64ab8d3ac39d1e4f41b5d58a16c3f8bc5903db078db0f679d5f6e6f5fa3ca0",
    "loss": [
        3.6024331011222865,
        3.4019159501418286,
        3.255076815089515,
        3.027821278684591,
        2.9361272317050955,
        2.8001664322652764,
        2.7936643906636536,
        2.752698344168681,
        2.6796714996914566,
        2.68867116750129,
        2.6491607315024246,
        2.6205232219576344,
        2.555599525445628,
        2.55498471407796,
        2.5049973002693373,
        2.4662627205504295,
        2.4356961588266213,
        2.388674223600845,
        2.3909358217721715,
        2.437181804259123,
        2.392732942551672,
        2.347742782526577,
        2.2894952361834093,
        2.31458915099391,
        2.265150498211386,
        2.2092269454304745,
        2.223033950335638,
        2.2126750238616517,
        2.2151851160457787,
        2.2632504224804486,
        2.146568819380629,
        2.1494455117512374,
        2.120065563337087,
        2.1251171955349655,
        2.0858492448301376,
        2.11182350479171,
        2.107650336578582,
        2.063111658188917,
        2.074207517752795,
        2.183533224091603,
        2.099414145493071,
        2.0454376421529252,
        2.040447414333897,
        2.028573825638503,
        2.021426298050973,
        2.0146788159752136,
        1.9478498193340454,
        1.9809669412455142,
        1.9720207989146052,
        2.1346231320010487,
        1.9716023428558989,
        1.9611507994013193,
        1.9803316061061265,
        1.9428112441191616,
        1.9164313692756538,
        1.9877988490912841,
        1.9287407964320444,
        1.9279149349427882,
        1.9381900083763697,
        1.982221894575432,
        1.8938295547630173,
        1.8959474012770303,
        1.898333141543786,
        1.860145675586721,
        1.8637145677615217,
        1.8727990852890122,
        1.84916694958542,
        1.863652332020432,
        1.8581391227256403,
        1.9709285820882876,
        1.8642276210550492,
        1.8478142758498162,
        1.8725404607516112,
        1.8629843996103732,
        1.7934816758672638,
        1.8112981164121755,
        1.8195522389524934,
        1.7628305197832532,
        1.7800200157960522,
        1.96732908607378,
        1.860854138397399,
        1.8238329453988231,
        1.7633098159105103,
        1.7744851292122976,
        1.8075313965044557,
        1.7688283772483413,
        1.7478984342822135,
        1.7711724328823422,
        1.7718579425322574,
        1.9337953743787117,
        1.79127828540124,
        1.7753235016609525,
        1.7435920958388262,
        1.750426729116598,
        1.7654101929797659,
        1.7259474197060405,
        1.6912512035552412,
        1.7472374034567808,
        1.6910913349013674,
        1.8561887437867617,
        1.7723037263498858,
        1.759932349819255,
        1.7381388802002007,
        1.7378438009430097,
        1.7246500318139364,
        1.7532646090931436,
        1.73841325026662,
        1.73257514110532,
        1.716388241172101,
        1.9486804211030375,
        1.7709533480212944,
        1.754289232234961,
        1.7879222296057262,
        1.7681065939740028,
        1.7284153354850513,
        1.7406924165593063,
        1.6999541883592777,
        1.6846372148244102,
        1.7054685267154845,
        1.8462706046444257,
        1.7122845727025058,
        1.6749133096371862,
        1.6981173973792139,
        1.650063126936864,
        1.685678159994414,
        1.6315603058930046,
        1.5824612076910274,
        1.6406899820756957,
        1.6467737441907089,
        1.8189491089544967,
        1.7498888020465586,
        1.7277111305166997,
        1.7129915528136703,
        1.6861776022015147,
        1.7057667107039718,
        1.7170735737927663,
        1.6957152392626622,
        1.6498518023063595,
        1.6444639625398707,
        1.8285809657306598,
        1.6928032130489563,
        1.6976995316113006,
        1.6472810581582868,
        1.6520997073915176,
        1.645725468973465,
        1.6693307395739199,
        1.6466874111157845,
        1.6392278701539953,
        1.6533120212364076,
        1.7525654818400935,
        1.6998728082998593,
        1.6717540947747218,
        1.6227315062234577,
        1.6041029084939218,
        1.660252935473858,
        1.6365833637157183,
        1.6490995772315524,
        1.6263884193102442,
        1.6147842974560067,
        1.7116512600764193,
        1.666995571391068,
        1.608647420067231,
        1.5560779547428718,
        1.617183262949309,
        1.6450747687206044,
        1.6095946494967974,
        1.5717526276471203,
        1.5866214789085056,
        1.5891174420878025,
        1.7274486085430143,
        1.6707109811467846,
        1.657264368091409,
        1.6418266054631119,
        1.5997253026399014,
        1.6010744391498757,
        1.644980037219622,
        1.5997411080255235,
        1.6378502098893097,
        1.5792014554618197,
        1.69276805169558,
        1.6451607000869892,
        1.672889125635246,
        1.6210271339705498,
        1.5738687062332792,
        1.6424630547479555,
        1.624089260425755,
        1.570205508524885,
        1.5977420170218488,
        1.5861862323079894,
        1.724820462878856,
        1.6230646807352165,
        1.6191026758703262,
        1.5577795376432757,
        1.6034043516558347,
        1.5768454967393597,
        1.5716473199998355,
        1.5719546756654281,
        1.5816488493443555,
        1.5447277711627532,
        1.7109947650330573,
        1.6358171362831395,
        1.648348736535513,
        1.582323755634219,
        1.5764448550336143,
        1.5869528077249497,
        1.5377834276391555,
        1.5609187353179974,
        1.5678217969875217,
        1.548550861853175,
        1.7560401275125428,
        1.6141277528029103,
        1.61166665204223,
        1.5912693149846677,
        1.6214436137951762,
        1.5759107215700365,
        1.5794295884114207,
        1.5653816878843254,
        1.5939740753321092,
        1.5614593831499395,
        1.7381362101093247,
        1.6578608733895932,
        1.5995612670708148,
        1.5555204994508423,
        1.575467227772296,
        1.585187727582705,
        1.6020903117966931,
        1.586692070893548,
        1.5729259563883753,
        1.5517266714441966,
        1.7037585194246343,
        1.6369242124637815,
        1.6415751420189797,
        1.6048015709864816,
        1.52083364096578,
        1.5579654717987839,
        1.5624607725875679,
        1.5620700993140961,
        1.5368509786865185,
        1.5634353962176906,
        1.6806969492559174,
        1.662638411194087,
        1.6309227576749044,
        1.5851722878106058,
        1.587425553174365,
        1.6023973060257617,
        1.572772300110295,
        1.5916943544220075,
        1.5537126559506647,
        1.5629829007416143,
        1.6942794114320199,
        1.589128124319442,
        1.5989778014691178,
        1.579523663611315,
        1.5439857119951719,
        1.5801995061408096,
        1.5536004226698876,
        1.563991593937836,
        1.5578126977989981,
        1.5263371195708364,
        1.6846382844220984,
        1.586709276577069,
        1.550408430081843,
        1.5799789009648797,
        1.5211109896061725,
        1.5810616757634697,
        1.5522169081425683,
        1.5653649472310862,
        1.5425385201011608,
        1.5775385601081364,
        1.6616021171383373,
        1.5876028823954116,
        1.5806216491271787,
