{
    "start time": 1730494312.5248325,
    "old id": "101e5e6099999fc2d2232662b038ac3d468d59b1103416c31e59f0a2920c4e01",
    "use_input_gate": false,
    "use_forget_gate": true,
    "use_output_gate": true,
    "use_state_gate": false,
    "use_new_state": true,
    "use_old_state": false,
    "use_residual": true,
    "n_layers": 3,
    "state_size": 512,
    "id": "cef46758e56d50e40c21e3f4629c274742a66cbc991bd3a9d2187dda03696c64",
    "loss": [
        3.4096189408361384,
        2.957108363503152,
        2.7775909738488305,
        2.633232232821517,
        2.529777012414468,
        2.4526120133870313,
        2.3507539777899145,
        2.301489457933081,
        2.3013732961858793,
        2.2771476136314597,
        2.2313485061110523,
        2.1297778465157595,
        2.1266155142873036,
        2.1083620142842014,
        2.0622742298238435,
        2.064654273269915,
        2.025725907135328,
        2.0233246788547303,
        2.004893334148712,
        2.0596789018489488,
        1.9703834145371708,
        1.9313856753623553,
        1.9112145247888,
        1.9017474965798409,
        1.8738117597132011,
        1.923650349759032,
        1.883223745243432,
        1.8512170319806436,
        1.861093647980516,
        1.9750451909166695,
        1.898505210481405,
        1.8466723858560707,
        1.862474615894004,
        1.7991297287219983,
        1.7737303022768052,
        1.8168680505178496,
        1.7567723214022666,
        1.8179979545031582,
        1.76633921685534,
        1.904595504715229,
        1.8280505393927005,
        1.8571264148898103,
        1.8031126259218244,
        1.8418967430745303,
        1.8211774598834876,
        1.8098739985107517,
        1.7804805659515255,
        1.705144239384525,
        1.748113687272057,
        1.907598284464266,
        1.8444491108443901,
        1.8079990585645447,
        1.7696225192972914,
        1.7666175273204159,
        1.7775461666779329,
        1.7459505275924712,
        1.7564883887679474,
        1.7327998008858994,
        1.7541020841742792,
        1.8668177760069722,
        1.7401749987966695,
        1.7285571497080399,
        1.7190232583402816,
        1.7530024034484415,
        1.762631858067587,
        1.7318815618278138,
        1.73941404576372,
        1.7208325867244731,
        1.7113089750399193,
        1.8819494856999996,
        1.7689441131805947,
        1.7158822311468678,
        1.7756092192337718,
        1.7173084290072977,
        1.7315568806434452,
        1.6660161740567203,
        1.6930942408054128,
        1.7531420104528133,
        1.6990282967340233,
        1.8761653942732193,
        1.7192902539100428,
        1.666570670906079,
        1.6767635177338207,
        1.7072813130765172,
        1.6782129609188001,
        1.6747169559613693,
        1.6795026017656192,
        1.675885462279051,
        1.6669484740574374,
        1.8251655648044232,
        1.7754190856476528,
        1.731834833749762,
        1.7564947465070144,
        1.7553794944707455,
        1.7186835900172894,
        1.7270873251484864,
        1.7045039845927985,
        1.6532103157200073,
        1.6595775008918705,
        1.877104557710417,
        1.7345757679616713,
        1.7629605929156287,
        1.6812579083305979,
        1.6526030899546151,
        1.6299894873426362,
        1.6641239093127411,
        1.6884380491090032,
        1.7175122061844308,
        1.7076761783057297,
        1.8385926202694063,
        1.7723402055268003,
        1.743284769229759,
        1.7092883697855878,
        1.659589181108732,
        1.6972926751439923,
        1.6944843342971703,
        1.6783513348121433,
        1.7055732923050209,
        1.6885411823943464,
        1.781836509176877,
        1.702206051899755,
        1.688125775056749,
        1.6864108355262888,
        1.6867721011677668,
        1.6795982025478293,
        1.6857615310474487,
        1.6544796485536208,
        1.6428379635562338,
        1.6852636964117895,
        1.807438877069302,
        1.7231106715560107,
        1.7350639505241674,
        1.6677843251086288,
        1.6656601604227086,
        1.6643613530838095,
        1.7238933756669403,
        1.724830377560576,
        1.7172448662496027,
        1.7031903633668286,
        1.80460820781585,
        1.702627150352098,
        1.7136626146568519,
        1.699565285910948,
        1.6394766731512946,
        1.7162300291417263,
        1.671448766230725,
        1.6993852226075161,
        1.6856786621684605,
        1.7097909663701818,
        1.831651261737999,
        1.6758060203544622,
        1.7092099601184896,
        1.6902213678682656,
        1.6188642533887272,
        1.6724271627536307,
        1.6533839074533268,
        1.6171728736987048,
        1.6301396784504145,
        1.6654335590448897,
        1.787493624394361,
        1.76886036129036,
        1.6903642869625821,
        1.7211698069825594,
        1.7240508411332256,
        1.7236671841421973,
        1.6744555950285351,
        1.673875239631015,
        1.6298434319828117,
        1.6834372150791936,
        1.8247072221633256,
        1.7746578436802618,
        1.7353375733694407,
        1.7284706855416354,
        1.714066276410728,
        1.7070519530542816,
        1.6889891475976229,
        1.7232614663425168,
        1.7240665693141268,
        1.7077083046946562,
        1.7862124487299509,
        1.690092856035608,
        1.6765919583247781,
        1.6734579900101114,
        1.7208291732762826,
        1.7172086366656747,
        1.6856185047782977,
        1.7537473764894793,
        1.6835095425628879,
        1.6798158372023517,
        1.7896887617364674,
        1.7163188562689453,
        1.711796882817814,
        1.7268313823456565,
        1.7015192655069198,
        1.665677667359591,
        1.6540706517987618,
        1.67156616540095,
        1.6571770171953364,
        1.6864720364281995,
        1.784693206274365,
        1.7216589832904896,
        1.6673424513158632,
        1.6850753332628587,
        1.6622515415822612,
        1.677401014051085,
        1.6520567979354814,
        1.6685027584168368,
        1.6560731305465253,
        1.615110315990526,
        1.7812244142138465,
        1.704649236988233,
        1.6971636280519484,
        1.6855873020966483,
        1.7092152646869787,
        1.6989233384731313,
        1.700923719548413,
        1.7040856718903143,
        1.6908662474039533,
        1.6931436807505134,
        1.7834808795287105,
        1.656719069349053,
        1.7206740229162358,
        1.7192652422559886,
        1.6756107828757154,
        1.6365190159574234,
        1.6618354152051749,
        1.6627384069119493,
        1.6656136767171892,
        1.7024628387845246,
        1.8148595752424928,
        1.7647402824345915,
        1.725026485277655,
        1.6904741095301687,
        1.695320443767071,
        1.6513673375667366,
        1.6656948359230066,
        1.6842915446682791,
        1.6860819610725175,
        1.712298927224598,
        1.7515032199418608,
        1.6390316671616,
        1.6632889654152734,
        1.6347478751391245,
        1.6266275121870248,
        1.6278640666082613,
        1.6427855858574183,
        1.6940049954950058,
        1.6681420502703783,
        1.648686523982637,
        1.7601641787594982,
        1.7363082382076147,
        1.6790612575983832,
        1.6857343735949104,
        1.6985286559072859,
        1.6774819378914223,
        1.665580278563257,
        1.6158200517275203,
        1.6106124267029505,
        1.6675942200824951,
        1.7783191232734405,
        1.805122476379977,
        1.7346025780037662,
        1.6927643973745379,
        1.6790987036848957,
        1.701438825497135,
        1.6782092671273352,
        1.6625854485724927,
        1.6664627350663999,
        1.6229182405823666,
        1.7832908032125006,
        1.7416902668967018,
