{
    "start time": 1730496839.3030467,
    "old id": "b2ef0d9c20df88be2a17549874b84be54efb383cbdc44b80e99e7fb49dbce9fe",
    "use_input_gate": false,
    "use_forget_gate": true,
    "use_output_gate": false,
    "use_state_gate": true,
    "use_new_state": true,
    "use_old_state": true,
    "use_residual": true,
    "n_layers": 1,
    "state_size": 512,
    "id": "d2327420f5fb240750bd6c5d0e96c56f812885333e1c63d70581224710c1abbb",
    "loss": [
        3.261373368023244,
        2.8469895117389097,
        2.6796207088789017,
        2.5383936848349355,
        2.4610086966704685,
        2.335467609945869,
        2.381518174112798,
        2.2814894236099152,
        2.189480415408757,
        2.220444803006087,
        2.153665923115104,
        2.090709798732104,
        2.0270660751365046,
        2.042005713445212,
        1.9436774459655513,
        1.952497811381841,
        1.9353718487035123,
        1.9288901048096039,
        1.9054430664641029,
        1.9493928297215761,
        1.8789001039725326,
        1.873114354038821,
        1.7964286364082345,
        1.8412151258746063,
        1.8073920821529788,
        1.78561570519396,
        1.7431733459655896,
        1.748775529002809,
        1.771484937404459,
        1.8580941829501831,
        1.7599565240137909,
        1.7787051375767036,
        1.7474052540124776,
        1.7134105349246864,
        1.7329132046473943,
        1.7143233335072867,
        1.7372856185186867,
        1.7044713673684404,
        1.6738485394363294,
        1.8266576607337168,
        1.8063384160525833,
        1.7312114129349727,
        1.7758850399127286,
        1.7173763330477796,
        1.7698543417168655,
        1.7628029635271059,
        1.7321595264440657,
        1.7002313436172467,
        1.688848656636639,
        1.8463829489678774,
        1.7832459915540642,
        1.7357172890881805,
        1.667873004494995,
        1.6979354199295762,
        1.6827422664207965,
        1.6708760126915703,
        1.6847900597853342,
        1.6355229307936323,
        1.6139757384434097,
        1.8259062651839717,
        1.7254111866156134,
        1.6759782395665765,
        1.7177925218902028,
        1.6651927787194598,
        1.6820776818681054,
        1.6740230421731748,
        1.7525451841349968,
        1.7050525028709795,
        1.6846922446031256,
        1.7941863272766594,
        1.7155706083298634,
        1.6925491605548988,
        1.6900889496171323,
        1.6210852813335763,
        1.6527611610517954,
        1.6420145328925069,
        1.6551789691821424,
        1.6511800500491596,
        1.574114536634868,
        1.7894932402261248,
        1.6785025664825486,
        1.6169249536035317,
        1.6771177850859766,
        1.6075032573543062,
        1.5912107259033745,
        1.6181030343080056,
        1.6241648487161047,
        1.6113420628024253,
        1.6238948515127627,
        1.7692764174731765,
        1.7449179330332127,
        1.6580405330591341,
        1.6832245787007818,
        1.6048784817154722,
        1.6503059320241482,
        1.62913727843447,
        1.6292232249994583,
        1.6405154576923728,
        1.6197788877340935,
        1.7770682833397442,
        1.6849124642680688,
        1.667452965957755,
        1.606008512409215,
        1.625156067776883,
        1.6457225715116297,
        1.6236525955223493,
        1.637058324057117,
        1.5990303514849373,
        1.640713808057743,
        1.8081397242213677,
        1.6503638180395444,
        1.6577568275777999,
        1.6280139234177071,
        1.6187816089397884,
        1.6562388856053558,
        1.6065075518888754,
        1.657423466276985,
        1.6297733181373129,
        1.596191094567843,
        1.7539723209175888,
        1.6751984592476652,
        1.6537424987957265,
        1.658109121261315,
        1.6164883591006303,
        1.6181006873446107,
        1.6488141757020052,
        1.6497531204519327,
        1.603027720372552,
        1.6255972104113292,
        1.7030426703557022,
        1.646285340944766,
        1.6209180892122719,
        1.6204211000185758,
        1.603934217537196,
        1.6630827100075118,
        1.64805794728021,
        1.656524377487305,
        1.6030766044614124,
        1.6398796301994925,
        1.7426992281916318,
        1.6779274496215608,
        1.6654863941165674,
        1.6548404069451927,
        1.6431063199373732,
        1.6052123440952355,
        1.6219908574948003,
        1.6098304938684629,
        1.5524130509558518,
        1.579263527582999,
        1.7123854946392818,
        1.6469433300649228,
        1.6118733142319315,
        1.6012728580221254,
        1.6186912365518398,
        1.5764989376094345,
        1.6114689858192666,
        1.5808085586453986,
        1.5749830313247466,
        1.5512307444048743,
        1.7242823714017677,
        1.6503178705829762,
        1.6666800918610194,
        1.6740218045081627,
        1.6804653373548282,
        1.652374010036664,
        1.6091790892855806,
        1.6333660165835722,
        1.6263403599505912,
        1.6064276161424458,
        1.7773685048904577,
        1.6537836469447247,
        1.6483810505874779,
        1.6415448698326067,
        1.6832977293769404,
        1.6280504045662751,
        1.6390017234758707,
        1.601544075377383,
        1.598886842018016,
        1.6216379512849648,
        1.7191730041266058,
        1.6817964514875428,
        1.670424714596955,
        1.6470569180342105,
        1.706081282499686,
        1.6643290856508257,
        1.5732003493176367,
        1.6044100265082362,
        1.6592963337447018,
        1.5993961523432105,
        1.740257671424399,
        1.6588603082014037,
        1.660604820478534,
        1.6437852722552162,
        1.6049423678994519,
        1.6197511251210426,
        1.6230012505252194,
        1.6137784629969059,
        1.5738292900136757,
        1.5656368421474014,
        1.7237397724455208,
        1.6329316405371144,
        1.60822410373068,
        1.6399915863841172,
        1.6174189658464688,
        1.6397963925817183,
        1.6230195301386054,
        1.6430269009698308,
        1.6476854628939182,
        1.6395449036258316,
        1.7545512657636382,
        1.6649749030343297,
        1.6262193703302297,
        1.6608458992687953,
        1.6260632082309867,
        1.6107479872938046,
        1.6116664062428632,
        1.5906180751688486,
        1.5705829975280272,
        1.6355517711444976,
        1.7331932832750574,
        1.6495346056158509,
        1.5958809606272213,
        1.5897593343932177,
        1.6357870576345526,
        1.582367591027287,
        1.6229407837465586,
        1.6443150187863271,
        1.6192936438700831,
        1.634926389026648,
        1.692196399370582,
        1.6156525859549584,
        1.6014551685341973,
        1.5657163940530718,
        1.5948987042284157,
        1.5742573278971475,
        1.6152784472957493,
        1.6053958653519327,
        1.5965850043828749,
        1.6151452502352308,
        1.7225065352249285,
        1.6074999117999387,
        1.6160052634478221,
        1.6136758620054334,
        1.5969183216466794,
        1.6125557229449219,
        1.5700269612175204,
        1.611742298030978,
        1.545383151604375,
        1.5905050018919464,
        1.6121430490532997,
        1.5939531158678404,
        1.6341825127673824,
        1.6132307418500065,
        1.6234579869145753,
        1.5893134283501313,
        1.5844237232091043,
        1.5714025866557118,
        1.6064936029281347,
        1.6070539505723958,
        1.6965665095662774,
        1.6762642057867532,
        1.630599742546069,
        1.5936694275711445,
        1.5913481251965158,
        1.632468042227422,
        1.6195222895362529,
        1.602098348707862,
        1.5963349654290955,
        1.5849848308157874,
        1.707297848935382,
        1.610892021233253,
