{
    "start time": 1730494193.1513855,
    "old id": "9c240132581871a5dd12f40a0e7774f16bfa3c3555db3334ccb7af99e4467b1a",
    "use_input_gate": false,
    "use_forget_gate": true,
    "use_output_gate": true,
    "use_state_gate": true,
    "use_new_state": true,
    "use_old_state": true,
    "use_residual": true,
    "n_layers": 1,
    "state_size": 512,
    "id": "d3f947ba32dc4b0320c17b8bd03e7861ac0940585497221ce6436e6370e4297f",
    "loss": [
        3.123547285904437,
        2.780876288612327,
        2.6444795035001962,
        2.5232943066627698,
        2.4418208584476413,
        2.3940888438964207,
        2.284536150593075,
        2.272285935983424,
        2.1903239876128877,
        2.2017196697204806,
        2.1368976351902638,
        2.0666229535354117,
        2.065068989048067,
        2.0409815225638073,
        2.0286753411877596,
        1.995722688691315,
        1.9307560041330103,
        1.9016931006217124,
        1.9533914676473756,
        2.0311499335755228,
        1.9493423986455565,
        1.9303685346853068,
        1.8933110489749974,
        1.8555267024684339,
        1.8851835110356132,
        1.8242132431985407,
        1.8176793983336708,
        1.7457465424816503,
        1.7963429605266104,
        1.9020924128597727,
        1.789606053143764,
        1.7588088585646495,
        1.7671070584802642,
        1.7315144015258623,
        1.6858773743776123,
        1.7325985278689688,
        1.7148340371293354,
        1.6855989412308172,
        1.6990508403655014,
        1.8516087646580186,
        1.7381320297445424,
        1.7710807509074848,
        1.7164278158791464,
        1.7051235180780526,
        1.7311694085874734,
        1.6686636996613837,
        1.638368800473381,
        1.6829377378354107,
        1.6673514903918663,
        1.825414354330224,
        1.729082725437527,
        1.7644876532018785,
        1.7197595886672261,
        1.7439804988026697,
        1.72542601010477,
        1.6949145351014139,
        1.683849333607504,
        1.6965369926940246,
        1.6537150019602045,
        1.8456157680475964,
        1.6809685398767216,
        1.6540334920993323,
        1.6923027787384244,
        1.668511536557524,
        1.6538384731707938,
        1.6728677481491407,
        1.6407453809499333,
        1.6596898037209866,
        1.6564794329140087,
        1.8173994170441274,
        1.7271689196464235,
        1.6905627043954299,
        1.714271291317555,
        1.717673678126221,
        1.6615723897927521,
        1.695335543131288,
        1.6243307406008738,
        1.6644691976635284,
        1.6221111175454774,
        1.8079227202018207,
        1.6989855647267307,
        1.6310965485279498,
        1.7045151342912697,
        1.659778121336991,
        1.6399390992027671,
        1.6567746993185881,
        1.6388570344268554,
        1.670772112840715,
        1.6479393312263904,
        1.7825706093101705,
        1.6869192590502784,
        1.642176368479231,
        1.6784056056835692,
        1.6594796875369875,
        1.6406129675799546,
        1.6392524776450947,
        1.662632328752505,
        1.6602629408424403,
        1.6444580217395641,
        1.7877848267237908,
        1.7094283489030155,
        1.700067779945973,
        1.6918288685946343,
        1.6362141019918306,
        1.6889286025511425,
        1.6599783645522912,
        1.6122092764535136,
        1.65483872069386,
        1.6379253474667295,
        1.77860012085157,
        1.6663511018093273,
        1.6339118719766583,
        1.6749826282901514,
        1.6584840185686718,
        1.6492387700467255,
        1.609908507446674,
        1.6843829072689975,
        1.6331022781935127,
        1.604185535042038,
        1.7848471152259338,
        1.6490565593223465,
        1.6125305689525078,
        1.6249611702603648,
        1.630834435050937,
        1.6402236245357047,
        1.6074586165798004,
        1.6145052151648245,
        1.5973575304420058,
        1.620017803213485,
        1.7779235715973614,
        1.6892963608927982,
        1.6842269485152304,
        1.620352214640972,
        1.6570099830979281,
        1.626470203774126,
        1.591457633246423,
        1.578044153509367,
        1.6318179862162976,
        1.6064661577566717,
        1.7284007813480198,
        1.6653613965326466,
        1.612941481764593,
        1.6075925242211957,
        1.5752536350272053,
        1.6098206946407534,
        1.6119710507607097,
        1.604054117855794,
        1.67945055250152,
        1.653107419158549,
        1.706236237881086,
        1.6310558885738475,
        1.6851673357912829,
        1.7343328258838229,
        1.6628239586892917,
        1.6062527722599844,
        1.5956695015033562,
        1.623651104486726,
        1.5941656845148577,
        1.6288455101264612,
        1.7626892688418576,
        1.7059374500302864,
        1.6699269051727295,
        1.6895072764462016,
        1.63656616086448,
        1.6852036577965859,
        1.6497478641428032,
        1.6421119975241378,
        1.6405135494633092,
        1.702752163706191,
        1.735343404459966,
        1.6520080191547555,
        1.6885521638764254,
        1.6302462611294708,
        1.6424388326573398,
        1.6322618725768354,
        1.6365056964044276,
        1.6303017901110195,
        1.6628874292783644,
        1.6520921379162241,
        1.780532882866408,
        1.7332610897920653,
        1.6445402781547238,
        1.652307615913258,
        1.6209265983701961,
        1.6441514353284579,
        1.5627544004210232,
        1.639040117104165,
        1.6503879857955728,
        1.615886600768893,
        1.7806924339974186,
        1.6481873439489605,
        1.6079514415926701,
        1.6155703281387268,
        1.6271321374436736,
        1.6049631536843612,
        1.5871141139338936,
        1.6568504240491773,
        1.6226389002484043,
        1.6038099460686255,
        1.756747374034646,
        1.6929809976427006,
        1.661233236529689,
        1.6452175213384235,
        1.6040662902573393,
        1.6039568945597316,
        1.6218039243659599,
        1.6366708533410752,
        1.636752046162006,
        1.6414726816674818,
        1.7447846188487621,
        1.6742547673408144,
        1.645471294013016,
        1.6552167259862511,
        1.6457383687914826,
        1.6321911989465785,
        1.6277818089031126,
        1.6248021791305367,
        1.6286298906698466,
        1.647156424017771,
        1.7360403749539504,
        1.630643990933507,
        1.6307321902583711,
        1.6263869816952539,
        1.573671629719617,
        1.5972178704999493,
        1.5957733793722098,
        1.5777051823289956,
        1.6247598449853669,
        1.6217794713709732,
        1.7054318069043601,
        1.6809450648780595,
        1.6556942238633308,
        1.6356757996626807,
        1.6178831980450576,
        1.6334538406043682,
        1.6330695987536004,
        1.6236070903493924,
        1.6559031359250393,
        1.6219020063727834,
        1.7314129481000309,
        1.656771278833849,
        1.619260956220176,
        1.650288497949639,
        1.6561004317764645,
        1.649516838083694,
        1.631580780890377,
        1.6377686622206775,
        1.6330333902407044,
        1.5861295659729207,
        1.7308577588399396,
        1.6559720832078995,
        1.6320777026859459,
        1.6268886746523308,
        1.6529638333974626,
        1.6361354386487967,
        1.6751623678567071,
        1.6485542443037935,
        1.5851070789280084,
        1.6189845193833547,
        1.730264028683083,
        1.6191150024894905,
        1.6509953096542331,
        1.624608344302182,
        1.6394515148242386,
        1.5906777186148429,
        1.621774978754901,
        1.6224775775702376,
        1.655317442794086,
        1.6248793832427826,
        1.7777202231341256,
        1.707774828243978,
