{
    "start time": 1730504506.4248383,
    "old id": "5f2122c507dc347b3b45567f95d0e057493cf1033a21454700f6cc2649ac246e",
    "use_input_gate": true,
    "use_forget_gate": true,
    "use_output_gate": false,
    "use_state_gate": false,
    "use_new_state": true,
    "use_old_state": true,
    "use_residual": false,
    "n_layers": 1,
    "state_size": 512,
    "id": "d7cd6b2a3cbe92cb23ba9695563944e335f44e10802f9025fbe928bbc30f7a6f",
    "loss": [
        3.333055565216946,
        2.8319895517370184,
        2.6657297271353153,
        2.5565744130923815,
        2.5397224208559925,
        2.412524091614264,
        2.357087322287315,
        2.283645399399031,
        2.2471618883287605,
        2.220747418370954,
        2.2408220509246894,
        2.1815157244376957,
        2.1409325381131423,
        2.0766603241897448,
        2.05759519053912,
        2.0331645004739443,
        1.9827261873421398,
        2.012094455885299,
        1.977492840360786,
        2.068118996940929,
        1.984981909079031,
        1.9269954135135343,
        1.8814125744964436,
        1.901151251153037,
        1.8671215818279665,
        1.8475291364641384,
        1.850325036407424,
        1.878702141845195,
        1.8106536379569276,
        1.9610828345588514,
        1.8581681306385178,
        1.8523217281256954,
        1.8170368899991005,
        1.7842519274633417,
        1.790124631933098,
        1.7649069015061962,
        1.7883999058223383,
        1.7948930709733142,
        1.773685714625803,
        1.865629606918286,
        1.8011032309891515,
        1.7607719678392395,
        1.7251240431881514,
        1.7264637010755177,
        1.7024900327476475,
        1.7231895226006266,
        1.7113715725643412,
        1.6708640450271883,
        1.6946399824344074,
        1.8795789374458431,
        1.7485202260065429,
        1.726165954616594,
        1.7503256263257352,
        1.6590458985605174,
        1.739953698163478,
        1.7160189755272364,
        1.703647619129706,
        1.6950353674824745,
        1.7331902123319158,
        1.8170362865905167,
        1.764723168765003,
        1.7291703872279105,
        1.677102903574915,
        1.68670836245327,
        1.7514752457681149,
        1.689720574850925,
        1.7074363405927901,
        1.6864971603413332,
        1.6507031957829748,
        1.793266865642033,
        1.66660223337974,
        1.6511305483227472,
        1.6288098683549648,
        1.6774509413101435,
        1.6526882663965068,
        1.6611622825123633,
        1.6466597616679537,
        1.5854316377535693,
        1.6364304857031946,
        1.759506992918024,
        1.7129768459569163,
        1.6966819009313192,
        1.6826171381618271,
        1.6469875358873947,
        1.6804604358582071,
        1.6490840388637085,
        1.6498600342152352,
        1.6618855717625065,
        1.634258068255557,
        1.8616818487322027,
        1.663184449323283,
        1.6289962833308431,
        1.635917103407747,
        1.6522161381485703,
        1.5903857493547806,
        1.5868226223537734,
        1.607584248862939,
        1.6259186084384551,
        1.5987975253806888,
        1.7868742540933287,
        1.7027312982423515,
        1.6420313413136192,
        1.6409354460321708,
        1.6359673316643701,
        1.5788351999362158,
        1.6021947731120012,
        1.6118308577314708,
        1.5941934894995402,
        1.5799616156552139,
        1.771384439436121,
        1.657515522663901,
        1.6718843785253938,
        1.6476042293118909,
        1.677072425924727,
        1.67654950747535,
        1.640534964579263,
        1.6345055223622078,
        1.587567290693625,
        1.6443175936598482,
        1.7193975451926613,
        1.6752972772326242,
        1.6557353570732276,
        1.6937817545108345,
        1.6593652191200516,
        1.613768609867461,
        1.6264417042515602,
        1.636956033141504,
        1.6548443473733891,
        1.637364811202665,
        1.7362298074346483,
        1.6341447942189125,
        1.6586222829904487,
        1.5944530361372493,
        1.6239614091205463,
        1.546773758528259,
        1.5634601149254217,
        1.5619873429157627,
        1.6372773077624383,
        1.5678914669275104,
        1.7658538201813034,
        1.641010028652499,
        1.629587443246176,
        1.6087642601863263,
        1.6656257666726548,
        1.6335744275818402,
        1.641059939155609,
        1.6508271010874158,
        1.6225231570735466,
        1.6179405716378246,
        1.709744145298087,
        1.6486041935140126,
        1.5769068192889537,
        1.5758336382954943,
        1.5937864166158981,
        1.6120323938905532,
        1.667300468014469,
        1.6306585156439783,
        1.5767609421655253,
        1.55454889607419,
        1.7796220803293297,
        1.6454713053765486,
        1.6304170641780535,
        1.602051057711033,
        1.5655698865375127,
        1.5875669879895584,
        1.5874639202796557,
        1.5483425762262941,
        1.5848565066484865,
        1.5366715274477225,
        1.735070659793325,
        1.678457061893083,
        1.6176421649707997,
        1.6596025974526285,
        1.5777121829375351,
        1.5754308217077262,
        1.5762507298627053,
        1.5915548169182272,
        1.5873874243069201,
        1.5531691141741324,
        1.7053846062771458,
        1.6209501190351394,
        1.6229219498671679,
        1.5943404581325584,
        1.6225677707273538,
        1.6100217085723405,
        1.6122897722241303,
        1.5979993835580637,
        1.6143000349773944,
        1.568706768527802,
        1.7144260784778653,
        1.6884911388282244,
        1.5915190204159466,
        1.5700423988538692,
        1.60921164259211,
        1.5665175874130406,
        1.5814137188564323,
        1.6060411944632946,
        1.584855406575644,
        1.595319927667258,
        1.6607165567223667,
        1.6054700598340474,
        1.5804444458269133,
        1.6205608175752464,
        1.5439052794087633,
        1.5972120250790713,
        1.6075292152348202,
        1.5629559013107788,
        1.5499045207873074,
        1.576415532631821,
        1.7345088638185877,
        1.6613892166036428,
        1.699529486624695,
        1.5583661221752643,
        1.5701290601219475,
        1.595859816564645,
        1.6141179367213359,
        1.6586136402635712,
        1.571546581038385,
        1.5740279650927793,
        1.654668383709477,
        1.569278303560303,
        1.5899909394841316,
        1.5745626112664102,
        1.578468015111272,
        1.5910780268869074,
        1.5496242225924197,
        1.5884963401739858,
        1.5945369713499944,
        1.5746036607417457,
        1.6818080673246356,
        1.6450314125264285,
        1.6043580376000175,
        1.581652826586896,
        1.618080883427288,
        1.601589651029271,
        1.569210607826446,
        1.551938199951641,
        1.5392158748685016,
        1.5636835021994673,
        1.6849800038407468,
        1.607492413603303,
        1.5627937435721961,
        1.5832187801509945,
        1.571675198423232,
        1.5503540692994542,
        1.5360157965081775,
        1.5306505365098197,
        1.5237314425088322,
        1.5206570379968236,
        1.6586517899167688,
        1.5852196164125592,
        1.606285328246605,
        1.5799673501462321,
        1.5271741175407592,
        1.5711911085771326,
        1.526435027125819,
        1.5860195490003728,
        1.539748430826996,
        1.5426679688132343,
        1.7065911473901274,
        1.6766708076817656,
        1.5881713977684881,
        1.6094888177820297,
        1.5556729464235672,
        1.5245088294264577,
        1.5684941689026242,
        1.5332319066862101,
        1.5111921087743758,
        1.5335114752071304,
        1.6859570239246435,
        1.6679846320583371,
        1.6345647428467236,
