{
    "start time": 1730497960.8678656,
    "old id": "e1ed8ec42c59d13a0dd6263e9b7493e8e557a7e3b71d498d27268091ae00f734",
    "use_input_gate": false,
    "use_forget_gate": false,
    "use_output_gate": false,
    "use_state_gate": true,
    "use_new_state": true,
    "use_old_state": true,
    "use_residual": false,
    "n_layers": 1,
    "state_size": 512,
    "id": "db1beea5be6683e09a666ed115d55a67b6942f6266c06c9154249d2f94bbf62c",
    "loss": [
        3.1994944982724967,
        2.7813322004008163,
        2.553148567510819,
        2.4025195830656165,
        2.318363379899555,
        2.220979661625211,
        2.1817577539001465,
        2.103371430508775,
        2.103876451633414,
        2.0961608381906407,
        2.091967094447484,
        2.0154069721138654,
        1.9784316348981044,
        1.9181550543430037,
        1.974323439518602,
        1.9299116454529084,
        1.914661483171955,
        1.875383151695199,
        1.9051118936865081,
        2.0024592921112196,
        1.9580924038602232,
        1.9086284251995294,
        1.8762727948274551,
        1.8972200764371878,
        1.8608887423339895,
        1.8236837934723165,
        1.8109274439413479,
        1.8126420419389304,
        1.8243041365085277,
        1.968164827401753,
        1.857245009746991,
        1.799115510128666,
        1.7790644273605551,
        1.801273833191772,
        1.71876422642934,
        1.7450271924977883,
        1.725199394891952,
        1.7383254238142951,
        1.7354301745945593,
        1.8966750561011838,
        1.8115888374285487,
        1.8132851983924905,
        1.7307727385707024,
        1.789845820956233,
        1.795361257660627,
        1.8156418013959754,
        1.8020170172372991,
        1.7649169690464617,
        1.722698867414459,
        1.895254465962094,
        1.7647498119428686,
        1.6832518205361229,
        1.709051581049878,
        1.6828567331274937,
        1.6484521313207536,
        1.6536630388864797,
        1.6311192670378585,
        1.6508420658043257,
        1.6533426258055828,
        1.8496845296661548,
        1.748505388032233,
        1.7009715224740778,
        1.7151929052740407,
        1.705580686571302,
        1.7055039139980401,
        1.6841666918904625,
        1.7027002016446902,
        1.6834906038343556,
        1.670754627365175,
        1.852939229510083,
        1.6949737724979683,
        1.6943238586111522,
        1.6736004000372022,
        1.7192838047249028,
        1.7321418135637263,
        1.6829177830630146,
        1.7088741990516685,
        1.6848852364465652,
        1.7202210083319482,
        1.8639476796947216,
        1.7546539776498256,
        1.6978470345801622,
        1.701028506321335,
        1.6836995501642378,
        1.6522955455240527,
        1.690544379266898,
        1.6791358387724364,
        1.7142618520012785,
        1.6935938775354578,
        1.7841739238606265,
        1.7705363785871129,
        1.7790762088508376,
        1.7225460282599405,
        1.6363612515360735,
        1.632515350868978,
        1.738702830250719,
        1.7375151629855654,
        1.696609597056038,
        1.690989976487827,
        1.8146540867686154,
        1.759336128634066,
        1.699214798086153,
        1.7133999516631866,
        1.6939078949964665,
        1.6870923526104509,
        1.6759541416198411,
        1.6899667091939226,
        1.6647638288008986,
        1.6646636519170632,
        1.8830565432034119,
        1.7597135430649493,
        1.7296586470534805,
        1.7419285312076092,
        1.6755408377799195,
        1.7067631851104732,
        1.6895839039499085,
        1.6731534575223064,
        1.7143252025275106,
        1.6325411870309094,
        1.8506971404561035,
        1.745779735721115,
        1.708172380850037,
        1.6893424212514763,
        1.6603305076584913,
        1.7376179291663008,
        1.6717404492124506,
        1.710597308503401,
        1.660937071368413,
        1.6301675562307092,
        1.8049606393629554,
        1.6863433855600272,
        1.6467875210109808,
        1.7377950783985574,
        1.65991360104253,
        1.6392784781039362,
        1.6137765366971586,
        1.5734872759819194,
        1.6129312371575288,
        1.6017786643082654,
        1.8057429550935318,
        1.6798476438015657,
        1.6572507944215586,
        1.6511398877030838,
        1.6672995877379024,
        1.6904019651549185,
        1.644912591892661,
        1.6541725812883314,
        1.657979041579162,
        1.6430830215187144,
        1.7861320388034858,
        1.6965641254302557,
        1.6928491040274933,
        1.6693259020949645,
        1.6798821389139842,
        1.6527181227701666,
        1.6898662961214395,
        1.7014463030539606,
        1.6430635264753404,
        1.6506726031180332,
        1.8010763722387546,
        1.7169376939277137,
        1.6692896562645398,
        1.6657394145995195,
        1.6352598512120837,
        1.7270324909215486,
        1.6507629532992019,
        1.711844799895876,
        1.6677473367796691,
        1.6632405149569998,
        1.8388424232518539,
        1.6893585213051978,
        1.6633333516000062,
        1.676431941530682,
        1.635577564749783,
        1.6928902307042668,
        1.6782578473487895,
        1.6541475756807171,
        1.6609380420613422,
        1.604677576057357,
        1.7663118887352953,
        1.6764368434176657,
        1.699711443749512,
        1.699484620156629,
        1.660531763149007,
        1.658328510462553,
        1.6592118470256851,
        1.6772214679216633,
        1.595566493397874,
        1.6740419980716892,
        1.8465348388144778,
        1.7463280274800446,
        1.7122044615910508,
        1.7064285916365232,
        1.6961806934568335,
        1.6786851418131505,
        1.7072147994880236,
        1.725636779867577,
        1.7216792441252704,
        1.703506424170013,
        1.7916156581635747,
        1.6980378286191378,
        1.6505039955803624,
        1.659706954285294,
        1.6195611932173248,
        1.6056491785233284,
        1.6248586169065,
        1.6348410514000675,
        1.6445873072554353,
        1.6515883701087875,
        1.7741206688779942,
        1.6766551609590163,
        1.6196701022668174,
        1.6296224084297006,
        1.6461177903562028,
        1.6877093177301083,
        1.6836998678309028,
        1.6276443613290095,
        1.6407911464453575,
        1.604729105723834,
        1.7657442668223557,
        1.6373411645100784,
        1.6207190932226518,
        1.5893382700991192,
        1.5724333160518376,
        1.5923782144688792,
        1.6449937735980107,
        1.6723806627668525,
        1.6201389985666033,
        1.6140054090915301,
        1.7818964645456,
        1.6516232604623333,
        1.6654627824157984,
        1.6266847116724406,
        1.625630937559607,
        1.6127698052569286,
        1.6267404492389947,
        1.6592286911049388,
        1.6711401132837262,
        1.6668585975625119,
        1.7689566778410566,
        1.6227932216463445,
        1.6445124602939842,
        1.626388241492198,
        1.6541067494369468,
        1.619781211234398,
        1.627747658791249,
        1.6172259218893341,
        1.5880867794269065,
        1.665785927084507,
        1.7669182727930488,
        1.6027795059151668,
        1.6510981165847192,
        1.6416909431334048,
        1.684261891382216,
        1.6673564362504605,
        1.6796976236966608,
        1.6607154149341643,
        1.6379193825397562,
        1.6305690208118375,
        1.7354936960404233,
        1.6404138981162442,
        1.6584704832065642,
        1.6494132144346698,
        1.624724132162704,
        1.6553049772744446,
        1.632581986229395,
        1.6124500219258526,
        1.6015000923717948,
        1.6760101111368073,
        1.77181904166119,
        1.7196827026601478,
        1.6811660812641493,
