{
    "start time": 1730497689.730532,
    "old id": "d16dcb673abf03ead4871b21393639f1718ac13750c7e4fc84ce649a8dd9517c",
    "use_input_gate": false,
    "use_forget_gate": true,
    "use_output_gate": false,
    "use_state_gate": true,
    "use_new_state": true,
    "use_old_state": true,
    "use_residual": true,
    "n_layers": 3,
    "state_size": 256,
    "id": "e25103c01234fb6378999d8f71d747cc41585475c8a365e5c3a1649b08ec32d4",
    "loss": [
        3.490175453100078,
        3.2116212496250998,
        2.9743356087218613,
        2.764722906065174,
        2.6256384946569806,
        2.601643416311313,
        2.502390466768866,
        2.4280805932533487,
        2.363548461221132,
        2.3850841912807175,
        2.2619666374529857,
        2.2779805381776295,
        2.215675485625962,
        2.144386192764544,
        2.173854896251039,
        2.1262796451746437,
        2.1020945177402792,
        2.122067807355828,
        1.9832928373558156,
        2.140212959230599,
        2.1072950374856494,
        2.1020339052150883,
        2.0458644264334205,
        2.020446227916816,
        2.0053785357799043,
        1.998492344717317,
        1.995819693853074,
        1.9556228236351445,
        1.9146738197058872,
        2.0136915983359893,
        1.9230254541036087,
        1.9161605809496052,
        1.9006064092253079,
        1.8677350335800846,
        1.943580950500314,
        1.8642199734581348,
        1.8662879781990658,
        1.8389558368355254,
        1.9018802435372615,
        1.967222623555742,
        1.8607851526840147,
        1.8233891965887508,
        1.8125206628359454,
        1.7964105763498606,
        1.8067700718358852,
        1.8423650831009808,
        1.794091357355356,
        1.7646086645764771,
        1.7967565196840887,
        1.937099038651318,
        1.8662461299245803,
        1.8246748244912836,
        1.797266558061039,
        1.8216843183983016,
        1.736414247264804,
        1.8388335862716199,
        1.8409786062709184,
        1.757397678654966,
        1.7721512929329715,
        1.9188296299774452,
        1.7468187840877656,
        1.7413851988052556,
        1.7115605463060894,
        1.7554831039595378,
        1.7589620714333118,
        1.758296776142441,
        1.7984764630857246,
        1.787996337280702,
        1.7910424441127988,
        1.893741290520213,
        1.76304424550662,
        1.7316218356235393,
        1.7358043051689687,
        1.7576961802699493,
        1.7277552914044603,
        1.7595130963010963,
        1.7143153700761216,
        1.7335134603326732,
        1.6917159499266097,
        1.8204750322728303,
        1.7312913463614543,
        1.7352821200649777,
        1.751107549243856,
        1.7480689761082866,
        1.7611198733228426,
        1.7031151898918282,
        1.7009953900451866,
        1.6555782923504705,
        1.6563387581734594,
        1.7708697424569875,
        1.7108779090200255,
        1.6744748399324725,
        1.6792956888617663,
        1.6658888486307741,
        1.6487441258019009,
        1.6728011973654517,
        1.688510158276421,
        1.6660596974278097,
        1.7016907849229306,
        1.8429404144719812,
        1.7366152814573532,
        1.7151012368901906,
        1.6800682049113915,
        1.6940759172993494,
        1.7541732690022025,
        1.7357277999992151,
        1.685970801876448,
        1.7188474258243718,
        1.654952758270377,
        1.8188365800415462,
        1.7108030647459593,
        1.6936629076466885,
        1.667483802461034,
        1.7092915023357091,
        1.7133570969458656,
        1.6985455293708198,
        1.6572921744444908,
        1.675094440030978,
        1.6187997173867041,
        1.789996986166186,
        1.674853583023497,
        1.6454289962864561,
        1.6678419345440283,
        1.6864412258968915,
        1.7821822776510243,
        1.7323182174597178,
        1.6807524303364973,
        1.7043531095121727,
        1.7224098310485014,
        1.8272591687054096,
        1.7347897604436102,
        1.65313064302611,
        1.7007758374019473,
        1.6981311375806427,
        1.6468147180442303,
        1.6505530907367187,
        1.6418466647386907,
        1.630954652776988,
        1.6373073471629767,
        1.7457473845629106,
        1.737607547486037,
        1.6875111354007635,
        1.6822871066110856,
        1.6177713725282896,
        1.6427553370308878,
        1.6245298621149762,
        1.6431548862351755,
        1.60282936099543,
        1.636980189006793,
        1.78505218247889,
        1.685952662342555,
        1.6608517565015435,
        1.6487178186386415,
        1.6616130154193232,
        1.6198430165922106,
        1.6219073329443883,
        1.6261017015768817,
        1.647836609048562,
        1.6744273587793108,
        1.7723198937136386,
        1.696914942291611,
        1.6360827818861468,
        1.6411932147931785,
        1.6484057545213322,
        1.6719853839245138,
        1.6156108199606654,
        1.6640518347020483,
        1.6425004592807388,
        1.5937514619425421,
        1.7599641336635174,
        1.714003665119858,
        1.709651223846923,
        1.6592969606687924,
        1.649137257974716,
        1.6303239954033482,
        1.6573905177406814,
        1.639750663049167,
        1.6375761564475937,
        1.6459126220688842,
        1.7651041470175284,
        1.6970818615288867,
        1.6523851323117744,
        1.6440739335979244,
        1.5972337343016423,
        1.6008205827858184,
        1.662615042111175,
        1.651357255507169,
        1.6702357306213669,
        1.6506919635091262,
        1.7757744548258936,
        1.6624325712416175,
        1.6312606622926884,
        1.6063519001966367,
        1.6009135636953948,
        1.62852268732541,
        1.5770424979062911,
        1.607852718353028,
        1.5977444963842304,
        1.5940110699284002,
        1.7380169115035098,
        1.6940676650001851,
        1.6207834386627897,
        1.6065176438834272,
        1.6382505745574607,
        1.6318232507849624,
        1.6156107829582214,
        1.6667851013455492,
        1.6196180629049142,
        1.6236121440315843,
        1.7405106131321133,
        1.7000194606770596,
        1.6691343284947746,
        1.6783227657187518,
        1.6524725484457647,
        1.6225434911427004,
        1.6240648142345329,
        1.6534443306819802,
        1.597431379064878,
        1.638010802023166,
        1.722871288722608,
        1.6815606029809147,
        1.6454274666257416,
        1.6209311717840456,
        1.5895896334340398,
        1.6354391065840852,
        1.6295729494537952,
        1.6204415288954224,
        1.6202812497042614,
        1.6582309615008513,
        1.7633543351919592,
        1.6535751999500599,
        1.6028561065266804,
        1.6087308660911945,
        1.5942672989538273,
        1.5811026309044771,
        1.5747379118087024,
        1.5991639483279438,
        1.6136659145084067,
        1.5852773597091687,
        1.6792534252065385,
        1.6453280865639694,
        1.591478087912689,
        1.6138722023002487,
        1.6082028858319344,
        1.5801808426507595,
        1.595472420116574,
        1.5905950022832833,
        1.6673041207347952,
        1.6018528939050463,
        1.7132870202808543,
        1.7107614501952364,
        1.6951117877786226,
        1.6465787758261266,
        1.5869882401054336,
        1.560928122667125,
        1.5913927269992978,
        1.6100920296992085,
        1.622787819414664,
        1.5930164018045683,
        1.733546929828158,
        1.694878497819778,
        1.6989480936163452,
        1.638085989032283,
        1.620957477804794,
        1.6109206492204022,
        1.5943290348740426,
        1.589871759473161,
        1.5996191824151216,
        1.6011623906133516,
        1.71117243772718,
        1.6297564817713348,
        1.6362992753853511,
