{
    "start time": 1730501118.5886903,
    "old id": "f279e2cad16e35edb0d0881a1eade3d3a89327b84c0b44b78342cb3b14324882",
    "use_input_gate": true,
    "use_forget_gate": true,
    "use_output_gate": false,
    "use_state_gate": false,
    "use_new_state": true,
    "use_old_state": false,
    "use_residual": false,
    "n_layers": 3,
    "state_size": 256,
    "id": "e442ad2ce5ae65948c7cb3fab3cd560e846a652a8b60d461a71a32247909eea1",
    "loss": [
        3.615047714516591,
        3.348469804311436,
        3.094148300267764,
        2.917894437800809,
        2.8277059055770946,
        2.7588939927937157,
        2.707694571293945,
        2.6736737782936513,
        2.6443798065292228,
        2.654629087135177,
        2.577332121079237,
        2.5992864334585306,
        2.557046661315524,
        2.5930699842429767,
        2.4960481693121404,
        2.4943132320221486,
        2.485020092269873,
        2.443605690905445,
        2.5004854466911226,
        2.510989199415723,
        2.5053465332786184,
        2.4273327681023216,
        2.4612521818852153,
        2.399181985166815,
        2.401209478420815,
        2.390603009586402,
        2.373729661074697,
        2.338410488963739,
        2.361720212259963,
        2.4762576992813914,
        2.3606748624864955,
        2.3351573713786227,
        2.3276871944283744,
        2.2835161715013315,
        2.2882795627362427,
        2.2401306052870686,
        2.214952836176823,
        2.2260323437266925,
        2.2010174536608447,
        2.3438890605602323,
        2.280025687800228,
        2.2730919277987853,
        2.275005710901968,
        2.2117690204931404,
        2.2344834365887047,
        2.2391494578039888,
        2.2129378112446236,
        2.191393019837613,
        2.148927322962513,
        2.267473155543287,
        2.217136471751707,
        2.199721516400008,
        2.141737088381002,
        2.1048193770287176,
        2.130049872347572,
        2.155055601683772,
        2.1471239261037383,
        2.113076605833597,
        2.106023920381555,
        2.2420245120908584,
        2.1271833661371007,
        2.0829006481303263,
        2.086956516362169,
        2.0861301527657248,
        2.0788235741377967,
        2.0680751648169626,
        2.0429678450671522,
        2.023166031428373,
        2.09833623560318,
        2.1681385421679464,
        2.0486330823371657,
        2.0647701472253583,
        2.078701037567751,
        2.0183195556209133,
        2.0081160437744914,
        2.024944255502363,
        2.056617998905502,
        2.01744387651057,
        2.0083385380140073,
        2.1415246758353295,
        2.086109993222656,
        2.0477113099177577,
        1.989318443477068,
        1.9631129398108285,
        1.9606854055323644,
        2.004590463754427,
        1.986721994246189,
        2.046712440822251,
        1.95692272203759,
        2.1278186890023654,
        1.9863582755061422,
        1.9829670135434263,
        1.9246658899354505,
        1.9275877270284298,
        1.9568881143285122,
        1.9364088811268105,
        1.9787417104309957,
        1.9955842215051391,
        2.0101890368120285,
        2.1272752310086545,
        1.9180771496129625,
        1.8443510676831443,
        1.9108720358685518,
        1.9436700850604376,
        1.8830821402867592,
        1.9250764166644556,
        1.978385955836241,
        1.9547462368980588,
        1.9295158230339315,
        2.04078446350769,
        1.94576877510961,
        1.9647299314494053,
        1.933867127036524,
        1.9621601833102043,
        1.9090340961205676,
        1.8838981072844485,
        1.8956809631676481,
        1.9506055414624872,
        1.927438794869051,
        2.0290637512866962,
        1.8794483874917969,
        1.853829889262465,
        1.8549547690571764,
        1.8751364702063194,
        1.8748747399104986,
        1.8617009898319468,
        1.8693843356389928,
        1.8711945725301566,
        1.8508494311142556,
        1.9766287014676194,
        1.878323190900001,
        1.89590872801577,
        1.8455762396975737,
        1.863601025319098,
        1.8765834155182999,
        1.8626950087599519,
        1.8952542941631998,
        1.8552018545643287,
        1.8618785847592525,
        1.9779813974348057,
        1.876835086472047,
        1.8398489363038724,
        1.7999755124169925,
        1.8513856675841522,
        1.8557555248595268,
        1.8313585815989162,
        1.8466501056287066,
        1.8196891643715372,
        1.805899614264387,
        1.939850611897744,
        1.832921794819683,
        1.8264027573026227,
        1.8318651653667086,
        1.8335069763806795,
        1.8093041008209436,
        1.791098141604839,
        1.8490336170398378,
        1.8323804644852597,
        1.8330802059906561,
        1.9349901172595383,
        1.831285388300468,
        1.7991192059317216,
        1.7654263189173118,
        1.8204499693093357,
        1.756585128184206,
        1.8205777899444775,
        1.7733041442663318,
        1.8360831542816167,
        1.8060585394739885,
        1.906583507443945,
        1.8082836734420864,
        1.8236046593144033,
        1.823000394332912,
        1.7773042736289666,
        1.7978877445296084,
        1.8093135181671922,
        1.8196616204542613,
        1.8152918237443287,
        1.7866639274239255,
        1.9007694364164096,
        1.8878827561002436,
        1.8089767395476533,
        1.8382124178511652,
        1.835291687796744,
        1.8036115928913674,
        1.80142295069996,
        1.7657978662755565,
        1.78566589163328,
        1.7738800693285135,
        1.9049291675825468,
        1.8398751937979532,
        1.8106210981614865,
        1.8435745233112935,
        1.79866510910382,
        1.8076896523245862,
        1.823523362781977,
        1.827701137879938,
        1.7416350109384577,
        1.739808419919739,
        1.8705333811814109,
        1.811642802984542,
        1.7467971484302125,
        1.7577753990788465,
        1.7683135247026898,
        1.7922841175144124,
        1.7465757838567444,
        1.81595806734252,
        1.7615826203564835,
        1.793796257233347,
        1.927065019628994,
        1.7880722951670447,
        1.8308688824891948,
        1.772103209514654,
        1.7290242381272636,
        1.7523142291553744,
        1.7332110138971422,
        1.7422150118209083,
        1.7386798370951635,
        1.7421974656274832,
        1.8238333784132126,
        1.7787464822805927,
        1.7307016030725826,
        1.7398425384758098,
        1.7211862723948643,
        1.7114327468155524,
        1.7396718778853093,
        1.6860780223522194,
        1.793063795197291,
        1.7389651472945407,
        1.8321886720190346,
        1.8039704185917376,
        1.7636908781569194,
        1.766857716558492,
        1.7765818902800365,
        1.7280828401036237,
        1.7062736154214542,
        1.7763414420714438,
        1.7760655151861253,
        1.7762627874344794,
        1.8788949232076924,
        1.7541038742460373,
        1.7767764262971713,
        1.717818534143191,
        1.7644040538426007,
        1.7142049852241885,
        1.7448972922380879,
        1.7355118354536254,
        1.7589116787896433,
        1.7050085602746372,
        1.8191889571257183,
        1.7615798967723997,
        1.7215924352458962,
        1.7133401894875966,
        1.7369761657056038,
        1.7420410758799858,
        1.7532650364170042,
        1.7333951267668068,
        1.7408364312346463,
        1.683321379848346,
        1.7890244023951012,
        1.7555415298205301,
        1.7274232703126902,
        1.7543741042562588,
        1.7402960015527293,
        1.7098385168152646,
        1.7026088209753594,
        1.68810335692543,
        1.7365400189997477,
        1.679063755893815,
        1.8084216183890054,
        1.7344025449376053,
        1.6399448290199412,
