{
    "start time": 1730497558.9757454,
    "old id": "3e7964338ff786c852db73bf7108396a1dfc474544b96497e18d802a7e8c9f68",
    "use_input_gate": true,
    "use_forget_gate": true,
    "use_output_gate": false,
    "use_state_gate": false,
    "use_new_state": true,
    "use_old_state": true,
    "use_residual": true,
    "n_layers": 3,
    "state_size": 512,
    "id": "e4e1499048ae4c053e6428cc5894c5fe0df498bfa9d4868bee49aee8c1ff3ad5",
    "loss": [
        3.525766415614128,
        3.1602643359461005,
        2.9062561171557033,
        2.7767405073652385,
        2.6413847064392484,
        2.55181419677376,
        2.5285383130415346,
        2.3970867456420617,
        2.3582487177415747,
        2.3770383786161267,
        2.313978963691942,
        2.2275972923829936,
        2.148894881897585,
        2.1448688902683815,
        2.1230326016171794,
        2.111440881592257,
        2.100092904109737,
        2.116611846292712,
        2.061214188604365,
        2.097777978919424,
        2.0326142434463366,
        2.0007239061757076,
        2.032686305579113,
        1.947025231172422,
        1.9172623606583685,
        1.8953549382203796,
        1.8471309690228932,
        1.9015794283054221,
        1.8806566912908265,
        1.9993967015154341,
        1.9684020131162687,
        1.8904672711561294,
        1.8370170841840012,
        1.8549497390594643,
        1.821263357911017,
        1.8243454367206926,
        1.759114160190876,
        1.8230058681738406,
        1.772802933981619,
        1.9606073369422228,
        1.8247994199928999,
        1.8070458247215784,
        1.8293310344437927,
        1.8253218630842876,
        1.7949620511930984,
        1.839278924728737,
        1.779654160199377,
        1.7355518555894087,
        1.7797475157508102,
        1.9099738259045995,
        1.7958582816009954,
        1.7860761369606593,
        1.7928251537975384,
        1.819013629097282,
        1.77871746161,
        1.8342185690505093,
        1.7514690741363756,
        1.7791785357975534,
        1.738614337509,
        1.859743724265739,
        1.7738646056960168,
        1.7084374658333916,
        1.722405319876407,
        1.692351056791064,
        1.6832364982798063,
        1.7132004119548931,
        1.6716417079840271,
        1.7426670668413329,
        1.7359532985049417,
        1.887218211378904,
        1.7768165555797295,
        1.753213730085999,
        1.717062216250807,
        1.7139384740291976,
        1.6801218129173492,
        1.697103065851232,
        1.6876225694491862,
        1.740763353896392,
        1.688014236860219,
        1.8565832186878606,
        1.7272954946465948,
        1.7306186188166617,
        1.6858816365806808,
        1.7271437317518759,
        1.674475356997676,
        1.646695293862253,
        1.6373427609136184,
        1.6738581013166365,
        1.662663221789303,
        1.7908912222289723,
        1.8019419576308071,
        1.7702725103972698,
        1.7364401976779762,
        1.7128017296511413,
        1.6999167104775281,
        1.671437002059474,
        1.6568025529133836,
        1.7298418879754331,
        1.6736967247039245,
        1.8270389716824869,
        1.721299253162998,
        1.647370766236292,
        1.6885470246535064,
        1.6288888280686928,
        1.6718417578808653,
        1.6609629160445347,
        1.6116611176058198,
        1.6248410867726657,
        1.6559240227916623,
        1.7897491348558008,
        1.7161518268302647,
        1.6307819451295382,
        1.62851866504135,
        1.62516890483311,
        1.6244715585912943,
        1.6578217246951301,
        1.6801668109655257,
        1.6508545530207641,
        1.6990535947674696,
        1.7817448396845774,
        1.6991228713710689,
        1.641634484286286,
        1.6278054599948775,
        1.653302729480271,
        1.6757027070228492,
        1.6552758554582208,
        1.6737698068471936,
        1.6441297027038908,
        1.6557897743953527,
        1.8093949273572485,
        1.7411882923855806,
        1.7158751288585328,
        1.6754624818358417,
        1.6736401069608178,
        1.6949500482270536,
        1.6496503765800947,
        1.6427181040915786,
        1.6236823191456984,
        1.6635938851488157,
        1.7495080756824837,
        1.6944318951704977,
        1.649989591794222,
        1.6177713148604833,
        1.6644573108519154,
        1.6325289283239681,
        1.5884805398312527,
        1.637858573402454,
        1.671795813161521,
        1.619195857214039,
        1.7827541037415358,
        1.6788313293134656,
        1.6492102318289734,
        1.6446039525756702,
        1.6523054641727701,
        1.6133446768172424,
        1.6190482504118127,
        1.6066248444637614,
        1.6076791487787894,
        1.6151861339271363,
        1.8052081266706466,
        1.6848927827982116,
        1.6614440838299787,
        1.6823947743631684,
        1.6252063049035026,
        1.6833373221590548,
        1.6462239576993052,
        1.6543758730785616,
        1.6353760422398158,
        1.6435591806569714,
        1.778434913278033,
        1.6976659002745333,
        1.6170799350713712,
        1.5936838996706637,
        1.685121071872118,
        1.6274857999362704,
        1.6460504808266967,
        1.6510189118421117,
        1.6355278835427662,
        1.5983556851969876,
        1.7466900648416621,
        1.696418710161516,
        1.6925841591939454,
        1.6425799329600685,
        1.6392955631286572,
        1.6408503089471163,
        1.6630815545481157,
        1.5992486132302433,
        1.6000425426036324,
        1.5704404771865703,
        1.7678585839707515,
        1.6379733278560376,
        1.6757449012119714,
        1.6273616543820963,
        1.632267513042852,
        1.6260997960146477,
        1.629133801940914,
        1.6734489338448035,
        1.6497940009261234,
        1.6530865563976336,
        1.6998007648459688,
        1.7009649824276154,
        1.6120446537036501,
        1.6211936535983178,
        1.629606732258408,
        1.5518856553505183,
        1.6052463981795413,
        1.5921976465668508,
        1.5822672398745499,
        1.558159373115379,
        1.7133113543512977,
        1.6698685772349917,
        1.627358659075347,
        1.6259507067780383,
        1.6143453667123362,
        1.5926918921461954,
        1.6311286238081344,
        1.612681498061576,
        1.6324482154435278,
        1.5884835302875207,
        1.7171048172438028,
        1.6970310574984162,
        1.6461436128264304,
        1.6825801817448212,
        1.616534355095861,
        1.6136712811848966,
        1.633640499234299,
        1.6512545401914924,
        1.6584963358599718,
        1.6343754772903105,
        1.7091221714662503,
        1.6565831485771068,
        1.691185076753046,
        1.5983279881097063,
        1.5959808427672633,
        1.5639281251441306,
        1.6211660338020668,
        1.593893805386424,
        1.6208256844267093,
        1.5916463871908646,
        1.726935848405339,
        1.6698403266239095,
        1.640795216587627,
        1.616758401116021,
        1.5934539611824907,
        1.5823770316138346,
        1.5928485640855834,
        1.625287131622035,
        1.5801143886065177,
        1.606317146306532,
        1.7163827033725583,
        1.6027707793232053,
        1.6311139247735096,
        1.598043722150014,
        1.6175039945703957,
        1.6273046658043806,
        1.5766686530759253,
        1.552642806902514,
        1.5651785390246447,
        1.5635717135661575,
        1.6752414202871455,
        1.6287998042263527,
        1.5864386066114742,
        1.6123205636705895,
        1.6109988264054655,
        1.6436887049810274,
        1.5900118933599,
        1.6211796360888635,
        1.5654310732338077,
        1.6189239049099367,
        1.6741763961326064,
        1.6252950598622897,
        1.6583755793259125,
