{
    "start time": 1730500673.9085298,
    "old id": "823c3e786b3a3513436e23578685447f5dd872de76dc68cab3c83a1034a0f1d1",
    "use_input_gate": true,
    "use_forget_gate": true,
    "use_output_gate": false,
    "use_state_gate": true,
    "use_new_state": true,
    "use_old_state": false,
    "use_residual": false,
    "n_layers": 1,
    "state_size": 256,
    "id": "e4edc0a8b218857b3884dbb4c86ee425eb4e03c4a0476f4d3b046fbed6bb8780",
    "loss": [
        3.4695003949976324,
        3.1625530957503294,
        2.890902940822293,
        2.7029137724428347,
        2.6052635941794247,
        2.5221805938828057,
        2.447758314131318,
        2.404706324007752,
        2.3694991613573904,
        2.3622327489333954,
        2.2735280466648615,
        2.237641353159013,
        2.209136476362872,
        2.1396517617767463,
        2.146219217931688,
        2.104392641457157,
        2.08780523407038,
        2.0754349095997306,
        2.04679465424212,
        2.068200563732691,
        2.0147055560325553,
        2.0472965638281484,
        2.006093339847891,
        2.028700318335083,
        2.0020732654701634,
        1.937781734039009,
        1.958086209638054,
        1.9410845907540877,
        1.8602400353586859,
        2.031918275442859,
        1.9022828543482877,
        1.9865218200909975,
        1.8863244657609999,
        1.9023028345527746,
        1.9296491951908434,
        1.8713025459637098,
        1.8475693754434337,
        1.8268249446651377,
        1.8475391422991823,
        1.950427774696772,
        1.8631274848086867,
        1.8235923601722672,
        1.8597834206042714,
        1.7999564434252693,
        1.8114967403176063,
        1.8123322250547542,
        1.8148593893765566,
        1.830550463791133,
        1.8176475803391094,
        1.9338518299069973,
        1.8068812299451533,
        1.812359741735021,
        1.7954774026286098,
        1.7711936411843459,
        1.7889558032793522,
        1.737459767085945,
        1.7548748723325542,
        1.7538017733857838,
        1.7319885801303991,
        1.9089247541168286,
        1.7950138260628288,
        1.8012555876324567,
        1.7983720262854943,
        1.7524016343353372,
        1.7752246010102861,
        1.7230057227991442,
        1.7264304518765887,
        1.721527410929498,
        1.7715979998496718,
        1.911303984479932,
        1.7834305137522066,
        1.721821430190623,
        1.7740864593597634,
        1.7087588011698651,
        1.723305408073897,
        1.747781360213948,
        1.7190267904553551,
        1.7006592567889598,
        1.7588706795238656,
        1.8540402150090058,
        1.7732029615792966,
        1.7289377397474714,
        1.6814218792650348,
        1.6525348843857735,
        1.6671770560656487,
        1.6551313625799897,
        1.6860509621237565,
        1.6748027220818948,
        1.6742911845377477,
        1.8220800242902377,
        1.7485439300442103,
        1.7651580961731588,
        1.7247980977726967,
        1.7101645554762008,
        1.693566993039619,
        1.699119284308253,
        1.6911963473863114,
        1.6713198603174089,
        1.684225012714688,
        1.780882623369704,
        1.7306075670206407,
        1.7405394052741772,
        1.7105230374816032,
        1.6882434923263514,
        1.695797256899348,
        1.7068399375441055,
        1.6971285253751731,
        1.6696113779499366,
        1.7057512036977676,
        1.824161878454302,
        1.6786527835932625,
        1.6476109348466215,
        1.6618057093043694,
        1.6921027557686106,
        1.6699425281996088,
        1.6274590489575338,
        1.6808583234589907,
        1.6277750826960824,
        1.6836907378183108,
        1.7934943394339675,
        1.6748742117930324,
        1.6802139915367953,
        1.7081657129179937,
        1.6678768375667625,
        1.6705981986935685,
        1.6698100347397846,
        1.6638995183876095,
        1.6663888196007615,
        1.689984217014924,
        1.7898573357971441,
        1.748888934312362,
        1.666786979694707,
        1.639012250385038,
        1.6469304802923264,
        1.6822204040521977,
        1.6156565287375693,
        1.628869175165767,
        1.6533930470269418,
        1.6568852262807143,
        1.77190319951232,
        1.6404841895501894,
        1.6543114900143137,
        1.7201335018141595,
        1.6784699090617061,
        1.6397894246025844,
        1.6342151339657367,
        1.6361241159970146,
        1.6351215861363844,
        1.6533559678862044,
        1.7963934967006525,
        1.6464809753269998,
        1.6681637004502203,
        1.6494285681009253,
        1.6587532279344734,
        1.6053937139309702,
        1.589782907103541,
        1.6246076032289898,
        1.6097110742909084,
        1.6303590631072564,
        1.7151291564738367,
        1.6435239999291764,
        1.6138424715626485,
        1.6068090836165128,
        1.6324917993356853,
        1.6470681284259654,
        1.6347497304863048,
        1.5633067433343095,
        1.6114992554206684,
        1.6230581589505517,
        1.7105561983844242,
        1.5953262441247353,
        1.5858844424591387,
        1.623657191154975,
        1.6139481641590088,
        1.6084487880823655,
        1.5816612719658458,
        1.5919919876423743,
        1.6079862760457462,
        1.5964475763226706,
        1.7091536192591577,
        1.658024154920365,
        1.6467231146798953,
        1.630439413451544,
        1.6214560617277542,
        1.6258721150914444,
        1.6025045387405659,
        1.6552512691464945,
        1.61736493409926,
        1.6305492057552466,
        1.7489272214175406,
        1.6793104290847825,
        1.6514436564710349,
        1.6990406817327843,
        1.5789167831832904,
        1.6159213702794146,
        1.6556401721890561,
        1.5561072817571786,
        1.6437192484791272,
        1.61640934167724,
        1.7156897681803938,
        1.6454135976237212,
        1.6689527579222367,
        1.6878999268639605,
        1.6109122559926305,
        1.6497865349740464,
        1.6088131281480773,
        1.6461011255664066,
        1.6338514968321118,
        1.6132153476295308,
        1.7304491842021101,
        1.6245065553526874,
        1.6108401835961255,
        1.6301901771652902,
        1.567102136185434,
        1.5898298581993167,
        1.5883615570539764,
        1.585877475256232,
        1.6150494099512374,
        1.6255820280099158,
        1.7330275997114508,
        1.6735133757836773,
        1.6539268326983643,
        1.6794101426441266,
        1.6336870223384594,
        1.6301570844586424,
        1.6237639661097396,
        1.6399697417052963,
        1.6370104685434965,
        1.6287689978830995,
        1.7109281859003216,
        1.6490640853822378,
        1.638329182923876,
        1.6110274812587404,
        1.6251923744436676,
        1.6111740508750876,
        1.6374386073571692,
        1.644239342795153,
        1.5966522394349958,
        1.59995072732316,
        1.7414476157149947,
        1.6945967458294453,
        1.6501760733333173,
        1.6433114770983959,
        1.6213069046044668,
        1.5839669126381812,
        1.6043449083081092,
        1.5894049499249683,
        1.629732631457848,
        1.58541548170111,
        1.6851745664930535,
        1.6243486376985405,
        1.5839923410807626,
        1.5705989877647253,
        1.5562574602387664,
        1.6082839892385956,
        1.5841291388552434,
        1.6169442269539018,
        1.5670673546880614,
        1.6035903395662268,
        1.7067144272525094,
        1.6038025276251417,
        1.6431488664104412,
        1.6428835923664535,
        1.611880597271532,
        1.615027348769108,
        1.6047061628866346,
        1.6004791909182035,
        1.585403695396041,
        1.566410616281623,
        1.6947320561745849,
        1.6507112422179175,
