{
    "start time": 1730488286.5465379,
    "old id": "53ced7ea1f84e21808d4f1bfee071d69da0bf97d1e8847902ac8c117e6e13443",
    "use_input_gate": true,
    "use_forget_gate": true,
    "use_output_gate": false,
    "use_state_gate": true,
    "use_new_state": true,
    "use_old_state": true,
    "use_residual": false,
    "n_layers": 3,
    "state_size": 256,
    "id": "e5e541f94a732b08555cf24c5987141b0a8e912d5ef83f4bba7927203bac83ec",
    "loss": [
        3.547947809030927,
        3.2683705130703617,
        3.037553057870754,
        2.9103466403096587,
        2.82817627748448,
        2.761072213397953,
        2.710973029738114,
        2.74868813553159,
        2.66665321474908,
        2.7290233424525376,
        2.5766717134545476,
        2.6227183075517306,
        2.575015866674551,
        2.543189380945123,
        2.4982642697433883,
        2.5073982452627677,
        2.4538096676643275,
        2.4592809876064172,
        2.492578860775203,
        2.498838385206326,
        2.4772922163436446,
        2.395458471532318,
        2.398792168500193,
        2.4073429010806078,
        2.4004379378811,
        2.381109900581614,
        2.3707280282296117,
        2.2944976527420597,
        2.3038645196431147,
        2.3838623456747468,
        2.3920727936653865,
        2.3350862114148065,
        2.3495503909860336,
        2.321835353506939,
        2.285503079087432,
        2.308318338720714,
        2.309726248146681,
        2.2305897125293193,
        2.26743438910037,
        2.3985952599090585,
        2.305797721165377,
        2.3293185817376787,
        2.2326320853027446,
        2.1962861596614207,
        2.2708326473962783,
        2.193161975825402,
        2.1935285172838013,
        2.225017101595903,
        2.208550633403991,
        2.2657969866785077,
        2.22258921102511,
        2.172588138985679,
        2.2290093870303584,
        2.224196439183929,
        2.189622752370534,
        2.184619964660781,
        2.1324440499609554,
        2.133056979147316,
        2.1227557327630846,
        2.2828462545095,
        2.202320708630777,
        2.1532790344966277,
        2.1412831467883837,
        2.1300245512556226,
        2.165446741561152,
        2.1593563236629487,
        2.119439104189564,
        2.1418806345188,
        2.149820107173254,
        2.239863564999296,
        2.1065462927108016,
        2.1381252224148084,
        2.090775836599907,
        2.0435015123268583,
        2.0779509415413147,
        2.1161781113130935,
        2.038496369514125,
        2.0660238069784023,
        2.0880346549393543,
        2.1883269829166796,
        2.1038168009711287,
        2.0738986803927535,
        2.0983605922097937,
        2.0707197652673197,
        2.044209897674159,
        2.078059932860339,
        2.027417236889014,
        2.075945597646501,
        2.060849004877911,
        2.2177516078408237,
        2.076663228145593,
        2.0490130009146266,
        2.056413646344115,
        2.0321224359881733,
        2.015701843484438,
        1.9887501513522547,
        1.9930162494633707,
        2.0235618244080147,
        2.0247673214680866,
        2.146298981292806,
        2.0574285424880507,
        2.005563046170077,
        2.019046119452042,
        2.0062164245720715,
        1.9897881456124122,
        2.0438869318753574,
        2.032364622265276,
        2.0256774635172388,
        2.020171283978484,
        2.132398819505846,
        2.034018943296884,
        2.006348035828342,
        1.9936960136374224,
        1.9837354242126743,
        1.9926120850005775,
        1.9678344054137045,
        2.0171677404814403,
        2.0073717461031566,
        1.9607174994692096,
        2.0825164225687978,
        2.0414726650961326,
        2.0377956453217796,
        1.9919881036360592,
        2.022491586145188,
        1.975900087030911,
        1.9123457548855403,
        1.9666983040051758,
        1.909502242269133,
        1.9714927238433222,
        2.112369999138188,
        1.988514618751401,
        1.989652157652673,
        1.969767002481231,
        1.9323144506307082,
        1.9753807097265295,
        1.9504224763879447,
        1.9136769178335393,
        1.953906515802639,
        1.937836414260211,
        2.0831849210764313,
        1.9822512560535388,
        1.9590969747753673,
        1.9592998639909647,
        1.900163149831578,
        1.914398681483994,
        1.959744955408077,
        1.8919079464578135,
        1.8994119715830378,
        1.879030519111258,
        2.0255339025054977,
        1.9682166816286952,
        1.9439618580472666,
        1.8998006674451593,
        1.8478771191189394,
        1.9173708223356187,
        1.9375243897571317,
        1.928518465878034,
        1.9144978131859227,
        1.8871242793569445,
        2.0236089831391935,
        1.9263814215764528,
        1.9432005811729678,
        1.911325932653581,
        1.8897794590024402,
        1.8792097848567524,
        1.9045109067008337,
        1.8978447105732563,
        1.9114910250068122,
        1.8793633954818705,
        1.9983306473325104,
        1.8854366061186438,
        1.923235325559938,
        1.8985798361038695,
        1.84244378130159,
        1.889055017933985,
        1.8451363900787288,
        1.8356859471737716,
        1.8699218414168577,
        1.8291681143598666,
        1.9732559936691156,
        1.9323569790053712,
        1.921713598568065,
        1.9070456656234622,
        1.8899655873124197,
        1.8917702691397276,
        1.818657455439222,
        1.8653870321982249,
        1.921736339121981,
        1.8765817747991802,
        1.9658098909412445,
        1.8538176611888892,
        1.8891715298021445,
        1.8792131511007322,
        1.8615955744988921,
        1.8814968257475506,
        1.8399889254601816,
        1.8955436769065064,
        1.8738804576689585,
        1.8666519736509442,
        1.9607568351589668,
        1.8424118191054595,
        1.834532281979407,
        1.8217957665366789,
        1.8207781175043143,
        1.8264179437134824,
        1.8343275701532555,
        1.8169535339396572,
        1.8364417737811964,
        1.8094444243283727,
        1.9269401812350637,
        1.9032372109014049,
        1.8968742067917845,
        1.8868977803244145,
        1.8421149755099773,
        1.804255175828093,
        1.8288048265802155,
        1.843964768398453,
        1.850284991234809,
        1.8292583260402024,
        1.9734444985033397,
        1.8736879814348526,
        1.8694385344293971,
        1.880026244497646,
        1.8755412352488587,
        1.8770397562184253,
        1.8704172773570544,
        1.800599154440269,
        1.7989563220093723,
        1.8569310394940537,
        1.949852574690864,
        1.7897474841245977,
        1.804800983566797,
        1.8236960493970662,
        1.7679705440270557,
        1.8092220041829397,
        1.7545821050801143,
        1.8039439035214635,
        1.788191299923082,
        1.815017690973847,
        1.8690784452523568,
        1.8474515202881712,
        1.8061897371094628,
        1.7933957599941681,
        1.7638912328130196,
        1.834823137966025,
        1.8069651619886844,
        1.802095399653681,
        1.7930407837043625,
        1.817498459650112,
        1.931786113974962,
        1.8678529310938161,
        1.8406188449151706,
        1.8163199549887812,
        1.851546575927804,
        1.8061813200296588,
        1.775091260799787,
        1.819899827778486,
        1.8098251941104517,
        1.7870374892507663,
        1.9049547380441572,
        1.8275008571027427,
        1.8100555446049136,
        1.7964050644841698,
        1.809730118432088,
        1.7869614448210018,
        1.844645409008175,
        1.794072735489722,
        1.8186541609768803,
        1.7497055753730455,
        1.8252820827318854,
        1.7690162776759824,
        1.7130528108004084,
        1.7672611684554296,
