{
    "start time": 1730493959.6926563,
    "old id": "fb319021058f89dc2918abb1bf8cdcb8c15c7db937adf04cd3ada4d06bd1e5d1",
    "use_input_gate": true,
    "use_forget_gate": true,
    "use_output_gate": true,
    "use_state_gate": true,
    "use_new_state": true,
    "use_old_state": true,
    "use_residual": true,
    "n_layers": 1,
    "state_size": 512,
    "id": "e827ac59b469456b373f8b977f8f3020ac94388bf7d349c7060374a7c2bbd606",
    "loss": [
        3.1300168461708875,
        2.835184927600838,
        2.7374100941025272,
        2.602425933443922,
        2.476721381242232,
        2.518056289135104,
        2.46955616400832,
        2.3816146248241363,
        2.3540950617050966,
        2.3204866442777585,
        2.33171532919621,
        2.2119383810516147,
        2.2033539773864304,
        2.1826111893634788,
        2.122029075994315,
        2.1218381510243725,
        2.067106112199777,
        2.073981616252625,
        2.0624202850729954,
        2.1102310898489374,
        2.033094723427529,
        2.0092711302474724,
        1.9721409144508981,
        1.9358650235085146,
        1.9085158438537835,
        1.919666475278423,
        1.8814813200354366,
        1.9264910563528057,
        1.8891815144568613,
        1.9805512592575638,
        1.9115399424564343,
        1.8396155526825646,
        1.8348082386415183,
        1.905821931959965,
        1.8637643207546923,
        1.8396383549141675,
        1.7906726826911403,
        1.7928057181592072,
        1.7862946466490879,
        1.9258323680510616,
        1.8189785265055418,
        1.8156070555071038,
        1.7888111709087582,
        1.7646756255005636,
        1.7577356044626784,
        1.6969870935204112,
        1.7373166834648666,
        1.7340304089876801,
        1.726616443917529,
        1.88315804011937,
        1.7735174222219894,
        1.7112211328801619,
        1.6812005808010801,
        1.7403296222742672,
        1.6812925874340814,
        1.6693148617773996,
        1.702355327806645,
        1.690716713824791,
        1.7467378399209101,
        1.8266045010527108,
        1.7823499432057517,
        1.7575247052644773,
        1.7450715806935162,
        1.7031505708355124,
        1.6862959682571923,
        1.703736523669077,
        1.7110047807777333,
        1.7206248922019005,
        1.6790794916770722,
        1.8418664363013335,
        1.7061528049450152,
        1.6587418334877075,
        1.6962642159383954,
        1.6707809676884118,
        1.660457587655227,
        1.6530960262500876,
        1.6662160067879657,
        1.6210911211688475,
        1.6944623289432685,
        1.7639469825021743,
        1.7406329540854832,
        1.7445802144060725,
        1.690581886546443,
        1.5984430893712789,
        1.6410568592813466,
        1.6518754120637171,
        1.6299994067109922,
        1.6407205420795574,
        1.6255031320205506,
        1.7561462266522245,
        1.6942775909931052,
        1.6656547947133016,
        1.6069136534823574,
        1.6293082759254989,
        1.6792743914132577,
        1.6207070766497236,
        1.5796425711527753,
        1.581376798249667,
        1.5894306567371734,
        1.7430409601232992,
        1.638182776580151,
        1.646384954404512,
        1.710302589498396,
        1.6704382290517197,
        1.6678398192433685,
        1.5991193881272021,
        1.6258763686729691,
        1.6517465670965479,
        1.6225166266725841,
        1.745904805137043,
        1.6909527096962982,
        1.7067943846307927,
        1.649420559460602,
        1.6303234021973216,
        1.588666125365133,
        1.6245121539718865,
        1.6031347952326744,
        1.6435566802881882,
        1.617263701432483,
        1.7855473947478913,
        1.6803647511447044,
        1.690290445124088,
        1.6330411520259729,
        1.621611950508893,
        1.6127643979113624,
        1.6050639019147845,
        1.5667118401199962,
        1.6260273495366604,
        1.6119846165766483,
        1.720842263362924,
        1.7026097596800471,
        1.6544593211440024,
        1.6674890409517649,
        1.6353078656300395,
        1.5973636124677146,
        1.6362143611124935,
        1.5564202079522256,
        1.602738709395555,
        1.622943309813715,
        1.731820583154578,
        1.6354387688765635,
        1.6471183285093323,
        1.6444724198501315,
        1.638866171975704,
        1.6012450693459013,
        1.5647692311075312,
        1.5874813504214667,
        1.5780590022179324,
        1.6112597556115473,
        1.7280499610874818,
        1.6957873353962987,
        1.6240299823824085,
        1.6201972874489032,
        1.5746942913891644,
        1.5789522537670053,
        1.6202279250290557,
        1.582879226506775,
        1.5730760587301738,
        1.5551271695157673,
        1.688476717841673,
        1.6678349779263748,
        1.62852356171256,
        1.625739809226679,
        1.6046814236772893,
        1.62314608207349,
        1.6210186372210107,
        1.6060343547250207,
        1.566863283954321,
        1.6308589873324417,
        1.7201207036111221,
        1.6450580258440586,
        1.6124978790178128,
        1.6019229245263773,
        1.6263883830155381,
        1.61649219580608,
        1.5804911843715872,
        1.5900689631003506,
        1.553114852075303,
        1.6272176262211502,
        1.751627294526513,
        1.6312900357356015,
        1.554955802187607,
        1.5447945055360222,
        1.6156463830961836,
        1.5449423893089584,
        1.532439116303256,
        1.5515568208443333,
        1.5683060154071395,
        1.5643944501542186,
        1.6760435623656207,
        1.6472567565118812,
        1.6282405567325209,
        1.5922595022909571,
        1.611419119412287,
        1.5724016338334215,
        1.5651817585839896,
        1.5331709471574262,
        1.5528791439773304,
        1.5721124631508099,
        1.688969531480035,
        1.6757760601111849,
        1.6134052336294367,
        1.5776855546097568,
        1.6180306980946544,
        1.6276938547936808,
        1.5903720154804906,
        1.5809195681720474,
        1.539422529306306,
        1.5599255495809163,
        1.6778483863260638,
        1.660464662161694,
        1.6306616658167827,
        1.5915170254995732,
        1.6360037849747682,
        1.640950055694597,
        1.5980996216053098,
        1.602627463733089,
        1.611691437338419,
        1.6006451595387603,
        1.620585954628138,
        1.6193463990804242,
        1.5773690690474176,
        1.5800282848061107,
        1.5444989226037202,
        1.541462870843201,
        1.5737929854606607,
        1.4979132225149199,
        1.5934713748947036,
        1.5586016715203774,
        1.7201239821539456,
        1.6413463615639035,
        1.5952234798353377,
        1.607616225033886,
        1.6009456947778349,
        1.5564220020511654,
        1.6159518520300964,
        1.5642418463565786,
        1.5734817168904753,
        1.5964392332756614,
        1.734153272835087,
        1.599152938565558,
        1.6019973645136587,
        1.5901837697959038,
        1.5802105654835024,
        1.554195988956695,
        1.5917458751479954,
        1.6281418718729008,
        1.574312338598101,
        1.579865490005116,
        1.6748988810163037,
        1.6299018276969224,
        1.6362830227226146,
        1.6054394865797228,
        1.6081927809736964,
        1.6305587024308799,
        1.5887919102333894,
        1.5766278407839514,
        1.600201320516769,
        1.5658650616539531,
        1.6946754321057127,
        1.6307231448042583,
        1.622204804762598,
        1.5328243126661816,
        1.559152189459115,
        1.59506948022285,
        1.583791271987328,
        1.5445741162422646,
        1.570586623551035,
        1.6025330443249095,
        1.6773291953816554,
        1.6349448636139212,
        1.6313705018822364,
