{
    "start time": 1730498502.1443841,
    "old id": "3fdf2f93390cb638566f51d370d541fb92f40ea0687994b88d1f7b0f7f36aff5",
    "use_input_gate": true,
    "use_forget_gate": true,
    "use_output_gate": true,
    "use_state_gate": true,
    "use_new_state": true,
    "use_old_state": false,
    "use_residual": false,
    "n_layers": 3,
    "state_size": 256,
    "id": "e9eb9e594a40a83e3d5ca95c185cd9094437832328d91d35b5668dffc831209b",
    "loss": [
        3.623945499658502,
        3.473449589248349,
        3.330266200284073,
        3.1039064015459092,
        3.001761673360248,
        2.8247143797840044,
        2.7826734290633923,
        2.76245705904517,
        2.6666805703924066,
        2.6662094840142343,
        2.6351221347768408,
        2.6347856243214363,
        2.585294230083201,
        2.5219513637334128,
        2.52043004105066,
        2.503562091915036,
        2.476284040143951,
        2.428850897862909,
        2.3835903571719816,
        2.469587761165145,
        2.3765298519220472,
        2.3875863979039242,
        2.2883860228183535,
        2.265994844979271,
        2.2769392539172215,
        2.3011158380468237,
        2.296893083860632,
        2.2713063770455406,
        2.2503977368154313,
        2.3320450714035488,
        2.216687554865786,
        2.2291991168277967,
        2.208614180993731,
        2.1933722671765326,
        2.1414837012599657,
        2.1255526849930737,
        2.155708254923421,
        2.131789180681466,
        2.1097504995060024,
        2.2216992745823263,
        2.0759063329989464,
        2.074760237361021,
        2.0497328790373297,
        2.0109069724928768,
        2.0369876491139824,
        1.98809055137685,
        1.9897621692950715,
        2.0300165591833665,
        2.0240078833798263,
        2.129999351527121,
        2.0206735700551226,
        1.9819856569488954,
        2.0066263247305587,
        1.9822107597086809,
        1.9636646288622397,
        1.9632794708135335,
        1.9411903166840414,
        1.9487462907235187,
        1.9845248917165792,
        2.0775311359393247,
        2.0023986170696815,
        1.9442418178643575,
        1.9611607174564205,
        1.8959391908945369,
        1.9037948884843234,
        1.933981585839016,
        1.9342660693113376,
        1.8995401962176566,
        1.926414858030923,
        2.0411693191383855,
        1.9383169495108288,
        1.9394459066082446,
        1.9171842947509987,
        1.929908861986561,
        1.8708858847207581,
        1.80327855027808,
        1.8401506619807722,
        1.846331164679004,
        1.8613728577501827,
        1.9877083719429698,
        1.8559851644291165,
        1.8591916675905773,
        1.882829867849119,
        1.9008578087636714,
        1.829383950815827,
        1.8277430778509975,
        1.816470262528243,
        1.8408138539015722,
        1.8122627380408665,
        1.9456645107095558,
        1.8222082812817901,
        1.7774998889630873,
        1.8173458894630348,
        1.8264849131404843,
        1.767463450036617,
        1.778365711072645,
        1.8050731630649233,
        1.770748525273703,
        1.8339323854494067,
        1.9477289221786123,
        1.7908995229018825,
        1.758495783455502,
        1.7345166343614937,
        1.8239570436574815,
        1.788381056415213,
        1.7714819054649644,
        1.7396870976991263,
        1.783528060097168,
        1.7273697843534705,
        1.9243415107744337,
        1.7767476675746365,
        1.8179604443701982,
        1.7896086815020582,
        1.8097535083980034,
        1.7932222526730168,
        1.789138052068133,
        1.742294196416263,
        1.7525259536815667,
        1.764949950778056,
        1.9190634431319447,
        1.781248570599727,
        1.7624825476989565,
        1.790581972838906,
        1.7503672766040501,
        1.7219639389540708,
        1.734521345630084,
        1.7575502468232516,
        1.75491894881619,
        1.7556769254352924,
        1.9045083371961125,
        1.7851575629807643,
        1.7951562208835585,
        1.7519604552491765,
        1.7561696562536524,
        1.739904014866186,
        1.6755436677365225,
        1.6934826888159693,
        1.7178229301482673,
        1.7491023307273246,
        1.8493247589032873,
        1.7416614604403697,
        1.7116071982510248,
        1.7207345251042885,
        1.6614900672959494,
        1.6821596831963177,
        1.72589662504771,
        1.7185140146815172,
        1.7087140670694452,
        1.694151724953291,
        1.8382904541593197,
        1.7760123682542486,
        1.761131918314733,
        1.7710389834347173,
        1.7391813489706731,
        1.7867201287325607,
        1.7418989883710418,
        1.696578780429029,
        1.697262704151791,
        1.6909461118735907,
        1.8236392556227108,
        1.754930554699857,
        1.746676538087548,
        1.6804551955435967,
        1.6999547986826526,
        1.6854234234618506,
        1.693585606778863,
        1.6757699296768431,
        1.6395163728136837,
        1.661868623324627,
        1.8177117301494452,
        1.693859233071645,
        1.7170704843899627,
        1.7041492066184962,
        1.6483536648450152,
        1.6196712190278384,
        1.636690617474496,
        1.712412511630098,
        1.6324188831709383,
        1.6759483253298213,
        1.7879828480856066,
        1.7078644734101798,
        1.7286131973400707,
        1.702282807089398,
        1.6764163864097403,
        1.6842640057056226,
        1.7038814294588227,
        1.7106554803627922,
        1.671170433008902,
        1.643796785446741,
        1.7648260449949187,
        1.642813848793105,
        1.6763333711703627,
        1.59963523687334,
        1.6046297843254558,
        1.6196278944531568,
        1.6066166649396263,
        1.5988718258869747,
        1.6264228589502452,
        1.6263815231727872,
        1.759716792317251,
        1.6513742972773615,
        1.6491785685559293,
        1.6875619616919546,
        1.6254204323893597,
        1.6130401298575943,
        1.6317863770142167,
        1.6301520422844549,
        1.6410587760602862,
        1.6332121935160249,
        1.7735506304988682,
        1.737656095864165,
        1.7300094470100746,
        1.6724132389329154,
        1.7004139634266051,
        1.6836309584422657,
        1.6385202503812175,
        1.6918159207849066,
        1.7029130966392705,
        1.6632485897477467,
        1.7536644546601148,
        1.6238286504106687,
        1.676252026527165,
        1.6461490299658073,
        1.6559550688801463,
        1.6491425183629227,
        1.6655216546375617,
        1.6980742471415065,
        1.649576480903283,
        1.6331315050780781,
        1.7557285241436529,
        1.6551893837138694,
        1.6359250968599932,
        1.5738453689899248,
        1.6114886106399982,
        1.5947623862491285,
        1.617029432147236,
        1.6507616961469527,
        1.6294034470484329,
        1.6104290083531478,
        1.700976477854921,
        1.6995732395308172,
        1.6673977419796806,
        1.6149588891811946,
        1.6243966734302635,
        1.6416557886837977,
        1.659352113777936,
        1.6391188463866015,
        1.6550098527217207,
        1.6788894267306678,
        1.7590330808873351,
        1.668274061150419,
        1.6197998502963655,
        1.6798116369144964,
        1.6723629842377954,
        1.635767803458914,
        1.6459528123243614,
        1.613887952221575,
        1.6164454997108506,
        1.6516653180482086,
        1.773357511040227,
        1.701190259079667,
        1.6425368757601846,
        1.5876596763466237,
        1.6138846830605846,
        1.6041166669030729,
        1.6332339242039007,
        1.6381746588286408,
        1.5634341876161775,
        1.6284630485491502,
        1.7519544545052161,
        1.675044601327183,
        1.649152199673094,
