{
    "start time": 1730502028.7217777,
    "old id": "823c3e786b3a3513436e23578685447f5dd872de76dc68cab3c83a1034a0f1d1",
    "use_input_gate": true,
    "use_forget_gate": true,
    "use_output_gate": false,
    "use_state_gate": true,
    "use_new_state": true,
    "use_old_state": false,
    "use_residual": false,
    "n_layers": 1,
    "state_size": 512,
    "id": "eb3666ce5727d755a21f3c3569f9c4a7bd5ca17d56748b82ac9aa7b325d5713f",
    "loss": [
        3.449009789409665,
        3.001522470871575,
        2.7416618626956915,
        2.5935733880629233,
        2.492654701615424,
        2.404704167282639,
        2.3300694865908587,
        2.2746143986042986,
        2.2246519438708443,
        2.273972482920063,
        2.1834559741879294,
        2.1368770572266684,
        2.1565969655586037,
        2.0417642608721995,
        1.9991885677431651,
        1.9753297048967902,
        2.0194968927487844,
        1.9815399639956937,
        1.983860274710725,
        1.9965766098425723,
        1.908570709357204,
        1.925962362723027,
        1.8976427889053662,
        1.8598580626441168,
        1.8722703777898266,
        1.8470623498074035,
        1.7793082742545494,
        1.7721404810290766,
        1.8074155920924477,
        1.8818280798402487,
        1.8602720017652894,
        1.822445362065543,
        1.785962794159122,
        1.8128380619108468,
        1.8083640251298922,
        1.7871346204120169,
        1.7117584535688308,
        1.7707949190006904,
        1.7523117575254252,
        1.9110389663622513,
        1.786779557154039,
        1.7986952559164784,
        1.7759581847873696,
        1.7401175852499573,
        1.7161618657493833,
        1.7140724666017375,
        1.6326282628014817,
        1.6713386414654874,
        1.6306164296187273,
        1.825023993090798,
        1.7438205820356012,
        1.7052653702114229,
        1.6536269787015359,
        1.690030567587371,
        1.6504202103862542,
        1.6509381793892233,
        1.6838335853086615,
        1.663095826223095,
        1.6524595349111897,
        1.831714030746717,
        1.6761585977197915,
        1.6988990962357144,
        1.6678084926464605,
        1.6294269204552996,
        1.6302480683235148,
        1.6020546475418793,
        1.6491298361497868,
        1.6440277035682713,
        1.6246735381830513,
        1.7869170218295358,
        1.7054487626478498,
        1.651695518861869,
        1.6746068421662799,
        1.641775305136646,
        1.6387659825534295,
        1.6341998264472752,
        1.6364604565161471,
        1.6734395116035645,
        1.6864614681118484,
        1.762982157950834,
        1.689805363916043,
        1.6253344079269474,
        1.6720351203099846,
        1.6455325675769628,
        1.6680955276242257,
        1.6248817020640491,
        1.6232647004539489,
        1.6154983922765174,
        1.6328070480186252,
        1.7744182090315908,
        1.6528665887431855,
        1.684695512207642,
        1.642097250307632,
        1.6490278545803345,
        1.6220703366333804,
        1.6346176380286623,
        1.629453994615904,
        1.5982581822837378,
        1.6327674068499793,
        1.765119951284588,
        1.6225399036989703,
        1.6118423808462494,
        1.6251794738669658,
        1.617964834965273,
        1.6076863440714602,
        1.5731001191569622,
        1.580448636912208,
        1.633078686227818,
        1.5851734615890616,
        1.7431404460373081,
        1.6819108599861219,
        1.6063739324224262,
        1.6363608796697966,
        1.6496565944921788,
        1.5824536343661346,
        1.5886850423448498,
        1.6582723756662643,
        1.622414367558321,
        1.587023951698187,
        1.8082750332894941,
        1.6844236799369736,
        1.641755061715592,
        1.618185009713246,
        1.6084968844002485,
        1.6053043819194357,
        1.568854621942911,
        1.627048694604639,
        1.6263042993400896,
        1.5889107451217412,
        1.7257478446989278,
        1.6165842186014938,
        1.6203038101804885,
        1.6001372631202733,
        1.5894806714117267,
        1.5431538127672642,
        1.536613502410713,
        1.5409337428240997,
        1.5278406399914106,
        1.5315755924330665,
        1.7337239174605736,
        1.5884032981239309,
        1.611683069205304,
        1.6268362937105345,
        1.585332743943258,
        1.6081873878211324,
        1.5920769604781106,
        1.6007610856841914,
        1.5706980116424503,
        1.5260206280415665,
        1.6658910314714506,
        1.5666325186298047,
        1.6081117758111105,
        1.5682717682031737,
        1.585203064089521,
        1.6719127738857615,
        1.5672192499577426,
        1.6001852002107833,
        1.54702701547369,
        1.5748723309281767,
        1.7243341753407981,
        1.6144856066667475,
        1.5815906307282697,
        1.6053013310773245,
        1.5749262782272635,
        1.5948263686380735,
        1.5514668869275028,
        1.5599733105297051,
        1.5992542478058756,
        1.5486129031710294,
        1.7013552028179233,
        1.6420830994263378,
        1.6194270392962689,
        1.56966839750321,
        1.5993482087884459,
        1.5463685227228297,
        1.5687675723563466,
        1.5538363924187621,
        1.5655937591818359,
        1.578048244152796,
        1.6673251512899931,
        1.5591961655374522,
        1.5682196298158244,
        1.5596115913587638,
        1.561375115043283,
        1.5983282641977241,
        1.586710461381129,
        1.5110914001820743,
        1.5131208185517473,
        1.5259034044227797,
        1.712406868785709,
        1.5965253265896315,
        1.5874115402793132,
        1.5551595753687595,
        1.5830925938985072,
        1.5747395353899079,
        1.5472075318378091,
        1.552590092648836,
        1.5529277710539768,
        1.5651825576997407,
        1.6622924075978494,
        1.573639786550266,
        1.593477084293092,
        1.5671003848210996,
        1.5210203697869293,
        1.546356251303491,
        1.5465628770072444,
        1.574689570388697,
        1.5544006010681533,
        1.5709371344496614,
        1.6666143689268322,
        1.568755511202817,
        1.5489992659419358,
        1.501351465865043,
        1.556294935355625,
        1.5340444861295497,
        1.5389576085662466,
        1.5368412857817337,
        1.5443625140210995,
        1.5213504128544013,
        1.692648892929185,
        1.6102162708859886,
        1.5682880543132485,
        1.5563047557821985,
        1.5589130019330664,
        1.5574383436926067,
        1.5894887832522517,
        1.5599835474561319,
        1.5734968303770425,
        1.5534613692910222,
        1.6673875917207301,
        1.5850699113812068,
        1.5920889589443723,
        1.5758626006618326,
        1.5692373287503811,
        1.6152177596821269,
        1.5848913258904287,
        1.5147468231355126,
        1.5590572442332815,
        1.5500031661587488,
        1.6911679581995505,
        1.5982161892419007,
        1.5873260693719562,
        1.5900295695519167,
        1.560282241472057,
        1.5436286788278142,
        1.54561943479755,
        1.5465234969288362,
        1.539878731123034,
        1.6066501900385146,
        1.7032761525778202,
        1.6176885461359696,
        1.5682986599417514,
        1.5876513711865279,
        1.5660786051371913,
        1.581766761455555,
        1.5604229050903147,
        1.5342720444904923,
        1.5413588216447487,
        1.5023030729018738,
        1.6667766745668466,
        1.626909217638742,
        1.585511826449548,
        1.5971536602380463,
        1.565573753556043,
        1.5653342437375277,
        1.5411590644012731,
        1.5917959279894873,
        1.5389930706022845,
        1.5601454278616267,
        1.667388765618156,
        1.5809271137323149,
