{
    "start time": 1730491728.8777912,
    "old id": "f48e4aa43315768e1ae4dc4407d95d9bd3814dd65c2ddc8cdb45eb17c6707796",
    "use_input_gate": true,
    "use_forget_gate": true,
    "use_output_gate": false,
    "use_state_gate": true,
    "use_new_state": true,
    "use_old_state": true,
    "use_residual": true,
    "n_layers": 2,
    "state_size": 512,
    "id": "f53cdcf7a1abba584e6fe2c961d44cf482859775b8080703363dd2ad4d02fbed",
    "loss": [
        3.36614854899484,
        2.9812918632274137,
        2.81860379030607,
        2.696649804624863,
        2.5540099680493924,
        2.5029251709227935,
        2.4013969217425624,
        2.352195642994551,
        2.322164236388407,
        2.3375735700682605,
        2.2454455605192263,
        2.226192180961544,
        2.1693983009384503,
        2.127428661380437,
        2.0890016263367124,
        2.0288018419986993,
        2.0347399041829592,
        1.986108538447919,
        1.9477803760568027,
        2.0093908825594227,
        1.9251740549852372,
        1.9440402611739995,
        1.8446472070673066,
        1.7935360165530299,
        1.7898190534385956,
        1.790011100614628,
        1.7512448191423733,
        1.7390747168989675,
        1.7500011555916481,
        1.864585532110012,
        1.8858252874200234,
        1.9273604646705917,
        1.857657824178171,
        1.846049647204021,
        1.746819395931927,
        1.7787925785956369,
        1.752647040440024,
        1.7815472508071142,
        1.7442226635332694,
        1.8822875714039766,
        1.8116465967342474,
        1.724868526135192,
        1.7178604347273054,
        1.6892422697598986,
        1.742055053275515,
        1.7422909292664852,
        1.757349635547111,
        1.7335100526947134,
        1.6769189843067005,
        1.846778859586885,
        1.716051469437628,
        1.6960945766983897,
        1.6613356623336863,
        1.627795920749712,
        1.672154454502979,
        1.6534132887911217,
        1.641974684506322,
        1.6492662350755305,
        1.6359138114726623,
        1.7658822715771563,
        1.739909409994074,
        1.7228763543158465,
        1.6856922457003936,
        1.6509463421920036,
        1.6400555242713193,
        1.638980730661912,
        1.5988674481856915,
        1.6091316912225182,
        1.6467957799701887,
        1.7763657939676913,
        1.6635971751808045,
        1.64825515385421,
        1.5661720671056718,
        1.568370775537034,
        1.5707067234924725,
        1.6085907123304373,
        1.6331785371846061,
        1.6111320881727118,
        1.6276366991708207,
        1.7666840862023063,
        1.670379288825107,
        1.6705699941607306,
        1.632047504388636,
        1.6295292091857796,
        1.6478844129725003,
        1.663073674369825,
        1.6327399518877115,
        1.6899946355469944,
        1.6911046727693269,
        1.7895228942865724,
        1.685939317674152,
        1.6300313619946059,
        1.6027874626120524,
        1.6527671771853523,
        1.6039539720834932,
        1.5716869590208487,
        1.5564631091107566,
        1.620342657980037,
        1.6139352827531182,
        1.7508334837762816,
        1.6417257263717595,
        1.6565734273236414,
        1.600906729933245,
        1.5568881270192987,
        1.5790653851855956,
        1.5833566113810345,
        1.5713729902626166,
        1.5779713152484292,
        1.5688147607910914,
        1.712857639624079,
        1.622176547686788,
        1.6160193740921274,
        1.591163412341634,
        1.5997160395693006,
        1.60862919372555,
        1.6303655945930702,
        1.6105970874928677,
        1.567083958044042,
        1.5789451636482708,
        1.7323673180888675,
        1.6427896431095557,
        1.6600491246743259,
        1.5737576895801475,
        1.5581591495772933,
        1.5493799281205232,
        1.5265355488412935,
        1.5433790059533294,
        1.5097746573693407,
        1.5297821368444267,
        1.6844221346726387,
        1.6622941704549647,
        1.6174488277021615,
        1.6161750242043238,
        1.57439035292761,
        1.6080889810520125,
        1.5805878434036493,
        1.5465732998539161,
        1.5533342588877284,
        1.5399961004565135,
        1.7087201337163966,
        1.6283678312544254,
        1.5768447434553814,
        1.6226199358771505,
        1.5452451259516946,
        1.532137893708663,
        1.5852737705118618,
        1.566621027036031,
        1.54336793558135,
        1.5808004241312756,
        1.7099816265535543,
        1.6386494846089201,
        1.6201681404511157,
        1.598781265199025,
        1.5630043481971507,
        1.5899782049510487,
        1.601660903136976,
        1.5782434533020318,
        1.5719068936004896,
        1.5755990752529407,
        1.6684375114133365,
        1.5812338140965985,
        1.522588688681222,
        1.55027827511831,
        1.538955894518607,
        1.5506225503645596,
        1.550347165637234,
        1.5769886608112542,
        1.577556687291258,
        1.5658880880964796,
        1.7085757339880885,
        1.6094368196677058,
        1.6017053148986327,
        1.6032546565768862,
        1.6049693009416424,
        1.5634211105702338,
        1.537051679620642,
        1.5449183985817723,
        1.5758698599200933,
        1.524550344150323,
        1.7028244429618529,
        1.609010355526171,
        1.5627729558702472,
        1.582350995554975,
        1.5735311649280024,
        1.5474781145312928,
        1.5294448584359535,
        1.5742914591666066,
        1.5693786279162807,
        1.548243025004664,
        1.7296514913275398,
        1.5971906288167674,
        1.5593424794548862,
        1.5282951557628839,
        1.557302052402057,
        1.5446198125358788,
        1.5221186715189416,
        1.5429412541436232,
        1.4923958190111095,
        1.5773016330034013,
        1.6386369312610483,
        1.5138632120585647,
        1.5386059040193092,
        1.526460532341412,
        1.5620270404870895,
        1.5019889028818383,
        1.5271351909968252,
        1.5014366214418084,
        1.4793426046519056,
        1.498784206788471,
        1.6273141955554278,
        1.569881064024642,
        1.5288204851623302,
        1.5675220575372584,
        1.5094049118278614,
        1.5701299817162415,
        1.5201706576603236,
        1.5372627826506555,
        1.47030864241339,
        1.548744855834333,
        1.6327218682905051,
        1.5909843063959836,
        1.5749060591163215,
        1.5730883064384078,
        1.5532393675748295,
        1.5278949536936948,
        1.54606240975998,
        1.534265178476274,
        1.5438651041010407,
        1.589411880046895,
        1.6528829901027833,
        1.5708796601713846,
        1.578820423131105,
        1.5990453100838586,
        1.5609374586316627,
        1.5492864744811965,
        1.544523743707514,
        1.527672076378061,
        1.531743468474633,
        1.5099415166312922,
        1.656181762889725,
        1.6082716782409752,
        1.5790441202380088,
        1.5807402417833853,
        1.5702131831995279,
        1.552089602375999,
        1.5616394238995182,
        1.4939087301114127,
        1.533681679834326,
        1.53292891576596,
        1.6931592230327885,
        1.606724657370875,
        1.597128558278872,
        1.560684738146673,
        1.5473032604636021,
        1.5004498900181287,
        1.537726215316369,
        1.5572587702309724,
        1.5647990413934285,
        1.535235709008284,
        1.644458282624341,
        1.563592645859407,
        1.5219461921012982,
        1.5287497368668823,
        1.517957552508561,
        1.547295003315784,
        1.49469356252522,
        1.5452047200714973,
        1.4954273595881173,
        1.5270461981972256,
        1.6420643935155148,
        1.5520920291771896,
        1.561659841549375,
