{
    "start time": 1730498149.118207,
    "old id": "16c3abf7c631eddc38b6e314087edbd5274cd1a54e57e9c78db7918bee096953",
    "use_input_gate": true,
    "use_forget_gate": false,
    "use_output_gate": false,
    "use_state_gate": true,
    "use_new_state": true,
    "use_old_state": true,
    "use_residual": true,
    "n_layers": 3,
    "state_size": 512,
    "id": "f982635417aafad5fdee37ddedd42dd5525897c7650c77ad7586922babeffd6f",
    "loss": [
        3.434890052345038,
        3.009191210213839,
        2.803077637970695,
        2.6616167284144874,
        2.5825423337686546,
        2.4281412362319936,
        2.385654462289464,
        2.318654747737121,
        2.2989125841799214,
        2.2801127595134196,
        2.175742412207144,
        2.1487877291562394,
        2.101535650801182,
        2.0319298677869675,
        2.102344565575229,
        2.035013591415117,
        1.9942346249692156,
        2.0445056118959304,
        2.020650462910321,
        2.0697209666507375,
        2.024796448625805,
        1.9334948611040756,
        1.9448953706796073,
        1.9559278135957434,
        1.909961753553227,
        1.8867348841971388,
        1.8675447761736028,
        1.8941683624060088,
        1.8780560291214545,
        2.024864847784862,
        1.8296598422560115,
        1.8611991385345696,
        1.8444849157841776,
        1.8117492245357725,
        1.8462317859884994,
        1.8731442541920258,
        1.8349627097772174,
        1.7801647697774226,
        1.7621352572428846,
        1.992942034495628,
        1.8896193802444827,
        1.8266610422315224,
        1.8201881029002231,
        1.8319716375389044,
        1.8535862042570619,
        1.8008704912450304,
        1.8428312129085112,
        1.773967382670948,
        1.8108171596528224,
        1.9003403030395352,
        1.8312940321963889,
        1.8352326698975967,
        1.8379221396843202,
        1.8416242599751793,
        1.8499355116784033,
        1.8170541701602796,
        1.7968508583029683,
        1.8323495555191902,
        1.7869479988056631,
        1.939548949498525,
        1.8568604344749786,
        1.804640741762229,
        1.772436776324925,
        1.7759521778553893,
        1.758921037087217,
        1.797843650122778,
        1.7531836754241419,
        1.7977021542552156,
        1.8049832737235714,
        1.9673640653674358,
        1.8014561435250964,
        1.8174458308779768,
        1.759511517480529,
        1.7613639605138662,
        1.7981485075070998,
        1.723001685338164,
        1.7553329582999473,
        1.7546279321090037,
        1.745277101038457,
        1.896202939988867,
        1.792171410011302,
        1.8178104519774738,
        1.7714823477929458,
        1.7894387484547607,
        1.7715547853561904,
        1.760097267450057,
        1.7527295614410392,
        1.744965883762979,
        1.7333289109893752,
        1.8884424558420991,
        1.7693858838619183,
        1.732220948389286,
        1.739903172244881,
        1.7348470118973722,
        1.7710008463751976,
        1.711393978373527,
        1.6614726664649946,
        1.6545319352560792,
        1.7158665320420847,
        1.8836862474065879,
        1.8298363487201783,
        1.7976106848934792,
        1.800642156723327,
        1.7781356496256988,
        1.7874885762798232,
        1.7879537250629518,
        1.7259650464237462,
        1.7513973101696596,
        1.7786091160711988,
        1.9411311055902358,
        1.7778362576685771,
        1.7790462863053946,
        1.7450707736404312,
        1.7449624835306097,
        1.7369272474247857,
        1.7323221585272752,
        1.7168901822231117,
        1.7215215915101423,
        1.7126869505480113,
        1.8559751973262408,
        1.7263284330307986,
        1.7868004937934008,
        1.699148697967271,
        1.669314039268884,
        1.6666040752264797,
        1.71644019314297,
        1.6942911515957038,
        1.7112372570176335,
        1.7119641842716053,
        1.890346234635564,
        1.8021770795287249,
        1.704651831798016,
        1.7376558503662158,
        1.7080593901845942,
        1.7293946191935103,
        1.729045273387683,
        1.7295414644436973,
        1.7534245349524404,
        1.7431461165973285,
        1.8634599740006872,
        1.7859306491686597,
        1.7543946508745338,
        1.7944105914387385,
        1.7645013760608115,
        1.7250926233988393,
        1.743688334968525,
        1.6945466987216158,
        1.715707400525839,
        1.7280359891977677,
        1.837443782670079,
        1.742898690084712,
        1.7592568798889594,
        1.7049770126002395,
        1.7267320303756124,
        1.7363967565706215,
        1.7488671216791916,
        1.7486936346200699,
        1.7268009437901117,
        1.6742586001039206,
        1.8470289840714662,
        1.737195038797336,
        1.7492708021262042,
        1.7195322662693084,
        1.760036873602486,
        1.7067857213173294,
        1.7122920014433494,
        1.713763249549433,
        1.6945659980393213,
        1.7031253183846216,
        1.832936309316374,
        1.7404160399885034,
        1.721539649495628,
        1.7322824094251041,
        1.742504902106054,
        1.713597730304188,
        1.7522876630311996,
        1.7134558974190495,
        1.700687733028747,
        1.70403314723472,
        1.8100135507590756,
        1.7681738986930258,
        1.7541963766394972,
        1.7327094061914674,
        1.7097819597144404,
        1.6725399318583263,
        1.7076770195749889,
        1.6734091221038154,
        1.7164144146815716,
        1.698466387337843,
        1.8280398255296813,
        1.7713328648324234,
        1.6960793926937126,
        1.6905803758472249,
        1.7109209390309061,
        1.6998463175330758,
        1.663772519669904,
        1.722642417091266,
        1.7481770401942673,
        1.7219905319112074,
        1.8101345211152895,
        1.736789971994313,
        1.6936500937092014,
        1.753717505361665,
        1.7365645297535368,
        1.7339771934847017,
        1.7168443380370273,
        1.7400583109962666,
        1.716282400781615,
        1.7234231125057635,
        1.8403925204314893,
        1.7262272870914,
        1.7573826409054556,
        1.7404907054804335,
        1.724005693411622,
        1.7147262697471506,
        1.7531546665835693,
        1.7409919496860473,
        1.7773608595427801,
        1.7563979623793398,
        1.825993135847387,
        1.7444085893132115,
        1.7852749699405408,
        1.6648397439854876,
        1.7179430023895745,
        1.7227591836364802,
        1.7036724297729362,
        1.6872218019426677,
        1.6807226601523324,
        1.6942602753828153,
        1.8370023047953994,
        1.7423365512088684,
        1.6842673108283313,
        1.689145315404865,
        1.75395239783294,
        1.7254502047052327,
        1.752989088395283,
        1.6797734915694154,
        1.7451792740001637,
        1.6963952646133817,
        1.7808247168392832,
        1.757139836687483,
        1.7490159522802218,
        1.7129467426404128,
        1.6703371879477973,
        1.647673139168843,
        1.754099644995293,
        1.7099614593357804,
        1.7825439193105994,
        1.6701265169491593,
        1.8422509429931844,
        1.786157288183761,
        1.747997139144716,
        1.7215282858014165,
        1.737757929631043,
        1.7675186019897906,
        1.7246923465777488,
        1.7308506331020281,
        1.7649326136730132,
        1.7389497790504818,
        1.8448427695947378,
        1.7371499336189238,
        1.6997511159888532,
        1.7111308008939428,
        1.744443091913453,
        1.7129569843944437,
        1.7195900619665128,
        1.678227821217479,
        1.6586929957588088,
        1.6851584422115011,
        1.801841787344195,
        1.7382242998011617,
        1.7384069871628562,
